gene	gene_class	nonsyn_abnormal_n	nonsyn_abnormal_rate	nonsyn_normal_n	nonsyn_normal_rate	nonsyn_control_n	nonsyn_control_rate	nonsyn_rate_ab_minus_normal	nonsyn_rate_ab_minus_control	rare_abnormal_n	rare_abnormal_rate	rare_normal_n	rare_normal_rate	rare_control_n	rare_control_rate	rare_rate_ab_minus_normal	rare_rate_ab_minus_control
ASXL3	polycomb	77	1.0	409	0.9784688995215312	149	0.9738562091503268	0.021531100478468845	0.02614379084967322	1	0.012987012987012988	53	0.12679425837320574	11	0.0718954248366013	-0.11380724538619275	-0.05890841184958831
BRDT	histone_read	77	1.0	416	0.9952153110047847	152	0.9934640522875817	0.004784688995215336	0.006535947712418277	0	0.0	6	0.014354066985645933	1	0.006535947712418301	-0.014354066985645933	-0.006535947712418301
ELP4	histone_write	77	1.0	412	0.9856459330143541	149	0.9738562091503268	0.014354066985645897	0.02614379084967322	1	0.012987012987012988	5	0.011961722488038277	3	0.0196078431372549	0.0010252904989747104	-0.006620830150241914
ERCC6	chromatin_remodeling	77	1.0	417	0.9976076555023924	153	1.0	0.0023923444976076125	0.0	5	0.06493506493506493	34	0.08133971291866028	10	0.06535947712418301	-0.016404647983595352	-0.0004244121891180813
METTL4	dna_modification	77	1.0	416	0.9952153110047847	152	0.9934640522875817	0.004784688995215336	0.006535947712418277	3	0.03896103896103896	5	0.011961722488038277	3	0.0196078431372549	0.026999316473000683	0.01935319582378406
MTA1	chromatin_remodeling	77	1.0	414	0.9904306220095693	153	1.0	0.009569377990430672	0.0	1	0.012987012987012988	4	0.009569377990430622	1	0.006535947712418301	0.0034176349965823662	0.006451065274594687
NAT10	histone_write	77	1.0	415	0.992822966507177	152	0.9934640522875817	0.0071770334928229484	0.006535947712418277	4	0.05194805194805195	10	0.023923444976076555	1	0.006535947712418301	0.028024606971975397	0.04541210423563365
NCOA3	histone_write	77	1.0	413	0.9880382775119617	153	1.0	0.011961722488038284	0.0	1	0.012987012987012988	8	0.019138755980861243	4	0.026143790849673203	-0.006151742993848255	-0.013156777862660216
PHIP	histone_read	77	1.0	413	0.9880382775119617	150	0.9803921568627451	0.011961722488038284	0.019607843137254943	1	0.012987012987012988	2	0.004784688995215311	4	0.026143790849673203	0.008202323991797676	-0.013156777862660216
PRKCA	histone_write	77	1.0	412	0.9856459330143541	151	0.9869281045751634	0.014354066985645897	0.013071895424836555	0	0.0	1	0.0023923444976076554	0	0.0	-0.0023923444976076554	0.0
SP140	histone_read	77	1.0	416	0.9952153110047847	153	1.0	0.004784688995215336	0.0	2	0.025974025974025976	3	0.007177033492822967	0	0.0	0.01879699248120301	0.025974025974025976
BRCA2	histone_write	76	0.987012987012987	417	0.9976076555023924	153	1.0	-0.010594668489405379	-0.012987012987012991	8	0.1038961038961039	30	0.07177033492822966	16	0.10457516339869281	0.03212576896787424	-0.0006790595025889107
CHD5	chromatin_remodeling	76	0.987012987012987	416	0.9952153110047847	150	0.9803921568627451	-0.008202323991797655	0.006620830150241952	4	0.05194805194805195	24	0.05741626794258373	6	0.0392156862745098	-0.005468215994531782	0.012732365673542148
CHEK1	histone_write	76	0.987012987012987	414	0.9904306220095693	152	0.9934640522875817	-0.0034176349965823194	-0.006451065274594714	0	0.0	3	0.007177033492822967	0	0.0	-0.007177033492822967	0.0
CRB2	histone_read	76	0.987012987012987	417	0.9976076555023924	151	0.9869281045751634	-0.010594668489405379	8.488243782356353e-05	7	0.09090909090909091	24	0.05741626794258373	12	0.0784313725490196	0.03349282296650718	0.012477718360071305
DPF3	chromatin_remodeling	76	0.987012987012987	415	0.992822966507177	151	0.9869281045751634	-0.005809979494190043	8.488243782356353e-05	1	0.012987012987012988	5	0.011961722488038277	3	0.0196078431372549	0.0010252904989747104	-0.006620830150241914
LBR	other	76	0.987012987012987	411	0.9832535885167464	152	0.9934640522875817	0.003759398496240629	-0.006451065274594714	2	0.025974025974025976	9	0.0215311004784689	3	0.0196078431372549	0.004442925495557075	0.006366182836771074
SATB2	chromatin_remodeling	76	0.987012987012987	417	0.9976076555023924	151	0.9869281045751634	-0.010594668489405379	8.488243782356353e-05	0	0.0	9	0.0215311004784689	1	0.006535947712418301	-0.0215311004784689	-0.006535947712418301
SETDB2	histone_write	76	0.987012987012987	394	0.9425837320574163	148	0.9673202614379085	0.04442925495557071	0.019692725575078507	0	0.0	6	0.014354066985645933	1	0.006535947712418301	-0.014354066985645933	-0.006535947712418301
TAF4	histone_chaperone	76	0.987012987012987	408	0.9760765550239234	150	0.9803921568627451	0.010936431989063577	0.006620830150241952	0	0.0	6	0.014354066985645933	4	0.026143790849673203	-0.014354066985645933	-0.026143790849673203
TET1	dna_modification	76	0.987012987012987	405	0.9688995215311005	147	0.9607843137254902	0.018113465481886526	0.026228673287496784	1	0.012987012987012988	18	0.0430622009569378	11	0.0718954248366013	-0.030075187969924814	-0.05890841184958831
THRAP3	rna_modification	76	0.987012987012987	413	0.9880382775119617	152	0.9934640522875817	-0.001025290498974707	-0.006451065274594714	5	0.06493506493506493	25	0.05980861244019139	9	0.058823529411764705	0.0051264524948735415	0.006111535523300224
ASH1L	histone_write	75	0.974025974025974	409	0.9784688995215312	153	1.0	-0.004442925495557137	-0.025974025974025983	5	0.06493506493506493	17	0.04066985645933014	6	0.0392156862745098	0.02426520847573479	0.025719378660555126
AURKC	histone_write	75	0.974025974025974	404	0.9665071770334929	147	0.9607843137254902	0.007518796992481147	0.013241660300483793	1	0.012987012987012988	1	0.0023923444976076554	1	0.006535947712418301	0.010594668489405332	0.006451065274594687
BAHD1	chromatin_remodeling	75	0.974025974025974	403	0.9641148325358851	149	0.9738562091503268	0.00991114149008887	0.00016976487564723808	1	0.012987012987012988	10	0.023923444976076555	2	0.013071895424836602	-0.010936431989063567	-8.488243782361383e-05
HJURP	histone_chaperone	75	0.974025974025974	411	0.9832535885167464	149	0.9738562091503268	-0.009227614490772362	0.00016976487564723808	2	0.025974025974025976	20	0.04784688995215311	4	0.026143790849673203	-0.021872863978127134	-0.00016976487564722767
KDM3A	histone_erase	75	0.974025974025974	409	0.9784688995215312	148	0.9673202614379085	-0.004442925495557137	0.0067057125880655155	5	0.06493506493506493	25	0.05980861244019139	5	0.032679738562091505	0.0051264524948735415	0.032255326372973424
METTL21A	other	75	0.974025974025974	413	0.9880382775119617	151	0.9869281045751634	-0.014012303485987698	-0.012902130549189428	1	0.012987012987012988	9	0.0215311004784689	3	0.0196078431372549	-0.008544087491455913	-0.006620830150241914
PRDM16	histone_write	75	0.974025974025974	411	0.9832535885167464	151	0.9869281045751634	-0.009227614490772362	-0.012902130549189428	3	0.03896103896103896	17	0.04066985645933014	2	0.013071895424836602	-0.0017088174982911805	0.025889143536202357
SFSWAP	rna_modification	75	0.974025974025974	409	0.9784688995215312	151	0.9869281045751634	-0.004442925495557137	-0.012902130549189428	1	0.012987012987012988	15	0.03588516746411483	5	0.032679738562091505	-0.022898154477101845	-0.019692725575078517
TLE4	histone_erase	75	0.974025974025974	413	0.9880382775119617	152	0.9934640522875817	-0.014012303485987698	-0.019438078261607705	1	0.012987012987012988	2	0.004784688995215311	0	0.0	0.008202323991797676	0.012987012987012988
ZGPAT	tf	75	0.974025974025974	407	0.9736842105263158	152	0.9934640522875817	0.00034176349965819863	-0.019438078261607705	1	0.012987012987012988	2	0.004784688995215311	3	0.0196078431372549	0.008202323991797676	-0.006620830150241914
AURKA	histone_write	74	0.961038961038961	398	0.9521531100478469	146	0.954248366013072	0.008885850991114164	0.006790595025889079	2	0.025974025974025976	3	0.007177033492822967	0	0.0	0.01879699248120301	0.025974025974025976
FBRSL1	histone_other	74	0.961038961038961	409	0.9784688995215312	152	0.9934640522875817	-0.01742993848257013	-0.0324250912486207	12	0.15584415584415584	82	0.19617224880382775	32	0.20915032679738563	-0.04032809295967191	-0.05330617095322979
MBIP	histone_write	74	0.961038961038961	410	0.9808612440191388	148	0.9673202614379085	-0.01982228298017774	-0.006281300398947476	0	0.0	1	0.0023923444976076554	0	0.0	-0.0023923444976076554	0.0
NEK9	histone_write	74	0.961038961038961	397	0.9497607655502392	140	0.9150326797385621	0.011278195488721776	0.046006281300398966	6	0.07792207792207792	43	0.10287081339712918	19	0.12418300653594772	-0.024948735475051262	-0.046260928613869795
PKN1	histone_write	74	0.961038961038961	404	0.9665071770334929	149	0.9738562091503268	-0.005468215994531844	-0.012817248111365753	4	0.05194805194805195	16	0.03827751196172249	8	0.05228758169934641	0.013670539986329465	-0.00033952975129445534
PRDM7	histone_write	74	0.961038961038961	412	0.9856459330143541	147	0.9607843137254902	-0.024606971975393077	0.0002546473134708016	3	0.03896103896103896	29	0.06937799043062201	9	0.058823529411764705	-0.03041695146958305	-0.019862490450725745
RAI1	chromatin_remodeling	74	0.961038961038961	409	0.9784688995215312	146	0.954248366013072	-0.01742993848257013	0.006790595025889079	3	0.03896103896103896	27	0.0645933014354067	6	0.0392156862745098	-0.025632262474367742	-0.00025464731347084324
CENPC	dna_modification	73	0.948051948051948	393	0.9401913875598086	143	0.934640522875817	0.007860560492139457	0.013411425176131031	0	0.0	2	0.004784688995215311	1	0.006535947712418301	-0.004784688995215311	-0.006535947712418301
FOXA1	chromatin_remodeling	73	0.948051948051948	404	0.9665071770334929	146	0.954248366013072	-0.018455228981544836	-0.006196417961123912	1	0.012987012987012988	6	0.014354066985645933	0	0.0	-0.0013670539986329455	0.012987012987012988
MGA	histone_write	73	0.948051948051948	389	0.930622009569378	143	0.934640522875817	0.017429938482570018	0.013411425176131031	8	0.1038961038961039	46	0.11004784688995216	21	0.13725490196078433	-0.006151742993848255	-0.03335879806468042
TONSL	chromatin_remodeling	73	0.948051948051948	389	0.930622009569378	147	0.9607843137254902	0.017429938482570018	-0.01273236567354219	4	0.05194805194805195	21	0.050239234449760764	10	0.06535947712418301	0.0017088174982911875	-0.013411425176131059
ATF7IP	histone_write	72	0.935064935064935	406	0.9712918660287081	151	0.9869281045751634	-0.03622693096377305	-0.0518631695102284	0	0.0	2	0.004784688995215311	2	0.013071895424836602	-0.004784688995215311	-0.013071895424836602
EXOSC7	rna_modification	72	0.935064935064935	407	0.9736842105263158	149	0.9738562091503268	-0.038619275461380775	-0.038791274085391736	0	0.0	1	0.0023923444976076554	1	0.006535947712418301	-0.0023923444976076554	-0.006535947712418301
HINFP	histone_read	72	0.935064935064935	395	0.9449760765550239	146	0.954248366013072	-0.00991114149008887	-0.019183430948136904	3	0.03896103896103896	0	0.0	0	0.0	0.03896103896103896	0.03896103896103896
SMYD4	histone_erase	72	0.935064935064935	395	0.9449760765550239	146	0.954248366013072	-0.00991114149008887	-0.019183430948136904	2	0.025974025974025976	11	0.02631578947368421	3	0.0196078431372549	-0.00034176349965823333	0.006366182836771074
APOBEC3F	dna_modification	71	0.922077922077922	372	0.8899521531100478	129	0.8431372549019608	0.032125768967874224	0.07894066717596127	1	0.012987012987012988	6	0.014354066985645933	0	0.0	-0.0013670539986329455	0.012987012987012988
BRWD1	histone_read	71	0.922077922077922	365	0.8732057416267942	137	0.8954248366013072	0.048872180451127845	0.026653085476614824	4	0.05194805194805195	21	0.050239234449760764	7	0.0457516339869281	0.0017088174982911875	0.00619641796112385
HDAC5	histone_erase	71	0.922077922077922	393	0.9401913875598086	150	0.9803921568627451	-0.018113465481886526	-0.058314234784823005	2	0.025974025974025976	6	0.014354066985645933	0	0.0	0.011619958988380042	0.025974025974025976
L3MBTL3	histone_read	71	0.922077922077922	391	0.9354066985645934	144	0.9411764705882353	-0.013328776486671301	-0.01909854851031323	1	0.012987012987012988	5	0.011961722488038277	4	0.026143790849673203	0.0010252904989747104	-0.013156777862660216
NOC2L	chromatin_remodeling	71	0.922077922077922	402	0.9617224880382775	150	0.9803921568627451	-0.03964456596035548	-0.058314234784823005	3	0.03896103896103896	13	0.03110047846889952	2	0.013071895424836602	0.00786056049213944	0.025889143536202357
NPAS2	chromatin_remodeling	71	0.922077922077922	388	0.9282296650717703	141	0.9215686274509803	-0.0061517429938482415	0.0005092946269417142	0	0.0	10	0.023923444976076555	0	0.0	-0.023923444976076555	0.0
SMARCAD1	chromatin_remodeling	71	0.922077922077922	368	0.8803827751196173	132	0.8627450980392157	0.041695146958304785	0.05933282403870632	0	0.0	2	0.004784688995215311	1	0.006535947712418301	-0.004784688995215311	-0.006535947712418301
BRD8	histone_read	70	0.9090909090909091	412	0.9856459330143541	148	0.9673202614379085	-0.07655502392344504	-0.05822935234699944	1	0.012987012987012988	23	0.05502392344497608	4	0.026143790849673203	-0.042036910457963095	-0.013156777862660216
SIRT6	histone_erase	70	0.9090909090909091	372	0.8899521531100478	141	0.9215686274509803	0.019138755980861233	-0.012477718360071277	3	0.03896103896103896	5	0.011961722488038277	4	0.026143790849673203	0.026999316473000683	0.012817248111365757
BRWD3	histone_read	69	0.8961038961038961	356	0.8516746411483254	129	0.8431372549019608	0.04442925495557071	0.05296664120193528	0	0.0	1	0.0023923444976076554	0	0.0	-0.0023923444976076554	0.0
DNMT3L	histone_read	69	0.8961038961038961	378	0.9043062200956937	145	0.9477124183006536	-0.008202323991797655	-0.05160852219675749	1	0.012987012987012988	2	0.004784688995215311	0	0.0	0.008202323991797676	0.012987012987012988
DPF1	chromatin_remodeling	69	0.8961038961038961	398	0.9521531100478469	141	0.9215686274509803	-0.05604921394395079	-0.02546473134708427	1	0.012987012987012988	7	0.01674641148325359	0	0.0	-0.0037593984962406013	0.012987012987012988
USP36	histone_write	69	0.8961038961038961	337	0.80622009569378	131	0.8562091503267973	0.08988380041011612	0.03989474577709873	25	0.3246753246753247	112	0.2679425837320574	47	0.30718954248366015	0.056732740943267246	0.017485782191664523
KANSL2	histone_write	68	0.8831168831168831	366	0.8755980861244019	137	0.8954248366013072	0.007518796992481147	-0.01230795348442415	0	0.0	1	0.0023923444976076554	0	0.0	-0.0023923444976076554	0.0
RBM11	rna_modification	68	0.8831168831168831	377	0.9019138755980861	139	0.9084967320261438	-0.018796992481203034	-0.025379848909260705	0	0.0	3	0.007177033492822967	0	0.0	-0.007177033492822967	0.0
YEATS2	histone_chaperone	68	0.8831168831168831	360	0.861244019138756	126	0.8235294117647058	0.021872863978127044	0.059587471352177235	1	0.012987012987012988	10	0.023923444976076555	8	0.05228758169934641	-0.010936431989063567	-0.03930056871233342
KDM4A	histone_erase	67	0.8701298701298701	376	0.8995215311004785	138	0.9019607843137255	-0.029391660970608413	-0.03183091418385542	4	0.05194805194805195	7	0.01674641148325359	1	0.006535947712418301	0.03520164046479836	0.04541210423563365
KDM4D	histone_erase	67	0.8701298701298701	340	0.8133971291866029	124	0.8104575163398693	0.05673274094326719	0.0596723537900008	0	0.0	5	0.011961722488038277	1	0.006535947712418301	-0.011961722488038277	-0.006535947712418301
SAP18	histone_erase	66	0.8571428571428571	376	0.8995215311004785	144	0.9411764705882353	-0.042378673957621404	-0.08403361344537819	0	0.0	0	0.0	0	0.0	0.0	0.0
TAF3	histone_read	66	0.8571428571428571	350	0.8373205741626795	134	0.8758169934640523	0.01982228298017763	-0.01867413632119519	4	0.05194805194805195	21	0.050239234449760764	11	0.0718954248366013	0.0017088174982911875	-0.01994737288854935
JDP2	chromatin_remodeling	65	0.8441558441558441	358	0.8564593301435407	139	0.9084967320261438	-0.012303485987696594	-0.06434088787029968	0	0.0	0	0.0	0	0.0	0.0	0.0
JMJD1C	histone_erase	65	0.8441558441558441	341	0.8157894736842105	126	0.8235294117647058	0.028366370471633595	0.02062643239113826	6	0.07792207792207792	57	0.13636363636363635	22	0.1437908496732026	-0.05844155844155843	-0.06586877175112468
AURKB	histone_write	64	0.8311688311688312	298	0.7129186602870813	113	0.738562091503268	0.11825017088174994	0.09260673966556321	1	0.012987012987012988	4	0.009569377990430622	1	0.006535947712418301	0.0034176349965823662	0.006451065274594687
ING5	histone_read	64	0.8311688311688312	333	0.7966507177033493	121	0.7908496732026143	0.03451811346548195	0.04031915796621688	0	0.0	3	0.007177033492822967	2	0.013071895424836602	-0.007177033492822967	-0.013071895424836602
RAG1	histone_write	64	0.8311688311688312	361	0.8636363636363636	131	0.8562091503267973	-0.03246753246753242	-0.025040319157966118	1	0.012987012987012988	5	0.011961722488038277	4	0.026143790849673203	0.0010252904989747104	-0.013156777862660216
TRRAP	histone_write	64	0.8311688311688312	382	0.9138755980861244	139	0.9084967320261438	-0.08270676691729317	-0.07732790085731256	1	0.012987012987012988	23	0.05502392344497608	7	0.0457516339869281	-0.042036910457963095	-0.03276462099991512
USP44	histone_erase	64	0.8311688311688312	340	0.8133971291866029	126	0.8235294117647058	0.017771701982228327	0.0076394194041253805	3	0.03896103896103896	30	0.07177033492822966	12	0.0784313725490196	-0.032809295967190705	-0.03947033358798065
APOBEC1	dna_modification	63	0.8181818181818182	323	0.7727272727272727	117	0.7647058823529411	0.045454545454545525	0.05347593582887711	1	0.012987012987012988	0	0.0	1	0.006535947712418301	0.012987012987012988	0.006451065274594687
MEN1	histone_write	63	0.8181818181818182	356	0.8516746411483254	140	0.9150326797385621	-0.03349282296650713	-0.09685086155674383	1	0.012987012987012988	8	0.019138755980861243	2	0.013071895424836602	-0.006151742993848255	-8.488243782361383e-05
SETD2	histone_write	63	0.8181818181818182	338	0.8086124401913876	132	0.8627450980392157	0.009569377990430672	-0.0445632798573975	3	0.03896103896103896	22	0.05263157894736842	4	0.026143790849673203	-0.013670539986329458	0.012817248111365757
DNTTIP2	chromatin_remodeling	62	0.8051948051948052	327	0.7822966507177034	129	0.8431372549019608	0.022898154477101862	-0.037942449707155546	0	0.0	2	0.004784688995215311	0	0.0	-0.004784688995215311	0.0
KDM4C	histone_erase	62	0.8051948051948052	351	0.8397129186602871	127	0.8300653594771242	-0.03451811346548184	-0.02487055428231899	2	0.025974025974025976	21	0.050239234449760764	9	0.058823529411764705	-0.02426520847573479	-0.03284950343773873
PHF14	histone_read	62	0.8051948051948052	359	0.8588516746411483	129	0.8431372549019608	-0.05365686944634307	-0.037942449707155546	0	0.0	2	0.004784688995215311	2	0.013071895424836602	-0.004784688995215311	-0.013071895424836602
RMI1	dna_modification	62	0.8051948051948052	357	0.854066985645933	130	0.8496732026143791	-0.048872180451127734	-0.04447839741957382	0	0.0	1	0.0023923444976076554	4	0.026143790849673203	-0.0023923444976076554	-0.026143790849673203
DTX3L	histone_write	61	0.7922077922077922	350	0.8373205741626795	135	0.8823529411764706	-0.045112781954887216	-0.09014514896867831	3	0.03896103896103896	9	0.0215311004784689	3	0.0196078431372549	0.01742993848257006	0.01935319582378406
MTF2	polycomb	61	0.7922077922077922	314	0.7511961722488039	116	0.7581699346405228	0.04101161995898839	0.0340378575672694	0	0.0	1	0.0023923444976076554	1	0.006535947712418301	-0.0023923444976076554	-0.006535947712418301
PPARGC1A	histone_other	61	0.7922077922077922	335	0.8014354066985646	121	0.7908496732026143	-0.009227614490772362	0.0013581190051779046	3	0.03896103896103896	4	0.009569377990430622	3	0.0196078431372549	0.029391660970608337	0.01935319582378406
ATXN7	histone_write	60	0.7792207792207793	305	0.7296650717703349	115	0.7516339869281046	0.04955570745044435	0.02758679229267469	3	0.03896103896103896	24	0.05741626794258373	8	0.05228758169934641	-0.018455228981544773	-0.013326542738307447
APOBEC3B	dna_modification	59	0.7662337662337663	311	0.7440191387559809	114	0.7450980392156863	0.022214627477785354	0.021135727018079975	0	0.0	1	0.0023923444976076554	0	0.0	-0.0023923444976076554	0.0
CECR2	histone_read	59	0.7662337662337663	277	0.6626794258373205	112	0.7320261437908496	0.10355434039644573	0.03420762244291664	2	0.025974025974025976	27	0.0645933014354067	17	0.1111111111111111	-0.03861927546138073	-0.08513708513708512
EEF1AKNMT	other	59	0.7662337662337663	346	0.8277511961722488	124	0.8104575163398693	-0.061517429938482526	-0.04422375010610302	2	0.025974025974025976	8	0.019138755980861243	2	0.013071895424836602	0.0068352699931647325	0.012902130549189374
HDAC9	histone_erase	58	0.7532467532467533	321	0.7679425837320574	113	0.738562091503268	-0.014695830485304096	0.014684661743485261	0	0.0	7	0.01674641148325359	3	0.0196078431372549	-0.01674641148325359	-0.0196078431372549
KLF18	tf	58	0.7532467532467533	319	0.7631578947368421	117	0.7647058823529411	-0.00991114149008887	-0.011459129106187849	19	0.24675324675324675	81	0.1937799043062201	41	0.2679738562091503	0.052973342447026645	-0.021220609455903566
HCFC1	chromatin_remodeling	57	0.7402597402597403	324	0.7751196172248804	116	0.7581699346405228	-0.034859876965140146	-0.017910194380782563	0	0.0	7	0.01674641148325359	4	0.026143790849673203	-0.01674641148325359	-0.026143790849673203
L3MBTL4	histone_read	57	0.7402597402597403	320	0.7655502392344498	119	0.7777777777777778	-0.025290498974709474	-0.037518037518037506	1	0.012987012987012988	12	0.028708133971291867	8	0.05228758169934641	-0.01572112098427888	-0.03930056871233342
MBD4	dna_modification	57	0.7402597402597403	295	0.7057416267942583	107	0.6993464052287581	0.03451811346548195	0.040913335030982156	1	0.012987012987012988	10	0.023923444976076555	0	0.0	-0.010936431989063567	0.012987012987012988
NAA60	histone_write	57	0.7402597402597403	348	0.8325358851674641	124	0.8104575163398693	-0.09227614490772384	-0.070197776080129	2	0.025974025974025976	24	0.05741626794258373	2	0.013071895424836602	-0.03144224196855776	0.012902130549189374
NSL1	histone_write	57	0.7402597402597403	300	0.7177033492822966	110	0.7189542483660131	0.022556390977443663	0.021305491893727213	0	0.0	1	0.0023923444976076554	2	0.013071895424836602	-0.0023923444976076554	-0.013071895424836602
SMYD2	histone_write	57	0.7402597402597403	335	0.8014354066985646	132	0.8627450980392157	-0.06117566643882433	-0.12248535777947545	2	0.025974025974025976	2	0.004784688995215311	0	0.0	0.021189336978810664	0.025974025974025976
TDRD7	histone_read	57	0.7402597402597403	319	0.7631578947368421	109	0.7124183006535948	-0.022898154477101862	0.02784143960614549	2	0.025974025974025976	10	0.023923444976076555	6	0.0392156862745098	0.0020505809979494208	-0.013241660300483828
NSD1	histone_write	56	0.7272727272727273	305	0.7296650717703349	117	0.7647058823529411	-0.0023923444976076125	-0.03743315508021383	4	0.05194805194805195	15	0.03588516746411483	8	0.05228758169934641	0.01606288448393712	-0.00033952975129445534
PHF21A	histone_erase	56	0.7272727272727273	301	0.7200956937799043	112	0.7320261437908496	0.0071770334928229484	-0.004753416518122333	1	0.012987012987012988	3	0.007177033492822967	2	0.013071895424836602	0.005809979494190021	-8.488243782361383e-05
TP53	histone_write	55	0.7142857142857143	304	0.7272727272727273	112	0.7320261437908496	-0.012987012987012991	-0.017740429505135324	0	0.0	4	0.009569377990430622	1	0.006535947712418301	-0.009569377990430622	-0.006535947712418301
EID2	histone_write	54	0.7012987012987013	273	0.65311004784689	104	0.6797385620915033	0.048188653451811336	0.021560139207198015	0	0.0	0	0.0	0	0.0	0.0	0.0
ZNF592	histone_erase	54	0.7012987012987013	273	0.65311004784689	113	0.738562091503268	0.048188653451811336	-0.037263390204566704	3	0.03896103896103896	15	0.03588516746411483	2	0.013071895424836602	0.0030758714969241277	0.025889143536202357
VDR	chromatin_remodeling	53	0.6883116883116883	306	0.7320574162679426	110	0.7189542483660131	-0.04374572795625431	-0.030642560054324752	1	0.012987012987012988	5	0.011961722488038277	1	0.006535947712418301	0.0010252904989747104	0.006451065274594687
KDM5A	histone_erase	52	0.6753246753246753	308	0.7368421052631579	108	0.7058823529411765	-0.061517429938482526	-0.03055767761650119	5	0.06493506493506493	35	0.08373205741626795	8	0.05228758169934641	-0.01879699248120302	0.012647483235718522
PARP1	chromatin_remodeling	52	0.6753246753246753	269	0.6435406698564593	102	0.6666666666666666	0.031784005468216026	0.008658008658008698	9	0.11688311688311688	32	0.07655502392344497	11	0.0718954248366013	0.04032809295967191	0.04498769204651558
SP100	chromatin_remodeling	52	0.6753246753246753	283	0.6770334928229665	102	0.6666666666666666	-0.0017088174982912152	0.008658008658008698	1	0.012987012987012988	15	0.03588516746411483	2	0.013071895424836602	-0.022898154477101845	-8.488243782361383e-05
MYO1C	chromatin_remodeling	51	0.6623376623376623	293	0.7009569377990431	121	0.7908496732026143	-0.038619275461380775	-0.128512010864952	5	0.06493506493506493	21	0.050239234449760764	9	0.058823529411764705	0.014695830485304165	0.006111535523300224
TAF5	histone_write	51	0.6623376623376623	255	0.6100478468899522	98	0.6405228758169934	0.052289815447710164	0.021814786520668927	0	0.0	5	0.011961722488038277	1	0.006535947712418301	-0.011961722488038277	-0.006535947712418301
TP53BP1	histone_read	51	0.6623376623376623	267	0.638755980861244	105	0.6862745098039216	0.02358168147641837	-0.023936847466259237	10	0.12987012987012986	33	0.07894736842105263	6	0.0392156862745098	0.05092276144907723	0.09065444359562005
BRCA1	histone_write	50	0.6493506493506493	276	0.6602870813397129	95	0.6209150326797386	-0.010936431989063577	0.02843561667091077	2	0.025974025974025976	14	0.03349282296650718	3	0.0196078431372549	-0.007518796992481203	0.006366182836771074
TRIM33	histone_read	50	0.6493506493506493	282	0.6746411483253588	110	0.7189542483660131	-0.025290498974709474	-0.06960359901536373	1	0.012987012987012988	2	0.004784688995215311	3	0.0196078431372549	0.008202323991797676	-0.006620830150241914
MYBBP1A	chromatin_remodeling	49	0.6363636363636364	289	0.6913875598086124	106	0.6928104575163399	-0.055023923444976086	-0.0564468211527035	18	0.23376623376623376	67	0.16028708133971292	29	0.1895424836601307	0.07347915242652084	0.04422375010610305
NBN	chromatin_remodeling	49	0.6363636363636364	272	0.6507177033492823	114	0.7450980392156863	-0.014354066985645897	-0.10873440285204994	7	0.09090909090909091	16	0.03827751196172249	11	0.0718954248366013	0.052631578947368425	0.01901366607248961
ATR	histone_write	48	0.6233766233766234	262	0.6267942583732058	91	0.5947712418300654	-0.0034176349965824304	0.028605381546558006	2	0.025974025974025976	12	0.028708133971291867	1	0.006535947712418301	-0.002734107997265891	0.019438078261607674
CDK7	histone_write	48	0.6233766233766234	253	0.6052631578947368	106	0.6928104575163399	0.018113465481886526	-0.06943383413971649	0	0.0	0	0.0	0	0.0	0.0	0.0
EXOSC5	rna_modification	48	0.6233766233766234	267	0.638755980861244	102	0.6666666666666666	-0.015379357484620604	-0.04329004329004327	1	0.012987012987012988	3	0.007177033492822967	1	0.006535947712418301	0.005809979494190021	0.006451065274594687
TRIM16	histone_write	48	0.6233766233766234	249	0.5956937799043063	100	0.6535947712418301	0.027682843472317087	-0.030218147865206713	15	0.19480519480519481	71	0.16985645933014354	34	0.2222222222222222	0.024948735475051276	-0.027417027417027395
CHUK	histone_write	47	0.6103896103896104	271	0.6483253588516746	110	0.7189542483660131	-0.03793574846206427	-0.1085646379764027	7	0.09090909090909091	50	0.11961722488038277	19	0.12418300653594772	-0.028708133971291863	-0.033273915626856804
DNMT1	dna_modification	47	0.6103896103896104	244	0.583732057416268	99	0.6470588235294118	0.02665755297334238	-0.036669213139801426	9	0.11688311688311688	42	0.10047846889952153	11	0.0718954248366013	0.016404647983595352	0.04498769204651558
KMT2B	histone_write	47	0.6103896103896104	284	0.6794258373205742	110	0.7189542483660131	-0.06903622693096378	-0.1085646379764027	8	0.1038961038961039	34	0.08133971291866028	13	0.08496732026143791	0.02255639097744362	0.01892878363466599
ACTR5	chromatin_remodeling	45	0.5844155844155844	260	0.6220095693779905	93	0.6078431372549019	-0.03759398496240607	-0.023427552839317523	2	0.025974025974025976	23	0.05502392344497608	7	0.0457516339869281	-0.029049897470950103	-0.019777608012902126
APOBEC3H	dna_modification	45	0.5844155844155844	228	0.5454545454545454	94	0.6143790849673203	0.038961038961038974	-0.02996350055173591	0	0.0	6	0.014354066985645933	2	0.013071895424836602	-0.014354066985645933	-0.013071895424836602
BRMS1	chromatin_remodeling	45	0.5844155844155844	188	0.44976076555023925	80	0.5228758169934641	0.13465481886534514	0.061539767422120306	0	0.0	2	0.004784688995215311	1	0.006535947712418301	-0.004784688995215311	-0.006535947712418301
CTCFL	chromatin_remodeling	45	0.5844155844155844	247	0.5909090909090909	97	0.6339869281045751	-0.006493506493506551	-0.04957134368899074	1	0.012987012987012988	2	0.004784688995215311	3	0.0196078431372549	0.008202323991797676	-0.006620830150241914
USP17L2	histone_erase	45	0.5844155844155844	262	0.6267942583732058	85	0.5555555555555556	-0.042378673957621404	0.028860028860028808	6	0.07792207792207792	11	0.02631578947368421	8	0.05228758169934641	0.05160628844839371	0.025634496222731513
TET2	dna_modification	44	0.5714285714285714	241	0.5765550239234449	90	0.5882352941176471	-0.005126452494873535	-0.01680672268907568	5	0.06493506493506493	26	0.06220095693779904	8	0.05228758169934641	0.0027341079972658874	0.012647483235718522
BARD1	histone_write	43	0.5584415584415584	227	0.5430622009569378	77	0.5032679738562091	0.015379357484620604	0.05517358458534927	1	0.012987012987012988	26	0.06220095693779904	5	0.032679738562091505	-0.04921394395078606	-0.019692725575078517
IKZF1	chromatin_remodeling	43	0.5584415584415584	288	0.6889952153110048	117	0.7647058823529411	-0.13055365686944642	-0.20626432391138272	1	0.012987012987012988	2	0.004784688995215311	0	0.0	0.008202323991797676	0.012987012987012988
PRKAG3	histone_write	43	0.5584415584415584	225	0.5382775119617225	77	0.5032679738562091	0.02016404647983594	0.05517358458534927	2	0.025974025974025976	3	0.007177033492822967	1	0.006535947712418301	0.01879699248120301	0.019438078261607674
ATRX	chromatin_remodeling	42	0.5454545454545454	234	0.5598086124401914	77	0.5032679738562091	-0.014354066985646008	0.042186571598336275	3	0.03896103896103896	11	0.02631578947368421	3	0.0196078431372549	0.012645249487354751	0.01935319582378406
BAZ2B	histone_read	42	0.5454545454545454	227	0.5430622009569378	80	0.5228758169934641	0.0023923444976076125	0.022578728461081332	5	0.06493506493506493	24	0.05741626794258373	6	0.0392156862745098	0.007518796992481196	0.025719378660555126
CBX8	histone_read	42	0.5454545454545454	245	0.5861244019138756	87	0.5686274509803921	-0.04066985645933019	-0.02317290552584672	1	0.012987012987012988	12	0.028708133971291867	5	0.032679738562091505	-0.01572112098427888	-0.019692725575078517
HR	histone_erase	42	0.5454545454545454	237	0.5669856459330144	93	0.6078431372549019	-0.021531100478468956	-0.0623885918003565	2	0.025974025974025976	24	0.05741626794258373	5	0.032679738562091505	-0.03144224196855776	-0.006705712588065529
UBR2	histone_write	42	0.5454545454545454	246	0.5885167464114832	80	0.5228758169934641	-0.0430622009569378	0.022578728461081332	2	0.025974025974025976	12	0.028708133971291867	2	0.013071895424836602	-0.002734107997265891	0.012902130549189374
CHD1L	chromatin_remodeling	41	0.5324675324675324	194	0.46411483253588515	79	0.5163398692810458	0.06835269993164728	0.016127663186486618	4	0.05194805194805195	6	0.014354066985645933	1	0.006535947712418301	0.03759398496240602	0.04541210423563365
CTBP2	histone_write	41	0.5324675324675324	248	0.5933014354066986	96	0.6274509803921569	-0.06083390293916613	-0.09498344792462443	3	0.03896103896103896	8	0.019138755980861243	5	0.032679738562091505	0.019822282980177717	0.006281300398947455
PHC1	polycomb	41	0.5324675324675324	248	0.5933014354066986	86	0.5620915032679739	-0.06083390293916613	-0.029623970800441435	1	0.012987012987012988	1	0.0023923444976076554	1	0.006535947712418301	0.010594668489405332	0.006451065274594687
PIWIL4	chromatin_remodeling	41	0.5324675324675324	197	0.47129186602870815	67	0.43790849673202614	0.06117566643882427	0.09455903573550628	3	0.03896103896103896	11	0.02631578947368421	4	0.026143790849673203	0.012645249487354751	0.012817248111365757
PRDM6	histone_write	41	0.5324675324675324	228	0.5454545454545454	89	0.5816993464052288	-0.012987012987012991	-0.04923181393769638	0	0.0	11	0.02631578947368421	4	0.026143790849673203	-0.02631578947368421	-0.026143790849673203
PBK	histone_write	40	0.5194805194805194	239	0.5717703349282297	86	0.5620915032679739	-0.052289815447710275	-0.042610983787454426	1	0.012987012987012988	2	0.004784688995215311	1	0.006535947712418301	0.008202323991797676	0.006451065274594687
REST	histone_erase	40	0.5194805194805194	246	0.5885167464114832	94	0.6143790849673203	-0.06903622693096378	-0.09489856548680087	2	0.025974025974025976	11	0.02631578947368421	6	0.0392156862745098	-0.00034176349965823333	-0.013241660300483828
ZNF532	histone_erase	39	0.5064935064935064	237	0.5669856459330144	78	0.5098039215686274	-0.06049213943950793	-0.003310415075120976	3	0.03896103896103896	6	0.014354066985645933	6	0.0392156862745098	0.02460697197539303	-0.00025464731347084324
EYA4	histone_erase	38	0.4935064935064935	248	0.5933014354066986	96	0.6274509803921569	-0.09979494190020505	-0.13394448688566335	0	0.0	4	0.009569377990430622	2	0.013071895424836602	-0.009569377990430622	-0.013071895424836602
APEX1	dna_modification	37	0.4805194805194805	182	0.4354066985645933	72	0.47058823529411764	0.045112781954887216	0.009931245225362872	6	0.07792207792207792	24	0.05741626794258373	11	0.0718954248366013	0.020505809979494187	0.006026653085476619
CUL3	histone_write	37	0.4805194805194805	186	0.4449760765550239	71	0.46405228758169936	0.0355434039644566	0.01646719293778115	0	0.0	1	0.0023923444976076554	0	0.0	-0.0023923444976076554	0.0
TDG	dna_modification	37	0.4805194805194805	200	0.4784688995215311	59	0.38562091503267976	0.002050580997949414	0.09489856548680076	0	0.0	1	0.0023923444976076554	2	0.013071895424836602	-0.0023923444976076554	-0.013071895424836602
CDC6	chromatin_remodeling	36	0.4675324675324675	189	0.45215311004784686	64	0.41830065359477125	0.01537935748462066	0.04923181393769627	1	0.012987012987012988	8	0.019138755980861243	2	0.013071895424836602	-0.006151742993848255	-8.488243782361383e-05
MORF4L1	histone_read	36	0.4675324675324675	212	0.507177033492823	72	0.47058823529411764	-0.03964456596035543	-0.003055767761650119	0	0.0	4	0.009569377990430622	1	0.006535947712418301	-0.009569377990430622	-0.006535947712418301
PADI4	histone_other	36	0.4675324675324675	222	0.5311004784688995	83	0.5424836601307189	-0.063568010936432	-0.07495119259825139	1	0.012987012987012988	9	0.0215311004784689	3	0.0196078431372549	-0.008544087491455913	-0.006620830150241914
PQBP1	rna_modification	36	0.4675324675324675	174	0.41626794258373206	67	0.43790849673202614	0.05126452494873546	0.02962397080044138	0	0.0	0	0.0	0	0.0	0.0	0.0
SPEN	histone_erase	36	0.4675324675324675	207	0.49521531100478466	86	0.5620915032679739	-0.027682843472317142	-0.09455903573550634	2	0.025974025974025976	12	0.028708133971291867	11	0.0718954248366013	-0.002734107997265891	-0.045921398862575326
CDYL	histone_write	35	0.45454545454545453	221	0.5287081339712919	82	0.5359477124183006	-0.07416267942583737	-0.0814022578728461	0	0.0	4	0.009569377990430622	3	0.0196078431372549	-0.009569377990430622	-0.0196078431372549
INO80D	chromatin_remodeling	34	0.44155844155844154	203	0.48564593301435405	66	0.43137254901960786	-0.04408749145591251	0.010185892538833674	0	0.0	5	0.011961722488038277	3	0.0196078431372549	-0.011961722488038277	-0.0196078431372549
SMARCA2	histone_read	34	0.44155844155844154	146	0.3492822966507177	50	0.32679738562091504	0.09227614490772384	0.1147610559375265	1	0.012987012987012988	5	0.011961722488038277	0	0.0	0.0010252904989747104	0.012987012987012988
LEO1	histone_write	33	0.42857142857142855	169	0.4043062200956938	63	0.4117647058823529	0.024265208475734767	0.016806722689075626	0	0.0	1	0.0023923444976076554	1	0.006535947712418301	-0.0023923444976076554	-0.006535947712418301
TNP2	chromatin_remodeling	33	0.42857142857142855	157	0.37559808612440193	51	0.3333333333333333	0.05297334244702662	0.09523809523809523	3	0.03896103896103896	5	0.011961722488038277	3	0.0196078431372549	0.026999316473000683	0.01935319582378406
PRDM14	dna_modification	32	0.4155844155844156	175	0.41866028708133973	49	0.3202614379084967	-0.0030758714969241208	0.09532297767591891	0	0.0	2	0.004784688995215311	0	0.0	-0.004784688995215311	0.0
CHD9	chromatin_remodeling	31	0.4025974025974026	131	0.3133971291866029	60	0.39215686274509803	0.08920027341079972	0.010440539852304587	9	0.11688311688311688	34	0.08133971291866028	15	0.09803921568627451	0.0355434039644566	0.018843901196842372
ZNF541	chromatin_remodeling	31	0.4025974025974026	129	0.30861244019138756	57	0.37254901960784315	0.09398496240601506	0.030048382989559475	7	0.09090909090909091	40	0.09569377990430622	14	0.0915032679738562	-0.004784688995215308	-0.0005941770647652916
APOBEC2	dna_modification	29	0.37662337662337664	180	0.430622009569378	58	0.3790849673202614	-0.05399863294600138	-0.0024615906968847856	0	0.0	3	0.007177033492822967	0	0.0	-0.007177033492822967	0.0
ELP2	histone_write	29	0.37662337662337664	208	0.49760765550239233	67	0.43790849673202614	-0.1209842788790157	-0.061285120108649505	15	0.19480519480519481	94	0.22488038277511962	31	0.20261437908496732	-0.03007518796992481	-0.0078091842797725075
KMT2C	histone_write	29	0.37662337662337664	190	0.45454545454545453	73	0.477124183006536	-0.07792207792207789	-0.10050080638315934	6	0.07792207792207792	54	0.1291866028708134	16	0.10457516339869281	-0.051264524948735485	-0.026653085476614893
NCOR2	histone_erase	29	0.37662337662337664	146	0.3492822966507177	57	0.37254901960784315	0.027341079972658944	0.004074357015533492	8	0.1038961038961039	56	0.1339712918660287	25	0.16339869281045752	-0.03007518796992481	-0.059502588914353616
ZNF217	histone_erase	29	0.37662337662337664	138	0.33014354066985646	59	0.38562091503267976	0.04647983595352018	-0.008997538409303119	1	0.012987012987012988	12	0.028708133971291867	7	0.0457516339869281	-0.01572112098427888	-0.03276462099991512
ZRANB3	chromatin_remodeling	29	0.37662337662337664	152	0.36363636363636365	53	0.3464052287581699	0.012987012987012991	0.030218147865206713	3	0.03896103896103896	20	0.04784688995215311	10	0.06535947712418301	-0.00888585099111415	-0.02639843816314405
BRD2	histone_read	28	0.36363636363636365	94	0.22488038277511962	44	0.2875816993464052	0.13875598086124402	0.07605466428995844	1	0.012987012987012988	3	0.007177033492822967	0	0.0	0.005809979494190021	0.012987012987012988
PHC2	polycomb	28	0.36363636363636365	138	0.33014354066985646	46	0.3006535947712418	0.033492822966507185	0.06298276886512183	0	0.0	8	0.019138755980861243	2	0.013071895424836602	-0.019138755980861243	-0.013071895424836602
SMARCAL1	chromatin_remodeling	27	0.35064935064935066	117	0.2799043062200957	54	0.35294117647058826	0.07074504442925494	-0.002291825821237603	10	0.12987012987012986	28	0.06698564593301436	14	0.0915032679738562	0.0628844839371155	0.038366861896273655
MSH6	histone_read	26	0.33766233766233766	161	0.38516746411483255	49	0.3202614379084967	-0.047505126452494884	0.01740089975384096	3	0.03896103896103896	15	0.03588516746411483	6	0.0392156862745098	0.0030758714969241277	-0.00025464731347084324
MBD1	histone_write	24	0.3116883116883117	125	0.29904306220095694	40	0.26143790849673204	0.012645249487354737	0.05025040319157964	1	0.012987012987012988	4	0.009569377990430622	1	0.006535947712418301	0.0034176349965823662	0.006451065274594687
PRKDC	histone_write	24	0.3116883116883117	88	0.21052631578947367	30	0.19607843137254902	0.10116199589883801	0.11560988031576266	13	0.16883116883116883	50	0.11961722488038277	15	0.09803921568627451	0.04921394395078606	0.07079195314489432
ALKBH4	dna_modification	23	0.2987012987012987	99	0.23684210526315788	40	0.26143790849673204	0.06185919343814081	0.03726339020456665	0	0.0	3	0.007177033492822967	0	0.0	-0.007177033492822967	0.0
BANP	histone_write	23	0.2987012987012987	90	0.215311004784689	47	0.30718954248366015	0.08339029391660968	-0.00848824378236146	4	0.05194805194805195	2	0.004784688995215311	1	0.006535947712418301	0.04716336295283664	0.04541210423563365
PAXIP1	histone_write	22	0.2857142857142857	133	0.3181818181818182	50	0.32679738562091504	-0.03246753246753248	-0.04108309990662934	2	0.025974025974025976	4	0.009569377990430622	3	0.0196078431372549	0.016404647983595352	0.006366182836771074
PRMT9	histone_write	22	0.2857142857142857	108	0.2583732057416268	53	0.3464052287581699	0.027341079972658888	-0.06069094304388423	22	0.2857142857142857	108	0.2583732057416268	53	0.3464052287581699	0.027341079972658888	-0.06069094304388423
TOP2B	chromatin_remodeling	22	0.2857142857142857	104	0.24880382775119617	40	0.26143790849673204	0.03691045796308953	0.024276377217553657	22	0.2857142857142857	102	0.24401913875598086	40	0.26143790849673204	0.04169514695830484	0.024276377217553657
HDAC10	histone_erase	20	0.2597402597402597	109	0.2607655502392344	48	0.3137254901960784	-0.001025290498974707	-0.05398523045581871	4	0.05194805194805195	11	0.02631578947368421	5	0.032679738562091505	0.025632262474367742	0.019268313385960446
KAT6A	histone_write	20	0.2597402597402597	146	0.3492822966507177	41	0.2679738562091503	-0.08954203691045798	-0.008233596468890603	1	0.012987012987012988	11	0.02631578947368421	3	0.0196078431372549	-0.013328776486671221	-0.006620830150241914
KDM7A	histone_erase	20	0.2597402597402597	181	0.43301435406698563	65	0.42483660130718953	-0.1732740943267259	-0.16509634156692982	2	0.025974025974025976	0	0.0	5	0.032679738562091505	0.025974025974025976	-0.006705712588065529
KANSL3	histone_write	19	0.24675324675324675	93	0.22248803827751196	27	0.17647058823529413	0.024265208475734795	0.07028265851795262	1	0.012987012987012988	3	0.007177033492822967	1	0.006535947712418301	0.005809979494190021	0.006451065274594687
RNF168	histone_write	19	0.24675324675324675	114	0.2727272727272727	43	0.28104575163398693	-0.025974025974025955	-0.03429250488074018	2	0.025974025974025976	14	0.03349282296650718	3	0.0196078431372549	-0.007518796992481203	0.006366182836771074
TADA1	histone_chaperone	18	0.23376623376623376	98	0.23444976076555024	35	0.22875816993464052	-0.0006835269993164805	0.005008063831593246	0	0.0	0	0.0	4	0.026143790849673203	0.0	-0.026143790849673203
UIMC1	histone_read	18	0.23376623376623376	106	0.2535885167464115	47	0.30718954248366015	-0.019822282980177713	-0.07342330871742639	1	0.012987012987012988	6	0.014354066985645933	3	0.0196078431372549	-0.0013670539986329455	-0.006620830150241914
YTHDC1	rna_modification	18	0.23376623376623376	80	0.19138755980861244	38	0.24836601307189543	0.04237867395762132	-0.01459977930566167	1	0.012987012987012988	0	0.0	0	0.0	0.012987012987012988	0.012987012987012988
APOBEC3G	dna_modification	17	0.22077922077922077	70	0.1674641148325359	17	0.1111111111111111	0.05331510594668487	0.10966810966810966	3	0.03896103896103896	5	0.011961722488038277	1	0.006535947712418301	0.026999316473000683	0.03242509124862066
DOT1L	histone_write	17	0.22077922077922077	121	0.2894736842105263	56	0.3660130718954248	-0.06869446343130556	-0.14523385111620404	2	0.025974025974025976	15	0.03588516746411483	8	0.05228758169934641	-0.009911141490088857	-0.02631355572532043
FOXO1	tf	17	0.22077922077922077	91	0.21770334928229665	32	0.20915032679738563	0.0030758714969241208	0.011628893981835142	7	0.09090909090909091	28	0.06698564593301436	11	0.0718954248366013	0.023923444976076555	0.01901366607248961
KMT2D	histone_write	17	0.22077922077922077	93	0.22248803827751196	29	0.1895424836601307	-0.0017088174982911875	0.031236737119090058	17	0.22077922077922077	93	0.22248803827751196	28	0.1830065359477124	-0.0017088174982911875	0.03777268483150836
METTL11B	histone_write	17	0.22077922077922077	114	0.2727272727272727	50	0.32679738562091504	-0.05194805194805194	-0.10601816484169427	2	0.025974025974025976	4	0.009569377990430622	1	0.006535947712418301	0.016404647983595352	0.019438078261607674
PRMT6	histone_write	17	0.22077922077922077	92	0.22009569377990432	29	0.1895424836601307	0.0006835269993164528	0.031236737119090058	0	0.0	1	0.0023923444976076554	1	0.006535947712418301	-0.0023923444976076554	-0.006535947712418301
NCOA2	chromatin_remodeling	16	0.2077922077922078	138	0.33014354066985646	49	0.3202614379084967	-0.12235133287764866	-0.1124692301162889	0	0.0	17	0.04066985645933014	3	0.0196078431372549	-0.04066985645933014	-0.0196078431372549
TYW5	rna_modification	16	0.2077922077922078	65	0.15550239234449761	40	0.26143790849673204	0.05228981544771019	-0.053645700704524235	0	0.0	1	0.0023923444976076554	0	0.0	-0.0023923444976076554	0.0
DPPA3	histone_read	15	0.19480519480519481	139	0.33253588516746413	35	0.22875816993464052	-0.13773069036226931	-0.0339529751294457	0	0.0	2	0.004784688995215311	0	0.0	-0.004784688995215311	0.0
PADI3	histone_other	15	0.19480519480519481	103	0.24641148325358853	30	0.19607843137254902	-0.05160628844839371	-0.0012732365673542023	1	0.012987012987012988	15	0.03588516746411483	3	0.0196078431372549	-0.022898154477101845	-0.006620830150241914
ZNF516	histone_erase	14	0.18181818181818182	54	0.1291866028708134	20	0.13071895424836602	0.05263157894736842	0.0510992275698158	11	0.14285714285714285	45	0.1076555023923445	16	0.10457516339869281	0.035201640464798345	0.038281979458450036
MST1	histone_other	13	0.16883116883116883	69	0.16507177033492823	30	0.19607843137254902	0.0037593984962406013	-0.027247262541380185	5	0.06493506493506493	25	0.05980861244019139	10	0.06535947712418301	0.0051264524948735415	-0.0004244121891180813
HDGF	chromatin_remodeling	12	0.15584415584415584	57	0.13636363636363635	25	0.16339869281045752	0.019480519480519487	-0.007554536966301678	1	0.012987012987012988	1	0.0023923444976076554	0	0.0	0.010594668489405332	0.012987012987012988
SCML4	polycomb	12	0.15584415584415584	72	0.1722488038277512	25	0.16339869281045752	-0.016404647983595366	-0.007554536966301678	0	0.0	4	0.009569377990430622	0	0.0	-0.009569377990430622	0.0
ALKBH1	dna_modification	11	0.14285714285714285	45	0.1076555023923445	20	0.13071895424836602	0.035201640464798345	0.012138188608776829	2	0.025974025974025976	5	0.011961722488038277	1	0.006535947712418301	0.014012303485987698	0.019438078261607674
ARID2	chromatin_remodeling	11	0.14285714285714285	52	0.12440191387559808	17	0.1111111111111111	0.018455228981544766	0.031746031746031744	11	0.14285714285714285	52	0.12440191387559808	17	0.1111111111111111	0.018455228981544766	0.031746031746031744
EHMT1	histone_write	11	0.14285714285714285	41	0.09808612440191387	16	0.10457516339869281	0.044771018455228975	0.038281979458450036	11	0.14285714285714285	41	0.09808612440191387	16	0.10457516339869281	0.044771018455228975	0.038281979458450036
EP300	histone_write	11	0.14285714285714285	60	0.14354066985645933	26	0.16993464052287582	-0.0006835269993164805	-0.027077497665732975	1	0.012987012987012988	27	0.0645933014354067	9	0.058823529411764705	-0.05160628844839371	-0.045836516424751714
MLLT10	histone_write	11	0.14285714285714285	42	0.10047846889952153	15	0.09803921568627451	0.04237867395762132	0.04481792717086834	11	0.14285714285714285	42	0.10047846889952153	15	0.09803921568627451	0.04237867395762132	0.04481792717086834
PHF20	histone_write	11	0.14285714285714285	100	0.23923444976076555	28	0.1830065359477124	-0.0963773069036227	-0.04014939309056956	2	0.025974025974025976	21	0.050239234449760764	2	0.013071895424836602	-0.02426520847573479	0.012902130549189374
PRDM1	histone_write	11	0.14285714285714285	44	0.10526315789473684	13	0.08496732026143791	0.03759398496240601	0.05788982259570494	1	0.012987012987012988	12	0.028708133971291867	4	0.026143790849673203	-0.01572112098427888	-0.013156777862660216
PRDM2	histone_write	11	0.14285714285714285	31	0.07416267942583732	17	0.1111111111111111	0.06869446343130553	0.031746031746031744	6	0.07792207792207792	14	0.03349282296650718	10	0.06535947712418301	0.04442925495557074	0.01256260079789491
ATM	histone_write	10	0.12987012987012986	28	0.06698564593301436	26	0.16993464052287582	0.0628844839371155	-0.040064510652745966	4	0.05194805194805195	14	0.03349282296650718	18	0.11764705882352941	0.018455228981544773	-0.06569900687547746
EP400	chromatin_remodeling	10	0.12987012987012986	27	0.0645933014354067	11	0.0718954248366013	0.06527682843472316	0.057974705033528556	6	0.07792207792207792	21	0.050239234449760764	9	0.058823529411764705	0.027682843472317156	0.019098548510313215
UBR7	dna_modification	10	0.12987012987012986	57	0.13636363636363635	18	0.11764705882352941	-0.006493506493506496	0.012223071046600448	0	0.0	2	0.004784688995215311	3	0.0196078431372549	-0.004784688995215311	-0.0196078431372549
KMT2E	histone_write	9	0.11688311688311688	33	0.07894736842105263	12	0.0784313725490196	0.03793574846206425	0.038451744334097274	0	0.0	16	0.03827751196172249	8	0.05228758169934641	-0.03827751196172249	-0.05228758169934641
NSRP1	rna_modification	9	0.11688311688311688	19	0.045454545454545456	8	0.05228758169934641	0.07142857142857142	0.06459553518377048	9	0.11688311688311688	19	0.045454545454545456	8	0.05228758169934641	0.07142857142857142	0.06459553518377048
CHRAC1	histone_chaperone	8	0.1038961038961039	38	0.09090909090909091	19	0.12418300653594772	0.012987012987012991	-0.020286902639843812	2	0.025974025974025976	1	0.0023923444976076554	1	0.006535947712418301	0.02358168147641832	0.019438078261607674
EEF1AKMT4	other	8	0.1038961038961039	53	0.12679425837320574	20	0.13071895424836602	-0.022898154477101834	-0.026822850352262118	0	0.0	3	0.007177033492822967	1	0.006535947712418301	-0.007177033492822967	-0.006535947712418301
KMT2A	histone_write	8	0.1038961038961039	28	0.06698564593301436	21	0.13725490196078433	0.036910457963089546	-0.03335879806468042	8	0.1038961038961039	28	0.06698564593301436	21	0.13725490196078433	0.036910457963089546	-0.03335879806468042
NCOA6	histone_write	8	0.1038961038961039	53	0.12679425837320574	12	0.0784313725490196	-0.022898154477101834	0.025464731347084296	8	0.1038961038961039	53	0.12679425837320574	12	0.0784313725490196	-0.022898154477101834	0.025464731347084296
PRMT7	histone_write	8	0.1038961038961039	64	0.15311004784688995	28	0.1830065359477124	-0.04921394395078604	-0.0791104320516085	0	0.0	8	0.019138755980861243	2	0.013071895424836602	-0.019138755980861243	-0.013071895424836602
PRR14	histone_write	8	0.1038961038961039	48	0.11483253588516747	19	0.12418300653594772	-0.010936431989063564	-0.020286902639843812	2	0.025974025974025976	5	0.011961722488038277	2	0.013071895424836602	0.014012303485987698	0.012902130549189374
SRCAP	chromatin_remodeling	8	0.1038961038961039	32	0.07655502392344497	15	0.09803921568627451	0.02734107997265893	0.0058568882098293945	8	0.1038961038961039	32	0.07655502392344497	14	0.0915032679738562	0.02734107997265893	0.0123928359222477
STK4	histone_write	8	0.1038961038961039	54	0.1291866028708134	17	0.1111111111111111	-0.025290498974709502	-0.007215007215007202	5	0.06493506493506493	41	0.09808612440191387	10	0.06535947712418301	-0.033151059466848945	-0.0004244121891180813
CHAF1A	chromatin_remodeling	7	0.09090909090909091	31	0.07416267942583732	12	0.0784313725490196	0.016746411483253593	0.012477718360071305	0	0.0	5	0.011961722488038277	0	0.0	-0.011961722488038277	0.0
CHD6	chromatin_remodeling	7	0.09090909090909091	34	0.08133971291866028	13	0.08496732026143791	0.00956937799043063	0.005941770647653	2	0.025974025974025976	24	0.05741626794258373	12	0.0784313725490196	-0.03144224196855776	-0.05245734657499363
DMAP1	chromatin_remodeling	7	0.09090909090909091	12	0.028708133971291867	5	0.032679738562091505	0.06220095693779905	0.058229352346999406	7	0.09090909090909091	12	0.028708133971291867	5	0.032679738562091505	0.06220095693779905	0.058229352346999406
HLTF	chromatin_remodeling	7	0.09090909090909091	27	0.0645933014354067	10	0.06535947712418301	0.02631578947368421	0.0255496137849079	3	0.03896103896103896	12	0.028708133971291867	5	0.032679738562091505	0.010252904989747093	0.006281300398947455
PRDM9	histone_write	7	0.09090909090909091	16	0.03827751196172249	9	0.058823529411764705	0.052631578947368425	0.03208556149732621	6	0.07792207792207792	16	0.03827751196172249	9	0.058823529411764705	0.039644565960355434	0.019098548510313215
SETMAR	histone_write	7	0.09090909090909091	80	0.19138755980861244	27	0.17647058823529413	-0.10047846889952153	-0.08556149732620322	1	0.012987012987012988	19	0.045454545454545456	4	0.026143790849673203	-0.032467532467532464	-0.013156777862660216
ASXL1	polycomb	6	0.07792207792207792	22	0.05263157894736842	6	0.0392156862745098	0.025290498974709502	0.03870639164756812	6	0.07792207792207792	22	0.05263157894736842	6	0.0392156862745098	0.025290498974709502	0.03870639164756812
CDK3	histone_write	6	0.07792207792207792	19	0.045454545454545456	11	0.0718954248366013	0.032467532467532464	0.006026653085476619	6	0.07792207792207792	19	0.045454545454545456	11	0.0718954248366013	0.032467532467532464	0.006026653085476619
ELP5	histone_write	6	0.07792207792207792	25	0.05980861244019139	13	0.08496732026143791	0.018113465481886533	-0.007045242339359992	0	0.0	1	0.0023923444976076554	0	0.0	-0.0023923444976076554	0.0
KAT6B	histone_write	6	0.07792207792207792	23	0.05502392344497608	11	0.0718954248366013	0.02289815447710184	0.006026653085476619	6	0.07792207792207792	23	0.05502392344497608	11	0.0718954248366013	0.02289815447710184	0.006026653085476619
PARG	chromatin_remodeling	6	0.07792207792207792	19	0.045454545454545456	5	0.032679738562091505	0.032467532467532464	0.045242339359986415	6	0.07792207792207792	19	0.045454545454545456	5	0.032679738562091505	0.032467532467532464	0.045242339359986415
PHF2	histone_erase	6	0.07792207792207792	25	0.05980861244019139	6	0.0392156862745098	0.018113465481886533	0.03870639164756812	6	0.07792207792207792	23	0.05502392344497608	4	0.026143790849673203	0.02289815447710184	0.05177828707240471
PRKAG2	histone_write	6	0.07792207792207792	19	0.045454545454545456	12	0.0784313725490196	0.032467532467532464	-0.0005092946269416865	6	0.07792207792207792	19	0.045454545454545456	12	0.0784313725490196	0.032467532467532464	-0.0005092946269416865
RBBP7	histone_chaperone	6	0.07792207792207792	37	0.08851674641148326	10	0.06535947712418301	-0.010594668489405337	0.01256260079789491	0	0.0	0	0.0	0	0.0	0.0	0.0
RBM15	rna_modification	6	0.07792207792207792	12	0.028708133971291867	6	0.0392156862745098	0.04921394395078606	0.03870639164756812	3	0.03896103896103896	11	0.02631578947368421	6	0.0392156862745098	0.012645249487354751	-0.00025464731347084324
RBM24	rna_modification	6	0.07792207792207792	31	0.07416267942583732	13	0.08496732026143791	0.0037593984962406013	-0.007045242339359992	6	0.07792207792207792	31	0.07416267942583732	13	0.08496732026143791	0.0037593984962406013	-0.007045242339359992
TRUB2	rna_modification	6	0.07792207792207792	45	0.1076555023923445	13	0.08496732026143791	-0.029733424470266584	-0.007045242339359992	6	0.07792207792207792	45	0.1076555023923445	13	0.08496732026143791	-0.029733424470266584	-0.007045242339359992
BAZ2A	chromatin_remodeling	5	0.06493506493506493	25	0.05980861244019139	6	0.0392156862745098	0.0051264524948735415	0.025719378660555126	5	0.06493506493506493	25	0.05980861244019139	6	0.0392156862745098	0.0051264524948735415	0.025719378660555126
CHAF1B	chromatin_remodeling	5	0.06493506493506493	16	0.03827751196172249	5	0.032679738562091505	0.026657552973342442	0.032255326372973424	1	0.012987012987012988	2	0.004784688995215311	0	0.0	0.008202323991797676	0.012987012987012988
CHD3	chromatin_remodeling	5	0.06493506493506493	32	0.07655502392344497	14	0.0915032679738562	-0.011619958988380044	-0.026568203038791274	0	0.0	8	0.019138755980861243	3	0.0196078431372549	-0.019138755980861243	-0.0196078431372549
CHD7	chromatin_remodeling	5	0.06493506493506493	36	0.0861244019138756	11	0.0718954248366013	-0.021189336978810674	-0.006960359901536373	5	0.06493506493506493	36	0.0861244019138756	11	0.0718954248366013	-0.021189336978810674	-0.006960359901536373
DAPK3	histone_write	5	0.06493506493506493	13	0.03110047846889952	4	0.026143790849673203	0.03383458646616541	0.03879127408539172	5	0.06493506493506493	13	0.03110047846889952	4	0.026143790849673203	0.03383458646616541	0.03879127408539172
FBL	histone_write	5	0.06493506493506493	52	0.12440191387559808	17	0.1111111111111111	-0.059466848940533154	-0.046176046176046176	0	0.0	0	0.0	0	0.0	0.0	0.0
KANSL1	histone_write	5	0.06493506493506493	26	0.06220095693779904	8	0.05228758169934641	0.0027341079972658874	0.012647483235718522	5	0.06493506493506493	22	0.05263157894736842	7	0.0457516339869281	0.01230348598769651	0.019183430948136827
KDM3B	histone_erase	5	0.06493506493506493	20	0.04784688995215311	9	0.058823529411764705	0.01708817498291182	0.006111535523300224	2	0.025974025974025976	12	0.028708133971291867	4	0.026143790849673203	-0.002734107997265891	-0.00016976487564722767
MBD6	chromatin_remodeling	5	0.06493506493506493	29	0.06937799043062201	6	0.0392156862745098	-0.004442925495557082	0.025719378660555126	5	0.06493506493506493	29	0.06937799043062201	6	0.0392156862745098	-0.004442925495557082	0.025719378660555126
NASP	chromatin_remodeling	5	0.06493506493506493	6	0.014354066985645933	2	0.013071895424836602	0.050580997949419	0.051863169510228325	5	0.06493506493506493	6	0.014354066985645933	2	0.013071895424836602	0.050580997949419	0.051863169510228325
NFRKB	chromatin_remodeling	5	0.06493506493506493	24	0.05741626794258373	8	0.05228758169934641	0.007518796992481196	0.012647483235718522	5	0.06493506493506493	24	0.05741626794258373	8	0.05228758169934641	0.007518796992481196	0.012647483235718522
PRMT2	histone_write	5	0.06493506493506493	14	0.03349282296650718	9	0.058823529411764705	0.03144224196855775	0.006111535523300224	5	0.06493506493506493	14	0.03349282296650718	9	0.058823529411764705	0.03144224196855775	0.006111535523300224
SAP25	histone_erase	5	0.06493506493506493	7	0.01674641148325359	7	0.0457516339869281	0.048188653451811336	0.019183430948136827	5	0.06493506493506493	7	0.01674641148325359	7	0.0457516339869281	0.048188653451811336	0.019183430948136827
SETD5	histone_write	5	0.06493506493506493	26	0.06220095693779904	8	0.05228758169934641	0.0027341079972658874	0.012647483235718522	5	0.06493506493506493	26	0.06220095693779904	8	0.05228758169934641	0.0027341079972658874	0.012647483235718522
SMYD1	histone_write	5	0.06493506493506493	33	0.07894736842105263	12	0.0784313725490196	-0.014012303485987698	-0.013496307613954678	2	0.025974025974025976	11	0.02631578947368421	4	0.026143790849673203	-0.00034176349965823333	-0.00016976487564722767
ZZZ3	histone_read	5	0.06493506493506493	31	0.07416267942583732	10	0.06535947712418301	-0.00922761449077239	-0.0004244121891180813	0	0.0	12	0.028708133971291867	4	0.026143790849673203	-0.028708133971291867	-0.026143790849673203
ATAD2B	histone_read	4	0.05194805194805195	3	0.007177033492822967	1	0.006535947712418301	0.04477101845522898	0.04541210423563365	4	0.05194805194805195	3	0.007177033492822967	1	0.006535947712418301	0.04477101845522898	0.04541210423563365
CHD8	chromatin_remodeling	4	0.05194805194805195	16	0.03827751196172249	3	0.0196078431372549	0.013670539986329465	0.03234020881079705	4	0.05194805194805195	16	0.03827751196172249	3	0.0196078431372549	0.013670539986329465	0.03234020881079705
CIT	histone_write	4	0.05194805194805195	22	0.05263157894736842	6	0.0392156862745098	-0.0006835269993164667	0.012732365673542148	3	0.03896103896103896	18	0.0430622009569378	6	0.0392156862745098	-0.0041011619958988416	-0.00025464731347084324
EXOSC8	rna_modification	4	0.05194805194805195	9	0.0215311004784689	8	0.05228758169934641	0.03041695146958305	-0.00033952975129445534	4	0.05194805194805195	9	0.0215311004784689	8	0.05228758169934641	0.03041695146958305	-0.00033952975129445534
FBRS	histone_other	4	0.05194805194805195	10	0.023923444976076555	4	0.026143790849673203	0.028024606971975397	0.025804261098378748	3	0.03896103896103896	10	0.023923444976076555	4	0.026143790849673203	0.015037593984962405	0.012817248111365757
FOXP1	tf	4	0.05194805194805195	24	0.05741626794258373	10	0.06535947712418301	-0.005468215994531782	-0.013411425176131059	4	0.05194805194805195	24	0.05741626794258373	10	0.06535947712418301	-0.005468215994531782	-0.013411425176131059
HDAC4	histone_erase	4	0.05194805194805195	43	0.10287081339712918	18	0.11764705882352941	-0.05092276144907723	-0.06569900687547746	4	0.05194805194805195	43	0.10287081339712918	18	0.11764705882352941	-0.05092276144907723	-0.06569900687547746
JAK2	histone_write	4	0.05194805194805195	18	0.0430622009569378	8	0.05228758169934641	0.00888585099111415	-0.00033952975129445534	4	0.05194805194805195	18	0.0430622009569378	8	0.05228758169934641	0.00888585099111415	-0.00033952975129445534
MPND	histone_erase	4	0.05194805194805195	13	0.03110047846889952	7	0.0457516339869281	0.02084757347915243	0.00619641796112385	4	0.05194805194805195	13	0.03110047846889952	7	0.0457516339869281	0.02084757347915243	0.00619641796112385
PARP3	polycomb	4	0.05194805194805195	12	0.028708133971291867	5	0.032679738562091505	0.023239917976760085	0.019268313385960446	4	0.05194805194805195	12	0.028708133971291867	5	0.032679738562091505	0.023239917976760085	0.019268313385960446
PRDM11	histone_write	4	0.05194805194805195	9	0.0215311004784689	11	0.0718954248366013	0.03041695146958305	-0.01994737288854935	4	0.05194805194805195	9	0.0215311004784689	11	0.0718954248366013	0.03041695146958305	-0.01994737288854935
PRDM5	histone_write	4	0.05194805194805195	5	0.011961722488038277	5	0.032679738562091505	0.039986329460013674	0.019268313385960446	4	0.05194805194805195	5	0.011961722488038277	5	0.032679738562091505	0.039986329460013674	0.019268313385960446
SETDB1	histone_write	4	0.05194805194805195	20	0.04784688995215311	6	0.0392156862745098	0.0041011619958988416	0.012732365673542148	4	0.05194805194805195	20	0.04784688995215311	6	0.0392156862745098	0.0041011619958988416	0.012732365673542148
SFMBT1	polycomb	4	0.05194805194805195	11	0.02631578947368421	5	0.032679738562091505	0.025632262474367742	0.019268313385960446	4	0.05194805194805195	11	0.02631578947368421	5	0.032679738562091505	0.025632262474367742	0.019268313385960446
TAF2	tf	4	0.05194805194805195	34	0.08133971291866028	13	0.08496732026143791	-0.02939166097060833	-0.03301926831338596	0	0.0	3	0.007177033492822967	1	0.006535947712418301	-0.007177033492822967	-0.006535947712418301
TLE2	histone_other	4	0.05194805194805195	9	0.0215311004784689	1	0.006535947712418301	0.03041695146958305	0.04541210423563365	4	0.05194805194805195	9	0.0215311004784689	1	0.006535947712418301	0.03041695146958305	0.04541210423563365
UBN1	histone_write	4	0.05194805194805195	22	0.05263157894736842	8	0.05228758169934641	-0.0006835269993164667	-0.00033952975129445534	3	0.03896103896103896	15	0.03588516746411483	2	0.013071895424836602	0.0030758714969241277	0.025889143536202357
USP49	histone_erase	4	0.05194805194805195	27	0.0645933014354067	9	0.058823529411764705	-0.012645249487354751	-0.006875477463712754	4	0.05194805194805195	26	0.06220095693779904	9	0.058823529411764705	-0.01025290498974709	-0.006875477463712754
ZMYND8	histone_erase	4	0.05194805194805195	33	0.07894736842105263	12	0.0784313725490196	-0.026999316473000676	-0.026483320600967655	4	0.05194805194805195	33	0.07894736842105263	12	0.0784313725490196	-0.026999316473000676	-0.026483320600967655
ADNP	chromatin_remodeling	3	0.03896103896103896	12	0.028708133971291867	3	0.0196078431372549	0.010252904989747093	0.01935319582378406	3	0.03896103896103896	12	0.028708133971291867	3	0.0196078431372549	0.010252904989747093	0.01935319582378406
ARID1A	chromatin_remodeling	3	0.03896103896103896	17	0.04066985645933014	6	0.0392156862745098	-0.0017088174982911805	-0.00025464731347084324	3	0.03896103896103896	17	0.04066985645933014	6	0.0392156862745098	-0.0017088174982911805	-0.00025464731347084324
ARNTL	histone_write	3	0.03896103896103896	16	0.03827751196172249	3	0.0196078431372549	0.0006835269993164736	0.01935319582378406	3	0.03896103896103896	16	0.03827751196172249	3	0.0196078431372549	0.0006835269993164736	0.01935319582378406
ATN1	histone_erase	3	0.03896103896103896	4	0.009569377990430622	1	0.006535947712418301	0.029391660970608337	0.03242509124862066	3	0.03896103896103896	4	0.009569377990430622	1	0.006535947712418301	0.029391660970608337	0.03242509124862066
BAZ1B	histone_write	3	0.03896103896103896	2	0.004784688995215311	2	0.013071895424836602	0.03417634996582365	0.025889143536202357	3	0.03896103896103896	2	0.004784688995215311	2	0.013071895424836602	0.03417634996582365	0.025889143536202357
BRD1	histone_read	3	0.03896103896103896	24	0.05741626794258373	14	0.0915032679738562	-0.018455228981544773	-0.05254222901281724	3	0.03896103896103896	23	0.05502392344497608	14	0.0915032679738562	-0.01606288448393712	-0.05254222901281724
BRD9	histone_read	3	0.03896103896103896	19	0.045454545454545456	2	0.013071895424836602	-0.006493506493506496	0.025889143536202357	3	0.03896103896103896	18	0.0430622009569378	2	0.013071895424836602	-0.0041011619958988416	0.025889143536202357
BRMS1L	histone_erase	3	0.03896103896103896	4	0.009569377990430622	1	0.006535947712418301	0.029391660970608337	0.03242509124862066	3	0.03896103896103896	4	0.009569377990430622	1	0.006535947712418301	0.029391660970608337	0.03242509124862066
CREBBP	histone_write	3	0.03896103896103896	22	0.05263157894736842	8	0.05228758169934641	-0.013670539986329458	-0.013326542738307447	3	0.03896103896103896	22	0.05263157894736842	8	0.05228758169934641	-0.013670539986329458	-0.013326542738307447
DDX50	rna_modification	3	0.03896103896103896	4	0.009569377990430622	2	0.013071895424836602	0.029391660970608337	0.025889143536202357	3	0.03896103896103896	4	0.009569377990430622	2	0.013071895424836602	0.029391660970608337	0.025889143536202357
DEK	chromatin_remodeling	3	0.03896103896103896	17	0.04066985645933014	3	0.0196078431372549	-0.0017088174982911805	0.01935319582378406	1	0.012987012987012988	0	0.0	0	0.0	0.012987012987012988	0.012987012987012988
DND1	rna_modification	3	0.03896103896103896	1	0.0023923444976076554	1	0.006535947712418301	0.036568694463431306	0.03242509124862066	3	0.03896103896103896	1	0.0023923444976076554	1	0.006535947712418301	0.036568694463431306	0.03242509124862066
FOXP3	tf	3	0.03896103896103896	15	0.03588516746411483	7	0.0457516339869281	0.0030758714969241277	-0.0067905950258891415	3	0.03896103896103896	15	0.03588516746411483	7	0.0457516339869281	0.0030758714969241277	-0.0067905950258891415
FOXP4	tf	3	0.03896103896103896	22	0.05263157894736842	9	0.058823529411764705	-0.013670539986329458	-0.019862490450725745	3	0.03896103896103896	22	0.05263157894736842	9	0.058823529411764705	-0.013670539986329458	-0.019862490450725745
GSE1	histone_erase	3	0.03896103896103896	27	0.0645933014354067	9	0.058823529411764705	-0.025632262474367742	-0.019862490450725745	3	0.03896103896103896	27	0.0645933014354067	9	0.058823529411764705	-0.025632262474367742	-0.019862490450725745
HUWE1	histone_write	3	0.03896103896103896	7	0.01674641148325359	0	0.0	0.02221462747778537	0.03896103896103896	3	0.03896103896103896	7	0.01674641148325359	0	0.0	0.02221462747778537	0.03896103896103896
ING1	histone_read	3	0.03896103896103896	29	0.06937799043062201	7	0.0457516339869281	-0.03041695146958305	-0.0067905950258891415	1	0.012987012987012988	3	0.007177033492822967	0	0.0	0.005809979494190021	0.012987012987012988
KDM2B	histone_erase	3	0.03896103896103896	12	0.028708133971291867	1	0.006535947712418301	0.010252904989747093	0.03242509124862066	3	0.03896103896103896	12	0.028708133971291867	1	0.006535947712418301	0.010252904989747093	0.03242509124862066
KDM4E	histone_erase	3	0.03896103896103896	38	0.09090909090909091	19	0.12418300653594772	-0.05194805194805195	-0.08522196757490876	0	0.0	8	0.019138755980861243	4	0.026143790849673203	-0.019138755980861243	-0.026143790849673203
L3MBTL2	histone_read	3	0.03896103896103896	15	0.03588516746411483	9	0.058823529411764705	0.0030758714969241277	-0.019862490450725745	3	0.03896103896103896	15	0.03588516746411483	9	0.058823529411764705	0.0030758714969241277	-0.019862490450725745
MDC1	histone_read	3	0.03896103896103896	24	0.05741626794258373	7	0.0457516339869281	-0.018455228981544773	-0.0067905950258891415	3	0.03896103896103896	10	0.023923444976076555	1	0.006535947712418301	0.015037593984962405	0.03242509124862066
MECP2	histone_write	3	0.03896103896103896	12	0.028708133971291867	4	0.026143790849673203	0.010252904989747093	0.012817248111365757	3	0.03896103896103896	12	0.028708133971291867	4	0.026143790849673203	0.010252904989747093	0.012817248111365757
MIS18BP1	chromatin_remodeling	3	0.03896103896103896	13	0.03110047846889952	8	0.05228758169934641	0.00786056049213944	-0.013326542738307447	3	0.03896103896103896	13	0.03110047846889952	8	0.05228758169934641	0.00786056049213944	-0.013326542738307447
NCOR1	histone_erase	3	0.03896103896103896	10	0.023923444976076555	9	0.058823529411764705	0.015037593984962405	-0.019862490450725745	3	0.03896103896103896	10	0.023923444976076555	9	0.058823529411764705	0.015037593984962405	-0.019862490450725745
NIPBL	histone_erase	3	0.03896103896103896	6	0.014354066985645933	2	0.013071895424836602	0.02460697197539303	0.025889143536202357	3	0.03896103896103896	6	0.014354066985645933	2	0.013071895424836602	0.02460697197539303	0.025889143536202357
PHF13	histone_read	3	0.03896103896103896	2	0.004784688995215311	1	0.006535947712418301	0.03417634996582365	0.03242509124862066	3	0.03896103896103896	2	0.004784688995215311	1	0.006535947712418301	0.03417634996582365	0.03242509124862066
PRKAA2	histone_write	3	0.03896103896103896	4	0.009569377990430622	2	0.013071895424836602	0.029391660970608337	0.025889143536202357	3	0.03896103896103896	4	0.009569377990430622	2	0.013071895424836602	0.029391660970608337	0.025889143536202357
RBM15B	rna_modification	3	0.03896103896103896	9	0.0215311004784689	3	0.0196078431372549	0.01742993848257006	0.01935319582378406	3	0.03896103896103896	9	0.0215311004784689	3	0.0196078431372549	0.01742993848257006	0.01935319582378406
SETD1B	histone_write	3	0.03896103896103896	19	0.045454545454545456	7	0.0457516339869281	-0.006493506493506496	-0.0067905950258891415	2	0.025974025974025976	10	0.023923444976076555	4	0.026143790849673203	0.0020505809979494208	-0.00016976487564722767
SRRM4	rna_modification	3	0.03896103896103896	35	0.08373205741626795	11	0.0718954248366013	-0.04477101845522899	-0.03293438587556234	2	0.025974025974025976	10	0.023923444976076555	3	0.0196078431372549	0.0020505809979494208	0.006366182836771074
SUPT6H	histone_erase	3	0.03896103896103896	13	0.03110047846889952	6	0.0392156862745098	0.00786056049213944	-0.00025464731347084324	3	0.03896103896103896	13	0.03110047846889952	6	0.0392156862745098	0.00786056049213944	-0.00025464731347084324
TAF1	histone_write	3	0.03896103896103896	5	0.011961722488038277	2	0.013071895424836602	0.026999316473000683	0.025889143536202357	3	0.03896103896103896	5	0.011961722488038277	2	0.013071895424836602	0.026999316473000683	0.025889143536202357
TEX10	histone_write	3	0.03896103896103896	2	0.004784688995215311	2	0.013071895424836602	0.03417634996582365	0.025889143536202357	3	0.03896103896103896	2	0.004784688995215311	2	0.013071895424836602	0.03417634996582365	0.025889143536202357
UBR5	chromatin_remodeling	3	0.03896103896103896	7	0.01674641148325359	0	0.0	0.02221462747778537	0.03896103896103896	3	0.03896103896103896	7	0.01674641148325359	0	0.0	0.02221462747778537	0.03896103896103896
VIRMA	rna_modification	3	0.03896103896103896	26	0.06220095693779904	9	0.058823529411764705	-0.02323991797676008	-0.019862490450725745	3	0.03896103896103896	26	0.06220095693779904	9	0.058823529411764705	-0.02323991797676008	-0.019862490450725745
ZCWPW1	histone_read	3	0.03896103896103896	25	0.05980861244019139	6	0.0392156862745098	-0.020847573479152427	-0.00025464731347084324	3	0.03896103896103896	25	0.05980861244019139	6	0.0392156862745098	-0.020847573479152427	-0.00025464731347084324
ZFP57	tf	3	0.03896103896103896	5	0.011961722488038277	5	0.032679738562091505	0.026999316473000683	0.006281300398947455	0	0.0	0	0.0	1	0.006535947712418301	0.0	-0.006535947712418301
ZMYM3	histone_erase	3	0.03896103896103896	5	0.011961722488038277	1	0.006535947712418301	0.026999316473000683	0.03242509124862066	3	0.03896103896103896	5	0.011961722488038277	1	0.006535947712418301	0.026999316473000683	0.03242509124862066
A1CF	rna_modification	2	0.025974025974025976	9	0.0215311004784689	1	0.006535947712418301	0.004442925495557075	0.019438078261607674	2	0.025974025974025976	9	0.0215311004784689	1	0.006535947712418301	0.004442925495557075	0.019438078261607674
AIRE	histone_read	2	0.025974025974025976	16	0.03827751196172249	10	0.06535947712418301	-0.01230348598769651	-0.039385451150157035	2	0.025974025974025976	16	0.03827751196172249	10	0.06535947712418301	-0.01230348598769651	-0.039385451150157035
APBB1	histone_other	2	0.025974025974025976	4	0.009569377990430622	3	0.0196078431372549	0.016404647983595352	0.006366182836771074	2	0.025974025974025976	4	0.009569377990430622	3	0.0196078431372549	0.016404647983595352	0.006366182836771074
ARID4A	histone_write	2	0.025974025974025976	13	0.03110047846889952	5	0.032679738562091505	-0.005126452494873545	-0.006705712588065529	2	0.025974025974025976	13	0.03110047846889952	5	0.032679738562091505	-0.005126452494873545	-0.006705712588065529
ARID4B	histone_write	2	0.025974025974025976	5	0.011961722488038277	2	0.013071895424836602	0.014012303485987698	0.012902130549189374	1	0.012987012987012988	4	0.009569377990430622	2	0.013071895424836602	0.0034176349965823662	-8.488243782361383e-05
ASF1B	histone_chaperone	2	0.025974025974025976	5	0.011961722488038277	1	0.006535947712418301	0.014012303485987698	0.019438078261607674	2	0.025974025974025976	5	0.011961722488038277	1	0.006535947712418301	0.014012303485987698	0.019438078261607674
ATAD2	chromatin_remodeling	2	0.025974025974025976	7	0.01674641148325359	1	0.006535947712418301	0.009227614490772387	0.019438078261607674	2	0.025974025974025976	7	0.01674641148325359	1	0.006535947712418301	0.009227614490772387	0.019438078261607674
BRPF1	histone_read	2	0.025974025974025976	4	0.009569377990430622	1	0.006535947712418301	0.016404647983595352	0.019438078261607674	2	0.025974025974025976	4	0.009569377990430622	1	0.006535947712418301	0.016404647983595352	0.019438078261607674
BRPF3	histone_write	2	0.025974025974025976	9	0.0215311004784689	4	0.026143790849673203	0.004442925495557075	-0.00016976487564722767	2	0.025974025974025976	5	0.011961722488038277	4	0.026143790849673203	0.014012303485987698	-0.00016976487564722767
CIR1	histone_read	2	0.025974025974025976	4	0.009569377990430622	1	0.006535947712418301	0.016404647983595352	0.019438078261607674	2	0.025974025974025976	4	0.009569377990430622	1	0.006535947712418301	0.016404647983595352	0.019438078261607674
CTR9	histone_other	2	0.025974025974025976	5	0.011961722488038277	2	0.013071895424836602	0.014012303485987698	0.012902130549189374	2	0.025974025974025976	5	0.011961722488038277	2	0.013071895424836602	0.014012303485987698	0.012902130549189374
CXXC1	chromatin_remodeling	2	0.025974025974025976	10	0.023923444976076555	12	0.0784313725490196	0.0020505809979494208	-0.05245734657499363	2	0.025974025974025976	10	0.023923444976076555	12	0.0784313725490196	0.0020505809979494208	-0.05245734657499363
ELP6	histone_write	2	0.025974025974025976	1	0.0023923444976076554	3	0.0196078431372549	0.02358168147641832	0.006366182836771074	2	0.025974025974025976	1	0.0023923444976076554	3	0.0196078431372549	0.02358168147641832	0.006366182836771074
ERBB4	histone_other	2	0.025974025974025976	8	0.019138755980861243	4	0.026143790849673203	0.0068352699931647325	-0.00016976487564722767	2	0.025974025974025976	8	0.019138755980861243	4	0.026143790849673203	0.0068352699931647325	-0.00016976487564722767
EXOSC2	rna_modification	2	0.025974025974025976	5	0.011961722488038277	2	0.013071895424836602	0.014012303485987698	0.012902130549189374	2	0.025974025974025976	5	0.011961722488038277	2	0.013071895424836602	0.014012303485987698	0.012902130549189374
FTO	rna_modification	2	0.025974025974025976	22	0.05263157894736842	9	0.058823529411764705	-0.026657552973342442	-0.03284950343773873	2	0.025974025974025976	22	0.05263157894736842	9	0.058823529411764705	-0.026657552973342442	-0.03284950343773873
GATAD2A	histone_read	2	0.025974025974025976	8	0.019138755980861243	4	0.026143790849673203	0.0068352699931647325	-0.00016976487564722767	2	0.025974025974025976	8	0.019138755980861243	4	0.026143790849673203	0.0068352699931647325	-0.00016976487564722767
HCFC2	histone_write	2	0.025974025974025976	4	0.009569377990430622	0	0.0	0.016404647983595352	0.025974025974025976	2	0.025974025974025976	4	0.009569377990430622	0	0.0	0.016404647983595352	0.025974025974025976
HIRIP3	histone_read	2	0.025974025974025976	15	0.03588516746411483	3	0.0196078431372549	-0.009911141490088857	0.006366182836771074	2	0.025974025974025976	15	0.03588516746411483	3	0.0196078431372549	-0.009911141490088857	0.006366182836771074
HLCS	histone_write	2	0.025974025974025976	36	0.0861244019138756	5	0.032679738562091505	-0.06015037593984963	-0.006705712588065529	0	0.0	13	0.03110047846889952	0	0.0	-0.03110047846889952	0.0
HMGN5	chromatin_remodeling	2	0.025974025974025976	1	0.0023923444976076554	0	0.0	0.02358168147641832	0.025974025974025976	2	0.025974025974025976	1	0.0023923444976076554	0	0.0	0.02358168147641832	0.025974025974025976
INO80E	chromatin_remodeling	2	0.025974025974025976	9	0.0215311004784689	4	0.026143790849673203	0.004442925495557075	-0.00016976487564722767	2	0.025974025974025976	9	0.0215311004784689	4	0.026143790849673203	0.004442925495557075	-0.00016976487564722767
JADE1	histone_write	2	0.025974025974025976	1	0.0023923444976076554	0	0.0	0.02358168147641832	0.025974025974025976	2	0.025974025974025976	1	0.0023923444976076554	0	0.0	0.02358168147641832	0.025974025974025976
JARID2	histone_write	2	0.025974025974025976	12	0.028708133971291867	5	0.032679738562091505	-0.002734107997265891	-0.006705712588065529	2	0.025974025974025976	12	0.028708133971291867	5	0.032679738562091505	-0.002734107997265891	-0.006705712588065529
KDM1B	histone_erase	2	0.025974025974025976	27	0.0645933014354067	10	0.06535947712418301	-0.03861927546138073	-0.039385451150157035	1	0.012987012987012988	10	0.023923444976076555	4	0.026143790849673203	-0.010936431989063567	-0.013156777862660216
KDM4B	histone_erase	2	0.025974025974025976	14	0.03349282296650718	6	0.0392156862745098	-0.007518796992481203	-0.013241660300483828	2	0.025974025974025976	14	0.03349282296650718	6	0.0392156862745098	-0.007518796992481203	-0.013241660300483828
KDM8	histone_erase	2	0.025974025974025976	8	0.019138755980861243	3	0.0196078431372549	0.0068352699931647325	0.006366182836771074	2	0.025974025974025976	8	0.019138755980861243	3	0.0196078431372549	0.0068352699931647325	0.006366182836771074
L3MBTL1	histone_read	2	0.025974025974025976	10	0.023923444976076555	2	0.013071895424836602	0.0020505809979494208	0.012902130549189374	2	0.025974025974025976	10	0.023923444976076555	2	0.013071895424836602	0.0020505809979494208	0.012902130549189374
MAP3K7	histone_write	2	0.025974025974025976	1	0.0023923444976076554	0	0.0	0.02358168147641832	0.025974025974025976	2	0.025974025974025976	1	0.0023923444976076554	0	0.0	0.02358168147641832	0.025974025974025976
MBD5	chromatin_remodeling	2	0.025974025974025976	16	0.03827751196172249	6	0.0392156862745098	-0.01230348598769651	-0.013241660300483828	2	0.025974025974025976	16	0.03827751196172249	6	0.0392156862745098	-0.01230348598769651	-0.013241660300483828
MPHOSPH8	histone_read	2	0.025974025974025976	18	0.0430622009569378	5	0.032679738562091505	-0.017088174982911826	-0.006705712588065529	2	0.025974025974025976	18	0.0430622009569378	5	0.032679738562091505	-0.017088174982911826	-0.006705712588065529
NAP1L4	histone_other	2	0.025974025974025976	4	0.009569377990430622	5	0.032679738562091505	0.016404647983595352	-0.006705712588065529	0	0.0	0	0.0	0	0.0	0.0	0.0
NSUN6	rna_modification	2	0.025974025974025976	3	0.007177033492822967	1	0.006535947712418301	0.01879699248120301	0.019438078261607674	2	0.025974025974025976	3	0.007177033492822967	1	0.006535947712418301	0.01879699248120301	0.019438078261607674
OIP5	chromatin_remodeling	2	0.025974025974025976	19	0.045454545454545456	6	0.0392156862745098	-0.01948051948051948	-0.013241660300483828	2	0.025974025974025976	19	0.045454545454545456	6	0.0392156862745098	-0.01948051948051948	-0.013241660300483828
PAF1	histone_write	2	0.025974025974025976	9	0.0215311004784689	1	0.006535947712418301	0.004442925495557075	0.019438078261607674	2	0.025974025974025976	9	0.0215311004784689	1	0.006535947712418301	0.004442925495557075	0.019438078261607674
PKM	histone_write	2	0.025974025974025976	22	0.05263157894736842	10	0.06535947712418301	-0.026657552973342442	-0.039385451150157035	0	0.0	2	0.004784688995215311	1	0.006535947712418301	-0.004784688995215311	-0.006535947712418301
PPP4R2	histone_other	2	0.025974025974025976	9	0.0215311004784689	3	0.0196078431372549	0.004442925495557075	0.006366182836771074	2	0.025974025974025976	9	0.0215311004784689	3	0.0196078431372549	0.004442925495557075	0.006366182836771074
PSIP1	chromatin_remodeling	2	0.025974025974025976	5	0.011961722488038277	0	0.0	0.014012303485987698	0.025974025974025976	2	0.025974025974025976	5	0.011961722488038277	0	0.0	0.014012303485987698	0.025974025974025976
RAD54B	chromatin_remodeling	2	0.025974025974025976	9	0.0215311004784689	6	0.0392156862745098	0.004442925495557075	-0.013241660300483828	1	0.012987012987012988	6	0.014354066985645933	6	0.0392156862745098	-0.0013670539986329455	-0.026228673287496816
RARA	histone_write	2	0.025974025974025976	1	0.0023923444976076554	0	0.0	0.02358168147641832	0.025974025974025976	2	0.025974025974025976	1	0.0023923444976076554	0	0.0	0.02358168147641832	0.025974025974025976
RBM7	rna_modification	2	0.025974025974025976	7	0.01674641148325359	1	0.006535947712418301	0.009227614490772387	0.019438078261607674	2	0.025974025974025976	7	0.01674641148325359	1	0.006535947712418301	0.009227614490772387	0.019438078261607674
RNPS1	rna_modification	2	0.025974025974025976	3	0.007177033492822967	1	0.006535947712418301	0.01879699248120301	0.019438078261607674	2	0.025974025974025976	2	0.004784688995215311	1	0.006535947712418301	0.021189336978810664	0.019438078261607674
RPS6KA4	histone_write	2	0.025974025974025976	3	0.007177033492822967	2	0.013071895424836602	0.01879699248120301	0.012902130549189374	2	0.025974025974025976	3	0.007177033492822967	2	0.013071895424836602	0.01879699248120301	0.012902130549189374
RPUSD3	rna_modification	2	0.025974025974025976	15	0.03588516746411483	11	0.0718954248366013	-0.009911141490088857	-0.045921398862575326	2	0.025974025974025976	15	0.03588516746411483	11	0.0718954248366013	-0.009911141490088857	-0.045921398862575326
SCMH1	polycomb	2	0.025974025974025976	4	0.009569377990430622	1	0.006535947712418301	0.016404647983595352	0.019438078261607674	2	0.025974025974025976	4	0.009569377990430622	1	0.006535947712418301	0.016404647983595352	0.019438078261607674
SF3B3	rna_modification	2	0.025974025974025976	7	0.01674641148325359	2	0.013071895424836602	0.009227614490772387	0.012902130549189374	2	0.025974025974025976	7	0.01674641148325359	2	0.013071895424836602	0.009227614490772387	0.012902130549189374
SHPRH	histone_write	2	0.025974025974025976	16	0.03827751196172249	6	0.0392156862745098	-0.01230348598769651	-0.013241660300483828	2	0.025974025974025976	16	0.03827751196172249	6	0.0392156862745098	-0.01230348598769651	-0.013241660300483828
SP1	chromatin_remodeling	2	0.025974025974025976	3	0.007177033492822967	1	0.006535947712418301	0.01879699248120301	0.019438078261607674	2	0.025974025974025976	3	0.007177033492822967	1	0.006535947712418301	0.01879699248120301	0.019438078261607674
SUPT3H	histone_write	2	0.025974025974025976	5	0.011961722488038277	0	0.0	0.014012303485987698	0.025974025974025976	2	0.025974025974025976	5	0.011961722488038277	0	0.0	0.014012303485987698	0.025974025974025976
TAF1L	histone_read	2	0.025974025974025976	15	0.03588516746411483	7	0.0457516339869281	-0.009911141490088857	-0.019777608012902126	2	0.025974025974025976	15	0.03588516746411483	7	0.0457516339869281	-0.009911141490088857	-0.019777608012902126
TAF6	histone_chaperone	2	0.025974025974025976	16	0.03827751196172249	4	0.026143790849673203	-0.01230348598769651	-0.00016976487564722767	2	0.025974025974025976	16	0.03827751196172249	4	0.026143790849673203	-0.01230348598769651	-0.00016976487564722767
TLE1	chromatin_remodeling	2	0.025974025974025976	9	0.0215311004784689	7	0.0457516339869281	0.004442925495557075	-0.019777608012902126	2	0.025974025974025976	9	0.0215311004784689	7	0.0457516339869281	0.004442925495557075	-0.019777608012902126
TRA2B	rna_modification	2	0.025974025974025976	0	0.0	1	0.006535947712418301	0.025974025974025976	0.019438078261607674	2	0.025974025974025976	0	0.0	1	0.006535947712418301	0.025974025974025976	0.019438078261607674
TSSK6	histone_write	2	0.025974025974025976	4	0.009569377990430622	3	0.0196078431372549	0.016404647983595352	0.006366182836771074	2	0.025974025974025976	4	0.009569377990430622	3	0.0196078431372549	0.016404647983595352	0.006366182836771074
WAC	histone_write	2	0.025974025974025976	11	0.02631578947368421	5	0.032679738562091505	-0.00034176349965823333	-0.006705712588065529	2	0.025974025974025976	11	0.02631578947368421	5	0.032679738562091505	-0.00034176349965823333	-0.006705712588065529
ZBTB33	histone_erase	2	0.025974025974025976	5	0.011961722488038277	1	0.006535947712418301	0.014012303485987698	0.019438078261607674	2	0.025974025974025976	5	0.011961722488038277	1	0.006535947712418301	0.014012303485987698	0.019438078261607674
ACTL6B	chromatin_remodeling	1	0.012987012987012988	2	0.004784688995215311	0	0.0	0.008202323991797676	0.012987012987012988	1	0.012987012987012988	2	0.004784688995215311	0	0.0	0.008202323991797676	0.012987012987012988
ACTR6	chromatin_remodeling	1	0.012987012987012988	0	0.0	0	0.0	0.012987012987012988	0.012987012987012988	1	0.012987012987012988	0	0.0	0	0.0	0.012987012987012988	0.012987012987012988
AEBP2	histone_write	1	0.012987012987012988	0	0.0	0	0.0	0.012987012987012988	0.012987012987012988	1	0.012987012987012988	0	0.0	0	0.0	0.012987012987012988	0.012987012987012988
ANP32A	chromatin_remodeling	1	0.012987012987012988	0	0.0	0	0.0	0.012987012987012988	0.012987012987012988	1	0.012987012987012988	0	0.0	0	0.0	0.012987012987012988	0.012987012987012988
APOBEC3C	dna_modification	1	0.012987012987012988	8	0.019138755980861243	2	0.013071895424836602	-0.006151742993848255	-8.488243782361383e-05	1	0.012987012987012988	8	0.019138755980861243	2	0.013071895424836602	-0.006151742993848255	-8.488243782361383e-05
APOBEC3D	dna_modification	1	0.012987012987012988	27	0.0645933014354067	8	0.05228758169934641	-0.05160628844839371	-0.03930056871233342	1	0.012987012987012988	27	0.0645933014354067	8	0.05228758169934641	-0.05160628844839371	-0.03930056871233342
ARRB1	histone_other	1	0.012987012987012988	3	0.007177033492822967	4	0.026143790849673203	0.005809979494190021	-0.013156777862660216	1	0.012987012987012988	3	0.007177033492822967	4	0.026143790849673203	0.005809979494190021	-0.013156777862660216
ASH2L	histone_write	1	0.012987012987012988	3	0.007177033492822967	1	0.006535947712418301	0.005809979494190021	0.006451065274594687	1	0.012987012987012988	3	0.007177033492822967	1	0.006535947712418301	0.005809979494190021	0.006451065274594687
BAP1	polycomb	1	0.012987012987012988	3	0.007177033492822967	0	0.0	0.005809979494190021	0.012987012987012988	1	0.012987012987012988	3	0.007177033492822967	0	0.0	0.005809979494190021	0.012987012987012988
BPTF	chromatin_remodeling	1	0.012987012987012988	7	0.01674641148325359	1	0.006535947712418301	-0.0037593984962406013	0.006451065274594687	1	0.012987012987012988	7	0.01674641148325359	1	0.006535947712418301	-0.0037593984962406013	0.006451065274594687
BRCC3	histone_erase	1	0.012987012987012988	3	0.007177033492822967	0	0.0	0.005809979494190021	0.012987012987012988	1	0.012987012987012988	3	0.007177033492822967	0	0.0	0.005809979494190021	0.012987012987012988
BRD3	histone_read	1	0.012987012987012988	10	0.023923444976076555	3	0.0196078431372549	-0.010936431989063567	-0.006620830150241914	1	0.012987012987012988	10	0.023923444976076555	3	0.0196078431372549	-0.010936431989063567	-0.006620830150241914
BRD4	histone_read	1	0.012987012987012988	16	0.03827751196172249	5	0.032679738562091505	-0.0252904989747095	-0.019692725575078517	1	0.012987012987012988	16	0.03827751196172249	5	0.032679738562091505	-0.0252904989747095	-0.019692725575078517
CBX2	histone_read	1	0.012987012987012988	9	0.0215311004784689	3	0.0196078431372549	-0.008544087491455913	-0.006620830150241914	1	0.012987012987012988	9	0.0215311004784689	3	0.0196078431372549	-0.008544087491455913	-0.006620830150241914
CBX4	histone_read	1	0.012987012987012988	2	0.004784688995215311	1	0.006535947712418301	0.008202323991797676	0.006451065274594687	1	0.012987012987012988	2	0.004784688995215311	1	0.006535947712418301	0.008202323991797676	0.006451065274594687
CDC73	histone_write	1	0.012987012987012988	1	0.0023923444976076554	0	0.0	0.010594668489405332	0.012987012987012988	1	0.012987012987012988	1	0.0023923444976076554	0	0.0	0.010594668489405332	0.012987012987012988
CDK9	histone_other	1	0.012987012987012988	1	0.0023923444976076554	0	0.0	0.010594668489405332	0.012987012987012988	1	0.012987012987012988	0	0.0	0	0.0	0.012987012987012988	0.012987012987012988
CDYL2	histone_read	1	0.012987012987012988	3	0.007177033492822967	3	0.0196078431372549	0.005809979494190021	-0.006620830150241914	1	0.012987012987012988	3	0.007177033492822967	3	0.0196078431372549	0.005809979494190021	-0.006620830150241914
CHD2	chromatin_remodeling	1	0.012987012987012988	4	0.009569377990430622	1	0.006535947712418301	0.0034176349965823662	0.006451065274594687	1	0.012987012987012988	4	0.009569377990430622	1	0.006535947712418301	0.0034176349965823662	0.006451065274594687
CHD4	chromatin_remodeling	1	0.012987012987012988	3	0.007177033492822967	2	0.013071895424836602	0.005809979494190021	-8.488243782361383e-05	1	0.012987012987012988	3	0.007177033492822967	2	0.013071895424836602	0.005809979494190021	-8.488243782361383e-05
CLNS1A	histone_write	1	0.012987012987012988	1	0.0023923444976076554	0	0.0	0.010594668489405332	0.012987012987012988	1	0.012987012987012988	1	0.0023923444976076554	0	0.0	0.010594668489405332	0.012987012987012988
CLOCK	histone_write	1	0.012987012987012988	14	0.03349282296650718	2	0.013071895424836602	-0.02050580997949419	-8.488243782361383e-05	1	0.012987012987012988	11	0.02631578947368421	2	0.013071895424836602	-0.013328776486671221	-8.488243782361383e-05
CUL4B	histone_write	1	0.012987012987012988	19	0.045454545454545456	8	0.05228758169934641	-0.032467532467532464	-0.03930056871233342	0	0.0	0	0.0	1	0.006535947712418301	0.0	-0.006535947712418301
CUL5	dna_modification	1	0.012987012987012988	0	0.0	0	0.0	0.012987012987012988	0.012987012987012988	1	0.012987012987012988	0	0.0	0	0.0	0.012987012987012988	0.012987012987012988
DDB1	histone_write	1	0.012987012987012988	2	0.004784688995215311	1	0.006535947712418301	0.008202323991797676	0.006451065274594687	1	0.012987012987012988	2	0.004784688995215311	1	0.006535947712418301	0.008202323991797676	0.006451065274594687
DNMT3B	dna_modification	1	0.012987012987012988	8	0.019138755980861243	6	0.0392156862745098	-0.006151742993848255	-0.026228673287496816	1	0.012987012987012988	8	0.019138755980861243	6	0.0392156862745098	-0.006151742993848255	-0.026228673287496816
EPC1	polycomb	1	0.012987012987012988	4	0.009569377990430622	3	0.0196078431372549	0.0034176349965823662	-0.006620830150241914	1	0.012987012987012988	4	0.009569377990430622	3	0.0196078431372549	0.0034176349965823662	-0.006620830150241914
EPC2	chromatin_remodeling	1	0.012987012987012988	2	0.004784688995215311	2	0.013071895424836602	0.008202323991797676	-8.488243782361383e-05	1	0.012987012987012988	2	0.004784688995215311	2	0.013071895424836602	0.008202323991797676	-8.488243782361383e-05
EXOSC9	rna_modification	1	0.012987012987012988	19	0.045454545454545456	11	0.0718954248366013	-0.032467532467532464	-0.05890841184958831	1	0.012987012987012988	2	0.004784688995215311	3	0.0196078431372549	0.008202323991797676	-0.006620830150241914
GADD45A	chromatin_remodeling	1	0.012987012987012988	2	0.004784688995215311	0	0.0	0.008202323991797676	0.012987012987012988	1	0.012987012987012988	2	0.004784688995215311	0	0.0	0.008202323991797676	0.012987012987012988
GFI1	chromatin_remodeling	1	0.012987012987012988	1	0.0023923444976076554	1	0.006535947712418301	0.010594668489405332	0.006451065274594687	1	0.012987012987012988	1	0.0023923444976076554	1	0.006535947712418301	0.010594668489405332	0.006451065274594687
GTF2I	tf	1	0.012987012987012988	0	0.0	0	0.0	0.012987012987012988	0.012987012987012988	1	0.012987012987012988	0	0.0	0	0.0	0.012987012987012988	0.012987012987012988
HDAC6	histone_erase	1	0.012987012987012988	4	0.009569377990430622	1	0.006535947712418301	0.0034176349965823662	0.006451065274594687	1	0.012987012987012988	4	0.009569377990430622	1	0.006535947712418301	0.0034176349965823662	0.006451065274594687
HELLS	chromatin_remodeling	1	0.012987012987012988	4	0.009569377990430622	1	0.006535947712418301	0.0034176349965823662	0.006451065274594687	1	0.012987012987012988	4	0.009569377990430622	1	0.006535947712418301	0.0034176349965823662	0.006451065274594687
HMG20A	chromatin_remodeling	1	0.012987012987012988	0	0.0	0	0.0	0.012987012987012988	0.012987012987012988	1	0.012987012987012988	0	0.0	0	0.0	0.012987012987012988	0.012987012987012988
HMGN1	chromatin_remodeling	1	0.012987012987012988	12	0.028708133971291867	6	0.0392156862745098	-0.01572112098427888	-0.026228673287496816	0	0.0	1	0.0023923444976076554	1	0.006535947712418301	-0.0023923444976076554	-0.006535947712418301
IKZF3	tf	1	0.012987012987012988	3	0.007177033492822967	0	0.0	0.005809979494190021	0.012987012987012988	1	0.012987012987012988	3	0.007177033492822967	0	0.0	0.005809979494190021	0.012987012987012988
ING4	histone_read	1	0.012987012987012988	3	0.007177033492822967	1	0.006535947712418301	0.005809979494190021	0.006451065274594687	1	0.012987012987012988	3	0.007177033492822967	1	0.006535947712418301	0.005809979494190021	0.006451065274594687
INO80	chromatin_remodeling	1	0.012987012987012988	7	0.01674641148325359	2	0.013071895424836602	-0.0037593984962406013	-8.488243782361383e-05	1	0.012987012987012988	7	0.01674641148325359	2	0.013071895424836602	-0.0037593984962406013	-8.488243782361383e-05
INO80C	chromatin_remodeling	1	0.012987012987012988	1	0.0023923444976076554	0	0.0	0.010594668489405332	0.012987012987012988	1	0.012987012987012988	1	0.0023923444976076554	0	0.0	0.010594668489405332	0.012987012987012988
KAT2B	histone_write	1	0.012987012987012988	22	0.05263157894736842	2	0.013071895424836602	-0.03964456596035543	-8.488243782361383e-05	1	0.012987012987012988	22	0.05263157894736842	2	0.013071895424836602	-0.03964456596035543	-8.488243782361383e-05
KDM2A	histone_erase	1	0.012987012987012988	2	0.004784688995215311	0	0.0	0.008202323991797676	0.012987012987012988	1	0.012987012987012988	2	0.004784688995215311	0	0.0	0.008202323991797676	0.012987012987012988
KDM5D	histone_erase	1	0.012987012987012988	7	0.01674641148325359	2	0.013071895424836602	-0.0037593984962406013	-8.488243782361383e-05	1	0.012987012987012988	7	0.01674641148325359	2	0.013071895424836602	-0.0037593984962406013	-8.488243782361383e-05
KDM6B	histone_erase	1	0.012987012987012988	20	0.04784688995215311	1	0.006535947712418301	-0.03485987696514012	0.006451065274594687	1	0.012987012987012988	19	0.045454545454545456	1	0.006535947712418301	-0.032467532467532464	0.006451065274594687
KEAP1	chromatin_remodeling	1	0.012987012987012988	5	0.011961722488038277	2	0.013071895424836602	0.0010252904989747104	-8.488243782361383e-05	1	0.012987012987012988	5	0.011961722488038277	2	0.013071895424836602	0.0010252904989747104	-8.488243782361383e-05
LAS1L	histone_write	1	0.012987012987012988	0	0.0	1	0.006535947712418301	0.012987012987012988	0.006451065274594687	1	0.012987012987012988	0	0.0	1	0.006535947712418301	0.012987012987012988	0.006451065274594687
LRWD1	chromatin_remodeling	1	0.012987012987012988	5	0.011961722488038277	2	0.013071895424836602	0.0010252904989747104	-8.488243782361383e-05	1	0.012987012987012988	2	0.004784688995215311	1	0.006535947712418301	0.008202323991797676	0.006451065274594687
METTL16	rna_modification	1	0.012987012987012988	3	0.007177033492822967	0	0.0	0.005809979494190021	0.012987012987012988	1	0.012987012987012988	3	0.007177033492822967	0	0.0	0.005809979494190021	0.012987012987012988
MLLT6	histone_write	1	0.012987012987012988	3	0.007177033492822967	2	0.013071895424836602	0.005809979494190021	-8.488243782361383e-05	1	0.012987012987012988	3	0.007177033492822967	2	0.013071895424836602	0.005809979494190021	-8.488243782361383e-05
MYSM1	histone_erase	1	0.012987012987012988	6	0.014354066985645933	0	0.0	-0.0013670539986329455	0.012987012987012988	1	0.012987012987012988	6	0.014354066985645933	0	0.0	-0.0013670539986329455	0.012987012987012988
NCL	histone_chaperone	1	0.012987012987012988	1	0.0023923444976076554	1	0.006535947712418301	0.010594668489405332	0.006451065274594687	1	0.012987012987012988	1	0.0023923444976076554	1	0.006535947712418301	0.010594668489405332	0.006451065274594687
NEK6	histone_write	1	0.012987012987012988	3	0.007177033492822967	0	0.0	0.005809979494190021	0.012987012987012988	1	0.012987012987012988	3	0.007177033492822967	0	0.0	0.005809979494190021	0.012987012987012988
NPM1	histone_chaperone	1	0.012987012987012988	0	0.0	0	0.0	0.012987012987012988	0.012987012987012988	1	0.012987012987012988	0	0.0	0	0.0	0.012987012987012988	0.012987012987012988
NSUN2	rna_modification	1	0.012987012987012988	7	0.01674641148325359	6	0.0392156862745098	-0.0037593984962406013	-0.026228673287496816	1	0.012987012987012988	6	0.014354066985645933	6	0.0392156862745098	-0.0013670539986329455	-0.026228673287496816
NTMT1	histone_write	1	0.012987012987012988	8	0.019138755980861243	4	0.026143790849673203	-0.006151742993848255	-0.013156777862660216	1	0.012987012987012988	8	0.019138755980861243	4	0.026143790849673203	-0.006151742993848255	-0.013156777862660216
NUP98	rna_modification	1	0.012987012987012988	26	0.06220095693779904	9	0.058823529411764705	-0.04921394395078606	-0.045836516424751714	1	0.012987012987012988	24	0.05741626794258373	8	0.05228758169934641	-0.04442925495557075	-0.03930056871233342
PADI1	histone_other	1	0.012987012987012988	3	0.007177033492822967	1	0.006535947712418301	0.005809979494190021	0.006451065274594687	1	0.012987012987012988	3	0.007177033492822967	1	0.006535947712418301	0.005809979494190021	0.006451065274594687
PAGR1	histone_write	1	0.012987012987012988	4	0.009569377990430622	1	0.006535947712418301	0.0034176349965823662	0.006451065274594687	1	0.012987012987012988	4	0.009569377990430622	1	0.006535947712418301	0.0034176349965823662	0.006451065274594687
PBRM1	histone_read	1	0.012987012987012988	8	0.019138755980861243	3	0.0196078431372549	-0.006151742993848255	-0.006620830150241914	1	0.012987012987012988	8	0.019138755980861243	3	0.0196078431372549	-0.006151742993848255	-0.006620830150241914
PCGF3	polycomb	1	0.012987012987012988	2	0.004784688995215311	0	0.0	0.008202323991797676	0.012987012987012988	1	0.012987012987012988	2	0.004784688995215311	0	0.0	0.008202323991797676	0.012987012987012988
PCGF6	polycomb	1	0.012987012987012988	2	0.004784688995215311	0	0.0	0.008202323991797676	0.012987012987012988	1	0.012987012987012988	2	0.004784688995215311	0	0.0	0.008202323991797676	0.012987012987012988
PDP1	histone_read	1	0.012987012987012988	0	0.0	0	0.0	0.012987012987012988	0.012987012987012988	1	0.012987012987012988	0	0.0	0	0.0	0.012987012987012988	0.012987012987012988
PELP1	histone_write	1	0.012987012987012988	6	0.014354066985645933	0	0.0	-0.0013670539986329455	0.012987012987012988	1	0.012987012987012988	4	0.009569377990430622	0	0.0	0.0034176349965823662	0.012987012987012988
PHC3	polycomb	1	0.012987012987012988	6	0.014354066985645933	1	0.006535947712418301	-0.0013670539986329455	0.006451065274594687	1	0.012987012987012988	6	0.014354066985645933	1	0.006535947712418301	-0.0013670539986329455	0.006451065274594687
PHF1	polycomb	1	0.012987012987012988	0	0.0	2	0.013071895424836602	0.012987012987012988	-8.488243782361383e-05	1	0.012987012987012988	0	0.0	2	0.013071895424836602	0.012987012987012988	-8.488243782361383e-05
POLE3	histone_chaperone	1	0.012987012987012988	2	0.004784688995215311	1	0.006535947712418301	0.008202323991797676	0.006451065274594687	1	0.012987012987012988	2	0.004784688995215311	1	0.006535947712418301	0.008202323991797676	0.006451065274594687
PPM1G	chromatin_remodeling	1	0.012987012987012988	2	0.004784688995215311	1	0.006535947712418301	0.008202323991797676	0.006451065274594687	1	0.012987012987012988	2	0.004784688995215311	1	0.006535947712418301	0.008202323991797676	0.006451065274594687
PRDM12	histone_write	1	0.012987012987012988	3	0.007177033492822967	0	0.0	0.005809979494190021	0.012987012987012988	1	0.012987012987012988	3	0.007177033492822967	0	0.0	0.005809979494190021	0.012987012987012988
PRKAB2	histone_write	1	0.012987012987012988	1	0.0023923444976076554	0	0.0	0.010594668489405332	0.012987012987012988	1	0.012987012987012988	1	0.0023923444976076554	0	0.0	0.010594668489405332	0.012987012987012988
PRPF31	histone_write	1	0.012987012987012988	2	0.004784688995215311	0	0.0	0.008202323991797676	0.012987012987012988	1	0.012987012987012988	2	0.004784688995215311	0	0.0	0.008202323991797676	0.012987012987012988
RAD54L2	chromatin_remodeling	1	0.012987012987012988	5	0.011961722488038277	4	0.026143790849673203	0.0010252904989747104	-0.013156777862660216	1	0.012987012987012988	5	0.011961722488038277	4	0.026143790849673203	0.0010252904989747104	-0.013156777862660216
RAG2	histone_read	1	0.012987012987012988	7	0.01674641148325359	4	0.026143790849673203	-0.0037593984962406013	-0.013156777862660216	1	0.012987012987012988	7	0.01674641148325359	4	0.026143790849673203	-0.0037593984962406013	-0.013156777862660216
RBFOX1	rna_modification	1	0.012987012987012988	4	0.009569377990430622	0	0.0	0.0034176349965823662	0.012987012987012988	1	0.012987012987012988	4	0.009569377990430622	0	0.0	0.0034176349965823662	0.012987012987012988
RBM5	rna_modification	1	0.012987012987012988	0	0.0	1	0.006535947712418301	0.012987012987012988	0.006451065274594687	1	0.012987012987012988	0	0.0	1	0.006535947712418301	0.012987012987012988	0.006451065274594687
RPS6KA5	histone_write	1	0.012987012987012988	12	0.028708133971291867	4	0.026143790849673203	-0.01572112098427888	-0.013156777862660216	1	0.012987012987012988	12	0.028708133971291867	4	0.026143790849673203	-0.01572112098427888	-0.013156777862660216
RSRC1	rna_modification	1	0.012987012987012988	2	0.004784688995215311	1	0.006535947712418301	0.008202323991797676	0.006451065274594687	1	0.012987012987012988	2	0.004784688995215311	1	0.006535947712418301	0.008202323991797676	0.006451065274594687
SETD1A	histone_write	1	0.012987012987012988	29	0.06937799043062201	9	0.058823529411764705	-0.05639097744360902	-0.045836516424751714	1	0.012987012987012988	29	0.06937799043062201	9	0.058823529411764705	-0.05639097744360902	-0.045836516424751714
SETD7	histone_write	1	0.012987012987012988	1	0.0023923444976076554	0	0.0	0.010594668489405332	0.012987012987012988	1	0.012987012987012988	1	0.0023923444976076554	0	0.0	0.010594668489405332	0.012987012987012988
SMARCA4	histone_read	1	0.012987012987012988	9	0.0215311004784689	4	0.026143790849673203	-0.008544087491455913	-0.013156777862660216	1	0.012987012987012988	9	0.0215311004784689	4	0.026143790849673203	-0.008544087491455913	-0.013156777862660216
SMARCD2	chromatin_remodeling	1	0.012987012987012988	14	0.03349282296650718	2	0.013071895424836602	-0.02050580997949419	-8.488243782361383e-05	1	0.012987012987012988	14	0.03349282296650718	2	0.013071895424836602	-0.02050580997949419	-8.488243782361383e-05
SMARCE1	chromatin_remodeling	1	0.012987012987012988	0	0.0	0	0.0	0.012987012987012988	0.012987012987012988	1	0.012987012987012988	0	0.0	0	0.0	0.012987012987012988	0.012987012987012988
SNAI2	histone_erase	1	0.012987012987012988	3	0.007177033492822967	4	0.026143790849673203	0.005809979494190021	-0.013156777862660216	1	0.012987012987012988	3	0.007177033492822967	4	0.026143790849673203	0.005809979494190021	-0.013156777862660216
SS18L1	chromatin_remodeling	1	0.012987012987012988	3	0.007177033492822967	2	0.013071895424836602	0.005809979494190021	-8.488243782361383e-05	1	0.012987012987012988	3	0.007177033492822967	2	0.013071895424836602	0.005809979494190021	-8.488243782361383e-05
SUPT7L	histone_chaperone	1	0.012987012987012988	4	0.009569377990430622	1	0.006535947712418301	0.0034176349965823662	0.006451065274594687	1	0.012987012987012988	4	0.009569377990430622	1	0.006535947712418301	0.0034176349965823662	0.006451065274594687
TADA3	histone_write	1	0.012987012987012988	1	0.0023923444976076554	1	0.006535947712418301	0.010594668489405332	0.006451065274594687	1	0.012987012987012988	1	0.0023923444976076554	1	0.006535947712418301	0.010594668489405332	0.006451065274594687
TAF5L	histone_write	1	0.012987012987012988	5	0.011961722488038277	0	0.0	0.0010252904989747104	0.012987012987012988	1	0.012987012987012988	5	0.011961722488038277	0	0.0	0.0010252904989747104	0.012987012987012988
TAF6L	histone_chaperone	1	0.012987012987012988	7	0.01674641148325359	2	0.013071895424836602	-0.0037593984962406013	-8.488243782361383e-05	1	0.012987012987012988	7	0.01674641148325359	2	0.013071895424836602	-0.0037593984962406013	-8.488243782361383e-05
TAF9	histone_chaperone	1	0.012987012987012988	2	0.004784688995215311	0	0.0	0.008202323991797676	0.012987012987012988	1	0.012987012987012988	2	0.004784688995215311	0	0.0	0.008202323991797676	0.012987012987012988
TBL1XR1	other	1	0.012987012987012988	1	0.0023923444976076554	0	0.0	0.010594668489405332	0.012987012987012988	1	0.012987012987012988	1	0.0023923444976076554	0	0.0	0.010594668489405332	0.012987012987012988
TDRKH	rna_modification	1	0.012987012987012988	4	0.009569377990430622	6	0.0392156862745098	0.0034176349965823662	-0.026228673287496816	1	0.012987012987012988	4	0.009569377990430622	6	0.0392156862745098	0.0034176349965823662	-0.026228673287496816
TET3	dna_modification	1	0.012987012987012988	8	0.019138755980861243	4	0.026143790849673203	-0.006151742993848255	-0.013156777862660216	1	0.012987012987012988	7	0.01674641148325359	4	0.026143790849673203	-0.0037593984962406013	-0.013156777862660216
TRIM24	histone_read	1	0.012987012987012988	15	0.03588516746411483	3	0.0196078431372549	-0.022898154477101845	-0.006620830150241914	1	0.012987012987012988	15	0.03588516746411483	3	0.0196078431372549	-0.022898154477101845	-0.006620830150241914
U2AF2	rna_modification	1	0.012987012987012988	0	0.0	0	0.0	0.012987012987012988	0.012987012987012988	1	0.012987012987012988	0	0.0	0	0.0	0.012987012987012988	0.012987012987012988
UHRF1	histone_write	1	0.012987012987012988	14	0.03349282296650718	3	0.0196078431372549	-0.02050580997949419	-0.006620830150241914	1	0.012987012987012988	14	0.03349282296650718	3	0.0196078431372549	-0.02050580997949419	-0.006620830150241914
USP11	histone_erase	1	0.012987012987012988	0	0.0	0	0.0	0.012987012987012988	0.012987012987012988	1	0.012987012987012988	0	0.0	0	0.0	0.012987012987012988	0.012987012987012988
USP16	histone_erase	1	0.012987012987012988	6	0.014354066985645933	6	0.0392156862745098	-0.0013670539986329455	-0.026228673287496816	1	0.012987012987012988	6	0.014354066985645933	6	0.0392156862745098	-0.0013670539986329455	-0.026228673287496816
WDR5	histone_read	1	0.012987012987012988	3	0.007177033492822967	0	0.0	0.005809979494190021	0.012987012987012988	1	0.012987012987012988	2	0.004784688995215311	0	0.0	0.008202323991797676	0.012987012987012988
WDR82	histone_write	1	0.012987012987012988	1	0.0023923444976076554	1	0.006535947712418301	0.010594668489405332	0.006451065274594687	1	0.012987012987012988	1	0.0023923444976076554	1	0.006535947712418301	0.010594668489405332	0.006451065274594687
WSB2	histone_write	1	0.012987012987012988	1	0.0023923444976076554	0	0.0	0.010594668489405332	0.012987012987012988	1	0.012987012987012988	1	0.0023923444976076554	0	0.0	0.010594668489405332	0.012987012987012988
ZC3H13	rna_modification	1	0.012987012987012988	4	0.009569377990430622	6	0.0392156862745098	0.0034176349965823662	-0.026228673287496816	1	0.012987012987012988	4	0.009569377990430622	6	0.0392156862745098	0.0034176349965823662	-0.026228673287496816
ZMYM2	histone_erase	1	0.012987012987012988	5	0.011961722488038277	2	0.013071895424836602	0.0010252904989747104	-8.488243782361383e-05	1	0.012987012987012988	5	0.011961722488038277	2	0.013071895424836602	0.0010252904989747104	-8.488243782361383e-05
ZNF687	histone_erase	1	0.012987012987012988	3	0.007177033492822967	1	0.006535947712418301	0.005809979494190021	0.006451065274594687	1	0.012987012987012988	3	0.007177033492822967	1	0.006535947712418301	0.005809979494190021	0.006451065274594687
ACTB	chromatin_remodeling	0	0.0	0	0.0	1	0.006535947712418301	0.0	-0.006535947712418301	0	0.0	0	0.0	1	0.006535947712418301	0.0	-0.006535947712418301
ACTL6A	chromatin_remodeling	0	0.0	1	0.0023923444976076554	0	0.0	-0.0023923444976076554	0.0	0	0.0	1	0.0023923444976076554	0	0.0	-0.0023923444976076554	0.0
ACTR3B	chromatin_remodeling	0	0.0	4	0.009569377990430622	2	0.013071895424836602	-0.009569377990430622	-0.013071895424836602	0	0.0	4	0.009569377990430622	2	0.013071895424836602	-0.009569377990430622	-0.013071895424836602
ACTR8	histone_read	0	0.0	3	0.007177033492822967	2	0.013071895424836602	-0.007177033492822967	-0.013071895424836602	0	0.0	3	0.007177033492822967	2	0.013071895424836602	-0.007177033492822967	-0.013071895424836602
AICDA	dna_modification	0	0.0	1	0.0023923444976076554	0	0.0	-0.0023923444976076554	0.0	0	0.0	1	0.0023923444976076554	0	0.0	-0.0023923444976076554	0.0
ALKBH5	rna_modification	0	0.0	1	0.0023923444976076554	2	0.013071895424836602	-0.0023923444976076554	-0.013071895424836602	0	0.0	1	0.0023923444976076554	2	0.013071895424836602	-0.0023923444976076554	-0.013071895424836602
APOBEC3A	dna_modification	0	0.0	6	0.014354066985645933	1	0.006535947712418301	-0.014354066985645933	-0.006535947712418301	0	0.0	6	0.014354066985645933	1	0.006535947712418301	-0.014354066985645933	-0.006535947712418301
ARID1B	histone_write	0	0.0	7	0.01674641148325359	5	0.032679738562091505	-0.01674641148325359	-0.032679738562091505	0	0.0	7	0.01674641148325359	5	0.032679738562091505	-0.01674641148325359	-0.032679738562091505
ASF1A	histone_chaperone	0	0.0	1	0.0023923444976076554	0	0.0	-0.0023923444976076554	0.0	0	0.0	1	0.0023923444976076554	0	0.0	-0.0023923444976076554	0.0
ASXL2	histone_read	0	0.0	11	0.02631578947368421	1	0.006535947712418301	-0.02631578947368421	-0.006535947712418301	0	0.0	7	0.01674641148325359	1	0.006535947712418301	-0.01674641148325359	-0.006535947712418301
ATF2	histone_write	0	0.0	3	0.007177033492822967	0	0.0	-0.007177033492822967	0.0	0	0.0	3	0.007177033492822967	0	0.0	-0.007177033492822967	0.0
ATXN7L3	histone_erase	0	0.0	1	0.0023923444976076554	0	0.0	-0.0023923444976076554	0.0	0	0.0	1	0.0023923444976076554	0	0.0	-0.0023923444976076554	0.0
BABAM1	histone_erase	0	0.0	1	0.0023923444976076554	2	0.013071895424836602	-0.0023923444976076554	-0.013071895424836602	0	0.0	1	0.0023923444976076554	2	0.013071895424836602	-0.0023923444976076554	-0.013071895424836602
BAZ1A	histone_chaperone	0	0.0	8	0.019138755980861243	1	0.006535947712418301	-0.019138755980861243	-0.006535947712418301	0	0.0	5	0.011961722488038277	1	0.006535947712418301	-0.011961722488038277	-0.006535947712418301
BCOR	polycomb	0	0.0	9	0.0215311004784689	2	0.013071895424836602	-0.0215311004784689	-0.013071895424836602	0	0.0	9	0.0215311004784689	2	0.013071895424836602	-0.0215311004784689	-0.013071895424836602
BCORL1	histone_erase	0	0.0	9	0.0215311004784689	4	0.026143790849673203	-0.0215311004784689	-0.026143790849673203	0	0.0	9	0.0215311004784689	4	0.026143790849673203	-0.0215311004784689	-0.026143790849673203
BMI1	polycomb	0	0.0	1	0.0023923444976076554	0	0.0	-0.0023923444976076554	0.0	0	0.0	1	0.0023923444976076554	0	0.0	-0.0023923444976076554	0.0
BRD7	histone_read	0	0.0	3	0.007177033492822967	1	0.006535947712418301	-0.007177033492822967	-0.006535947712418301	0	0.0	3	0.007177033492822967	1	0.006535947712418301	-0.007177033492822967	-0.006535947712418301
BUB1	histone_write	0	0.0	5	0.011961722488038277	0	0.0	-0.011961722488038277	0.0	0	0.0	5	0.011961722488038277	0	0.0	-0.011961722488038277	0.0
C17ORF49	histone_read	0	0.0	2	0.004784688995215311	0	0.0	-0.004784688995215311	0.0	0	0.0	2	0.004784688995215311	0	0.0	-0.004784688995215311	0.0
CARM1	histone_write	0	0.0	3	0.007177033492822967	1	0.006535947712418301	-0.007177033492822967	-0.006535947712418301	0	0.0	3	0.007177033492822967	1	0.006535947712418301	-0.007177033492822967	-0.006535947712418301
CBLL1	rna_modification	0	0.0	4	0.009569377990430622	1	0.006535947712418301	-0.009569377990430622	-0.006535947712418301	0	0.0	4	0.009569377990430622	1	0.006535947712418301	-0.009569377990430622	-0.006535947712418301
CBX7	histone_read	0	0.0	1	0.0023923444976076554	0	0.0	-0.0023923444976076554	0.0	0	0.0	1	0.0023923444976076554	0	0.0	-0.0023923444976076554	0.0
CDK1	histone_write	0	0.0	1	0.0023923444976076554	0	0.0	-0.0023923444976076554	0.0	0	0.0	1	0.0023923444976076554	0	0.0	-0.0023923444976076554	0.0
CDK5	histone_write	0	0.0	1	0.0023923444976076554	1	0.006535947712418301	-0.0023923444976076554	-0.006535947712418301	0	0.0	1	0.0023923444976076554	1	0.006535947712418301	-0.0023923444976076554	-0.006535947712418301
CELF1	rna_modification	0	0.0	1	0.0023923444976076554	1	0.006535947712418301	-0.0023923444976076554	-0.006535947712418301	0	0.0	1	0.0023923444976076554	1	0.006535947712418301	-0.0023923444976076554	-0.006535947712418301
CELF3	rna_modification	0	0.0	4	0.009569377990430622	0	0.0	-0.009569377990430622	0.0	0	0.0	4	0.009569377990430622	0	0.0	-0.009569377990430622	0.0
CELF4	rna_modification	0	0.0	6	0.014354066985645933	2	0.013071895424836602	-0.014354066985645933	-0.013071895424836602	0	0.0	6	0.014354066985645933	2	0.013071895424836602	-0.014354066985645933	-0.013071895424836602
CELF5	rna_modification	0	0.0	0	0.0	1	0.006535947712418301	0.0	-0.006535947712418301	0	0.0	0	0.0	1	0.006535947712418301	0.0	-0.006535947712418301
CELF6	rna_modification	0	0.0	5	0.011961722488038277	1	0.006535947712418301	-0.011961722488038277	-0.006535947712418301	0	0.0	5	0.011961722488038277	1	0.006535947712418301	-0.011961722488038277	-0.006535947712418301
CHD1	chromatin_remodeling	0	0.0	10	0.023923444976076555	2	0.013071895424836602	-0.023923444976076555	-0.013071895424836602	0	0.0	10	0.023923444976076555	2	0.013071895424836602	-0.023923444976076555	-0.013071895424836602
CHTOP	other	0	0.0	2	0.004784688995215311	0	0.0	-0.004784688995215311	0.0	0	0.0	2	0.004784688995215311	0	0.0	-0.004784688995215311	0.0
CSNK2A1	histone_other	0	0.0	2	0.004784688995215311	0	0.0	-0.004784688995215311	0.0	0	0.0	2	0.004784688995215311	0	0.0	-0.004784688995215311	0.0
CTBP1	chromatin_remodeling	0	0.0	1	0.0023923444976076554	0	0.0	-0.0023923444976076554	0.0	0	0.0	1	0.0023923444976076554	0	0.0	-0.0023923444976076554	0.0
CUL1	chromatin_remodeling	0	0.0	0	0.0	1	0.006535947712418301	0.0	-0.006535947712418301	0	0.0	0	0.0	1	0.006535947712418301	0.0	-0.006535947712418301
CUL4A	histone_write	0	0.0	1	0.0023923444976076554	0	0.0	-0.0023923444976076554	0.0	0	0.0	1	0.0023923444976076554	0	0.0	-0.0023923444976076554	0.0
DAXX	other	0	0.0	3	0.007177033492822967	1	0.006535947712418301	-0.007177033492822967	-0.006535947712418301	0	0.0	3	0.007177033492822967	1	0.006535947712418301	-0.007177033492822967	-0.006535947712418301
DDB2	histone_write	0	0.0	5	0.011961722488038277	1	0.006535947712418301	-0.011961722488038277	-0.006535947712418301	0	0.0	5	0.011961722488038277	1	0.006535947712418301	-0.011961722488038277	-0.006535947712418301
DDX17	rna_modification	0	0.0	6	0.014354066985645933	0	0.0	-0.014354066985645933	0.0	0	0.0	6	0.014354066985645933	0	0.0	-0.014354066985645933	0.0
DDX21	rna_modification	0	0.0	5	0.011961722488038277	1	0.006535947712418301	-0.011961722488038277	-0.006535947712418301	0	0.0	5	0.011961722488038277	1	0.006535947712418301	-0.011961722488038277	-0.006535947712418301
DDX5	rna_modification	0	0.0	6	0.014354066985645933	3	0.0196078431372549	-0.014354066985645933	-0.0196078431372549	0	0.0	6	0.014354066985645933	3	0.0196078431372549	-0.014354066985645933	-0.0196078431372549
DHX9	rna_modification	0	0.0	6	0.014354066985645933	7	0.0457516339869281	-0.014354066985645933	-0.0457516339869281	0	0.0	6	0.014354066985645933	7	0.0457516339869281	-0.014354066985645933	-0.0457516339869281
DNAJC1	histone_erase	0	0.0	6	0.014354066985645933	1	0.006535947712418301	-0.014354066985645933	-0.006535947712418301	0	0.0	6	0.014354066985645933	1	0.006535947712418301	-0.014354066985645933	-0.006535947712418301
DNAJC2	histone_read	0	0.0	3	0.007177033492822967	0	0.0	-0.007177033492822967	0.0	0	0.0	3	0.007177033492822967	0	0.0	-0.007177033492822967	0.0
DNMT3A	dna_modification	0	0.0	2	0.004784688995215311	1	0.006535947712418301	-0.004784688995215311	-0.006535947712418301	0	0.0	2	0.004784688995215311	1	0.006535947712418301	-0.004784688995215311	-0.006535947712418301
DPF2	chromatin_remodeling	0	0.0	4	0.009569377990430622	4	0.026143790849673203	-0.009569377990430622	-0.026143790849673203	0	0.0	4	0.009569377990430622	4	0.026143790849673203	-0.009569377990430622	-0.026143790849673203
DR1	histone_chaperone	0	0.0	2	0.004784688995215311	0	0.0	-0.004784688995215311	0.0	0	0.0	2	0.004784688995215311	0	0.0	-0.004784688995215311	0.0
DZIP3	histone_write	0	0.0	3	0.007177033492822967	1	0.006535947712418301	-0.007177033492822967	-0.006535947712418301	0	0.0	3	0.007177033492822967	1	0.006535947712418301	-0.007177033492822967	-0.006535947712418301
EED	polycomb	0	0.0	1	0.0023923444976076554	0	0.0	-0.0023923444976076554	0.0	0	0.0	1	0.0023923444976076554	0	0.0	-0.0023923444976076554	0.0
EHMT2	histone_write	0	0.0	2	0.004784688995215311	0	0.0	-0.004784688995215311	0.0	0	0.0	2	0.004784688995215311	0	0.0	-0.004784688995215311	0.0
EID1	histone_write	0	0.0	0	0.0	1	0.006535947712418301	0.0	-0.006535947712418301	0	0.0	0	0.0	1	0.006535947712418301	0.0	-0.006535947712418301
EIF4A3	rna_modification	0	0.0	1	0.0023923444976076554	1	0.006535947712418301	-0.0023923444976076554	-0.006535947712418301	0	0.0	1	0.0023923444976076554	1	0.006535947712418301	-0.0023923444976076554	-0.006535947712418301
ELP3	histone_write	0	0.0	3	0.007177033492822967	1	0.006535947712418301	-0.007177033492822967	-0.006535947712418301	0	0.0	3	0.007177033492822967	1	0.006535947712418301	-0.007177033492822967	-0.006535947712418301
EXOSC3	rna_modification	0	0.0	2	0.004784688995215311	4	0.026143790849673203	-0.004784688995215311	-0.026143790849673203	0	0.0	2	0.004784688995215311	3	0.0196078431372549	-0.004784688995215311	-0.0196078431372549
EXOSC4	rna_modification	0	0.0	2	0.004784688995215311	1	0.006535947712418301	-0.004784688995215311	-0.006535947712418301	0	0.0	2	0.004784688995215311	1	0.006535947712418301	-0.004784688995215311	-0.006535947712418301
EXOSC6	rna_modification	0	0.0	0	0.0	1	0.006535947712418301	0.0	-0.006535947712418301	0	0.0	0	0.0	1	0.006535947712418301	0.0	-0.006535947712418301
EYA1	histone_erase	0	0.0	24	0.05741626794258373	6	0.0392156862745098	-0.05741626794258373	-0.0392156862745098	0	0.0	24	0.05741626794258373	6	0.0392156862745098	-0.05741626794258373	-0.0392156862745098
EYA2	histone_erase	0	0.0	2	0.004784688995215311	1	0.006535947712418301	-0.004784688995215311	-0.006535947712418301	0	0.0	2	0.004784688995215311	1	0.006535947712418301	-0.004784688995215311	-0.006535947712418301
EYA3	histone_erase	0	0.0	4	0.009569377990430622	0	0.0	-0.009569377990430622	0.0	0	0.0	4	0.009569377990430622	0	0.0	-0.009569377990430622	0.0
EZH1	polycomb	0	0.0	5	0.011961722488038277	0	0.0	-0.011961722488038277	0.0	0	0.0	5	0.011961722488038277	0	0.0	-0.011961722488038277	0.0
EZH2	polycomb	0	0.0	1	0.0023923444976076554	1	0.006535947712418301	-0.0023923444976076554	-0.006535947712418301	0	0.0	1	0.0023923444976076554	1	0.006535947712418301	-0.0023923444976076554	-0.006535947712418301
FOXP2	tf	0	0.0	1	0.0023923444976076554	1	0.006535947712418301	-0.0023923444976076554	-0.006535947712418301	0	0.0	1	0.0023923444976076554	1	0.006535947712418301	-0.0023923444976076554	-0.006535947712418301
GATAD1	histone_read	0	0.0	2	0.004784688995215311	0	0.0	-0.004784688995215311	0.0	0	0.0	2	0.004784688995215311	0	0.0	-0.004784688995215311	0.0
GFI1B	histone_other	0	0.0	1	0.0023923444976076554	0	0.0	-0.0023923444976076554	0.0	0	0.0	1	0.0023923444976076554	0	0.0	-0.0023923444976076554	0.0
GLYR1	histone_read	0	0.0	1	0.0023923444976076554	1	0.006535947712418301	-0.0023923444976076554	-0.006535947712418301	0	0.0	1	0.0023923444976076554	1	0.006535947712418301	-0.0023923444976076554	-0.006535947712418301
GTF3C4	histone_write	0	0.0	1	0.0023923444976076554	0	0.0	-0.0023923444976076554	0.0	0	0.0	1	0.0023923444976076554	0	0.0	-0.0023923444976076554	0.0
HDAC1	histone_erase	0	0.0	1	0.0023923444976076554	0	0.0	-0.0023923444976076554	0.0	0	0.0	1	0.0023923444976076554	0	0.0	-0.0023923444976076554	0.0
HDAC11	histone_erase	0	0.0	0	0.0	1	0.006535947712418301	0.0	-0.006535947712418301	0	0.0	0	0.0	1	0.006535947712418301	0.0	-0.006535947712418301
HDAC2	histone_erase	0	0.0	1	0.0023923444976076554	0	0.0	-0.0023923444976076554	0.0	0	0.0	1	0.0023923444976076554	0	0.0	-0.0023923444976076554	0.0
HDAC3	histone_erase	0	0.0	1	0.0023923444976076554	0	0.0	-0.0023923444976076554	0.0	0	0.0	1	0.0023923444976076554	0	0.0	-0.0023923444976076554	0.0
HDAC7	histone_erase	0	0.0	12	0.028708133971291867	3	0.0196078431372549	-0.028708133971291867	-0.0196078431372549	0	0.0	12	0.028708133971291867	3	0.0196078431372549	-0.028708133971291867	-0.0196078431372549
HDAC8	histone_erase	0	0.0	1	0.0023923444976076554	0	0.0	-0.0023923444976076554	0.0	0	0.0	1	0.0023923444976076554	0	0.0	-0.0023923444976076554	0.0
HDGFL2	histone_read	0	0.0	5	0.011961722488038277	2	0.013071895424836602	-0.011961722488038277	-0.013071895424836602	0	0.0	5	0.011961722488038277	2	0.013071895424836602	-0.011961722488038277	-0.013071895424836602
HIRA	histone_read	0	0.0	6	0.014354066985645933	2	0.013071895424836602	-0.014354066985645933	-0.013071895424836602	0	0.0	6	0.014354066985645933	2	0.013071895424836602	-0.014354066985645933	-0.013071895424836602
HMG20B	chromatin_remodeling	0	0.0	1	0.0023923444976076554	0	0.0	-0.0023923444976076554	0.0	0	0.0	1	0.0023923444976076554	0	0.0	-0.0023923444976076554	0.0
HNRNPU	rna_modification	0	0.0	3	0.007177033492822967	2	0.013071895424836602	-0.007177033492822967	-0.013071895424836602	0	0.0	3	0.007177033492822967	2	0.013071895424836602	-0.007177033492822967	-0.013071895424836602
HP1BP3	chromatin_remodeling	0	0.0	3	0.007177033492822967	0	0.0	-0.007177033492822967	0.0	0	0.0	3	0.007177033492822967	0	0.0	-0.007177033492822967	0.0
HSPA1A	histone_write	0	0.0	1	0.0023923444976076554	0	0.0	-0.0023923444976076554	0.0	0	0.0	1	0.0023923444976076554	0	0.0	-0.0023923444976076554	0.0
HSPA1B	histone_write	0	0.0	2	0.004784688995215311	1	0.006535947712418301	-0.004784688995215311	-0.006535947712418301	0	0.0	0	0.0	0	0.0	0.0	0.0
INO80B	chromatin_remodeling	0	0.0	6	0.014354066985645933	1	0.006535947712418301	-0.014354066985645933	-0.006535947712418301	0	0.0	6	0.014354066985645933	1	0.006535947712418301	-0.014354066985645933	-0.006535947712418301
JADE2	histone_write	0	0.0	11	0.02631578947368421	2	0.013071895424836602	-0.02631578947368421	-0.013071895424836602	0	0.0	11	0.02631578947368421	2	0.013071895424836602	-0.02631578947368421	-0.013071895424836602
JADE3	histone_write	0	0.0	2	0.004784688995215311	3	0.0196078431372549	-0.004784688995215311	-0.0196078431372549	0	0.0	2	0.004784688995215311	3	0.0196078431372549	-0.004784688995215311	-0.0196078431372549
JMJD6	histone_erase	0	0.0	1	0.0023923444976076554	0	0.0	-0.0023923444976076554	0.0	0	0.0	1	0.0023923444976076554	0	0.0	-0.0023923444976076554	0.0
KAT2A	histone_write	0	0.0	14	0.03349282296650718	1	0.006535947712418301	-0.03349282296650718	-0.006535947712418301	0	0.0	14	0.03349282296650718	1	0.006535947712418301	-0.03349282296650718	-0.006535947712418301
KAT5	histone_write	0	0.0	3	0.007177033492822967	0	0.0	-0.007177033492822967	0.0	0	0.0	3	0.007177033492822967	0	0.0	-0.007177033492822967	0.0
KAT7	histone_write	0	0.0	0	0.0	1	0.006535947712418301	0.0	-0.006535947712418301	0	0.0	0	0.0	1	0.006535947712418301	0.0	-0.006535947712418301
KAT8	histone_write	0	0.0	3	0.007177033492822967	2	0.013071895424836602	-0.007177033492822967	-0.013071895424836602	0	0.0	3	0.007177033492822967	2	0.013071895424836602	-0.007177033492822967	-0.013071895424836602
KDM1A	histone_erase	0	0.0	4	0.009569377990430622	0	0.0	-0.009569377990430622	0.0	0	0.0	4	0.009569377990430622	0	0.0	-0.009569377990430622	0.0
KDM5B	histone_erase	0	0.0	7	0.01674641148325359	2	0.013071895424836602	-0.01674641148325359	-0.013071895424836602	0	0.0	7	0.01674641148325359	2	0.013071895424836602	-0.01674641148325359	-0.013071895424836602
KDM5C	histone_erase	0	0.0	1	0.0023923444976076554	0	0.0	-0.0023923444976076554	0.0	0	0.0	1	0.0023923444976076554	0	0.0	-0.0023923444976076554	0.0
KHDRBS1	rna_modification	0	0.0	1	0.0023923444976076554	0	0.0	-0.0023923444976076554	0.0	0	0.0	1	0.0023923444976076554	0	0.0	-0.0023923444976076554	0.0
MAGOH	rna_modification	0	0.0	0	0.0	1	0.006535947712418301	0.0	-0.006535947712418301	0	0.0	0	0.0	1	0.006535947712418301	0.0	-0.006535947712418301
MAPKAPK3	chromatin_remodeling	0	0.0	1	0.0023923444976076554	0	0.0	-0.0023923444976076554	0.0	0	0.0	1	0.0023923444976076554	0	0.0	-0.0023923444976076554	0.0
MASTL	histone_write	0	0.0	5	0.011961722488038277	0	0.0	-0.011961722488038277	0.0	0	0.0	5	0.011961722488038277	0	0.0	-0.011961722488038277	0.0
MAZ	chromatin_remodeling	0	0.0	3	0.007177033492822967	2	0.013071895424836602	-0.007177033492822967	-0.013071895424836602	0	0.0	3	0.007177033492822967	2	0.013071895424836602	-0.007177033492822967	-0.013071895424836602
MBD3	histone_erase	0	0.0	1	0.0023923444976076554	0	0.0	-0.0023923444976076554	0.0	0	0.0	1	0.0023923444976076554	0	0.0	-0.0023923444976076554	0.0
MBNL1	rna_modification	0	0.0	2	0.004784688995215311	0	0.0	-0.004784688995215311	0.0	0	0.0	2	0.004784688995215311	0	0.0	-0.004784688995215311	0.0
MEAF6	histone_write	0	0.0	1	0.0023923444976076554	0	0.0	-0.0023923444976076554	0.0	0	0.0	1	0.0023923444976076554	0	0.0	-0.0023923444976076554	0.0
METTL14	rna_modification	0	0.0	3	0.007177033492822967	0	0.0	-0.007177033492822967	0.0	0	0.0	3	0.007177033492822967	0	0.0	-0.007177033492822967	0.0
METTL3	rna_modification	0	0.0	3	0.007177033492822967	1	0.006535947712418301	-0.007177033492822967	-0.006535947712418301	0	0.0	3	0.007177033492822967	1	0.006535947712418301	-0.007177033492822967	-0.006535947712418301
MIS18A	chromatin_remodeling	0	0.0	0	0.0	1	0.006535947712418301	0.0	-0.006535947712418301	0	0.0	0	0.0	1	0.006535947712418301	0.0	-0.006535947712418301
MLLT1	chromatin_remodeling	0	0.0	1	0.0023923444976076554	1	0.006535947712418301	-0.0023923444976076554	-0.006535947712418301	0	0.0	1	0.0023923444976076554	1	0.006535947712418301	-0.0023923444976076554	-0.006535947712418301
MOV10	other	0	0.0	6	0.014354066985645933	1	0.006535947712418301	-0.014354066985645933	-0.006535947712418301	0	0.0	6	0.014354066985645933	1	0.006535947712418301	-0.014354066985645933	-0.006535947712418301
MSL1	histone_write	0	0.0	1	0.0023923444976076554	1	0.006535947712418301	-0.0023923444976076554	-0.006535947712418301	0	0.0	1	0.0023923444976076554	1	0.006535947712418301	-0.0023923444976076554	-0.006535947712418301
MSL2	histone_write	0	0.0	4	0.009569377990430622	0	0.0	-0.009569377990430622	0.0	0	0.0	4	0.009569377990430622	0	0.0	-0.009569377990430622	0.0
MSL3	histone_read	0	0.0	1	0.0023923444976076554	0	0.0	-0.0023923444976076554	0.0	0	0.0	1	0.0023923444976076554	0	0.0	-0.0023923444976076554	0.0
MTA2	histone_erase	0	0.0	1	0.0023923444976076554	0	0.0	-0.0023923444976076554	0.0	0	0.0	1	0.0023923444976076554	0	0.0	-0.0023923444976076554	0.0
MTA3	chromatin_remodeling	0	0.0	18	0.0430622009569378	6	0.0392156862745098	-0.0430622009569378	-0.0392156862745098	0	0.0	18	0.0430622009569378	6	0.0392156862745098	-0.0430622009569378	-0.0392156862745098
NAP1L1	histone_chaperone	0	0.0	0	0.0	1	0.006535947712418301	0.0	-0.006535947712418301	0	0.0	0	0.0	1	0.006535947712418301	0.0	-0.006535947712418301
NAP1L2	histone_other	0	0.0	2	0.004784688995215311	1	0.006535947712418301	-0.004784688995215311	-0.006535947712418301	0	0.0	2	0.004784688995215311	1	0.006535947712418301	-0.004784688995215311	-0.006535947712418301
NCOA1	histone_write	0	0.0	7	0.01674641148325359	2	0.013071895424836602	-0.01674641148325359	-0.013071895424836602	0	0.0	7	0.01674641148325359	2	0.013071895424836602	-0.01674641148325359	-0.013071895424836602
NFYC	histone_other	0	0.0	1	0.0023923444976076554	0	0.0	-0.0023923444976076554	0.0	0	0.0	1	0.0023923444976076554	0	0.0	-0.0023923444976076554	0.0
NPM2	histone_chaperone	0	0.0	1	0.0023923444976076554	0	0.0	-0.0023923444976076554	0.0	0	0.0	1	0.0023923444976076554	0	0.0	-0.0023923444976076554	0.0
OGT	histone_write	0	0.0	1	0.0023923444976076554	0	0.0	-0.0023923444976076554	0.0	0	0.0	1	0.0023923444976076554	0	0.0	-0.0023923444976076554	0.0
PADI2	histone_other	0	0.0	2	0.004784688995215311	1	0.006535947712418301	-0.004784688995215311	-0.006535947712418301	0	0.0	2	0.004784688995215311	1	0.006535947712418301	-0.004784688995215311	-0.006535947712418301
PAK2	histone_write	0	0.0	1	0.0023923444976076554	0	0.0	-0.0023923444976076554	0.0	0	0.0	1	0.0023923444976076554	0	0.0	-0.0023923444976076554	0.0
PARP2	chromatin_remodeling	0	0.0	2	0.004784688995215311	0	0.0	-0.004784688995215311	0.0	0	0.0	2	0.004784688995215311	0	0.0	-0.004784688995215311	0.0
PCGF1	polycomb	0	0.0	0	0.0	2	0.013071895424836602	0.0	-0.013071895424836602	0	0.0	0	0.0	2	0.013071895424836602	0.0	-0.013071895424836602
PCNA	chromatin_remodeling	0	0.0	0	0.0	2	0.013071895424836602	0.0	-0.013071895424836602	0	0.0	0	0.0	0	0.0	0.0	0.0
PHF10	chromatin_remodeling	0	0.0	4	0.009569377990430622	3	0.0196078431372549	-0.009569377990430622	-0.0196078431372549	0	0.0	4	0.009569377990430622	3	0.0196078431372549	-0.009569377990430622	-0.0196078431372549
PHF12	histone_erase	0	0.0	1	0.0023923444976076554	0	0.0	-0.0023923444976076554	0.0	0	0.0	1	0.0023923444976076554	0	0.0	-0.0023923444976076554	0.0
PHF19	chromatin_remodeling	0	0.0	5	0.011961722488038277	2	0.013071895424836602	-0.011961722488038277	-0.013071895424836602	0	0.0	5	0.011961722488038277	2	0.013071895424836602	-0.011961722488038277	-0.013071895424836602
PHF20L1	histone_read	0	0.0	0	0.0	1	0.006535947712418301	0.0	-0.006535947712418301	0	0.0	0	0.0	1	0.006535947712418301	0.0	-0.006535947712418301
PHF8	histone_erase	0	0.0	2	0.004784688995215311	1	0.006535947712418301	-0.004784688995215311	-0.006535947712418301	0	0.0	2	0.004784688995215311	1	0.006535947712418301	-0.004784688995215311	-0.006535947712418301
POGZ	histone_read	0	0.0	6	0.014354066985645933	1	0.006535947712418301	-0.014354066985645933	-0.006535947712418301	0	0.0	6	0.014354066985645933	1	0.006535947712418301	-0.014354066985645933	-0.006535947712418301
PRDM13	histone_write	0	0.0	8	0.019138755980861243	3	0.0196078431372549	-0.019138755980861243	-0.0196078431372549	0	0.0	8	0.019138755980861243	3	0.0196078431372549	-0.019138755980861243	-0.0196078431372549
PRDM4	histone_write	0	0.0	3	0.007177033492822967	2	0.013071895424836602	-0.007177033492822967	-0.013071895424836602	0	0.0	3	0.007177033492822967	2	0.013071895424836602	-0.007177033492822967	-0.013071895424836602
PRDM8	histone_write	0	0.0	4	0.009569377990430622	1	0.006535947712418301	-0.009569377990430622	-0.006535947712418301	0	0.0	4	0.009569377990430622	1	0.006535947712418301	-0.009569377990430622	-0.006535947712418301
PRKAA1	histone_write	0	0.0	8	0.019138755980861243	1	0.006535947712418301	-0.019138755980861243	-0.006535947712418301	0	0.0	8	0.019138755980861243	1	0.006535947712418301	-0.019138755980861243	-0.006535947712418301
PRKAB1	histone_write	0	0.0	0	0.0	1	0.006535947712418301	0.0	-0.006535947712418301	0	0.0	0	0.0	1	0.006535947712418301	0.0	-0.006535947712418301
PRKAG1	histone_write	0	0.0	1	0.0023923444976076554	1	0.006535947712418301	-0.0023923444976076554	-0.006535947712418301	0	0.0	1	0.0023923444976076554	1	0.006535947712418301	-0.0023923444976076554	-0.006535947712418301
PRKCB	histone_write	0	0.0	1	0.0023923444976076554	3	0.0196078431372549	-0.0023923444976076554	-0.0196078431372549	0	0.0	1	0.0023923444976076554	3	0.0196078431372549	-0.0023923444976076554	-0.0196078431372549
PRKCD	histone_other	0	0.0	1	0.0023923444976076554	2	0.013071895424836602	-0.0023923444976076554	-0.013071895424836602	0	0.0	1	0.0023923444976076554	2	0.013071895424836602	-0.0023923444976076554	-0.013071895424836602
PRMT5	histone_write	0	0.0	1	0.0023923444976076554	0	0.0	-0.0023923444976076554	0.0	0	0.0	1	0.0023923444976076554	0	0.0	-0.0023923444976076554	0.0
PRMT8	histone_write	0	0.0	7	0.01674641148325359	1	0.006535947712418301	-0.01674641148325359	-0.006535947712418301	0	0.0	7	0.01674641148325359	1	0.006535947712418301	-0.01674641148325359	-0.006535947712418301
PTBP1	rna_modification	0	0.0	1	0.0023923444976076554	1	0.006535947712418301	-0.0023923444976076554	-0.006535947712418301	0	0.0	1	0.0023923444976076554	1	0.006535947712418301	-0.0023923444976076554	-0.006535947712418301
RAD51	histone_erase	0	0.0	1	0.0023923444976076554	0	0.0	-0.0023923444976076554	0.0	0	0.0	1	0.0023923444976076554	0	0.0	-0.0023923444976076554	0.0
RAD54L	chromatin_remodeling	0	0.0	8	0.019138755980861243	2	0.013071895424836602	-0.019138755980861243	-0.013071895424836602	0	0.0	8	0.019138755980861243	2	0.013071895424836602	-0.019138755980861243	-0.013071895424836602
RB1	chromatin_remodeling	0	0.0	5	0.011961722488038277	1	0.006535947712418301	-0.011961722488038277	-0.006535947712418301	0	0.0	5	0.011961722488038277	1	0.006535947712418301	-0.011961722488038277	-0.006535947712418301
RBBP5	histone_write	0	0.0	2	0.004784688995215311	0	0.0	-0.004784688995215311	0.0	0	0.0	2	0.004784688995215311	0	0.0	-0.004784688995215311	0.0
RBM17	rna_modification	0	0.0	0	0.0	1	0.006535947712418301	0.0	-0.006535947712418301	0	0.0	0	0.0	1	0.006535947712418301	0.0	-0.006535947712418301
RBM25	rna_modification	0	0.0	0	0.0	1	0.006535947712418301	0.0	-0.006535947712418301	0	0.0	0	0.0	1	0.006535947712418301	0.0	-0.006535947712418301
RBM8A	rna_modification	0	0.0	2	0.004784688995215311	1	0.006535947712418301	-0.004784688995215311	-0.006535947712418301	0	0.0	2	0.004784688995215311	1	0.006535947712418301	-0.004784688995215311	-0.006535947712418301
RCC1	chromatin_remodeling	0	0.0	3	0.007177033492822967	0	0.0	-0.007177033492822967	0.0	0	0.0	3	0.007177033492822967	0	0.0	-0.007177033492822967	0.0
RCOR3	histone_erase	0	0.0	4	0.009569377990430622	0	0.0	-0.009569377990430622	0.0	0	0.0	4	0.009569377990430622	0	0.0	-0.009569377990430622	0.0
RLIM	histone_erase	0	0.0	1	0.0023923444976076554	0	0.0	-0.0023923444976076554	0.0	0	0.0	1	0.0023923444976076554	0	0.0	-0.0023923444976076554	0.0
RNF2	histone_write	0	0.0	2	0.004784688995215311	1	0.006535947712418301	-0.004784688995215311	-0.006535947712418301	0	0.0	2	0.004784688995215311	1	0.006535947712418301	-0.004784688995215311	-0.006535947712418301
RNF20	histone_write	0	0.0	2	0.004784688995215311	0	0.0	-0.004784688995215311	0.0	0	0.0	2	0.004784688995215311	0	0.0	-0.004784688995215311	0.0
RNF40	histone_write	0	0.0	7	0.01674641148325359	3	0.0196078431372549	-0.01674641148325359	-0.0196078431372549	0	0.0	7	0.01674641148325359	3	0.0196078431372549	-0.01674641148325359	-0.0196078431372549
RNF8	histone_write	0	0.0	1	0.0023923444976076554	2	0.013071895424836602	-0.0023923444976076554	-0.013071895424836602	0	0.0	1	0.0023923444976076554	2	0.013071895424836602	-0.0023923444976076554	-0.013071895424836602
RPS6KA3	histone_write	0	0.0	1	0.0023923444976076554	0	0.0	-0.0023923444976076554	0.0	0	0.0	0	0.0	0	0.0	0.0	0.0
RRP8	histone_other	0	0.0	14	0.03349282296650718	4	0.026143790849673203	-0.03349282296650718	-0.026143790849673203	0	0.0	2	0.004784688995215311	1	0.006535947712418301	-0.004784688995215311	-0.006535947712418301
RSF1	histone_read	0	0.0	7	0.01674641148325359	2	0.013071895424836602	-0.01674641148325359	-0.013071895424836602	0	0.0	5	0.011961722488038277	2	0.013071895424836602	-0.011961722488038277	-0.013071895424836602
RUVBL2	chromatin_remodeling	0	0.0	4	0.009569377990430622	4	0.026143790849673203	-0.009569377990430622	-0.026143790849673203	0	0.0	4	0.009569377990430622	4	0.026143790849673203	-0.009569377990430622	-0.026143790849673203
SAFB	chromatin_remodeling	0	0.0	0	0.0	1	0.006535947712418301	0.0	-0.006535947712418301	0	0.0	0	0.0	1	0.006535947712418301	0.0	-0.006535947712418301
SAP130	histone_erase	0	0.0	8	0.019138755980861243	5	0.032679738562091505	-0.019138755980861243	-0.032679738562091505	0	0.0	8	0.019138755980861243	5	0.032679738562091505	-0.019138755980861243	-0.032679738562091505
SAP30L	histone_erase	0	0.0	1	0.0023923444976076554	1	0.006535947712418301	-0.0023923444976076554	-0.006535947712418301	0	0.0	1	0.0023923444976076554	1	0.006535947712418301	-0.0023923444976076554	-0.006535947712418301
SATB1	chromatin_remodeling	0	0.0	2	0.004784688995215311	2	0.013071895424836602	-0.004784688995215311	-0.013071895424836602	0	0.0	2	0.004784688995215311	1	0.006535947712418301	-0.004784688995215311	-0.006535947712418301
SENP1	histone_erase	0	0.0	4	0.009569377990430622	0	0.0	-0.009569377990430622	0.0	0	0.0	4	0.009569377990430622	0	0.0	-0.009569377990430622	0.0
SENP3	histone_erase	0	0.0	6	0.014354066985645933	2	0.013071895424836602	-0.014354066985645933	-0.013071895424836602	0	0.0	6	0.014354066985645933	2	0.013071895424836602	-0.014354066985645933	-0.013071895424836602
SETD3	histone_write	0	0.0	8	0.019138755980861243	6	0.0392156862745098	-0.019138755980861243	-0.0392156862745098	0	0.0	8	0.019138755980861243	6	0.0392156862745098	-0.019138755980861243	-0.0392156862745098
SETD6	chromatin_remodeling	0	0.0	4	0.009569377990430622	1	0.006535947712418301	-0.009569377990430622	-0.006535947712418301	0	0.0	4	0.009569377990430622	1	0.006535947712418301	-0.009569377990430622	-0.006535947712418301
SFMBT2	polycomb	0	0.0	7	0.01674641148325359	3	0.0196078431372549	-0.01674641148325359	-0.0196078431372549	0	0.0	7	0.01674641148325359	3	0.0196078431372549	-0.01674641148325359	-0.0196078431372549
SFPQ	chromatin_remodeling	0	0.0	2	0.004784688995215311	3	0.0196078431372549	-0.004784688995215311	-0.0196078431372549	0	0.0	2	0.004784688995215311	3	0.0196078431372549	-0.004784688995215311	-0.0196078431372549
SIN3B	histone_erase	0	0.0	6	0.014354066985645933	7	0.0457516339869281	-0.014354066985645933	-0.0457516339869281	0	0.0	6	0.014354066985645933	7	0.0457516339869281	-0.014354066985645933	-0.0457516339869281
SIRT1	histone_erase	0	0.0	6	0.014354066985645933	2	0.013071895424836602	-0.014354066985645933	-0.013071895424836602	0	0.0	6	0.014354066985645933	2	0.013071895424836602	-0.014354066985645933	-0.013071895424836602
SIRT7	histone_erase	0	0.0	2	0.004784688995215311	1	0.006535947712418301	-0.004784688995215311	-0.006535947712418301	0	0.0	2	0.004784688995215311	1	0.006535947712418301	-0.004784688995215311	-0.006535947712418301
SLU7	rna_modification	0	0.0	0	0.0	1	0.006535947712418301	0.0	-0.006535947712418301	0	0.0	0	0.0	1	0.006535947712418301	0.0	-0.006535947712418301
SMARCA1	chromatin_remodeling	0	0.0	7	0.01674641148325359	0	0.0	-0.01674641148325359	0.0	0	0.0	7	0.01674641148325359	0	0.0	-0.01674641148325359	0.0
SMARCA5	chromatin_remodeling	0	0.0	4	0.009569377990430622	0	0.0	-0.009569377990430622	0.0	0	0.0	4	0.009569377990430622	0	0.0	-0.009569377990430622	0.0
SMARCB1	histone_read	0	0.0	1	0.0023923444976076554	0	0.0	-0.0023923444976076554	0.0	0	0.0	1	0.0023923444976076554	0	0.0	-0.0023923444976076554	0.0
SMARCC1	chromatin_remodeling	0	0.0	5	0.011961722488038277	1	0.006535947712418301	-0.011961722488038277	-0.006535947712418301	0	0.0	5	0.011961722488038277	1	0.006535947712418301	-0.011961722488038277	-0.006535947712418301
SMARCC2	chromatin_remodeling	0	0.0	6	0.014354066985645933	0	0.0	-0.014354066985645933	0.0	0	0.0	6	0.014354066985645933	0	0.0	-0.014354066985645933	0.0
SMARCD1	chromatin_remodeling	0	0.0	5	0.011961722488038277	3	0.0196078431372549	-0.011961722488038277	-0.0196078431372549	0	0.0	5	0.011961722488038277	3	0.0196078431372549	-0.011961722488038277	-0.0196078431372549
SMARCD3	chromatin_remodeling	0	0.0	3	0.007177033492822967	0	0.0	-0.007177033492822967	0.0	0	0.0	3	0.007177033492822967	0	0.0	-0.007177033492822967	0.0
SMYD3	histone_write	0	0.0	3	0.007177033492822967	0	0.0	-0.007177033492822967	0.0	0	0.0	3	0.007177033492822967	0	0.0	-0.007177033492822967	0.0
SPOP	histone_write	0	0.0	0	0.0	1	0.006535947712418301	0.0	-0.006535947712418301	0	0.0	0	0.0	1	0.006535947712418301	0.0	-0.006535947712418301
SRSF1	rna_modification	0	0.0	1	0.0023923444976076554	1	0.006535947712418301	-0.0023923444976076554	-0.006535947712418301	0	0.0	1	0.0023923444976076554	1	0.006535947712418301	-0.0023923444976076554	-0.006535947712418301
SRSF12	rna_modification	0	0.0	3	0.007177033492822967	3	0.0196078431372549	-0.007177033492822967	-0.0196078431372549	0	0.0	3	0.007177033492822967	3	0.0196078431372549	-0.007177033492822967	-0.0196078431372549
SRSF6	rna_modification	0	0.0	1	0.0023923444976076554	2	0.013071895424836602	-0.0023923444976076554	-0.013071895424836602	0	0.0	1	0.0023923444976076554	2	0.013071895424836602	-0.0023923444976076554	-0.013071895424836602
SSRP1	chromatin_remodeling	0	0.0	6	0.014354066985645933	0	0.0	-0.014354066985645933	0.0	0	0.0	6	0.014354066985645933	0	0.0	-0.014354066985645933	0.0
SUDS3	histone_erase	0	0.0	1	0.0023923444976076554	0	0.0	-0.0023923444976076554	0.0	0	0.0	1	0.0023923444976076554	0	0.0	-0.0023923444976076554	0.0
SUPT16H	histone_read	0	0.0	2	0.004784688995215311	0	0.0	-0.004784688995215311	0.0	0	0.0	1	0.0023923444976076554	0	0.0	-0.0023923444976076554	0.0
SUV39H1	histone_write	0	0.0	3	0.007177033492822967	0	0.0	-0.007177033492822967	0.0	0	0.0	3	0.007177033492822967	0	0.0	-0.007177033492822967	0.0
SUV39H2	histone_write	0	0.0	1	0.0023923444976076554	0	0.0	-0.0023923444976076554	0.0	0	0.0	1	0.0023923444976076554	0	0.0	-0.0023923444976076554	0.0
SUZ12	polycomb	0	0.0	0	0.0	1	0.006535947712418301	0.0	-0.006535947712418301	0	0.0	0	0.0	1	0.006535947712418301	0.0	-0.006535947712418301
SYNCRIP	rna_modification	0	0.0	2	0.004784688995215311	2	0.013071895424836602	-0.004784688995215311	-0.013071895424836602	0	0.0	2	0.004784688995215311	2	0.013071895424836602	-0.004784688995215311	-0.013071895424836602
TADA2A	histone_read	0	0.0	4	0.009569377990430622	0	0.0	-0.009569377990430622	0.0	0	0.0	2	0.004784688995215311	0	0.0	-0.004784688995215311	0.0
TADA2B	histone_write	0	0.0	1	0.0023923444976076554	1	0.006535947712418301	-0.0023923444976076554	-0.006535947712418301	0	0.0	1	0.0023923444976076554	1	0.006535947712418301	-0.0023923444976076554	-0.006535947712418301
TAF10	histone_chaperone	0	0.0	2	0.004784688995215311	1	0.006535947712418301	-0.004784688995215311	-0.006535947712418301	0	0.0	2	0.004784688995215311	1	0.006535947712418301	-0.004784688995215311	-0.006535947712418301
TAF7	histone_write	0	0.0	2	0.004784688995215311	1	0.006535947712418301	-0.004784688995215311	-0.006535947712418301	0	0.0	2	0.004784688995215311	1	0.006535947712418301	-0.004784688995215311	-0.006535947712418301
TAF8	histone_chaperone	0	0.0	3	0.007177033492822967	1	0.006535947712418301	-0.007177033492822967	-0.006535947712418301	0	0.0	3	0.007177033492822967	1	0.006535947712418301	-0.007177033492822967	-0.006535947712418301
TDRD3	histone_read	0	0.0	16	0.03827751196172249	3	0.0196078431372549	-0.03827751196172249	-0.0196078431372549	0	0.0	16	0.03827751196172249	3	0.0196078431372549	-0.03827751196172249	-0.0196078431372549
TFPT	dna_modification	0	0.0	1	0.0023923444976076554	0	0.0	-0.0023923444976076554	0.0	0	0.0	1	0.0023923444976076554	0	0.0	-0.0023923444976076554	0.0
TLK1	histone_write	0	0.0	1	0.0023923444976076554	1	0.006535947712418301	-0.0023923444976076554	-0.006535947712418301	0	0.0	1	0.0023923444976076554	1	0.006535947712418301	-0.0023923444976076554	-0.006535947712418301
TLK2	histone_write	0	0.0	1	0.0023923444976076554	0	0.0	-0.0023923444976076554	0.0	0	0.0	1	0.0023923444976076554	0	0.0	-0.0023923444976076554	0.0
TRIM27	histone_erase	0	0.0	1	0.0023923444976076554	0	0.0	-0.0023923444976076554	0.0	0	0.0	1	0.0023923444976076554	0	0.0	-0.0023923444976076554	0.0
TRIM28	histone_read	0	0.0	4	0.009569377990430622	0	0.0	-0.009569377990430622	0.0	0	0.0	4	0.009569377990430622	0	0.0	-0.009569377990430622	0.0
TTK	histone_write	0	0.0	2	0.004784688995215311	1	0.006535947712418301	-0.004784688995215311	-0.006535947712418301	0	0.0	2	0.004784688995215311	1	0.006535947712418301	-0.004784688995215311	-0.006535947712418301
UBE2B	histone_write	0	0.0	1	0.0023923444976076554	0	0.0	-0.0023923444976076554	0.0	0	0.0	1	0.0023923444976076554	0	0.0	-0.0023923444976076554	0.0
UBE2T	histone_write	0	0.0	4	0.009569377990430622	2	0.013071895424836602	-0.009569377990430622	-0.013071895424836602	0	0.0	4	0.009569377990430622	2	0.013071895424836602	-0.009569377990430622	-0.013071895424836602
UHRF2	histone_read	0	0.0	7	0.01674641148325359	2	0.013071895424836602	-0.01674641148325359	-0.013071895424836602	0	0.0	7	0.01674641148325359	2	0.013071895424836602	-0.01674641148325359	-0.013071895424836602
USP15	histone_erase	0	0.0	5	0.011961722488038277	1	0.006535947712418301	-0.011961722488038277	-0.006535947712418301	0	0.0	5	0.011961722488038277	1	0.006535947712418301	-0.011961722488038277	-0.006535947712418301
USP21	histone_erase	0	0.0	3	0.007177033492822967	1	0.006535947712418301	-0.007177033492822967	-0.006535947712418301	0	0.0	2	0.004784688995215311	1	0.006535947712418301	-0.004784688995215311	-0.006535947712418301
USP22	histone_write	0	0.0	1	0.0023923444976076554	1	0.006535947712418301	-0.0023923444976076554	-0.006535947712418301	0	0.0	1	0.0023923444976076554	1	0.006535947712418301	-0.0023923444976076554	-0.006535947712418301
USP3	histone_write	0	0.0	0	0.0	1	0.006535947712418301	0.0	-0.006535947712418301	0	0.0	0	0.0	1	0.006535947712418301	0.0	-0.006535947712418301
USP46	histone_erase	0	0.0	2	0.004784688995215311	0	0.0	-0.004784688995215311	0.0	0	0.0	2	0.004784688995215311	0	0.0	-0.004784688995215311	0.0
USP7	dna_modification	0	0.0	2	0.004784688995215311	1	0.006535947712418301	-0.004784688995215311	-0.006535947712418301	0	0.0	2	0.004784688995215311	1	0.006535947712418301	-0.004784688995215311	-0.006535947712418301
VPS72	histone_write	0	0.0	1	0.0023923444976076554	0	0.0	-0.0023923444976076554	0.0	0	0.0	1	0.0023923444976076554	0	0.0	-0.0023923444976076554	0.0
VRK1	histone_write	0	0.0	0	0.0	1	0.006535947712418301	0.0	-0.006535947712418301	0	0.0	0	0.0	1	0.006535947712418301	0.0	-0.006535947712418301
WDR77	histone_write	0	0.0	7	0.01674641148325359	2	0.013071895424836602	-0.01674641148325359	-0.013071895424836602	0	0.0	7	0.01674641148325359	2	0.013071895424836602	-0.01674641148325359	-0.013071895424836602
YAF2	chromatin_remodeling	0	0.0	1	0.0023923444976076554	0	0.0	-0.0023923444976076554	0.0	0	0.0	1	0.0023923444976076554	0	0.0	-0.0023923444976076554	0.0
YEATS4	histone_write	0	0.0	1	0.0023923444976076554	0	0.0	-0.0023923444976076554	0.0	0	0.0	1	0.0023923444976076554	0	0.0	-0.0023923444976076554	0.0
YWHAB	histone_erase	0	0.0	2	0.004784688995215311	1	0.006535947712418301	-0.004784688995215311	-0.006535947712418301	0	0.0	2	0.004784688995215311	1	0.006535947712418301	-0.004784688995215311	-0.006535947712418301
YY1	chromatin_remodeling	0	0.0	1	0.0023923444976076554	0	0.0	-0.0023923444976076554	0.0	0	0.0	1	0.0023923444976076554	0	0.0	-0.0023923444976076554	0.0
ZBTB16	histone_erase	0	0.0	3	0.007177033492822967	0	0.0	-0.007177033492822967	0.0	0	0.0	3	0.007177033492822967	0	0.0	-0.007177033492822967	0.0
ZBTB7C	histone_other	0	0.0	8	0.019138755980861243	3	0.0196078431372549	-0.019138755980861243	-0.0196078431372549	0	0.0	8	0.019138755980861243	3	0.0196078431372549	-0.019138755980861243	-0.0196078431372549
ZHX1	chromatin_remodeling	0	0.0	4	0.009569377990430622	1	0.006535947712418301	-0.009569377990430622	-0.006535947712418301	0	0.0	4	0.009569377990430622	1	0.006535947712418301	-0.009569377990430622	-0.006535947712418301
ZNF711	histone_erase	0	0.0	2	0.004784688995215311	0	0.0	-0.004784688995215311	0.0	0	0.0	2	0.004784688995215311	0	0.0	-0.004784688995215311	0.0
ZNHIT1	chromatin_remodeling	0	0.0	3	0.007177033492822967	1	0.006535947712418301	-0.007177033492822967	-0.006535947712418301	0	0.0	3	0.007177033492822967	1	0.006535947712418301	-0.007177033492822967	-0.006535947712418301
