coord_key	chrom	pos	end	svtype	sv_id	cohort_carrier	cohort_rate	abnormal_carrier	abnormal_total	abnormal_rate	normal_carrier	normal_total	normal_rate	control_carrier	control_total	control_rate	p_abnormal_vs_control	p_abnormal_vs_normal	p_normal_vs_control	fdr_abnormal_vs_control	fdr_abnormal_vs_normal	fdr_normal_vs_control	delta_abnormal_vs_normal	delta_abnormal_vs_control	abnormal_specific	enrichment_pattern
chr22:22558121:22558169:DEL	chr22	22558121	22558169	DEL	Sniffles2.DEL.5984M15	189	0.2916666666666667	37	77	0.4805194805194805	137	418	0.3277511961722488	15	153	0.09803921568627451	2.0928294562893764e-10	0.007816580252004069	4.322441868362788e-09	1.1591763792495598e-05	1.0	8.190085858139972e-06	0.15276828434723172	0.382480264833206	0	case_vs_control
chr22:11042769:11042769:INS	chr22	11042769	11042769	INS	Sniffles2.INS.3F98M15	208	0.32098765432098764	39	77	0.5064935064935064	147	418	0.35167464114832536	22	153	0.1437908496732026	9.483006694078944e-09	0.007680675001110388	4.1591940397008644e-07	0.000215066105184504	1.0	0.0001758545339472912	0.15481886534518108	0.36270265682030384	0	case_vs_control
chr22:11823569:38536104:DEL	chr22	11823569	38536104	DEL	Sniffles2.DEL.38BAM15	174	0.26851851851851855	35	77	0.45454545454545453	122	418	0.291866028708134	17	153	0.1111111111111111	1.164870216569495e-08	0.004228239559756144	2.2986803067249074e-06	0.000215066105184504	0.8966513350005915	0.0005921828131575776	0.16267942583732053	0.3434343434343434	0	case_vs_control
chr3:188907518:188907518:INS	chr3	188907518	188907518	INS	Sniffles2.INS.9E13M2	333	0.5138888888888888	51	77	0.6623376623376623	239	418	0.5717703349282297	43	153	0.28104575163398693	3.071952398247195e-08	0.08660420895129252	4.18958026312833e-10	0.0004253732485852891	1.0	1.3650145389067762e-06	0.09056732740943263	0.3812919107036754	0	case_vs_control
chr4:139368025:139368025:INS	chr4	139368025	139368025	INS	0002C_Sniffles2.INS.242S3	290	0.44753086419753085	44	77	0.5714285714285714	214	418	0.5119617224880383	32	153	0.20915032679738563	5.482629977615379e-08	0.20180418656652344	2.6992544834761962e-11	0.0006073438184003212	1.0	2.4917717888463257e-07	0.05946684894053311	0.36227824463118574	0	case_vs_control
chr13:88515302:88515302:INS	chr13	88515302	88515302	INS	0002C_Sniffles2.INS.167SC	329	0.5077160493827161	50	77	0.6493506493506493	236	418	0.5645933014354066	43	153	0.28104575163398693	8.572740688201446e-08	0.10356933598114218	1.07019384067661e-09	0.0007913782687301694	1.0	2.5772128890172203e-06	0.0847573479152427	0.3683048977166624	0	case_vs_control
chr13:111307701:111307701:INS	chr13	111307701	111307701	INS	0003C_Sniffles2.INS.1AASC	325	0.5015432098765432	48	77	0.6233766233766234	237	418	0.5669856459330144	40	153	0.26143790849673204	1.1790778343875155e-07	0.21397206460550885	4.6172263264314806e-11	0.0008163345386381964	1.0	3.1967366471048357e-07	0.05639097744360899	0.3619387148798913	0	case_vs_control
chr5:1848194:1848194:INS	chr5	1848194	1848194	INS	Sniffles2.INS.49CM4	330	0.5092592592592593	48	77	0.6233766233766234	242	418	0.5789473684210527	40	153	0.26143790849673204	1.1790778343875155e-07	0.2749474254691854	8.496638662693749e-12	0.0008163345386381964	1.0	1.1765295556232034e-07	0.04442925495557071	0.3619387148798913	0	case_vs_control
chr19:20876857:20876857:INS	chr19	20876857	20876857	INS	Sniffles2.INS.17E6M12	246	0.37962962962962965	42	77	0.5454545454545454	173	418	0.4138755980861244	31	153	0.20261437908496732	2.0892525750279482e-07	0.02228031821866465	1.3027194471180874e-06	0.0012857724625072	1.0	0.0004103245307333308	0.13157894736842102	0.3428401663695781	0	case_vs_control
chr7:100787975:100787975:INS	chr7	100787975	100787975	INS	Sniffles2.INS.5D68M6	270	0.4166666666666667	46	77	0.5974025974025974	186	418	0.4449760765550239	38	153	0.24836601307189543	2.6780475695284515e-07	0.009669652663898286	1.0864660198673426e-05	0.0014592699622800259	1.0	0.001966574506810862	0.15242652084757347	0.34903658433070195	0	case_vs_control
chr2:1764436:1764436:INS	chr2	1764436	1764436	INS	0002C_Sniffles2.INS.5DS1	246	0.37962962962962965	37	77	0.4805194805194805	185	418	0.44258373205741625	24	153	0.1568627450980392	2.898095180378473e-07	0.31123423852976456	5.42289341656832e-11	0.0014592699622800259	1.0	3.3373691172987346e-07	0.03793574846206427	0.3236567354214413	0	case_vs_control
chr11:69113752:69113791:DEL	chr11	69113752	69113791	DEL	Sniffles2.DEL.40BEMA	334	0.5154320987654321	49	77	0.6363636363636364	241	418	0.5765550239234449	44	153	0.2875816993464052	3.91574807743919e-07	0.1972063351233999	5.560189571037224e-10	0.0017501609364575432	1.0	1.6208830524242622e-06	0.05980861244019142	0.34878193701723115	0	case_vs_control
chr8:99815130:99815130:INS	chr8	99815130	99815130	INS	0011C_Sniffles2.INS.170S7	168	0.25925925925925924	29	77	0.37662337662337664	125	418	0.29904306220095694	14	153	0.0915032679738562	4.1901278964963557e-07	0.1126284001419446	4.413840888024864e-08	0.0017501609364575432	1.0	3.4891016614553776e-05	0.0775803144224197	0.2851201086495204	0	case_vs_control
chr10:132927361:132927361:INS	chr10	132927361	132927361	INS	Sniffles2.INS.7C07M9	332	0.5123456790123457	51	77	0.6623376623376623	233	418	0.5574162679425837	48	153	0.3137254901960784	4.538591275285566e-07	0.055469163919906604	1.607810995908648e-07	0.0017501609364575432	1.0	9.087085249121246e-05	0.10492139439507864	0.3486121721415839	0	case_vs_control
chr14:98168984:98168984:INS	chr14	98168984	98168984	INS	Sniffles2.INS.633BMD	264	0.4074074074074074	43	77	0.5584415584415584	187	418	0.4473684210526316	34	153	0.2222222222222222	4.7397295527665105e-07	0.047442507906257	4.400701259683185e-07	0.0017501609364575432	1.0	0.0001836545330308265	0.11107313738892682	0.3362193362193362	0	case_vs_control
chr20:33057480:33057480:INS	chr20	33057480	33057480	INS	0006C_Sniffles2.INS.C1S13	249	0.38425925925925924	41	77	0.5324675324675324	177	418	0.423444976076555	31	153	0.20261437908496732	5.345006961395165e-07	0.05025988840220207	4.824166004982805e-07	0.0018398139106416461	1.0	0.00019475330671260045	0.10902255639097741	0.3298531533825651	0	case_vs_control
chr2:242001606:242001606:INS	chr2	242001606	242001606	INS	Sniffles2.INS.C650M1	222	0.3425925925925926	39	77	0.5064935064935064	155	418	0.3708133971291866	28	153	0.1830065359477124	5.646861500850001e-07	0.017931507015600277	8.925599652471943e-06	0.0018398139106416461	1.0	0.0016988698060175806	0.13568010936431985	0.323486970545794	0	case_vs_control
chr9:34875935:34875951:DEL	chr9	34875935	34875951	DEL	0008C_Sniffles2.DEL.458S8	272	0.41975308641975306	42	77	0.5454545454545454	197	418	0.47129186602870815	33	153	0.21568627450980393	6.754444729648267e-07	0.14171948325589198	1.2908949561731854e-08	0.0020784176926986566	1.0	1.743904630061473e-05	0.07416267942583726	0.3297682709447415	0	case_vs_control
chr18:72172043:72172043:INS	chr18	72172043	72172043	INS	Sniffles2.INS.48DDM11	174	0.26851851851851855	30	77	0.38961038961038963	128	418	0.3062200956937799	16	153	0.10457516339869281	7.724418663492768e-07	0.09631891135208097	1.7449293491767843e-07	0.0021392005046676874	1.0	9.664814679220373e-05	0.08339029391660974	0.2850352262116968	0	case_vs_control
chr4:172206776:172206808:DEL	chr4	172206776	172206808	DEL	0002C_Sniffles2.DEL.683S3	192	0.2962962962962963	30	77	0.38961038961038963	146	418	0.3492822966507177	16	153	0.10457516339869281	7.724418663492768e-07	0.28926663127900076	9.506506804415661e-10	0.0021392005046676874	1.0	2.5073638042046414e-06	0.040328092959671935	0.2850352262116968	0	case_vs_control
chr7:133177695:133177695:INS	chr7	133177695	133177695	INS	0002C_Sniffles2.INS.252S6	289	0.44598765432098764	42	77	0.5454545454545454	213	418	0.5095693779904307	34	153	0.2222222222222222	1.1813131749862246e-06	0.3249340595002643	2.854033649414156e-10	0.0031157416255303337	1.0	1.0475674442027668e-06	0.03588516746411474	0.3232323232323232	0	case_vs_control
chr9:130169260:130169296:DEL	chr9	130169260	130169296	DEL	Sniffles2.DEL.FCE8M8	186	0.28703703703703703	36	77	0.4675324675324675	125	418	0.29904306220095694	25	153	0.16339869281045752	1.3827755844951277e-06	0.003309362527075795	0.0005820733660372632	0.003481326094273461	0.8883341134862432	0.03858867082257682	0.16848940533151058	0.30413377472201	0	case_vs_control
chr8:141868504:141868544:DEL	chr8	141868504	141868544	DEL	108_Sniffles2.DEL.4B9S7	105	0.16203703703703703	20	77	0.2597402597402597	79	418	0.18899521531100477	6	153	0.0392156862745098	1.8340380518388345e-06	0.10376250952716129	9.56841071581858e-07	0.004416682591967364	1.0	0.00032119705013803604	0.07074504442925494	0.2205245734657499	0	case_vs_control
chr9:10509564:10509564:INS	chr9	10509564	10509564	INS	Sniffles2.INS.78BM8	136	0.20987654320987653	29	77	0.37662337662337664	91	418	0.21770334928229665	16	153	0.10457516339869281	1.9634266894856072e-06	0.002952658666913614	0.0010771460496916995	0.0045312615615512005	0.8883341134862432	0.05930513459276725	0.15892002734108	0.2720482132246838	0	abnormal_vs_control_only
chr2:240110814:240110859:DEL	chr2	240110814	240110859	DEL	Sniffles2.DEL.C337M1	203	0.3132716049382716	32	77	0.4155844155844156	151	418	0.361244019138756	20	153	0.13071895424836602	2.0683236355411173e-06	0.2170770975027758	1.9693038444531548e-08	0.004582412381014056	1.0	2.2676710538854192e-05	0.05434039644565963	0.2848654613360496	0	case_vs_control
chr1:60732708:60732708:INS	chr1	60732708	60732708	INS	0003C_Sniffles2.INS.14DS0	158	0.24382716049382716	27	77	0.35064935064935066	117	418	0.2799043062200957	14	153	0.0915032679738562	2.7904239078173915e-06	0.13203281689008647	4.0728534414353136e-07	0.00594446151562268	1.0	0.00017352862031863012	0.07074504442925494	0.25914608267549444	0	case_vs_control
chr20:16905716:16905716:INS	chr20	16905716	16905716	INS	Sniffles2.INS.D1CM13	340	0.5246913580246914	51	77	0.6623376623376623	237	418	0.5669856459330144	52	153	0.33986928104575165	3.1327049822273307e-06	0.07501522049618578	1.0641181586681857e-06	0.006333278167231166	1.0	0.0003514554219500146	0.09535201640464797	0.3224683812919107	0	case_vs_control
chr20:50366200:50366200:INS	chr20	50366200	50366200	INS	Sniffles2.INS.4188M13	169	0.26080246913580246	30	77	0.38961038961038963	121	418	0.2894736842105263	18	153	0.11764705882352941	3.2445042250546235e-06	0.05449214015169852	7.3655435339622585e-06	0.006333278167231166	1.0	0.0014781258161561653	0.1001367053998633	0.2719633307868602	0	case_vs_control
chr12:55648361:55648361:INS	chr12	55648361	55648361	INS	0006C_Sniffles2.INS.117SB	231	0.35648148148148145	37	77	0.4805194805194805	166	418	0.39712918660287083	28	153	0.1830065359477124	3.3746652178744455e-06	0.1076988845981696	6.381164323892706e-07	0.006333278167231166	1.0	0.0002295064477738761	0.08339029391660968	0.29751294457176813	0	case_vs_control
chr16:14036788:14036839:DEL	chr16	14036788	14036839	DEL	Sniffles2.DEL.DEBMF	272	0.41975308641975306	42	77	0.5454545454545454	194	418	0.46411483253588515	36	153	0.23529411764705882	3.430316043492001e-06	0.11724344555184188	3.6786917443466337e-07	0.006333278167231166	1.0	0.00016565477913485477	0.08133971291866027	0.3101604278074866	0	case_vs_control
chr8:142222064:142222145:DEL	chr8	142222064	142222145	DEL	Sniffles2.DEL.7280M7	201	0.3101851851851852	36	77	0.4675324675324675	138	418	0.33014354066985646	27	153	0.17647058823529413	4.518644007608284e-06	0.015202813260888832	0.00016773366811348477	0.0077204809175961215	1.0	0.015057426919723978	0.13738892686261106	0.2910618792971734	0	case_vs_control
chr19:47718747:47718791:DEL	chr19	47718747	47718791	DEL	Sniffles2.DEL.4170M12	96	0.14814814814814814	23	77	0.2987012987012987	63	418	0.1507177033492823	10	153	0.06535947712418301	4.609495974621367e-06	0.0022413283313615956	0.003587156902548369	0.0077204809175961215	0.8883341134862432	0.1373755654133295	0.14798359535201638	0.2333418215771157	0	abnormal_vs_control_only
chr14:100641244:100641287:DEL	chr14	100641244	100641287	DEL	Sniffles2.DEL.6519MD	289	0.44598765432098764	44	77	0.5714285714285714	205	418	0.4904306220095694	40	153	0.26143790849673204	4.642368305376462e-06	0.11846407467564936	5.110732537870111e-07	0.0077204809175961215	1.0	0.00019613171790310014	0.08099794941900201	0.30999066293183936	0	case_vs_control
chr10:133013609:133013609:INS	chr10	133013609	133013609	INS	Sniffles2.INS.7C4AM9	109	0.16820987654320987	22	77	0.2857142857142857	78	418	0.18660287081339713	9	153	0.058823529411764705	4.950029421780275e-06	0.03631239564135481	4.885092170460331e-05	0.0077204809175961215	1.0	0.006028618877414425	0.09911141490088857	0.22689075630252098	0	case_vs_control
chr5:104598475:104598475:INS	chr5	104598475	104598475	INS	Sniffles2.INS.5C65M4	168	0.25925925925925924	31	77	0.4025974025974026	117	418	0.2799043062200957	20	153	0.13071895424836602	5.0180059405188916e-06	0.023062138639888236	9.456075621779386e-05	0.0077204809175961215	1.0	0.010052842927814139	0.12269309637730691	0.2718784483490366	0	case_vs_control
chr6:33084848:33084890:DEL	chr6	33084848	33084890	DEL	Sniffles2.DEL.1A4FM5	170	0.2623456790123457	31	77	0.4025974025974026	119	418	0.284688995215311	20	153	0.13071895424836602	5.0180059405188916e-06	0.02827805427836667	6.129086952408424e-05	0.0077204809175961215	1.0	0.007207598049256853	0.11790840738209163	0.2718784483490366	0	case_vs_control
chr11:87389585:87389590:DEL	chr11	87389585	87389590	DEL	Sniffles2.DEL.4D97MA	254	0.39197530864197533	39	77	0.5064935064935064	183	418	0.43779904306220097	32	153	0.20915032679738563	5.466974058909642e-06	0.16129247772189304	2.3832294657305408e-07	0.008112884314471916	1.0	0.00012112732577398036	0.06869446343130547	0.2973431796961208	0	case_vs_control
chr3:177135320:177135366:DEL	chr3	177135320	177135366	DEL	Sniffles2.DEL.95FCM2	206	0.31790123456790126	33	77	0.42857142857142855	150	418	0.3588516746411483	23	153	0.1503267973856209	5.706764268710108e-06	0.15015062140179683	4.782128370751253e-07	0.008112884314471916	1.0	0.00019475330671260045	0.06971975393028024	0.27824463118580767	0	case_vs_control
chr6:63228669:63228669:INS	chr6	63228669	63228669	INS	Sniffles2.INS.31C1M5	248	0.38271604938271603	37	77	0.4805194805194805	182	418	0.4354066985645933	29	153	0.1895424836601307	5.89299570109621e-06	0.2711405400842464	2.235495690997257e-08	0.008112884314471916	1.0	2.4278359869207073e-05	0.045112781954887216	0.2909769968593498	0	case_vs_control
chr17:1946689:1946689:INS	chr17	1946689	1946689	INS	0006C_Sniffles2.INS.6CS10	199	0.30709876543209874	35	77	0.45454545454545453	138	418	0.33014354066985646	26	153	0.16993464052287582	5.994852172622554e-06	0.025390720859350575	8.537795802816752e-05	0.008112884314471916	1.0	0.009327247217483516	0.12440191387559807	0.2846108140225787	0	case_vs_control
chr3:6372246:6372246:INS	chr3	6372246	6372246	INS	0002C_Sniffles2.INS.1BS2	84	0.12962962962962962	14	77	0.18181818181818182	68	418	0.16267942583732056	2	153	0.013071895424836602	6.005420973737065e-06	0.3927320941249797	2.9139729846638353e-08	0.008112884314471916	1.0	2.934529739537464e-05	0.01913875598086126	0.1687462863933452	0	case_vs_control
chr21:37732298:37732346:DEL	chr21	37732298	37732346	DEL	Sniffles2.DEL.3B15M15	135	0.20833333333333334	26	77	0.33766233766233766	95	418	0.22727272727272727	14	153	0.0915032679738562	6.927375965558775e-06	0.029419763039782824	9.739995265266513e-05	0.00904307423709875	1.0	0.0101908843251432	0.1103896103896104	0.24615906968848145	0	case_vs_control
chr21:43372817:43372863:DEL	chr21	43372817	43372863	DEL	Sniffles2.DEL.4429M14	182	0.2808641975308642	32	77	0.4155844155844156	128	418	0.3062200956937799	22	153	0.1437908496732026	7.347048831325265e-06	0.04139996809160966	3.95487384613805e-05	0.00904307423709875	1.0	0.005178547342550693	0.10936431989063572	0.271793565911213	0	case_vs_control
chr3:93760895:93760895:INS	chr3	93760895	93760895	INS	0017C_Sniffles2.INS.12AS2	181	0.279320987654321	32	77	0.4155844155844156	127	418	0.3038277511961722	22	153	0.1437908496732026	7.347048831325265e-06	0.03776089378138374	4.92402318093388e-05	0.00904307423709875	1.0	0.0060338892908311	0.11175666438824339	0.271793565911213	0	case_vs_control
chr5:10685224:10685224:INS	chr5	10685224	10685224	INS	Sniffles2.INS.BDDM4	209	0.32253086419753085	32	77	0.4155844155844156	155	418	0.3708133971291866	22	153	0.1437908496732026	7.347048831325265e-06	0.26733131725062165	4.913517902677826e-08	0.00904307423709875	1.0	3.4891016614553776e-05	0.04477101845522902	0.271793565911213	0	case_vs_control
chr16:55449008:55449008:INS	chr16	55449008	55449008	INS	0008C_Sniffles2.INS.122SF	211	0.3256172839506173	29	77	0.37662337662337664	164	418	0.3923444976076555	18	153	0.11764705882352941	7.83272444533393e-06	0.6484926970764497	3.840081241148935e-11	0.009111695845598502	1.0	3.0384917112108174e-07	-0.015721120984278858	0.2589763177998472	0	case_vs_control
chr4:132646168:132646168:INS	chr4	132646168	132646168	INS	0006C_Sniffles2.INS.2C2S3	224	0.345679012345679	36	77	0.4675324675324675	160	418	0.3827751196172249	28	153	0.1830065359477124	7.896320513265114e-06	0.10245024389447677	2.776788033741265e-06	0.009111695845598502	1.0	0.0006745646298809702	0.08475734791524264	0.28452593158475514	0	case_vs_control
chr8:2089228:2089228:INS	chr8	2089228	2089228	INS	Sniffles2.INS.3CAM7	255	0.39351851851851855	36	77	0.4675324675324675	191	418	0.4569377990430622	28	153	0.1830065359477124	7.896320513265114e-06	0.48031996052187437	6.13504386693299e-10	0.009111695845598502	1.0	1.6990390485084221e-06	0.010594668489405323	0.28452593158475514	0	case_vs_control
chr2:108122464:108122491:DEL	chr2	108122464	108122491	DEL	Sniffles2.DEL.6B3BM1	273	0.4212962962962963	45	77	0.5844155844155844	185	418	0.44258373205741625	43	153	0.28104575163398693	8.42146416020353e-06	0.015097448021370115	0.0002907762421332424	0.009519348100109246	1.0	0.023140107039189697	0.14183185235816814	0.30336983278159746	0	case_vs_control
chr15:100556551:100556551:INS	chr15	100556551	100556551	INS	0008C_Sniffles2.INS.1B7SE	164	0.25308641975308643	28	77	0.36363636363636365	119	418	0.284688995215311	17	153	0.1111111111111111	9.634055232254415e-06	0.10540310805160269	4.853566343249996e-06	0.010341168824780781	1.0	0.0010796358739756256	0.07894736842105265	0.25252525252525254	0	case_vs_control
chr8:1561838:1562114:DEL	chr8	1561838	1562114	DEL	0004c_Sniffles2.DEL.4F7S7	110	0.1697530864197531	28	77	0.36363636363636365	65	418	0.15550239234449761	17	153	0.1111111111111111	9.634055232254415e-06	5.0658855702503784e-05	0.11259382779565166	0.010341168824780781	0.4676487832750466	1.0	0.20813397129186603	0.25252525252525254	0	abnormal_vs_control_only
chr7:134933450:134933499:DEL	chr7	134933450	134933499	DEL	Sniffles2.DEL.74B3M6	334	0.5154320987654321	47	77	0.6103896103896104	240	418	0.5741626794258373	47	153	0.30718954248366015	1.001807604258634e-05	0.3219464484149965	1.0257852827432144e-08	0.010341168824780781	1.0	1.4568255189892606e-05	0.03622693096377305	0.3032000679059502	0	case_vs_control
chr6:94096420:94096420:INS	chr6	94096420	94096420	INS	0006C_Sniffles2.INS.1DBS5	258	0.39814814814814814	37	77	0.4805194805194805	191	418	0.4569377990430622	30	153	0.19607843137254902	1.008202348050412e-05	0.3978107791518309	4.436025416050392e-09	0.010341168824780781	1.0	8.190085858139972e-06	0.023581681476418315	0.28444104914693147	0	case_vs_control
chr6:169883605:169883605:INS	chr6	169883605	169883605	INS	0006C_Sniffles2.INS.383S5	250	0.38580246913580246	37	77	0.4805194805194805	183	418	0.43779904306220097	30	153	0.19607843137254902	1.008202348050412e-05	0.28422544414404444	4.2199062643712846e-08	0.010341168824780781	1.0	3.4891016614553776e-05	0.04272043745727955	0.28444104914693147	0	case_vs_control
chr12:81135300:81135300:INS	chr12	81135300	81135300	INS	Sniffles2.INS.46C8MB	269	0.41512345679012347	43	77	0.5584415584415584	186	418	0.4449760765550239	40	153	0.26143790849673204	1.0699476024144524e-05	0.04371626138611576	4.0488506559303235e-05	0.01039688733377749	1.0	0.005253888554685664	0.11346548188653449	0.29700364994482636	0	case_vs_control
chr2:84061808:84061808:INS	chr2	84061808	84061808	INS	Sniffles2.INS.3CC3M1	289	0.44598765432098764	43	77	0.5584415584415584	206	418	0.49282296650717705	40	153	0.26143790849673204	1.0699476024144524e-05	0.17512083013684185	3.96755427976962e-07	0.01039688733377749	1.0	0.00017092388682378958	0.06561859193438135	0.29700364994482636	0	case_vs_control
chr6:122146206:122146206:INS	chr6	122146206	122146206	INS	Sniffles2.INS.58B2M5	293	0.4521604938271605	43	77	0.5584415584415584	210	418	0.5023923444976076	40	153	0.26143790849673204	1.0699476024144524e-05	0.2178142200836524	1.407477979190862e-07	0.01039688733377749	1.0	8.16449995988145e-05	0.05604921394395079	0.29700364994482636	0	case_vs_control
chr8:96477475:96477475:INS	chr8	96477475	96477475	INS	0008C_Sniffles2.INS.17AS7	296	0.4567901234567901	45	77	0.5844155844155844	207	418	0.49521531100478466	44	153	0.2875816993464052	1.3344984550585434e-05	0.09410904640526666	5.630065840201276e-06	0.012739810362025409	1.0	0.0012050723012399787	0.08920027341079972	0.2968338850691792	0	case_vs_control
chr22:49552902:49552902:INS	chr22	49552902	49552902	INS	Sniffles2.INS.7239M15	230	0.3549382716049383	34	77	0.44155844155844154	170	418	0.40669856459330145	26	153	0.16993464052287582	1.38105900430863e-05	0.32674317550632614	3.7537844537008153e-08	0.012739810362025409	1.0	3.353461505186787e-05	0.03485987696514009	0.2716238010355657	0	case_vs_control
chr7:24429839:24429883:DEL	chr7	24429839	24429883	DEL	Sniffles2.DEL.15E0M6	222	0.3425925925925926	34	77	0.44155844155844154	162	418	0.3875598086124402	26	153	0.16993464052287582	1.38105900430863e-05	0.221880369969051	3.164326036647165e-07	0.012739810362025409	1.0	0.00014605474209817765	0.053998632946001324	0.2716238010355657	0	case_vs_control
chr22:18106280:18106280:INS	chr22	18106280	18106280	INS	0010C_Sniffles2.INS.19CS15	127	0.19598765432098766	26	77	0.33766233766233766	86	418	0.20574162679425836	15	153	0.09803921568627451	1.4098092865643836e-05	0.010045077663984927	0.0014259458656700156	0.012739810362025409	1.0	0.07210326195618454	0.1319207108680793	0.23962312197606317	0	abnormal_vs_control_only
chr2:116782582:116782582:INS	chr2	116782582	116782582	INS	0002C_Sniffles2.INS.241S1	306	0.4722222222222222	46	77	0.5974025974025974	214	418	0.5119617224880383	46	153	0.3006535947712418	1.4547918388588343e-05	0.10439435842125817	4.343066242077303e-06	0.012739810362025409	1.0	0.0009762319343814384	0.0854408749145591	0.29674900263135556	0	case_vs_control
chr4:56803094:56803094:INS	chr4	56803094	56803094	INS	Sniffles2.INS.484FM3	161	0.24845679012345678	29	77	0.37662337662337664	113	418	0.2703349282296651	19	153	0.12418300653594772	1.4835797413128663e-05	0.04140358308000636	0.00010450979374185906	0.012739810362025409	1.0	0.010687123704821475	0.10628844839371154	0.2524403700874289	0	case_vs_control
chr10:12544834:12544834:INS	chr10	12544834	12544834	INS	0002C_Sniffles2.INS.90S9	293	0.4521604938271605	42	77	0.5454545454545454	212	418	0.507177033492823	39	153	0.2549019607843137	1.5037705234613432e-05	0.31114839110394443	3.623094976386035e-08	0.012739810362025409	1.0	3.304113508294475e-05	0.038277511961722466	0.2905525846702317	0	case_vs_control
chr8:141617799:141617799:INS	chr8	141617799	141617799	INS	0006C_Sniffles2.INS.28AS7	279	0.4305555555555556	42	77	0.5454545454545454	198	418	0.47368421052631576	39	153	0.2549019607843137	1.5037705234613432e-05	0.15059060060423288	1.3603877696682867e-06	0.012739810362025409	1.0	0.0004209450155664082	0.07177033492822965	0.2905525846702317	0	case_vs_control
chr8:142203480:142203524:DEL	chr8	142203480	142203524	DEL	0002C_Sniffles2.DEL.4B9S7	246	0.37962962962962965	39	77	0.5064935064935064	173	418	0.4138755980861244	34	153	0.2222222222222222	1.5180679639880064e-05	0.08360368377207453	1.2241558024247213e-05	0.012739810362025409	1.0	0.0021524933836412842	0.09261790840738204	0.28427128427128423	0	case_vs_control
chr9:137265683:137265683:INS	chr9	137265683	137265683	INS	0054c_Sniffles2.INS.2AES8	132	0.2037037037037037	25	77	0.3246753246753247	93	418	0.22248803827751196	14	153	0.0915032679738562	1.6752637102694563e-05	0.039492519579955844	0.0001526321725610806	0.013776918324174773	1.0	0.014048376686360131	0.10218728639781272	0.23317205670146846	0	case_vs_control
chr3:183149563:183149589:DEL	chr3	183149563	183149589	DEL	0002C_Sniffles2.DEL.51CS2	239	0.36882716049382713	37	77	0.4805194805194805	171	418	0.4090909090909091	31	153	0.20261437908496732	1.691396053375974e-05	0.14893815869877122	2.113311930535069e-06	0.013776918324174773	1.0	0.0005573910533736971	0.0714285714285714	0.2779051014345132	0	case_vs_control
chr6:775446:775446:INS	chr6	775446	775446	INS	Sniffles2.DEL.CFM5	323	0.4984567901234568	44	77	0.5714285714285714	236	418	0.5645933014354066	43	153	0.28104575163398693	1.9014492878903996e-05	0.5070548262039667	1.07019384067661e-09	0.015263401906909196	1.0	2.5772128890172203e-06	0.00683526999316475	0.29038281979458447	0	case_vs_control
chr13:113117578:113117623:DEL	chr13	113117578	113117623	DEL	Sniffles2.DEL.806BMC	122	0.1882716049382716	24	77	0.3116883116883117	85	418	0.20334928229665072	13	153	0.08496732026143791	1.9648903468781358e-05	0.027795848336392294	0.0003859728702565914	0.01554733521898374	1.0	0.028466398585582003	0.10833902939166096	0.22672099142687377	0	case_vs_control
chr2:241993345:241993387:DEL	chr2	241993345	241993387	DEL	Sniffles2.DEL.C68EM1	230	0.3549382716049383	38	77	0.4935064935064935	159	418	0.3803827751196172	33	153	0.21568627450980393	2.0649825011892666e-05	0.04200012605206512	0.00012013154008368403	0.016095346592278223	1.0	0.011924454735044965	0.11312371838687629	0.27782021899668957	0	case_vs_control
chr4:33865318:33865318:INS	chr4	33865318	33865318	INS	0002C_Sniffles2.INS.D2S3	231	0.35648148148148145	41	77	0.5324675324675324	152	418	0.36363636363636365	38	153	0.24836601307189543	2.0922671962230668e-05	0.004163303285797977	0.0058296247315478165	0.016095346592278223	0.8966513350005915	0.19105991398282277	0.16883116883116878	0.284101519395637	0	abnormal_vs_control_only
chr10:3406896:3406896:INS	chr10	3406896	3406896	INS	Sniffles2.INS.4F6M9	176	0.2716049382716049	30	77	0.38961038961038963	125	418	0.29904306220095694	21	153	0.13725490196078433	2.160137687296231e-05	0.07626707732018878	3.546767258181367e-05	0.016389822770405977	1.0	0.0047914230462475504	0.09056732740943269	0.2523554876496053	0	case_vs_control
chr21:43314935:43314935:INS	chr21	43314935	43314935	INS	0003C_Sniffles2.INS.DFS14	310	0.4783950617283951	46	77	0.5974025974025974	217	418	0.5191387559808612	47	153	0.30718954248366015	2.2575777349360174e-05	0.12689366563444276	4.253250140665115e-06	0.016702190764807088	1.0	0.0009615470154741199	0.07826384142173615	0.29021305491893723	0	case_vs_control
chr15:88913993:88913994:DEL	chr15	88913993	88913994	DEL	Sniffles2.DEL.65AAME	173	0.26697530864197533	27	77	0.35064935064935066	129	418	0.30861244019138756	17	153	0.1111111111111111	2.261616789486047e-05	0.2731895140976877	3.7526253515672743e-07	0.016702190764807088	1.0	0.00016761234057215824	0.042036910457963095	0.23953823953823955	0	case_vs_control
chr17:51917038:51917080:DEL	chr17	51917038	51917080	DEL	0003C_Sniffles2.DEL.371S10	227	0.35030864197530864	34	77	0.44155844155844154	166	418	0.39712918660287083	27	153	0.17647058823529413	2.365263032441102e-05	0.27192873740693424	2.707155470231151e-07	0.017114800468165794	1.0	0.0001350846190857324	0.04442925495557071	0.26508785332314744	0	case_vs_control
chr13:107258815:107258815:INS	chr13	107258815	107258815	INS	0002C_Sniffles2.INS.1A3SC	306	0.4722222222222222	42	77	0.5454545454545454	224	418	0.5358851674641149	40	153	0.26143790849673204	2.3879158602572366e-05	0.48873999711473504	2.762280747031621e-09	0.017114800468165794	1.0	5.464185929163837e-06	0.009569377990430561	0.2840166369578134	0	case_vs_control
chr14:76119710:76119710:INS	chr14	76119710	76119710	INS	0006C_Sniffles2.INS.1B1SD	258	0.39814814814814814	39	77	0.5064935064935064	184	418	0.44019138755980863	35	153	0.22875816993464052	2.4649604594878086e-05	0.1710217842174408	2.0029104910714442e-06	0.017114800468165794	1.0	0.0005359285327510394	0.0663021189336978	0.27773533655886595	0	case_vs_control
chr21:6664651:6664700:DEL	chr21	6664651	6664700	DEL	Sniffles2.DEL.C7AMD	277	0.42746913580246915	39	77	0.5064935064935064	203	418	0.48564593301435405	35	153	0.22875816993464052	2.4649604594878086e-05	0.41578022944542725	1.4203685232459293e-08	0.017114800468165794	1.0	1.7879857219442168e-05	0.020847573479152393	0.27773533655886595	0	case_vs_control
chr2:240464579:240464579:INS	chr2	240464579	240464579	INS	Sniffles2.INS.C397M1	52	0.08024691358024691	14	77	0.18181818181818182	35	418	0.08373205741626795	3	153	0.0196078431372549	2.4719867795429762e-05	0.010628157891546131	0.0029215400514275417	0.017114800468165794	1.0	0.11889659101283519	0.09808612440191387	0.16221033868092694	0	abnormal_vs_control_only
chr18:79776710:79776758:DEL	chr18	79776710	79776758	DEL	Sniffles2.DEL.51E4M11	115	0.17746913580246915	22	77	0.2857142857142857	82	418	0.19617224880382775	11	153	0.0718954248366013	2.5858783077337216e-05	0.055587257334114945	0.00013348773412111197	0.01768229971713029	1.0	0.01280637510268698	0.08954203691045795	0.2138188608776844	0	case_vs_control
chr11:3649005:3649005:INS	chr11	3649005	3649005	INS	0002C_Sniffles2.INS.62SA	255	0.39351851851851855	37	77	0.4805194805194805	186	418	0.4449760765550239	32	153	0.20915032679738563	2.7847168441516004e-05	0.3251283159025999	1.0868462152675723e-07	0.018583120067936006	1.0	6.54328675774351e-05	0.0355434039644566	0.2713691537220949	0	case_vs_control
chr8:138493953:138493953:INS	chr8	138493953	138493953	INS	Sniffles2.INS.6EBCM7	243	0.375	37	77	0.4805194805194805	174	418	0.41626794258373206	32	153	0.20915032679738563	2.7847168441516004e-05	0.17804979531444434	2.2339778919058565e-06	0.018583120067936006	1.0	0.0005809181571684581	0.06425153793574845	0.2713691537220949	0	case_vs_control
chr16:4810278:4810278:INS	chr16	4810278	4810278	INS	Sniffles2.INS.6E6MF	183	0.2824074074074074	31	77	0.4025974025974026	129	418	0.30861244019138756	23	153	0.1503267973856209	3.002116474876565e-05	0.06985514975566129	6.728462464089749e-05	0.019373812925112043	1.0	0.007747943429542683	0.09398496240601506	0.2522706052117817	0	case_vs_control
chr17:18654752:18654790:DEL	chr17	18654752	18654790	DEL	0002C_Sniffles2.DEL.2BFS10	194	0.2993827160493827	31	77	0.4025974025974026	140	418	0.3349282296650718	23	153	0.1503267973856209	3.002116474876565e-05	0.15458289076236897	5.645109468562638e-06	0.019373812925112043	1.0	0.0012050723012399787	0.06766917293233082	0.2522706052117817	0	case_vs_control
chr19:51723912:51723912:INS	chr19	51723912	51723912	INS	0006C_Sniffles2.INS.1A9S12	219	0.33796296296296297	35	77	0.45454545454545453	155	418	0.3708133971291866	29	153	0.1895424836601307	3.0081387873901128e-05	0.1042715838266111	1.8701650521912097e-05	0.019373812925112043	1.0	0.002985067763310665	0.08373205741626794	0.2650029708853238	0	case_vs_control
chr11:11246882:11246882:INS	chr11	11246882	11246882	INS	Sniffles2.INS.D1BMA	91	0.1404320987654321	20	77	0.2597402597402597	62	418	0.14832535885167464	9	153	0.058823529411764705	3.166284654863158e-05	0.015057460390028789	0.0019946463936671584	0.019928883461768247	1.0	0.09132398246646806	0.11141490088858508	0.200916730328495	0	abnormal_vs_control_only
chr16:56300024:56300066:DEL	chr16	56300024	56300066	DEL	Sniffles2.DEL.5CCBMF	116	0.17901234567901234	20	77	0.2597402597402597	87	418	0.20813397129186603	9	153	0.058823529411764705	3.166284654863158e-05	0.19336446658953213	4.7846547755817686e-06	0.019928883461768247	1.0	0.0010685986238303346	0.05160628844839368	0.200916730328495	0	case_vs_control
chr15:87874255:87874255:INS	chr15	87874255	87874255	INS	0003C_Sniffles2.INS.147SE	168	0.25925925925925924	25	77	0.3246753246753247	128	418	0.3062200956937799	15	153	0.09803921568627451	3.312807233125421e-05	0.42109160304497867	5.876660246665119e-08	0.02002633168718821	1.0	4.068705721778595e-05	0.01845522898154478	0.22663610898905018	0	case_vs_control
chr5:32041047:32041098:DEL	chr5	32041047	32041098	DEL	Sniffles2.DEL.1C07M4	66	0.10185185185185185	16	77	0.2077922077922078	45	418	0.1076555023923445	5	153	0.032679738562091505	3.358104203556851e-05	0.015167578159024992	0.002299166541292326	0.02002633168718821	1.0	0.10027262707803099	0.1001367053998633	0.1751124692301163	0	abnormal_vs_control_only
chr1:226115417:226115417:INS	chr1	226115417	226115417	INS	0066c_Sniffles2.INS.905S0	98	0.15123456790123457	19	77	0.24675324675324675	71	418	0.16985645933014354	8	153	0.05228758169934641	3.384589195358881e-05	0.0769590152066727	9.698046540750614e-05	0.02002633168718821	1.0	0.0101908843251432	0.07689678742310321	0.19446566505390034	0	case_vs_control
chr9:136173650:136173650:INS	chr9	136173650	136173650	INS	Sniffles2.INS.103A8M8	84	0.12962962962962962	19	77	0.24675324675324675	57	418	0.13636363636363635	8	153	0.05228758169934641	3.384589195358881e-05	0.01366493273080228	0.002508974504377357	0.02002633168718821	1.0	0.106030229511113	0.1103896103896104	0.19446566505390034	0	abnormal_vs_control_only
chr1:2289544:2289544:INS	chr1	2289544	2289544	INS	0002C_Sniffles2.INS.2AS0	143	0.22067901234567902	28	77	0.36363636363636365	96	418	0.22966507177033493	19	153	0.12418300653594772	3.398705818219997e-05	0.010973888565708566	0.0029651782928674045	0.02002633168718821	1.0	0.12014286414435978	0.1339712918660287	0.23945335710041593	0	abnormal_vs_control_only
chr8:1562837:1562991:DEL	chr8	1562837	1562991	DEL	Sniffles2.DEL.2DBM7	109	0.16820987654320987	28	77	0.36363636363636365	62	418	0.14832535885167464	19	153	0.12418300653594772	3.398705818219997e-05	2.457575458266944e-05	0.2786985998679591	0.02002633168718821	0.3992194498570504	1.0	0.215311004784689	0.23945335710041593	0	abnormal_vs_control_only
chr12:130996739:130996739:INS	chr12	130996739	130996739	INS	0002C_Sniffles2.INS.20DSB	237	0.36574074074074076	36	77	0.4675324675324675	170	418	0.40669856459330145	31	153	0.20261437908496732	3.724313908247155e-05	0.1920342769324005	2.683008404697075e-06	0.021524572956870595	1.0	0.0006722310700225987	0.060833902939166073	0.2649180884475002	0	case_vs_control
chr18:50297163:50297204:DEL	chr18	50297163	50297204	DEL	Sniffles2.INS.39C2M11	257	0.3966049382716049	42	77	0.5454545454545454	174	418	0.41626794258373206	41	153	0.2679738562091503	3.738029685364482e-05	0.024453562573865904	0.0007195184594520368	0.021524572956870595	1.0	0.044828670902282805	0.12918660287081335	0.2774806892453951	0	case_vs_control
chr2:71735670:71735670:INS	chr2	71735670	71735670	INS	Sniffles2.INS.3446M1	177	0.27314814814814814	30	77	0.38961038961038963	125	418	0.29904306220095694	22	153	0.1437908496732026	3.827739233575458e-05	0.07626707732018878	7.58514156369295e-05	0.021524572956870595	1.0	0.00852182192555426	0.09056732740943269	0.24581953993718703	0	case_vs_control
chr7:12265317:12265317:INS	chr7	12265317	12265317	INS	Sniffles2.INS.DB2M6	266	0.4104938271604938	39	77	0.5064935064935064	191	418	0.4569377990430622	36	153	0.23529411764705882	3.9372299165220444e-05	0.24898457644762578	7.813697865616679e-07	0.021524572956870595	1.0	0.00027219188514514254	0.04955570745044424	0.2711993888464476	0	case_vs_control
chr7:158436491:158436491:INS	chr7	158436491	158436491	INS	Sniffles2.INS.8A2AM6	144	0.2222222222222222	24	77	0.3116883116883117	106	418	0.2535885167464115	14	153	0.0915032679738562	3.94500836096241e-05	0.17718638653601462	7.098692923192158e-06	0.021524572956870595	1.0	0.0014511724290609113	0.05809979494190021	0.22018504371445546	0	case_vs_control
chr13:79460578:79460614:DEL	chr13	79460578	79460614	DEL	0006C_Sniffles2.DEL.481SC	206	0.31790123456790126	34	77	0.44155844155844154	144	418	0.3444976076555024	28	153	0.1830065359477124	3.963866616597098e-05	0.06769585530388374	9.673186202372209e-05	0.021524572956870595	1.0	0.0101908843251432	0.09706083390293913	0.25855190561072916	0	case_vs_control
chr19:18035135:18035135:INS	chr19	18035135	18035135	INS	0002C_Sniffles2.INS.D0S12	224	0.345679012345679	34	77	0.44155844155844154	162	418	0.3875598086124402	28	153	0.1830065359477124	3.963866616597098e-05	0.221880369969051	1.7151916631705054e-06	0.021524572956870595	1.0	0.0004947970616650414	0.053998632946001324	0.25855190561072916	0	case_vs_control
chr9:16876813:16876813:INS	chr9	16876813	16876813	INS	Sniffles2.INS.C14M8	206	0.31790123456790126	34	77	0.44155844155844154	144	418	0.3444976076555024	28	153	0.1830065359477124	3.963866616597098e-05	0.06769585530388374	9.673186202372209e-05	0.021524572956870595	1.0	0.0101908843251432	0.09706083390293913	0.25855190561072916	0	case_vs_control
chr5:492177:492237:DEL	chr5	492177	492237	DEL	0011C_Sniffles2.DEL.350S4	162	0.25	32	77	0.4155844155844156	105	418	0.2511961722488038	25	153	0.16339869281045752	4.011595683915419e-05	0.002989200540403054	0.016075994510511678	0.021572258421427886	0.8883341134862432	0.38882846460620996	0.1643882433356118	0.2521857227739581	0	abnormal_vs_control_only
chr2:72251101:72251101:INS	chr2	72251101	72251101	INS	Sniffles2.INS.3498M1	330	0.5092592592592593	43	77	0.5584415584415584	244	418	0.583732057416268	43	153	0.28104575163398693	4.154706106621411e-05	0.7060114068392016	8.312559043631803e-11	0.022127005945533337	1.0	4.6041602030867835e-07	-0.025290498974709585	0.2773958068075715	0	case_vs_control
chr16:88229306:88229350:DEL	chr16	88229306	88229350	DEL	Sniffles2.DEL.753FMF	137	0.21141975308641975	27	77	0.35064935064935066	92	418	0.22009569377990432	18	153	0.11764705882352941	4.208933688876955e-05	0.011963521327403935	0.003297305576162666	0.02220232563423969	1.0	0.12897680879413684	0.13055365686944634	0.23300229182582124	0	abnormal_vs_control_only
chr1:109148145:109148189:DEL	chr1	109148145	109148189	DEL	Sniffles2.INS.53E6M0	253	0.3904320987654321	40	77	0.5194805194805194	175	418	0.41866028708133973	38	153	0.24836601307189543	4.547402420198118e-05	0.06529880918486468	0.00010974447369228442	0.023557328549827197	1.0	0.011051867107033183	0.1008202323991797	0.271114506408624	0	case_vs_control
chr9:108541820:108541820:INS	chr9	108541820	108541820	INS	Sniffles2.INS.ED84M8	312	0.48148148148148145	44	77	0.5714285714285714	223	418	0.5334928229665071	45	153	0.29411764705882354	4.55086689324675e-05	0.31303039954967443	2.2888994734601693e-07	0.023557328549827197	1.0	0.0001207858136344096	0.03793574846206427	0.27731092436974786	0	case_vs_control
chr11:93514414:93514414:INS	chr11	93514414	93514414	INS	Sniffles2.INS.520EMA	112	0.1728395061728395	23	77	0.2987012987012987	76	418	0.18181818181818182	13	153	0.08496732026143791	4.6427076011602714e-05	0.016342276816708644	0.002457061169776788	0.02359176959752891	1.0	0.1047665158364871	0.11688311688311687	0.21373397843986078	0	abnormal_vs_control_only
chr9:98436289:98436289:INS	chr9	98436289	98436289	INS	Sniffles2.DEL.E6D8M8	114	0.17592592592592593	23	77	0.2987012987012987	78	418	0.18660287081339713	13	153	0.08496732026143791	4.6427076011602714e-05	0.0210438125350641	0.001655604181307676	0.02359176959752891	1.0	0.07959795582527358	0.11209842788790156	0.21373397843986078	0	abnormal_vs_control_only
chr20:47482837:47482884:DEL	chr20	47482837	47482884	DEL	Sniffles2.DEL.3EABM13	220	0.3395061728395062	35	77	0.45454545454545453	155	418	0.3708133971291866	30	153	0.19607843137254902	4.941536224039916e-05	0.1042715838266111	3.791356926757503e-05	0.024881982579738445	1.0	0.005035867564969894	0.08373205741626794	0.2584670231729055	0	case_vs_control
chr1:41638375:41638375:INS	chr1	41638375	41638375	INS	Sniffles2.INS.28BFM0	129	0.19907407407407407	26	77	0.33766233766233766	86	418	0.20574162679425836	17	153	0.1111111111111111	5.1669719495398606e-05	0.010045077663984927	0.005198636532775776	0.02578272453523548	1.0	0.17578881579815914	0.1319207108680793	0.22655122655122656	0	abnormal_vs_control_only
chr2:185951036:185951080:DEL	chr2	185951036	185951080	DEL	Sniffles2.DEL.9DAAM1	95	0.14660493827160495	22	77	0.2857142857142857	61	418	0.145933014354067	12	153	0.0784313725490196	5.393948227737286e-05	0.0032996444199664987	0.019691872739057925	0.02643893844583299	0.8883341134862432	0.43725248588540117	0.1397812713602187	0.2072829131652661	0	abnormal_vs_control_only
chr3:42110098:42110134:DEL	chr3	42110098	42110134	DEL	Sniffles2.DEL.1C41M2	119	0.18364197530864199	22	77	0.2857142857142857	85	418	0.20334928229665072	12	153	0.0784313725490196	5.393948227737286e-05	0.07433574908013652	0.00016520843747485912	0.02643893844583299	1.0	0.014905343015774106	0.08236500341763497	0.2072829131652661	0	case_vs_control
chr15:82457382:82457418:DEL	chr15	82457382	82457418	DEL	Sniffles2.DEL.6175ME	404	0.6234567901234568	49	77	0.6363636363636364	300	418	0.7177033492822966	55	153	0.35947712418300654	5.911332411850737e-05	0.9404352417540459	9.927033725444176e-15	0.028471033011094663	1.0	5.49838543984902e-10	-0.08133971291866027	0.2768865121806298	0	case_vs_control
chr5:133445368:133445368:INS	chr5	133445368	133445368	INS	Sniffles2.INS.6F0BM4	358	0.5524691358024691	49	77	0.6363636363636364	254	418	0.6076555023923444	55	153	0.35947712418300654	5.911332411850737e-05	0.3662681163266143	1.0729282080265857e-07	0.028471033011094663	1.0	6.530477756722695e-05	0.028708133971291905	0.2768865121806298	0	case_vs_control
chr2:44286563:44286563:INS	chr2	44286563	44286563	INS	Sniffles2.INS.2272M1	167	0.25771604938271603	28	77	0.36363636363636365	119	418	0.284688995215311	20	153	0.13071895424836602	6.079882325889981e-05	0.10540310805160269	6.129086952408424e-05	0.028570596835311317	1.0	0.007207598049256853	0.07894736842105265	0.23291740938799763	0	case_vs_control
chr12:40353280:40353280:INS	chr12	40353280	40353280	INS	Sniffles2.INS.2B1CMB	128	0.19753086419753085	21	77	0.2727272727272727	96	418	0.22966507177033493	11	153	0.0718954248366013	6.178019698907113e-05	0.247980730239801	4.188053646036155e-06	0.028570596835311317	1.0	0.0009506881776502073	0.043062200956937774	0.2008318478906714	0	case_vs_control
chr15:101100985:101100985:INS	chr15	101100985	101100985	INS	0048C_Sniffles2.INS.406SE	73	0.11265432098765432	21	77	0.2727272727272727	41	418	0.09808612440191387	11	153	0.0718954248366013	6.178019698907113e-05	9.22293367454401e-05	0.2144242895255993	0.028570596835311317	0.5718816263702582	1.0	0.17464114832535882	0.2008318478906714	0	abnormal_vs_control_only
chr6:20386959:20386959:INS	chr6	20386959	20386959	INS	Sniffles2.INS.F54M5	121	0.1867283950617284	21	77	0.2727272727272727	89	418	0.21291866028708134	11	153	0.0718954248366013	6.178019698907113e-05	0.15598339250012822	2.483984417830889e-05	0.028570596835311317	1.0	0.003616959132353268	0.05980861244019137	0.2008318478906714	0	case_vs_control
chr1:43308459:43308459:INS	chr1	43308459	43308459	INS	0002C_Sniffles2.INS.101S0	260	0.4012345679012346	39	77	0.5064935064935064	184	418	0.44019138755980863	37	153	0.24183006535947713	6.189917708235282e-05	0.1710217842174408	8.523846276757464e-06	0.028570596835311317	1.0	0.001668264302392376	0.0663021189336978	0.2646634411340293	0	case_vs_control
chr21:46152340:46152340:INS	chr21	46152340	46152340	INS	Sniffles2.INS.4884M14	306	0.4722222222222222	43	77	0.5584415584415584	219	418	0.5239234449760766	44	153	0.2875816993464052	6.356752543108532e-05	0.33295727767467737	3.0223683464107005e-07	0.028859656545712733	1.0	0.00014469928119668484	0.03451811346548184	0.2708598590951532	0	case_vs_control
chr7:47695479:47695479:INS	chr7	47695479	47695479	INS	0003C_Sniffles2.INS.108S6	276	0.42592592592592593	43	77	0.5584415584415584	189	418	0.45215311004784686	44	153	0.2875816993464052	6.356752543108532e-05	0.055647700582887	0.00023974535432720668	0.028859656545712733	1.0	0.020058936080778435	0.10628844839371154	0.2708598590951532	0	case_vs_control
chr10:35742899:35742935:DEL	chr10	35742899	35742935	DEL	0006C_Sniffles2.DEL.46AS9	207	0.3194444444444444	34	77	0.44155844155844154	144	418	0.3444976076555024	29	153	0.1895424836601307	6.506801299932275e-05	0.06769585530388374	0.00018616296587605218	0.029300708162654378	1.0	0.01647155647594693	0.09706083390293913	0.2520159578983108	0	case_vs_control
chr1:151780306:151780306:INS	chr1	151780306	151780306	INS	0002C_Sniffles2.INS.2F9S0	192	0.2962962962962963	32	77	0.4155844155844156	134	418	0.32057416267942584	26	153	0.16993464052287582	6.729199429290725e-05	0.06926220327278987	0.00019294422285918108	0.029817351839164372	1.0	0.016856142927009973	0.09501025290498977	0.2456497750615398	0	case_vs_control
chr10:132671365:132671365:INS	chr10	132671365	132671365	INS	Sniffles2.INS.7B50M9	238	0.36728395061728397	32	77	0.4155844155844156	180	418	0.430622009569378	26	153	0.16993464052287582	6.729199429290725e-05	0.6430053296015554	2.1667932455290345e-09	0.029817351839164372	1.0	4.63841813263157e-06	-0.015037593984962405	0.2456497750615398	0	case_vs_control
chr14:63522927:63522927:INS	chr14	63522927	63522927	INS	Sniffles2.INS.4BD6MD	323	0.4984567901234568	44	77	0.5714285714285714	233	418	0.5574162679425837	46	153	0.3006535947712418	6.907355147682512e-05	0.4604856438004682	3.348657018246499e-08	0.030363856104749128	1.0	3.253954647835738e-05	0.014012303485987698	0.2707749766573296	0	case_vs_control
chr4:7363829:7363946:DEL	chr4	7363829	7363946	DEL	Sniffles2.DEL.8A8M3	73	0.11265432098765432	20	77	0.2597402597402597	43	418	0.10287081339712918	10	153	0.06535947712418301	6.963030236344565e-05	0.000405677945882798	0.11184830298185927	0.030367584152019907	0.6975523152488639	1.0	0.15686944634313055	0.19438078261607672	0	abnormal_vs_control_only
chr12:130010683:130010683:INS	chr12	130010683	130010683	INS	Sniffles2.INS.69BAMB	239	0.36882716049382713	37	77	0.4805194805194805	168	418	0.4019138755980861	34	153	0.2222222222222222	7.155703114836513e-05	0.1231116513373519	3.619112314726205e-05	0.030964069072231624	1.0	0.004865422157477064	0.0786056049213944	0.2582972582972583	0	case_vs_control
chr19:20155707:20155707:INS	chr19	20155707	20155707	INS	0002C_Sniffles2.INS.DCS12	154	0.23765432098765432	27	77	0.35064935064935066	108	418	0.2583732057416268	19	153	0.12418300653594772	7.574495613144314e-05	0.06487419901266876	0.0002987050723497818	0.032324009630695955	1.0	0.023567915309557996	0.09227614490772384	0.22646634411340294	0	case_vs_control
chr2:42978809:42978809:INS	chr2	42978809	42978809	INS	Sniffles2.INS.216EM1	88	0.13580246913580246	19	77	0.24675324675324675	60	418	0.14354066985645933	9	153	0.058823529411764705	7.703418197537132e-05	0.021078718578360096	0.00303966478540641	0.032324009630695955	1.0	0.12188288890426613	0.10321257689678742	0.18792971734148206	0	abnormal_vs_control_only
chr9:72114562:72114562:INS	chr9	72114562	72114562	INS	Sniffles2.INS.D38CM8	89	0.13734567901234568	19	77	0.24675324675324675	61	418	0.145933014354067	9	153	0.058823529411764705	7.703418197537132e-05	0.02415216549309962	0.002465478649415628	0.032324009630695955	1.0	0.10504456264140985	0.10082023239917975	0.18792971734148206	0	abnormal_vs_control_only
chr9:120215431:120215431:INS	chr9	120215431	120215431	INS	0002C_Sniffles2.INS.41FS8	105	0.16203703703703703	19	77	0.24675324675324675	77	418	0.18421052631578946	9	153	0.058823529411764705	7.703418197537132e-05	0.1325145128824884	6.261370212832299e-05	0.032324009630695955	1.0	0.007332024806519141	0.06254272043745729	0.18792971734148206	0	case_vs_control
chr10:2371679:2371717:DEL	chr10	2371679	2371717	DEL	Sniffles2.DEL.3C5M9	242	0.3734567901234568	35	77	0.45454545454545453	176	418	0.42105263157894735	31	153	0.20261437908496732	7.963532803906034e-05	0.33579274109461577	6.204144285170366e-07	0.03287905654806996	1.0	0.00022757294282583858	0.033492822966507185	0.2519310754604872	0	case_vs_control
chr3:196827961:196827961:INS	chr3	196827961	196827961	INS	Sniffles2.INS.A5D8M2	226	0.3487654320987654	35	77	0.45454545454545453	160	418	0.3827751196172249	31	153	0.20261437908496732	7.963532803906034e-05	0.14526634013669243	2.59438890112032e-05	0.03287905654806996	1.0	0.003703557022042585	0.07177033492822965	0.2519310754604872	0	case_vs_control
chr1:37427499:37427526:DEL	chr1	37427499	37427526	DEL	Sniffles2.INS.25C9M0	63	0.09722222222222222	14	77	0.18181818181818182	45	418	0.1076555023923445	4	153	0.026143790849673203	8.073141638148182e-05	0.05383064123958821	0.0007541117131114451	0.03287905654806996	1.0	0.04615039179310038	0.07416267942583732	0.15567439096850863	0	case_vs_control
chr10:44316539:44316577:DEL	chr10	44316539	44316577	DEL	Sniffles2.DEL.3D08M9	62	0.09567901234567901	14	77	0.18181818181818182	44	418	0.10526315789473684	4	153	0.026143790849673203	8.073141638148182e-05	0.04704044291020694	0.0009741593558895801	0.03287905654806996	1.0	0.0552269584483235	0.07655502392344499	0.15567439096850863	0	abnormal_vs_control_only
chr2:241689913:241689952:DEL	chr2	241689913	241689952	DEL	Sniffles2.DEL.C589M1	78	0.12037037037037036	18	77	0.23376623376623376	52	418	0.12440191387559808	8	153	0.05228758169934641	8.337822457744105e-05	0.012175081805053601	0.007131589848317436	0.03291422781392056	1.0	0.22079625406294365	0.10936431989063568	0.18147865206688735	0	abnormal_vs_control_only
chr4:24293435:24293435:INS	chr4	24293435	24293435	INS	0026C_Sniffles2.INS.98S3	91	0.1404320987654321	18	77	0.23376623376623376	65	418	0.15550239234449761	8	153	0.05228758169934641	8.337822457744105e-05	0.0673140662948653	0.00041315112998589466	0.03291422781392056	1.0	0.029952375376516665	0.07826384142173615	0.18147865206688735	0	case_vs_control
chr14:104308677:104308727:DEL	chr14	104308677	104308727	DEL	Sniffles2.DEL.687AMD	169	0.26080246913580246	29	77	0.37662337662337664	118	418	0.2822966507177033	22	153	0.1437908496732026	8.378901786962518e-05	0.06491781381697678	0.00032187770560589244	0.03291422781392056	1.0	0.025138297661859946	0.09432672590567331	0.23283252695017403	0	case_vs_control
chr3:116911940:116911940:INS	chr3	116911940	116911940	INS	Sniffles2.DEL.6EBCM2	189	0.2916666666666667	29	77	0.37662337662337664	138	418	0.33014354066985646	22	153	0.1437908496732026	8.378901786962518e-05	0.2524485707605058	3.943022156030852e-06	0.03291422781392056	1.0	0.0009062079302001528	0.04647983595352018	0.23283252695017403	0	case_vs_control
chr6:10461865:10461865:INS	chr6	10461865	10461865	INS	Sniffles2.INS.82BM5	177	0.27314814814814814	29	77	0.37662337662337664	126	418	0.3014354066985646	22	153	0.1437908496732026	8.378901786962518e-05	0.12099727602949162	6.117840167443205e-05	0.03291422781392056	1.0	0.007207598049256853	0.07518796992481203	0.23283252695017403	0	case_vs_control
chr4:8316516:8316554:DEL	chr4	8316516	8316554	DEL	0003C_Sniffles2.DEL.3A5S3	221	0.3410493827160494	33	77	0.42857142857142855	160	418	0.3827751196172249	28	153	0.1830065359477124	8.505354071585726e-05	0.26316345200604174	2.776788033741265e-06	0.03317567262795706	1.0	0.0006745646298809702	0.04579630895420367	0.24556489262371614	0	case_vs_control
chr1:162294223:162294223:INS	chr1	162294223	162294223	INS	Sniffles2.INS.975CM0	64	0.09876543209876543	15	77	0.19480519480519481	44	418	0.10526315789473684	5	153	0.032679738562091505	8.754394503137978e-05	0.025214805422909953	0.002910578612337167	0.03334652475310569	1.0	0.11871217097211413	0.08954203691045798	0.16212545624310332	0	abnormal_vs_control_only
chr6:16791443:16791443:INS	chr6	16791443	16791443	INS	Sniffles2.INS.CCFM5	90	0.1388888888888889	17	77	0.22077922077922077	66	418	0.15789473684210525	7	153	0.0457516339869281	8.788106835379297e-05	0.11837849175941471	0.00011478766794324768	0.03334652475310569	1.0	0.0114349988346054	0.06288448393711552	0.17502758679229266	0	case_vs_control
chr10:133460497:133460497:INS	chr10	133460497	133460497	INS	Sniffles2.DEL.7DB7M9	346	0.5339506172839507	42	77	0.5454545454545454	261	418	0.6244019138755981	43	153	0.28104575163398693	8.789977276582348e-05	0.9233834147098038	1.991557254995249e-13	0.03334652475310569	1.0	5.515418661983842e-09	-0.07894736842105265	0.2644087938205585	0	case_vs_control
chr4:49156007:49156047:DEL	chr4	49156007	49156047	DEL	0006C_Sniffles2.DEL.522S3	293	0.4521604938271605	42	77	0.5454545454545454	208	418	0.49760765550239233	43	153	0.28104575163398693	8.789977276582348e-05	0.2587557275098802	2.22695352309824e-06	0.03334652475310569	1.0	0.0005809181571684581	0.04784688995215308	0.2644087938205585	0	case_vs_control
chr7:76227117:76227159:DEL	chr7	76227117	76227159	DEL	Sniffles2.DEL.4CEAM6	131	0.2021604938271605	23	77	0.2987012987012987	94	418	0.22488038277511962	14	153	0.0915032679738562	9.04197880462378e-05	0.10624421396391545	0.000122057820918359	0.03406919197486408	1.0	0.012050870918050032	0.07382091592617906	0.20719803072744247	0	case_vs_control
chr1:248812509:248812553:DEL	chr1	248812509	248812553	DEL	Sniffles2.DEL.D382M0	38	0.05864197530864197	10	77	0.12987012987012986	27	418	0.0645933014354067	1	153	0.006535947712418301	9.321145942558186e-05	0.045111845818226005	0.0014973326961186144	0.0343464145101973	1.0	0.07471555258794398	0.06527682843472316	0.12333418215771155	0	abnormal_vs_control_only
chr11:79457816:79457816:INS	chr11	79457816	79457816	INS	165_Sniffles2.INS.105SA	32	0.04938271604938271	10	77	0.12987012987012986	21	418	0.050239234449760764	1	153	0.006535947712418301	9.321145942558186e-05	0.012907096797807093	0.008518076920906247	0.0343464145101973	1.0	0.25029137639000276	0.0796308954203691	0.12333418215771155	0	abnormal_vs_control_only
chr3:146424977:146424977:INS	chr3	146424977	146424977	INS	Sniffles2.INS.8181M2	154	0.23765432098765432	26	77	0.33766233766233766	110	418	0.2631578947368421	18	153	0.11764705882352941	9.363596069617593e-05	0.11477768278063148	9.226622174525214e-05	0.0343464145101973	1.0	0.00983667542001941	0.07450444292549557	0.22001527883880825	0	case_vs_control
chr4:184965201:184965240:DEL	chr4	184965201	184965240	DEL	0006C_Sniffles2.DEL.861S3	161	0.24845679012345678	26	77	0.33766233766233766	117	418	0.2799043062200957	18	153	0.11764705882352941	9.363596069617593e-05	0.18578381484680712	1.9006411581487144e-05	0.0343464145101973	1.0	0.0029996352626104387	0.05775803144224195	0.22001527883880825	0	case_vs_control
chr11:61689571:61689571:INS	chr11	61689571	61689571	INS	Sniffles2.INS.3ABBMA	233	0.3595679012345679	36	77	0.4675324675324675	164	418	0.3923444976076555	33	153	0.21568627450980393	9.531306114059744e-05	0.13389472666144853	4.31925385230147e-05	0.03469380235895726	1.0	0.005499651318879858	0.07518796992481203	0.2518461930226636	0	case_vs_control
chr22:15440477:15441523:DEL	chr22	15440477	15441523	DEL	Sniffles2.DEL.5003M15	260	0.4012345679012346	39	77	0.5064935064935064	183	418	0.43779904306220097	38	153	0.24836601307189543	9.583577238608474e-05	0.16129247772189304	2.0966224950905267e-05	0.03469380235895726	1.0	0.0031903221636833544	0.06869446343130547	0.258127493421611	0	case_vs_control
chr5:154371614:154371614:INS	chr5	154371614	154371614	INS	Sniffles2.INS.7CD2M4	244	0.3765432098765432	34	77	0.44155844155844154	180	418	0.430622009569378	30	153	0.19607843137254902	0.00010471952147480057	0.47738824517074785	9.47558409610749e-08	0.03766366789250814	1.0	5.964018771763655e-05	0.010936431989063522	0.24548001018589252	0	case_vs_control
chr1:25462798:25462798:INS	chr1	25462798	25462798	INS	0003C_Sniffles2.INS.CES0	144	0.2222222222222222	28	77	0.36363636363636365	95	418	0.22727272727272727	21	153	0.13725490196078433	0.00010558330998042041	0.009675416352835673	0.010592428530969915	0.03772934434319694	1.0	0.29289045313372813	0.13636363636363638	0.22638146167557932	0	abnormal_vs_control_only
chr8:125468271:125468309:DEL	chr8	125468271	125468309	DEL	Sniffles2.DEL.6605M7	141	0.2175925925925926	22	77	0.2857142857142857	106	418	0.2535885167464115	13	153	0.08496732026143791	0.00010677263453992031	0.32194813609553385	2.5958282749425516e-06	0.03790976078139171	1.0	0.000653535165875082	0.032125768967874224	0.2007469654528478	0	case_vs_control
chr9:96027033:96027033:INS	chr9	96027033	96027033	INS	Sniffles2.INS.E50CM8	302	0.4660493827160494	40	77	0.5194805194805194	222	418	0.5311004784688995	40	153	0.26143790849673204	0.00010820108241208236	0.6229515668187424	4.98845951980044e-09	0.03817223918879247	1.0	8.631607913066589e-06	-0.011619958988380086	0.2580426109837874	0	case_vs_control
chr13:24460441:24460441:INS	chr13	24460441	24460441	INS	Sniffles2.INS.407EMC	239	0.36882716049382713	32	77	0.4155844155844156	180	418	0.430622009569378	27	153	0.17647058823529413	0.00011039679444026839	0.6430053296015554	5.875908539588306e-09	0.03843541772925439	1.0	9.303281153359509e-06	-0.015037593984962405	0.23911382734912148	0	case_vs_control
chr5:857860:857953:DEL	chr5	857860	857953	DEL	0006C_Sniffles2.DEL.3C8S4	210	0.32407407407407407	32	77	0.4155844155844156	151	418	0.361244019138756	27	153	0.17647058823529413	0.00011039679444026839	0.2170770975027758	1.0403577004057078e-05	0.03843541772925439	1.0	0.0019017601422465788	0.05434039644565963	0.23911382734912148	0	case_vs_control
chr22:50193931:50193931:INS	chr22	50193931	50193931	INS	0002C_Sniffles2.INS.2BCS15	178	0.27469135802469136	30	77	0.38961038961038963	124	418	0.2966507177033493	24	153	0.1568627450980392	0.000111028866120472	0.07031027358147106	0.00037304034454559306	0.03843541772925439	1.0	0.02773417262240444	0.09295967190704035	0.23274764451235042	0	case_vs_control
chr8:124639936:124639936:INS	chr8	124639936	124639936	INS	0006C_Sniffles2.INS.228S7	249	0.38425925925925924	37	77	0.4805194805194805	177	418	0.423444976076555	35	153	0.22875816993464052	0.00011183455650665597	0.2104070595874349	1.0124756989098433e-05	0.038473865936587956	1.0	0.0018569206626231258	0.0570745044429255	0.25176131058483997	0	case_vs_control
chr1:29686259:29686298:DEL	chr1	29686259	29686298	DEL	Sniffles2.INS.2024M0	152	0.2345679012345679	25	77	0.3246753246753247	110	418	0.2631578947368421	17	153	0.1111111111111111	0.0001148443026268013	0.16463087962704936	4.0998549909972284e-05	0.03878656240178824	1.0	0.0052687417225372275	0.06151742993848258	0.21356421356421357	0	case_vs_control
chr12:30967717:30967717:INS	chr12	30967717	30967717	INS	0006C_Sniffles2.INS.9ESB	165	0.25462962962962965	25	77	0.3246753246753247	123	418	0.2942583732057416	17	153	0.1111111111111111	0.0001148443026268013	0.34070084598877315	1.7847259424866921e-06	0.03878656240178824	1.0	0.000501788835037832	0.030416951469583065	0.21356421356421357	0	case_vs_control
chr5:57225300:57225300:INS	chr5	57225300	57225300	INS	0008C_Sniffles2.INS.19BS4	165	0.25462962962962965	25	77	0.3246753246753247	123	418	0.2942583732057416	17	153	0.1111111111111111	0.0001148443026268013	0.34070084598877315	1.7847259424866921e-06	0.03878656240178824	1.0	0.000501788835037832	0.030416951469583065	0.21356421356421357	0	case_vs_control
chr10:97528324:97528324:INS	chr10	97528324	97528324	INS	0003C_Sniffles2.INS.21AS9	343	0.529320987654321	46	77	0.5974025974025974	246	418	0.5885167464114832	51	153	0.3333333333333333	0.00011627181393941462	0.4942731002041257	4.6368959221415934e-08	0.03903068624531089	1.0	3.4891016614553776e-05	0.008885850991114164	0.26406926406926406	0	case_vs_control
chr15:84498484:84498484:INS	chr15	84498484	84498484	INS	0003C_Sniffles2.INS.130SE	385	0.5941358024691358	47	77	0.6103896103896104	285	418	0.6818181818181818	53	153	0.3464052287581699	0.00012115614814599225	0.911526033455711	6.157552821969616e-13	0.03965333438372568	1.0	1.1368484523441768e-08	-0.0714285714285714	0.26398438163144045	0	case_vs_control
chr7:29791577:29791577:INS	chr7	29791577	29791577	INS	Sniffles2.INS.191DM6	359	0.5540123456790124	47	77	0.6103896103896104	259	418	0.6196172248803827	53	153	0.3464052287581699	0.00012115614814599225	0.6129395630174899	5.142685439647531e-09	0.03965333438372568	1.0	8.631607913066589e-06	-0.009227614490772362	0.26398438163144045	0	case_vs_control
chr10:133759326:133759367:DEL	chr10	133759326	133759367	DEL	Sniffles2.DEL.A72DM3	39	0.06018518518518518	8	77	0.1038961038961039	31	418	0.07416267942583732	0	153	0.0	0.0001225296476573301	0.24670614390243653	4.629808233721289e-05	0.03965333438372568	1.0	0.005788618926622004	0.029733424470266584	0.1038961038961039	0	case_vs_control
chr20:61565177:61565216:DEL	chr20	61565177	61565216	DEL	114_Sniffles2.DEL.2D7S13	17	0.026234567901234566	8	77	0.1038961038961039	9	418	0.0215311004784689	0	153	0.0	0.0001225296476573301	0.0018045455066731167	0.05898207522974676	0.03965333438372568	0.8543973463313345	0.7952517806869983	0.082365003417635	0.1038961038961039	0	abnormal_vs_control_only
chr6:63674283:63674283:INS	chr6	63674283	63674283	INS	Sniffles2.INS.3222M5	29	0.044753086419753084	8	77	0.1038961038961039	21	418	0.050239234449760764	0	153	0.0	0.0001225296476573301	0.06404904251490505	0.0012450019416684653	0.03965333438372568	1.0	0.06611521337021375	0.05365686944634314	0.1038961038961039	0	abnormal_vs_control_only
chr1:190694908:190694908:INS	chr1	190694908	190694908	INS	0006C_Sniffles2.INS.3E3S0	113	0.1743827160493827	21	77	0.2727272727272727	80	418	0.19138755980861244	12	153	0.0784313725490196	0.00012464267133460553	0.07306096572621669	0.0005014444451138228	0.03965333438372568	1.0	0.034674163453139104	0.08133971291866027	0.1942959001782531	0	case_vs_control
chr15:48331090:48331090:INS	chr15	48331090	48331090	INS	Sniffles2.INS.4A4CME	131	0.2021604938271605	21	77	0.2727272727272727	98	418	0.23444976076555024	12	153	0.0784313725490196	0.00012464267133460553	0.2781182776620848	7.193284425537919e-06	0.03965333438372568	1.0	0.0014594199185410045	0.038277511961722466	0.1942959001782531	0	case_vs_control
chr17:3958656:3958702:DEL	chr17	3958656	3958702	DEL	Sniffles2.INS.78CM10	124	0.19135802469135801	21	77	0.2727272727272727	91	418	0.21770334928229665	12	153	0.0784313725490196	0.00012464267133460553	0.17993394487472916	4.059840220635271e-05	0.03965333438372568	1.0	0.005253888554685664	0.05502392344497606	0.1942959001782531	0	case_vs_control
chr5:4944762:4944850:DEL	chr5	4944762	4944850	DEL	Sniffles2.DEL.7C4M4	127	0.19598765432098766	21	77	0.2727272727272727	94	418	0.22488038277511962	12	153	0.0784313725490196	0.00012464267133460553	0.21943389546260192	1.9571147002680532e-05	0.03965333438372568	1.0	0.003060975661771874	0.04784688995215308	0.1942959001782531	0	case_vs_control
chr1:5199132:5199132:INS	chr1	5199132	5199132	INS	0003C_Sniffles2.INS.72S0	235	0.3626543209876543	35	77	0.45454545454545453	168	418	0.4019138755980861	32	153	0.20915032679738563	0.0001260017847103293	0.22997283842825367	9.010361292827807e-06	0.03965333438372568	1.0	0.0017032965572940156	0.05263157894736842	0.2453951277480689	0	case_vs_control
chr21:14755732:14755732:INS	chr21	14755732	14755732	INS	Sniffles2.INS.2EB0M14	213	0.3287037037037037	35	77	0.45454545454545453	146	418	0.3492822966507177	32	153	0.20915032679738563	0.0001260017847103293	0.05229244724430573	0.0007711433573161723	0.03965333438372568	1.0	0.046936360741789175	0.10526315789473684	0.2453951277480689	0	case_vs_control
chr2:863728:863728:INS	chr2	863728	863728	INS	Sniffles2.INS.16DM1	301	0.4645061728395062	51	77	0.6623376623376623	189	418	0.45215311004784686	61	153	0.39869281045751637	0.0001286254387560422	0.0005118120097751401	0.1479243520640617	0.04011030884786169	0.6994539684571842	1.0	0.21018455228981547	0.26364485188014597	0	abnormal_vs_control_only
chr7:795023:795070:DEL	chr7	795023	795070	DEL	Sniffles2.DEL.228M6	237	0.36574074074074076	38	77	0.4935064935064935	162	418	0.3875598086124402	37	153	0.24183006535947713	0.00012890219857946452	0.05392929109370811	0.0007059129074769891	0.04011030884786169	1.0	0.044030522656909314	0.10594668489405329	0.2516764281470164	0	case_vs_control
chr12:130920019:130920019:INS	chr12	130920019	130920019	INS	Sniffles2.INS.6ACFMB	291	0.44907407407407407	42	77	0.5454545454545454	205	418	0.4904306220095694	44	153	0.2875816993464052	0.00013214554302454158	0.22269093587817107	8.864966543954412e-06	0.04066265187246283	1.0	0.0016988698060175806	0.05502392344497603	0.2578728461081402	0	case_vs_control
chr5:2658152:2658152:INS	chr5	2658152	2658152	INS	0002C_Sniffles2.INS.63S4	329	0.5077160493827161	42	77	0.5454545454545454	243	418	0.5813397129186603	44	153	0.2875816993464052	0.00013214554302454158	0.7620312859057938	2.943519006253353e-10	0.04066265187246283	1.0	1.0475674442027668e-06	-0.03588516746411485	0.2578728461081402	0	case_vs_control
chr5:178796761:178796798:DEL	chr5	178796761	178796798	DEL	Sniffles2.DEL.8DB3M4	184	0.2839506172839506	29	77	0.37662337662337664	132	418	0.3157894736842105	23	153	0.1503267973856209	0.00014117324136885332	0.17969892384677472	3.509411328352361e-05	0.043013075678458496	1.0	0.004764197908205405	0.06083390293916613	0.22629657923775573	0	case_vs_control
chr7:148330218:148330218:INS	chr7	148330218	148330218	INS	Sniffles2.INS.7E53M6	170	0.2623456790123457	31	77	0.4025974025974026	113	418	0.2703349282296651	26	153	0.16993464052287582	0.0001423214890021821	0.01496425212360834	0.007859859828654637	0.043013075678458496	1.0	0.2360856378468129	0.13226247436773753	0.2326627620745268	0	abnormal_vs_control_only
chr10:133074748:133074748:INS	chr10	133074748	133074748	INS	Sniffles2.INS.7C8DM9	281	0.43364197530864196	43	77	0.5584415584415584	192	418	0.45933014354066987	46	153	0.3006535947712418	0.00014323362301348	0.06998470428027075	0.0004082880746550083	0.043013075678458496	1.0	0.02971650444019921	0.09911141490088854	0.2577879636703166	0	case_vs_control
chr18:13880128:13880128:INS	chr18	13880128	13880128	INS	0010C_Sniffles2.INS.44S11	126	0.19444444444444445	20	77	0.2597402597402597	95	418	0.22727272727272727	11	153	0.0718954248366013	0.00014366684120233303	0.3131933094738326	5.432450936480643e-06	0.043013075678458496	1.0	0.0011846165057865742	0.03246753246753245	0.18784483490365841	0	case_vs_control
chr19:501545:501545:INS	chr19	501545	501545	INS	Sniffles2.INS.104M12	103	0.15895061728395063	20	77	0.2597402597402597	72	418	0.1722488038277512	11	153	0.0718954248366013	0.00014366684120233303	0.05244845784806246	0.0012265110599152976	0.043013075678458496	1.0	0.06557335384805839	0.08749145591250851	0.18784483490365841	0	abnormal_vs_control_only
chr10:34261751:34261787:DEL	chr10	34261751	34261787	DEL	113_Sniffles2.DEL.39BS9	49	0.07561728395061729	11	77	0.14285714285714285	36	418	0.0861244019138756	2	153	0.013071895424836602	0.00014572558975242548	0.09261161873124842	0.0005691851290880202	0.04339488690971689	1.0	0.03780099032365379	0.056732740943267246	0.12978524743230624	0	case_vs_control
chr16:26474669:26474669:INS	chr16	26474669	26474669	INS	0002C_Sniffles2.INS.B2SF	324	0.5	44	77	0.5714285714285714	232	418	0.5550239234449761	48	153	0.3137254901960784	0.00015342189616381516	0.44507298594506056	2.096447201201452e-07	0.04544241703059569	1.0	0.00011384119370602551	0.01640464798359531	0.25770308123249297	0	case_vs_control
chr1:7602029:7602029:INS	chr1	7602029	7602029	INS	Sniffles2.INS.D5BM0	302	0.4660493827160494	45	77	0.5844155844155844	207	418	0.49521531100478466	50	153	0.32679738562091504	0.00016249854064615256	0.09410904640526666	0.00021791958955143893	0.046631993958250004	1.0	0.01854090664527665	0.08920027341079972	0.25761819879466935	0	case_vs_control
chr1:151527813:151527813:INS	chr1	151527813	151527813	INS	0002C_Sniffles2.INS.2F8S0	333	0.5138888888888888	45	77	0.5844155844155844	238	418	0.569377990430622	50	153	0.32679738562091504	0.00016249854064615256	0.4540060573340236	1.9247421495167547e-07	0.046631993958250004	1.0	0.0001055520972053802	0.015037593984962405	0.25761819879466935	0	case_vs_control
chr5:168483870:168483870:INS	chr5	168483870	168483870	INS	0002C_Sniffles2.INS.28FS4	331	0.5108024691358025	45	77	0.5844155844155844	236	418	0.5645933014354066	50	153	0.32679738562091504	0.00016249854064615256	0.423259551563226	3.26144807776795e-07	0.046631993958250004	1.0	0.00014806974273066492	0.01982228298017774	0.25761819879466935	0	case_vs_control
chr9:132779125:132779168:DEL	chr9	132779125	132779168	DEL	Sniffles2.DEL.FF20M8	341	0.5262345679012346	45	77	0.5844155844155844	246	418	0.5885167464114832	50	153	0.32679738562091504	0.00016249854064615256	0.578451528262755	2.095433880624777e-08	0.046631993958250004	1.0	2.321237835600903e-05	-0.004101161995898828	0.25761819879466935	0	case_vs_control
chr1:20816025:20816075:DEL	chr1	20816025	20816075	DEL	Sniffles2.INS.1951M0	107	0.16512345679012347	19	77	0.24675324675324675	78	418	0.18660287081339713	10	153	0.06535947712418301	0.0001632397192861768	0.14369826086471854	0.0001332105098927216	0.046631993958250004	1.0	0.01280637510268698	0.06015037593984962	0.18139376962906373	0	case_vs_control
chr16:89231044:89231044:INS	chr16	89231044	89231044	INS	0008C_Sniffles2.INS.1E8SF	247	0.38117283950617287	40	77	0.5194805194805194	166	418	0.39712918660287083	41	153	0.2679738562091503	0.00016339092053032083	0.030923287769382694	0.0027141103315371307	0.046631993958250004	1.0	0.11243765373461376	0.1223513328776486	0.2515066632713691	0	abnormal_vs_control_only
chr4:188455518:188455518:INS	chr4	188455518	188455518	INS	Sniffles2.INS.A3A5M3	159	0.24537037037037038	26	77	0.33766233766233766	114	418	0.2727272727272727	19	153	0.12418300653594772	0.00016417344590631094	0.15276863275294605	8.4170614325279e-05	0.046631993958250004	1.0	0.009231766309403077	0.06493506493506496	0.21347933112638995	0	case_vs_control
chr8:143525033:143525033:INS	chr8	143525033	143525033	INS	0006C_Sniffles2.INS.2B2S7	149	0.22993827160493827	26	77	0.33766233766233766	104	418	0.24880382775119617	19	153	0.12418300653594772	0.00016417344590631094	0.07055291226474579	0.0006654747124943029	0.046631993958250004	1.0	0.042221307196946334	0.0888585099111415	0.21347933112638995	0	case_vs_control
chr20:63034330:63034371:DEL	chr20	63034330	63034371	DEL	Sniffles2.DEL.4CA5M13	202	0.3117283950617284	34	77	0.44155844155844154	137	418	0.3277511961722488	31	153	0.20261437908496732	0.00016537569611898276	0.03730571682264139	0.002117552256242327	0.04673382171754193	1.0	0.09489238217536408	0.11380724538619275	0.23894406247347422	0	abnormal_vs_control_only
chr13:51844206:51844206:INS	chr13	51844206	51844206	INS	Sniffles2.INS.5344MC	132	0.2037037037037037	23	77	0.2987012987012987	94	418	0.22488038277511962	15	153	0.09803921568627451	0.00016857333484904553	0.10624421396391545	0.0002765804620500407	0.04739563386100982	1.0	0.02213762808096482	0.07382091592617906	0.2006620830150242	0	case_vs_control
chr4:56905349:56905349:INS	chr4	56905349	56905349	INS	0003C_Sniffles2.INS.152S3	249	0.38425925925925924	37	77	0.4805194805194805	176	418	0.42105263157894735	36	153	0.23529411764705882	0.00017199592349752068	0.19926694861096517	2.4997010832861336e-05	0.04811368793273068	1.0	0.003616959132353268	0.05946684894053317	0.2452253628724217	0	case_vs_control
chr2:63686889:63686889:INS	chr2	63686889	63686889	INS	Sniffles2.INS.2F18M1	227	0.35030864197530864	32	77	0.4155844155844156	167	418	0.39952153110047844	28	153	0.1830065359477124	0.00017732266835327644	0.4430609108540636	4.957516714335762e-07	0.04903490717490045	1.0	0.00019613171790310014	0.016062884483937168	0.2325778796367032	0	case_vs_control
chr7:155166898:155166898:INS	chr7	155166898	155166898	INS	0006C_Sniffles2.INS.36DS6	192	0.2962962962962963	28	77	0.36363636363636365	142	418	0.3397129186602871	22	153	0.1437908496732026	0.00017832717238996218	0.3881387926515093	1.4806614932730492e-06	0.04903490717490045	1.0	0.0004418744477380782	0.02392344497607657	0.21984551396316104	0	case_vs_control
chr10:131957695:131957695:INS	chr10	131957695	131957695	INS	Sniffles2.INS.79C6M9	294	0.4537037037037037	41	77	0.5324675324675324	210	418	0.5023923444976076	43	153	0.28104575163398693	0.00018015075781504603	0.35925544091798906	1.375502582429384e-06	0.04903490717490045	1.0	0.00042211240169816224	0.03007518796992481	0.2514217808335455	0	case_vs_control
chr3:2881720:2881720:INS	chr3	2881720	2881720	INS	Sniffles2.INS.25BM2	305	0.470679012345679	41	77	0.5324675324675324	221	418	0.5287081339712919	43	153	0.28104575163398693	0.00018015075781504603	0.5259602394208172	8.179551681147366e-08	0.04903490717490045	1.0	5.3374493975454665e-05	0.003759398496240518	0.2514217808335455	0	case_vs_control
chr13:112666090:112666978:DEL	chr13	112666090	112666978	DEL	Sniffles2.DEL.7F72MC	177	0.27314814814814814	30	77	0.38961038961038963	122	418	0.291866028708134	25	153	0.16339869281045752	0.0001822788216451319	0.05943306114103656	0.0010141617825366097	0.04903490717490045	1.0	0.05667890102806915	0.09774436090225563	0.2262116967999321	0	abnormal_vs_control_only
chr4:178455861:178455861:INS	chr4	178455861	178455861	INS	0003C_Sniffles2.INS.2D3S3	200	0.30864197530864196	30	77	0.38961038961038963	145	418	0.34688995215311	25	153	0.16339869281045752	0.0001822788216451319	0.2754965707347264	8.770128063168638e-06	0.04903490717490045	1.0	0.00169254304237904	0.0427204374572796	0.2262116967999321	0	case_vs_control
chr5:179277430:179277975:DEL	chr5	179277430	179277975	DEL	0006C_Sniffles2.DEL.791S4	76	0.11728395061728394	18	77	0.23376623376623376	49	418	0.11722488038277512	9	153	0.058823529411764705	0.00018244288982514559	0.007357754634815539	0.025337706817045207	0.04903490717490045	1.0	0.5091859725913521	0.11654135338345864	0.17494270435446907	0	abnormal_vs_control_only
chr14:105587870:105587870:INS	chr14	105587870	105587870	INS	Sniffles2.INS.6ACEMD	374	0.5771604938271605	49	77	0.6363636363636364	267	418	0.638755980861244	58	153	0.3790849673202614	0.00018431469485576406	0.5702772856800805	2.6016339807385696e-08	0.04903490717490045	1.0	2.7188547721726014e-05	-0.0023923444976076125	0.25727866904337493	0	case_vs_control
chr14:46933802:46933842:DEL	chr14	46933802	46933842	DEL	Sniffles2.DEL.411BMD	61	0.0941358024691358	12	77	0.15584415584415584	46	418	0.11004784688995216	3	153	0.0196078431372549	0.00018591266170883756	0.16859560269102158	0.0001526809746249278	0.04903490717490045	1.0	0.014048376686360131	0.04579630895420368	0.13623631270690095	0	case_vs_control
chr16:61398263:61398304:DEL	chr16	61398263	61398304	DEL	Sniffles2.DEL.18EAMF	55	0.08487654320987655	12	77	0.15584415584415584	40	418	0.09569377990430622	3	153	0.0196078431372549	0.00018591266170883756	0.08782214531681094	0.0007892654152119134	0.04903490717490045	1.0	0.04731150737852539	0.06015037593984962	0.13623631270690095	0	case_vs_control
chr3:195787501:195787501:INS	chr3	195787501	195787501	INS	Sniffles2.INS.A401M2	43	0.06635802469135803	12	77	0.15584415584415584	28	418	0.06698564593301436	3	153	0.0196078431372549	0.00018591266170883756	0.012096757854464112	0.016344784246954895	0.04903490717490045	1.0	0.38900099555305195	0.08885850991114148	0.13623631270690095	0	abnormal_vs_control_only
chr7:49877481:49877492:DEL	chr7	49877481	49877492	DEL	102_Sniffles2.DEL.39FS6	49	0.07561728395061729	12	77	0.15584415584415584	34	418	0.08133971291866028	3	153	0.0196078431372549	0.00018591266170883756	0.03734641483820312	0.0037678848528449266	0.04903490717490045	1.0	0.14129837473697157	0.07450444292549556	0.13623631270690095	0	abnormal_vs_control_only
chr12:84116230:84116230:INS	chr12	84116230	84116230	INS	Sniffles2.INS.48D3MB	221	0.3410493827160494	35	77	0.45454545454545453	153	418	0.3660287081339713	33	153	0.21568627450980393	0.00019588333597152617	0.09040162304724789	0.00038168588924381247	0.0509427151624479	1.0	0.02822539123289224	0.08851674641148322	0.2388591800356506	0	normal_vs_control
chr6:106568100:106568100:INS	chr6	106568100	106568100	INS	0006C_Sniffles2.INS.21CS5	264	0.4074074074074074	38	77	0.4935064935064935	188	418	0.44976076555023925	38	153	0.24836601307189543	0.00019590522007657623	0.2792621566227978	6.931457741568684e-06	0.0509427151624479	1.0	0.001442689743574801	0.043745727956254254	0.24514048043459807	0	normal_vs_control
chr7:33671762:33671806:DEL	chr7	33671762	33671806	DEL	Sniffles2.INS.1BA4M6	309	0.47685185185185186	38	77	0.4935064935064935	233	418	0.5574162679425837	38	153	0.24836601307189543	0.00019590522007657623	0.8768378190584523	2.3905935167815857e-11	0.0509427151624479	1.0	2.4917717888463257e-07	-0.0639097744360902	0.24514048043459807	0	normal_vs_control
chr10:131540388:131540388:INS	chr10	131540388	131540388	INS	Sniffles2.INS.78FFM9	105	0.16203703703703703	17	77	0.22077922077922077	80	418	0.19138755980861244	8	153	0.05228758169934641	0.00019996971521512406	0.3234296209164305	9.590202401070306e-06	0.05122154425079343	1.0	0.0017824903711090004	0.02939166097060833	0.16849163907987436	0	normal_vs_control
chr18:51151345:51151345:INS	chr18	51151345	51151345	INS	0010C_Sniffles2.INS.CDS11	131	0.2021604938271605	22	77	0.2857142857142857	95	418	0.22727272727272727	14	153	0.0915032679738562	0.00020160136937013372	0.16729016104764888	9.739995265266513e-05	0.05122154425079343	1.0	0.0101908843251432	0.05844155844155843	0.19421101774042948	0	normal_vs_control
chr18:63198151:63198151:INS	chr18	63198151	63198151	INS	Sniffles2.INS.42A1M11	141	0.2175925925925926	22	77	0.2857142857142857	105	418	0.2511961722488038	14	153	0.0915032679738562	0.00020160136937013372	0.3060666501870531	9.098367639187991e-06	0.05122154425079343	1.0	0.0017140829482970902	0.03451811346548189	0.19421101774042948	0	normal_vs_control
chr6:168311595:168311595:INS	chr6	168311595	168311595	INS	Sniffles2.INS.79C8M5	130	0.2006172839506173	22	77	0.2857142857142857	94	418	0.22488038277511962	14	153	0.0915032679738562	0.00020160136937013372	0.15581143595498106	0.000122057820918359	0.05122154425079343	1.0	0.012050870918050032	0.060833902939166073	0.19421101774042948	0	normal_vs_control
chr2:170632848:170632848:INS	chr2	170632848	170632848	INS	Sniffles2.INS.945EM1	184	0.2839506172839506	25	77	0.3246753246753247	141	418	0.3373205741626794	18	153	0.11764705882352941	0.00020258677919819394	0.6323976491143558	4.003131547835273e-08	0.05123687911520349	1.0	3.4644601589296894e-05	-0.012645249487354737	0.20702826585179526	0	normal_vs_control
chr18:60526241:60526277:DEL	chr18	60526241	60526277	DEL	0008C_Sniffles2.DEL.2D6S11	91	0.1404320987654321	16	77	0.2077922077922078	68	418	0.16267942583732056	7	153	0.0457516339869281	0.0002140573593561657	0.20813210945540547	6.909940667714271e-05	0.053065030006740045	1.0	0.007910192603061434	0.04511278195488724	0.1620405738052797	0	normal_vs_control
chr13:113801018:113801059:DEL	chr13	113801018	113801059	DEL	Sniffles2.DEL.81FAMC	233	0.3595679012345679	33	77	0.42857142857142855	170	418	0.40669856459330145	30	153	0.19607843137254902	0.00021556351107670453	0.4062123208763609	1.2217120901717437e-06	0.053065030006740045	1.0	0.0003934197049443752	0.0218728639781271	0.23249299719887953	0	normal_vs_control
chr10:97819335:97819335:INS	chr10	97819335	97819335	INS	0002C_Sniffles2.INS.223S9	284	0.4382716049382716	39	77	0.5064935064935064	205	418	0.4904306220095694	40	153	0.26143790849673204	0.00021985157728943982	0.44617031351896286	5.110732537870111e-07	0.053848087364649945	1.0	0.00019613171790310014	0.016062884483937057	0.2450555979967744	0	normal_vs_control
chr2:137782004:137782004:INS	chr2	137782004	137782004	INS	Sniffles2.INS.8056M1	93	0.14351851851851852	15	77	0.19480519480519481	72	418	0.1722488038277512	6	153	0.0392156862745098	0.00022245120252090798	0.36821628537079343	6.9805887787615846e-06	0.053848087364649945	1.0	0.001442689743574801	0.022556390977443608	0.155589508530685	0	normal_vs_control
chr12:38391047:38391047:INS	chr12	38391047	38391047	INS	0002C_Sniffles2.INS.B9SB	175	0.2700617283950617	27	77	0.35064935064935066	127	418	0.3038277511961722	21	153	0.13725490196078433	0.00022381435492523484	0.24585708495504144	2.2629960048978256e-05	0.053848087364649945	1.0	0.0033785127417595893	0.04682159945317843	0.21339444868856633	0	normal_vs_control
chr1:248740730:248740730:INS	chr1	248740730	248740730	INS	Sniffles2.INS.D349M0	237	0.36574074074074076	36	77	0.4675324675324675	166	418	0.39712918660287083	35	153	0.22875816993464052	0.00022775523924515142	0.15180541920508733	0.00010399331458960121	0.053848087364649945	1.0	0.010687123704821475	0.07040328092959669	0.238774297597827	0	normal_vs_control
chr10:4380667:4380667:INS	chr10	4380667	4380667	INS	0011C_Sniffles2.INS.51S9	221	0.3410493827160494	31	77	0.4025974025974026	163	418	0.38995215311004783	27	153	0.17647058823529413	0.00022846646440912718	0.4649024258564152	5.831331139964495e-07	0.053848087364649945	1.0	0.00021676897260426405	0.012645249487354793	0.2261268143621085	0	normal_vs_control
chr20:12460795:12460838:DEL	chr20	12460795	12460838	DEL	Sniffles2.DEL.9E7M13	215	0.3317901234567901	31	77	0.4025974025974026	157	418	0.37559808612440193	27	153	0.17647058823529413	0.00022846646440912718	0.3718549276305734	2.5574429202261524e-06	0.053848087364649945	1.0	0.0006468111802076993	0.02699931647300069	0.2261268143621085	0	normal_vs_control
chr5:78347018:78347018:INS	chr5	78347018	78347018	INS	0006C_Sniffles2.INS.1FES4	189	0.2916666666666667	31	77	0.4025974025974026	131	418	0.3133971291866029	27	153	0.17647058823529413	0.00022846646440912718	0.08191233125380028	0.0006454576228994017	0.053848087364649945	1.0	0.04164000507499449	0.08920027341079972	0.2261268143621085	0	normal_vs_control
chr6:22201203:22201242:DEL	chr6	22201203	22201242	DEL	0002C_Sniffles2.DEL.3A9S5	234	0.3611111111111111	31	77	0.4025974025974026	176	418	0.42105263157894735	27	153	0.17647058823529413	0.00022846646440912718	0.6639327352253352	1.8306663088453988e-08	0.053848087364649945	1.0	2.2042814242245426e-05	-0.018455228981544725	0.2261268143621085	0	normal_vs_control
chr16:57197968:57197968:INS	chr16	57197968	57197968	INS	Sniffles2.INS.5D7EMF	206	0.31790123456790126	29	77	0.37662337662337664	153	418	0.3660287081339713	24	153	0.1568627450980392	0.0002319778646962836	0.47751578666953287	5.434973393972219e-07	0.0544440252957532	1.0	0.00020618651119543372	0.010594668489405323	0.21976063152533742	0	normal_vs_control
chr7:112066713:112066751:DEL	chr7	112066713	112066751	DEL	Sniffles2.DEL.6628M6	128	0.19753086419753085	21	77	0.2727272727272727	94	418	0.22488038277511962	13	153	0.08496732026143791	0.000238855515196289	0.21943389546260192	5.057102750911784e-05	0.05558709779702544	1.0	0.006169665356112376	0.04784688995215308	0.1877599524658348	0	normal_vs_control
chr9:9772645:9772645:INS	chr9	9772645	9772645	INS	Sniffles2.INS.6F7M8	123	0.18981481481481483	21	77	0.2727272727272727	89	418	0.21291866028708134	13	153	0.08496732026143791	0.000238855515196289	0.15598339250012822	0.0001598107188782373	0.05558709779702544	1.0	0.014536865622149344	0.05980861244019137	0.1877599524658348	0	normal_vs_control
chr6:13814642:13814642:INS	chr6	13814642	13814642	INS	Sniffles2.INS.AAAM5	301	0.4645061728395062	40	77	0.5194805194805194	219	418	0.5239234449760766	42	153	0.27450980392156865	0.00024339766572186114	0.5780899784988438	6.299438656543454e-08	0.05640715443097257	1.0	4.30203504540605e-05	-0.004442925495557137	0.24497071555895078	0	normal_vs_control
chr12:122387567:122387593:DEL	chr12	122387567	122387593	DEL	0006C_Sniffles2.DEL.4DBSB	156	0.24074074074074073	24	77	0.3116883116883117	115	418	0.2751196172248804	17	153	0.1111111111111111	0.00024823178722589956	0.29872813525465425	1.2785791192340915e-05	0.057287759295283854	1.0	0.0022269792533376686	0.036568694463431306	0.20057720057720058	0	normal_vs_control
chr10:7367274:7367313:DEL	chr10	7367274	7367313	DEL	0002C_Sniffles2.DEL.36CS9	239	0.36882716049382713	34	77	0.44155844155844154	173	418	0.4138755980861244	32	153	0.20915032679738563	0.0002564748372039003	0.37037921814438435	2.833771876351644e-06	0.05894451569730137	1.0	0.0006854015575867462	0.027682843472317142	0.2324081147610559	0	normal_vs_control
chr13:113273968:113273968:INS	chr13	113273968	113273968	INS	Sniffles2.INS.80B0MC	282	0.4351851851851852	37	77	0.4805194805194805	208	418	0.49760765550239233	37	153	0.24183006535947713	0.0002604514641187938	0.6550930494632918	2.0061363768394875e-08	0.05937942728202572	1.0	2.2676710538854192e-05	-0.01708817498291182	0.2386894151600034	0	normal_vs_control
chr11:19859355:19859399:DEL	chr11	19859355	19859399	DEL	Sniffles2.DEL.12BFMA	358	0.5524691358024691	48	77	0.6233766233766234	253	418	0.6052631578947368	57	153	0.37254901960784315	0.00026051131706384507	0.43412943065191434	6.036426119248055e-07	0.05937942728202572	1.0	0.00022289704659527417	0.018113465481886526	0.2508276037687802	0	normal_vs_control
chr8:144561708:144561708:INS	chr8	144561708	144561708	INS	Sniffles2.INS.76A7M7	160	0.24691358024691357	26	77	0.33766233766233766	114	418	0.2727272727272727	20	153	0.13071895424836602	0.00027913048261363915	0.15276863275294605	0.00017835541033367751	0.06064099371053506	1.0	0.01593346688316408	0.06493506493506496	0.20694338341397164	0	normal_vs_control
chr1:247852935:247852935:INS	chr1	247852935	247852935	INS	Sniffles2.INS.D209M0	241	0.37191358024691357	32	77	0.4155844155844156	180	418	0.430622009569378	29	153	0.1895424836601307	0.00027913687816008385	0.6430053296015554	3.881117568190131e-08	0.06064099371053506	1.0	3.4121799978875394e-05	-0.015037593984962405	0.2260419319242849	0	normal_vs_control
chr2:233100994:233100994:INS	chr2	233100994	233100994	INS	0006C_Sniffles2.INS.42FS1	224	0.345679012345679	32	77	0.4155844155844156	163	418	0.38995215311004783	29	153	0.1895424836601307	0.00027913687816008385	0.3814963118242864	2.9917375761287096e-06	0.06064099371053506	1.0	0.0007142515554595559	0.025632262474367784	0.2260419319242849	0	normal_vs_control
chr4:71037128:71037128:INS	chr4	71037128	71037128	INS	0005c_Sniffles2.INS.3C9S3	230	0.3549382716049383	32	77	0.4155844155844156	169	418	0.4043062200956938	29	153	0.1895424836601307	0.00027913687816008385	0.47435065338297705	6.923951583084537e-07	0.06064099371053506	1.0	0.0002458357886435169	0.011278195488721832	0.2260419319242849	0	normal_vs_control
chr13:107254063:107254063:INS	chr13	107254063	107254063	INS	Sniffles2.INS.79FFMC	311	0.4799382716049383	42	77	0.5454545454545454	223	418	0.5334928229665071	46	153	0.3006535947712418	0.0002875779291857877	0.47329410845529896	4.852306695735333e-07	0.06064099371053506	1.0	0.00019475330671260045	0.011961722488038284	0.2448009506833036	0	normal_vs_control
chr18:51576107:51576107:INS	chr18	51576107	51576107	INS	Sniffles2.INS.3A8EM11	322	0.49691358024691357	42	77	0.5454545454545454	234	418	0.5598086124401914	46	153	0.3006535947712418	0.0002875779291857877	0.6407757155132111	2.5269413756408e-08	0.06064099371053506	1.0	2.691581325269089e-05	-0.014354066985646008	0.2448009506833036	0	normal_vs_control
chr19:8499592:8499634:DEL	chr19	8499592	8499634	DEL	Sniffles2.DEL.C9EM12	202	0.3117283950617284	30	77	0.38961038961038963	146	418	0.3492822966507177	26	153	0.16993464052287582	0.00029252051107229803	0.28926663127900076	1.5101469011489154e-05	0.06064099371053506	1.0	0.002557920995744224	0.040328092959671935	0.2196757490875138	0	normal_vs_control
chr4:29322943:29322976:DEL	chr4	29322943	29322976	DEL	Sniffles2.DEL.1920M3	209	0.32253086419753085	30	77	0.38961038961038963	153	418	0.3660287081339713	26	153	0.16993464052287582	0.00029252051107229803	0.39263945095909314	2.971525814020052e-06	0.06064099371053506	1.0	0.0007124972804629551	0.023581681476418315	0.2196757490875138	0	normal_vs_control
chr4:82077087:82077132:DEL	chr4	82077087	82077132	DEL	Sniffles2.INS.59CDM3	218	0.33641975308641975	30	77	0.38961038961038963	162	418	0.3875598086124402	26	153	0.16993464052287582	0.00029252051107229803	0.5345440081324704	3.164326036647165e-07	0.06064099371053506	1.0	0.00014605474209817765	0.002050580997949414	0.2196757490875138	0	normal_vs_control
chr11:133627757:133627803:DEL	chr11	133627757	133627803	DEL	Sniffles2.DEL.6CEBMA	293	0.4521604938271605	38	77	0.4935064935064935	216	418	0.5167464114832536	39	153	0.2549019607843137	0.0002934087844929526	0.6911979314422878	1.1807483569978877e-08	0.06064099371053506	1.0	1.6349822499349752e-05	-0.023239917976760116	0.2386045327221798	0	normal_vs_control
chr16:84974039:84974039:INS	chr16	84974039	84974039	INS	0004c_Sniffles2.INS.328SF	263	0.4058641975308642	38	77	0.4935064935064935	186	418	0.4449760765550239	39	153	0.2549019607843137	0.0002934087844929526	0.2537030389788106	2.1246884397992665e-05	0.06064099371053506	1.0	0.0032153618388962232	0.04853041695146959	0.2386045327221798	0	normal_vs_control
chr2:236202794:236202801:DEL	chr2	236202794	236202801	DEL	0003C_Sniffles2.DEL.7B3S1	264	0.4074074074074074	38	77	0.4935064935064935	187	418	0.4473684210526316	39	153	0.2549019607843137	0.0002934087844929526	0.2663314597858268	1.7108901137495762e-05	0.06064099371053506	1.0	0.002811951976865327	0.04613807245386192	0.2386045327221798	0	normal_vs_control
chr5:139224404:139224404:INS	chr5	139224404	139224404	INS	Sniffles2.INS.72BFM4	254	0.39197530864197533	38	77	0.4935064935064935	177	418	0.423444976076555	39	153	0.2549019607843137	0.0002934087844929526	0.1551468803529966	0.0001349897976767011	0.06064099371053506	1.0	0.01284676102013251	0.07006151742993849	0.2386045327221798	0	normal_vs_control
chr1:3443212:3443292:DEL	chr1	3443212	3443292	DEL	Sniffles2.DEL.926M0	185	0.2854938271604938	28	77	0.36363636363636365	134	418	0.32057416267942584	23	153	0.1503267973856209	0.00029341709963211156	0.2695332187505233	2.2502991922348362e-05	0.06064099371053506	1.0	0.00337776616963423	0.0430622009569378	0.21330956625074274	0	normal_vs_control
chr17:15563647:15563691:DEL	chr17	15563647	15563691	DEL	Sniffles2.DEL.107EM10	207	0.3194444444444444	28	77	0.36363636363636365	156	418	0.37320574162679426	23	153	0.1503267973856209	0.00029341709963211156	0.61055105553397	9.865915171192751e-08	0.06064099371053506	1.0	6.13992482586544e-05	-0.009569377990430616	0.21330956625074274	0	normal_vs_control
chr17:15175176:15175176:INS	chr17	15175176	15175176	INS	Sniffles2.INS.103CM10	236	0.36419753086419754	35	77	0.45454545454545453	167	418	0.39952153110047844	34	153	0.2222222222222222	0.0002994115600621883	0.21813500674910882	4.46603956089733e-05	0.06164984196551853	1.0	0.0056605262974595266	0.055023923444976086	0.23232323232323232	0	normal_vs_control
chr11:47648334:47648334:INS	chr11	47648334	47648334	INS	0006C_Sniffles2.INS.10CSA	161	0.24845679012345678	23	77	0.2987012987012987	122	418	0.291866028708134	16	153	0.10457516339869281	0.00030198388153977577	0.5008234450777574	8.657851092634763e-07	0.0617206023273989	1.0	0.0002960129977276878	0.006835269993164694	0.19412613530260586	0	normal_vs_control
chr19:51495280:51495280:INS	chr19	51495280	51495280	INS	0046c_Sniffles2.INS.130S12	137	0.21141975308641975	23	77	0.2987012987012987	98	418	0.23444976076555024	16	153	0.10457516339869281	0.00030198388153977577	0.14460892905671344	0.0002572813604221902	0.0617206023273989	1.0	0.02101814157974081	0.06425153793574845	0.19412613530260586	0	normal_vs_control
chr4:49197620:49197669:DEL	chr4	49197620	49197669	DEL	Sniffles2.DEL.13B4MD	132	0.2037037037037037	19	77	0.24675324675324675	102	418	0.24401913875598086	11	153	0.0718954248366013	0.00032492871215271244	0.5302574827911557	8.450189935292239e-07	0.0651970161556417	1.0	0.0002925244500849791	0.0027341079972658944	0.17485782191664545	0	normal_vs_control
chr6:164659800:164659800:INS	chr6	164659800	164659800	INS	Sniffles2.INS.762CM5	124	0.19135802469135801	19	77	0.24675324675324675	94	418	0.22488038277511962	11	153	0.0718954248366013	0.00032492871215271244	0.3861485356684784	7.033058038314592e-06	0.0651970161556417	1.0	0.001448130180766426	0.021872863978127127	0.17485782191664545	0	normal_vs_control
chr3:197884415:197884459:DEL	chr3	197884415	197884459	DEL	Sniffles2.DEL.A794M2	313	0.48302469135802467	44	77	0.5714285714285714	219	418	0.5239234449760766	50	153	0.32679738562091504	0.0003252249578999145	0.2604328749241058	1.900902681404391e-05	0.0651970161556417	1.0	0.0029996352626104387	0.04750512645249483	0.24463118580765636	0	normal_vs_control
chr17:3112492:3112542:DEL	chr17	3112492	3112542	DEL	Sniffles2.DEL.6C0M10	297	0.4583333333333333	39	77	0.5064935064935064	217	418	0.5191387559808612	41	153	0.2679738562091503	0.00032605570656302365	0.6288414892134175	4.8152920529324205e-08	0.0651970161556417	1.0	3.4891016614553776e-05	-0.012645249487354793	0.23851965028435612	0	normal_vs_control
chr7:155140743:155140743:INS	chr7	155140743	155140743	INS	0003C_Sniffles2.INS.2C3S6	250	0.38580246913580246	33	77	0.42857142857142855	186	418	0.4449760765550239	31	153	0.20261437908496732	0.0003335587258142153	0.6510244837993054	4.5476670400251276e-08	0.06645737663812143	1.0	3.4891016614553776e-05	-0.016404647983595366	0.22595704948646123	0	normal_vs_control
chr6:22293680:22293680:INS	chr6	22293680	22293680	INS	0003C_Sniffles2.INS.69S5	249	0.38425925925925924	36	77	0.4675324675324675	177	418	0.423444976076555	36	153	0.23529411764705882	0.0003436759219836468	0.2758891753271727	2.015006459408624e-05	0.06770705828121741	1.0	0.0031088350354798013	0.04408749145591251	0.2322383498854087	0	normal_vs_control
chr15:82307837:82307837:INS	chr15	82307837	82307837	INS	0006C_Sniffles2.INS.202SE	174	0.26851851851851855	25	77	0.3246753246753247	130	418	0.31100478468899523	19	153	0.12418300653594772	0.0003459431193324281	0.454094953794822	1.9919428937302834e-06	0.06770705828121741	1.0	0.0005359285327510394	0.013670539986329444	0.20049231813937696	0	normal_vs_control
chr18:5972893:5972933:DEL	chr18	5972893	5972933	DEL	0003C_Sniffles2.DEL.1A6S11	204	0.3148148148148148	25	77	0.3246753246753247	160	418	0.3827751196172249	19	153	0.12418300653594772	0.0003459431193324281	0.8639658853213623	4.550465125474396e-10	0.06770705828121741	1.0	1.400228679832088e-06	-0.05809979494190021	0.20049231813937696	0	normal_vs_control
chr18:39640982:39640982:INS	chr18	39640982	39640982	INS	0003C_Sniffles2.INS.8DS11	299	0.46141975308641975	40	77	0.5194805194805194	216	418	0.5167464114832536	43	153	0.28104575163398693	0.00035782591756557575	0.5322322914277137	3.0600842355488606e-07	0.0691938684705152	1.0	0.00014469928119668484	0.002734107997265811	0.2384347678465325	0	normal_vs_control
chr22:19907704:19907745:DEL	chr22	19907704	19907745	DEL	0003C_Sniffles2.DEL.3F9S15	145	0.22376543209876543	22	77	0.2857142857142857	108	418	0.2583732057416268	15	153	0.09803921568627451	0.0003646676886451811	0.35449209903349793	1.1235290876795645e-05	0.0691938684705152	1.0	0.0020224029060529275	0.027341079972658888	0.1876750700280112	0	normal_vs_control
chr22:48280269:48280269:INS	chr22	48280269	48280269	INS	0008C_Sniffles2.INS.25AS15	177	0.27314814814814814	27	77	0.35064935064935066	128	418	0.3062200956937799	22	153	0.1437908496732026	0.00036891609190296164	0.2593555687090835	3.95487384613805e-05	0.0691938684705152	1.0	0.005178547342550693	0.04442925495557076	0.20685850097614805	0	normal_vs_control
chr5:19867682:19867682:INS	chr5	19867682	19867682	INS	Sniffles2.INS.1385M4	197	0.30401234567901236	27	77	0.35064935064935066	148	418	0.35406698564593303	22	153	0.1437908496732026	0.00036891609190296164	0.5709121027878957	3.207014779434488e-07	0.0691938684705152	1.0	0.00014680176413497308	-0.003417634996582375	0.20685850097614805	0	normal_vs_control
chr11:126169886:126169886:INS	chr11	126169886	126169886	INS	Sniffles2.INS.67B2MA	98	0.15123456790123457	18	77	0.23376623376623376	70	418	0.1674641148325359	10	153	0.06535947712418301	0.00037217856395473927	0.11008386946959442	0.0008239445936248321	0.0691938684705152	1.0	0.04859664176676376	0.06630211893369786	0.16840675664205074	0	normal_vs_control
chr4:35094625:35094642:DEL	chr4	35094625	35094642	DEL	0022C_Sniffles2.DEL.3E5S3	136	0.20987654320987653	18	77	0.23376623376623376	108	418	0.2583732057416268	10	153	0.06535947712418301	0.00037217856395473927	0.7213857892214713	4.553585864132515e-08	0.0691938684705152	1.0	3.4891016614553776e-05	-0.02460697197539305	0.16840675664205074	0	normal_vs_control
chr8:138813760:138813804:DEL	chr8	138813760	138813804	DEL	Sniffles2.DEL.6EFFM7	139	0.21450617283950618	18	77	0.23376623376623376	111	418	0.26555023923444976	10	153	0.06535947712418301	0.00037217856395473927	0.7634052621200453	1.8731555419403966e-08	0.0691938684705152	1.0	2.207454024616908e-05	-0.031784005468216	0.16840675664205074	0	normal_vs_control
chr10:118758581:118758627:DEL	chr10	118758581	118758627	DEL	0006C_Sniffles2.DEL.6EBS9	201	0.3101851851851852	29	77	0.37662337662337664	147	418	0.35167464114832536	25	153	0.16339869281045752	0.0003722787030442249	0.38269071551589096	5.504659797400655e-06	0.0691938684705152	1.0	0.0011956552817977547	0.024948735475051276	0.21322468381291912	0	normal_vs_control
chr18:15074396:15074438:DEL	chr18	15074396	15074438	DEL	Sniffles2.DEL.B73M11	261	0.4027777777777778	37	77	0.4805194805194805	186	418	0.4449760765550239	38	153	0.24836601307189543	0.0003885389068807723	0.3251283159025999	1.0864660198673426e-05	0.0707557478720648	1.0	0.001966574506810862	0.0355434039644566	0.23215346744758508	0	normal_vs_control
chr6:167563055:167563102:DEL	chr6	167563055	167563102	DEL	0003C_Sniffles2.DEL.5CFS5	301	0.4645061728395062	37	77	0.4805194805194805	226	418	0.5406698564593302	38	153	0.24836601307189543	0.0003885389068807723	0.863467592573164	2.338389069285723e-10	0.0707557478720648	1.0	9.962976443815202e-07	-0.060150375939849676	0.23215346744758508	0	normal_vs_control
chr7:157442262:157442300:DEL	chr7	157442262	157442300	DEL	121_Sniffles2.DEL.67CS6	33	0.05092592592592592	7	77	0.09090909090909091	26	418	0.06220095693779904	0	153	0.0	0.00039034444896549444	0.24002561793952593	0.00024224009480805785	0.0707557478720648	1.0	0.020115733689998062	0.02870813397129187	0.09090909090909091	0	normal_vs_control
chr7:157828590:157828590:INS	chr7	157828590	157828590	INS	Sniffles2.INS.87C4M6	245	0.37808641975308643	34	77	0.44155844155844154	178	418	0.4258373205741627	33	153	0.21568627450980393	0.0003909016185609127	0.44636262097481466	1.8470628088696708e-06	0.0707557478720648	1.0	0.0005104616498496527	0.015721120984278858	0.2258721670486376	0	normal_vs_control
chr8:135559215:135559215:INS	chr8	135559215	135559215	INS	Sniffles2.INS.6CACM7	235	0.3626543209876543	34	77	0.44155844155844154	168	418	0.4019138755980861	33	153	0.21568627450980393	0.0003909016185609127	0.2987974412139798	1.8327363585165216e-05	0.0707557478720648	1.0	0.0029423652587105245	0.03964456596035543	0.2258721670486376	0	normal_vs_control
chr11:71150210:71150210:INS	chr11	71150210	71150210	INS	0002C_Sniffles2.INS.146SA	48	0.07407407407407407	10	77	0.12987012987012986	36	418	0.0861244019138756	2	153	0.013071895424836602	0.0004043006010356882	0.1577581880844149	0.0005691851290880202	0.07154441434557411	1.0	0.03780099032365379	0.043745727956254254	0.11679823444529326	0	normal_vs_control
chr8:63665008:63665008:INS	chr8	63665008	63665008	INS	Sniffles2.INS.3B77M7	47	0.07253086419753087	10	77	0.12987012987012986	35	418	0.08373205741626795	2	153	0.013071895424836602	0.0004043006010356882	0.14111192719232993	0.000754897359799035	0.07154441434557411	1.0	0.04615039179310038	0.04613807245386191	0.11679823444529326	0	normal_vs_control
chr6:89280218:89280248:DEL	chr6	89280218	89280248	DEL	0027C_Sniffles2.DEL.4CCS5	93	0.14351851851851852	17	77	0.22077922077922077	67	418	0.16028708133971292	9	153	0.058823529411764705	0.0004201980864196364	0.1294482469390939	0.0006662349694903426	0.07412080130767777	1.0	0.042221307196946334	0.06049213943950785	0.16195569136745608	0	normal_vs_control
chr10:79583306:79583306:INS	chr10	79583306	79583306	INS	0002C_Sniffles2.INS.1F1S9	146	0.22530864197530864	24	77	0.3116883116883117	104	418	0.24880382775119617	18	153	0.11764705882352941	0.00042608176669136385	0.1547169257796822	0.00032917270687032575	0.07492005363016274	1.0	0.02539306112553427	0.06288448393711552	0.19404125286478227	0	normal_vs_control
chr7:86635415:86635453:DEL	chr7	86635415	86635453	DEL	0003C_Sniffles2.DEL.5A3S6	205	0.31635802469135804	32	77	0.4155844155844156	143	418	0.34210526315789475	30	153	0.19607843137254902	0.0004310348432446384	0.13392066506672215	0.0004187055161597109	0.07531280093890862	1.0	0.03027579781860844	0.07347915242652087	0.2195059842118666	0	normal_vs_control
chr8:142887414:142887451:DEL	chr8	142887414	142887451	DEL	Sniffles2.DEL.7388M7	285	0.4398148148148148	38	77	0.4935064935064935	207	418	0.49521531100478466	40	153	0.26143790849673204	0.0004332594852195788	0.5600827753169737	3.0728529449234724e-07	0.07546344769604411	1.0	0.00014469928119668484	-0.0017088174982911597	0.23206858500976146	0	normal_vs_control
chr10:99838740:99838740:INS	chr10	99838740	99838740	INS	Sniffles2.INS.6194M9	229	0.3533950617283951	35	77	0.45454545454545453	159	418	0.3803827751196172	35	153	0.22875816993464052	0.00045026697230858136	0.13633036298417284	0.00039907315777738844	0.07793558456946158	1.0	0.029160770531627956	0.07416267942583732	0.22578728461081402	0	normal_vs_control
chr2:179301512:179301512:INS	chr2	179301512	179301512	INS	Sniffles2.INS.9975M1	198	0.3055555555555556	30	77	0.38961038961038963	141	418	0.3373205741626794	27	153	0.17647058823529413	0.0004594083133724268	0.2236043505286742	9.115807470800509e-05	0.07828337524878227	1.0	0.009785006670401136	0.05228981544771022	0.2131398013750955	0	normal_vs_control
chr11:75103141:75103141:INS	chr11	75103141	75103141	INS	Sniffles2.INS.457FMA	157	0.24228395061728394	26	77	0.33766233766233766	110	418	0.2631578947368421	21	153	0.13725490196078433	0.0004611457907335756	0.11477768278063148	0.0007875768786152327	0.07828337524878227	1.0	0.04731150737852539	0.07450444292549557	0.20040743570155334	0	normal_vs_control
chr13:24980083:24980083:INS	chr13	24980083	24980083	INS	Sniffles2.INS.40E6MC	183	0.2824074074074074	26	77	0.33766233766233766	136	418	0.3253588516746411	21	153	0.13725490196078433	0.0004611457907335756	0.46426037438199796	2.7064983139856926e-06	0.07828337524878227	1.0	0.0006722310700225987	0.012303485987696539	0.20040743570155334	0	normal_vs_control
chr9:32520854:32520854:INS	chr9	32520854	32520854	INS	Sniffles2.INS.16D5M8	182	0.2808641975308642	26	77	0.33766233766233766	135	418	0.3229665071770335	21	153	0.13725490196078433	0.0004611457907335756	0.44787837521508655	3.4547317935717152e-06	0.07828337524878227	1.0	0.0008108079855184329	0.014695830485304151	0.20040743570155334	0	normal_vs_control
chr16:21067779:21067779:INS	chr16	21067779	21067779	INS	Sniffles2.INS.1383MF	86	0.13271604938271606	16	77	0.2077922077922078	62	418	0.14832535885167464	8	153	0.05228758169934641	0.0004664099413609112	0.12719479399584385	0.0008273747596240742	0.07828337524878227	1.0	0.04859664176676376	0.05946684894053317	0.1555046260928614	0	normal_vs_control
chr17:56881060:56881060:INS	chr17	56881060	56881060	INS	Sniffles2.INS.3D0AM10	93	0.14351851851851852	16	77	0.2077922077922078	69	418	0.16507177033492823	8	153	0.05228758169934641	0.0004664099413609112	0.22366966825830217	0.00015858214606151298	0.07828337524878227	1.0	0.014494303475338416	0.042720437457279575	0.1555046260928614	0	normal_vs_control
chr7:45812438:45812438:INS	chr7	45812438	45812438	INS	Sniffles2.INS.2371M6	273	0.4212962962962963	39	77	0.5064935064935064	192	418	0.45933014354066987	42	153	0.27450980392156865	0.0004771015793076763	0.2614579399055631	4.070995882865363e-05	0.07959548877919752	1.0	0.005256044754315775	0.047163362952836574	0.2319837025719378	0	normal_vs_control
chr10:541011:541071:DEL	chr10	541011	541071	DEL	Sniffles2.DEL.107M9	60	0.09259259259259259	11	77	0.14285714285714285	46	418	0.11004784688995216	3	153	0.0196078431372549	0.0004916838613771902	0.256278960980799	0.0001526809746249278	0.08081123357258105	1.0	0.014048376686360131	0.03280929596719069	0.12324929971988795	0	normal_vs_control
chr12:109427902:109427902:INS	chr12	109427902	109427902	INS	Sniffles2.INS.595CMB	69	0.10648148148148148	11	77	0.14285714285714285	55	418	0.13157894736842105	3	153	0.0196078431372549	0.0004916838613771902	0.45388952840707675	1.1443915070592622e-05	0.08081123357258105	1.0	0.002031588358749949	0.011278195488721804	0.12324929971988795	0	normal_vs_control
chr18:74172701:74172701:INS	chr18	74172701	74172701	INS	Sniffles2.INS.4A58M11	355	0.5478395061728395	46	77	0.5974025974025974	254	418	0.6076555023923444	55	153	0.35947712418300654	0.0005016526876274848	0.6185036881757138	1.0729282080265857e-07	0.08220573687074298	1.0	6.530477756722695e-05	-0.01025290498974707	0.23792547321959084	0	normal_vs_control
chr5:4259290:4259335:DEL	chr5	4259290	4259335	DEL	Sniffles2.DEL.733M4	247	0.38117283950617287	33	77	0.42857142857142855	182	418	0.4354066985645933	32	153	0.20915032679738563	0.0005069974751874234	0.5919340971353697	3.082710186540191e-07	0.08283650783386727	1.0	0.00014469928119668484	-0.00683526999316475	0.21942110177404292	0	normal_vs_control
chr16:57628997:57628997:INS	chr16	57628997	57628997	INS	0003C_Sniffles2.INS.101SF	258	0.39814814814814814	36	77	0.4675324675324675	185	418	0.44258373205741625	37	153	0.24183006535947713	0.0005107159205106886	0.3887461546842184	6.798528861227342e-06	0.08295464341714376	1.0	0.001426351956688106	0.024948735475051276	0.2257024021729904	0	normal_vs_control
chr14:77957841:77957841:INS	chr14	77957841	77957841	INS	0002C_Sniffles2.INS.17CSD	132	0.2037037037037037	20	77	0.2597402597402597	99	418	0.23684210526315788	13	153	0.08496732026143791	0.0005193782895934064	0.3810717300432615	1.5195043252155044e-05	0.0831425569479757	1.0	0.0025581247892108314	0.022898154477101834	0.1747729394788218	0	normal_vs_control
chr11:90518897:90518897:INS	chr11	90518897	90518897	INS	0008C_Sniffles2.INS.1A3SA	86	0.13271604938271606	14	77	0.18181818181818182	66	418	0.15789473684210525	6	153	0.0392156862745098	0.0005372348033298069	0.35263964556818994	3.573170840032829e-05	0.08416239288840306	1.0	0.004815347603107988	0.02392344497607657	0.14260249554367202	0	normal_vs_control
chr2:240309480:240309480:INS	chr2	240309480	240309480	INS	Sniffles2.INS.C36AM1	76	0.11728395061728394	14	77	0.18181818181818182	56	418	0.1339712918660287	6	153	0.0392156862745098	0.0005372348033298069	0.17510860924451674	0.00046348985976680667	0.08416239288840306	1.0	0.032661293069674156	0.04784688995215311	0.14260249554367202	0	normal_vs_control
chr4:6726066:6726066:INS	chr4	6726066	6726066	INS	Sniffles2.INS.80DM3	77	0.11882716049382716	14	77	0.18181818181818182	57	418	0.13636363636363635	6	153	0.0392156862745098	0.0005372348033298069	0.19040299530901944	0.0003621690945056507	0.08416239288840306	1.0	0.027181330361082633	0.04545454545454547	0.14260249554367202	0	normal_vs_control
chr6:150264137:150264137:INS	chr6	150264137	150264137	INS	Sniffles2.INS.6A7DM5	87	0.13425925925925927	14	77	0.18181818181818182	67	418	0.16028708133971292	6	153	0.0392156862745098	0.0005372348033298069	0.37258702573132624	2.7346985418503506e-05	0.08416239288840306	1.0	0.003864017419285898	0.0215311004784689	0.14260249554367202	0	normal_vs_control
chr7:56513990:56513990:INS	chr7	56513990	56513990	INS	Sniffles2.INS.2B95M6	63	0.09722222222222222	12	77	0.15584415584415584	47	418	0.11244019138755981	4	153	0.026143790849673203	0.0005379050892340342	0.18493777589971075	0.00044884565769146863	0.08416239288840306	1.0	0.03191356006189354	0.04340396445659603	0.12970036499448265	0	normal_vs_control
chr3:163790418:163790418:INS	chr3	163790418	163790418	INS	Sniffles2.INS.8D1FM2	225	0.3472222222222222	31	77	0.4025974025974026	165	418	0.39473684210526316	29	153	0.1895424836601307	0.0005535925741610431	0.4964435605756383	1.8524371997504913e-06	0.08541054456164862	1.0	0.0005104616498496527	0.007860560492139457	0.2130549189372719	0	normal_vs_control
chr5:177696030:177696030:INS	chr5	177696030	177696030	INS	Sniffles2.INS.8C33M4	208	0.32098765432098764	31	77	0.4025974025974026	148	418	0.35406698564593303	29	153	0.1895424836601307	0.0005535925741610431	0.245246797081063	8.316864308078472e-05	0.08541054456164862	1.0	0.00913996984713989	0.04853041695146959	0.2130549189372719	0	normal_vs_control
chr20:63050904:63050952:DEL	chr20	63050904	63050952	DEL	Sniffles2.DEL.4CADM13	227	0.35030864197530864	34	77	0.44155844155844154	159	418	0.3803827751196172	34	153	0.2222222222222222	0.0005859199011502994	0.187919509431709	0.00022208467437900427	0.08871823953689904	1.0	0.018779886938174485	0.06117566643882433	0.21933621933621933	0	normal_vs_control
chr6:44004480:44004480:INS	chr6	44004480	44004480	INS	0052c_Sniffles2.INS.EAS5	224	0.345679012345679	34	77	0.44155844155844154	156	418	0.37320574162679426	34	153	0.2222222222222222	0.0005859199011502994	0.15724139013462193	0.00039098651721673874	0.08871823953689904	1.0	0.028759576647544124	0.06835269993164728	0.21933621933621933	0	normal_vs_control
chr11:4334659:4334659:INS	chr11	4334659	4334659	INS	0006C_Sniffles2.DEL.2FCSA	226	0.3487654320987654	27	77	0.35064935064935066	176	418	0.42105263157894735	23	153	0.1503267973856209	0.0005926509104617002	0.9004954749968753	3.0261210203011965e-10	0.08871823953689904	1.0	1.0475674442027668e-06	-0.07040328092959669	0.20032255326372975	0	normal_vs_control
chr16:77202918:77202918:INS	chr16	77202918	77202918	INS	Sniffles2.INS.6BA5MF	175	0.2700617283950617	27	77	0.35064935064935066	125	418	0.29904306220095694	23	153	0.1503267973856209	0.0005926509104617002	0.21992803849021395	0.00015559605673745922	0.08871823953689904	1.0	0.014244883290205606	0.05160628844839371	0.20032255326372975	0	normal_vs_control
chr3:193889032:193889073:DEL	chr3	193889032	193889073	DEL	Sniffles2.DEL.A13FM2	167	0.25771604938271603	27	77	0.35064935064935066	117	418	0.2799043062200957	23	153	0.1503267973856209	0.0005926509104617002	0.13203281689008647	0.0007506096849739507	0.08871823953689904	1.0	0.04614291812579043	0.07074504442925494	0.20032255326372975	0	normal_vs_control
chr4:3721518:3721518:INS	chr4	3721518	3721518	INS	Sniffles2.INS.53CM3	193	0.2978395061728395	27	77	0.35064935064935066	143	418	0.34210526315789475	23	153	0.1503267973856209	0.0005926509104617002	0.4904459039393543	2.7500637793368906e-06	0.08871823953689904	1.0	0.0006745646298809702	0.00854408749145591	0.20032255326372975	0	normal_vs_control
chr7:482302:482302:INS	chr7	482302	482302	INS	Sniffles2.INS.14AM6	187	0.28858024691358025	27	77	0.35064935064935066	137	418	0.3277511961722488	23	153	0.1503267973856209	0.0005926509104617002	0.39361901711220926	1.1375955212150667e-05	0.08871823953689904	1.0	0.002026017386786499	0.022898154477101862	0.20032255326372975	0	normal_vs_control
chr20:45439443:45439443:INS	chr20	45439443	45439443	INS	0003C_Sniffles2.INS.127S13	315	0.4861111111111111	42	77	0.5454545454545454	225	418	0.5382775119617225	48	153	0.3137254901960784	0.0005963651847355485	0.5042095679712422	1.2499382908388854e-06	0.08879428723691549	1.0	0.00040018255521956174	0.0071770334928229484	0.231729055258467	0	normal_vs_control
chr6:169724400:169724400:INS	chr6	169724400	169724400	INS	0003C_Sniffles2.INS.2DAS5	338	0.5216049382716049	42	77	0.5454545454545454	248	418	0.5933014354066986	48	153	0.3137254901960784	0.0005963651847355485	0.8185695679089082	2.1773465633065074e-09	0.08879428723691549	1.0	4.63841813263157e-06	-0.04784688995215314	0.231729055258467	0	normal_vs_control
chr8:142217336:142217373:DEL	chr8	142217336	142217373	DEL	0022C_Sniffles2.DEL.4BCS7	123	0.18981481481481483	19	77	0.24675324675324675	92	418	0.22009569377990432	12	153	0.0784313725490196	0.0006119266744908135	0.3509515504810652	3.1897732530903574e-05	0.09038238572452582	1.0	0.004394904501048973	0.026657552973342435	0.16832187420422715	0	normal_vs_control
chr9:68793097:68793097:INS	chr9	68793097	68793097	INS	Sniffles2.INS.D188M8	115	0.17746913580246915	19	77	0.24675324675324675	84	418	0.20095693779904306	12	153	0.0784313725490196	0.0006119266744908135	0.22194716675637066	0.000207197153901831	0.09038238572452582	1.0	0.017820242174401577	0.045796308954203696	0.16832187420422715	0	normal_vs_control
chr18:46397527:46397527:INS	chr18	46397527	46397527	INS	Sniffles2.INS.3688M11	166	0.25617283950617287	22	77	0.2857142857142857	128	418	0.3062200956937799	16	153	0.10457516339869281	0.0006342974251148676	0.6861676719254192	1.7449293491767843e-07	0.09318956440918379	1.0	9.664814679220373e-05	-0.020505809979494194	0.18113912231559287	0	normal_vs_control
chr7:71798091:71798133:DEL	chr7	71798091	71798133	DEL	Sniffles2.DEL.4902M6	160	0.24691358024691357	22	77	0.2857142857142857	122	418	0.291866028708134	16	153	0.10457516339869281	0.0006342974251148676	0.5921422314564383	8.657851092634763e-07	0.09318956440918379	1.0	0.0002960129977276878	-0.006151742993848297	0.18113912231559287	0	normal_vs_control
chr20:47919339:47919339:INS	chr20	47919339	47919339	INS	0003C_Sniffles2.INS.12ES13	213	0.3287037037037037	32	77	0.4155844155844156	150	418	0.3588516746411483	31	153	0.20261437908496732	0.0006534568635470217	0.20537410714632034	0.0002024583248190929	0.09575044645011227	1.0	0.017467958587715337	0.0567327409432673	0.2129700364994483	0	normal_vs_control
chr12:131845079:131845079:INS	chr12	131845079	131845079	INS	0002C_Sniffles2.INS.22BSB	248	0.38271604938271603	35	77	0.45454545454545453	177	418	0.423444976076555	36	153	0.23529411764705882	0.0006665978238980272	0.3501988599895709	2.015006459408624e-05	0.09690687734924916	1.0	0.0031088350354798013	0.031100478468899517	0.2192513368983957	0	normal_vs_control
chr7:140177026:140177026:INS	chr7	140177026	140177026	INS	0006C_Sniffles2.INS.315S6	260	0.4012345679012346	35	77	0.45454545454545453	189	418	0.45215311004784686	36	153	0.23529411764705882	0.0006665978238980272	0.5330886031586616	1.2766883932810952e-06	0.09690687734924916	1.0	0.00040639779728191553	0.002392344497607668	0.2192513368983957	0	normal_vs_control
chr1:114242652:114242652:INS	chr1	114242652	114242652	INS	Sniffles2.INS.5721M0	128	0.19753086419753085	18	77	0.23376623376623376	99	418	0.23684210526315788	11	153	0.0718954248366013	0.0007140784915942052	0.5741534131262805	1.8971626389853526e-06	0.10246471371093221	1.0	0.0005176356859513336	-0.0030758714969241208	0.16187080892963246	0	normal_vs_control
chr20:46226254:46226290:DEL	chr20	46226254	46226290	DEL	0002C_Sniffles2.DEL.30FS13	195	0.30092592592592593	28	77	0.36363636363636365	142	418	0.3397129186602871	25	153	0.16339869281045752	0.0007387788521980312	0.3881387926515093	1.7364135161451945e-05	0.10433153831248725	1.0	0.0028370640658480837	0.02392344497607657	0.20023767082590613	0	normal_vs_control
chr6:49669519:49669519:INS	chr6	49669519	49669519	INS	Sniffles2.INS.25DBM5	205	0.31635802469135804	28	77	0.36363636363636365	152	418	0.36363636363636365	25	153	0.16339869281045752	0.0007387788521980312	0.5480701493257895	1.6570070254992096e-06	0.10433153831248725	1.0	0.0004855994980335991	0.0	0.20023767082590613	0	normal_vs_control
chr5:55899166:55899208:DEL	chr5	55899166	55899208	DEL	Sniffles2.DEL.3D85M4	184	0.2839506172839506	26	77	0.33766233766233766	136	418	0.3253588516746411	22	153	0.1437908496732026	0.0007416283966888873	0.46426037438199796	6.356559988501124e-06	0.10433153831248725	1.0	0.0013489545771766293	0.012303485987696539	0.19387148798913506	0	normal_vs_control
chr6:66906761:66906761:INS	chr6	66906761	66906761	INS	Sniffles2.INS.344DM5	175	0.2700617283950617	26	77	0.33766233766233766	127	418	0.3038277511961722	22	153	0.1437908496732026	0.0007416283966888873	0.320873868618961	4.92402318093388e-05	0.10433153831248725	1.0	0.0060338892908311	0.03383458646616544	0.19387148798913506	0	normal_vs_control
chr9:38303797:38303797:INS	chr9	38303797	38303797	INS	Sniffles2.INS.1AEFM8	188	0.29012345679012347	26	77	0.33766233766233766	140	418	0.3349282296650718	22	153	0.1437908496732026	0.0007416283966888873	0.5297429910156147	2.4260663559017195e-06	0.10433153831248725	1.0	0.0006163989143150662	0.0027341079972658666	0.19387148798913506	0	normal_vs_control
chr12:93191253:93191253:INS	chr12	93191253	93191253	INS	Sniffles2.INS.4EF3MB	307	0.4737654320987654	40	77	0.5194805194805194	222	418	0.5311004784688995	45	153	0.29411764705882354	0.0007444482452585093	0.6229515668187424	2.9690847054140073e-07	0.10433153831248725	1.0	0.00014425584531883422	-0.011619958988380086	0.2253628724216959	0	normal_vs_control
chr10:92915453:92915453:INS	chr10	92915453	92915453	INS	0003C_Sniffles2.INS.20BS9	243	0.375	36	77	0.4675324675324675	169	418	0.4043062200956938	38	153	0.24836601307189543	0.0007478085634082732	0.18143043209109175	0.00034610281847248167	0.10433153831248725	1.0	0.026260195766512076	0.06322624743677374	0.2191664544605721	0	normal_vs_control
chr13:25677526:25677526:INS	chr13	25677526	25677526	INS	0003C_Sniffles2.INS.7CSC	274	0.4228395061728395	36	77	0.4675324675324675	200	418	0.4784688995215311	38	153	0.24836601307189543	0.0007478085634082732	0.6176369547147671	3.865977129331927e-07	0.10433153831248725	1.0	0.0001699434454281244	-0.010936431989063577	0.2191664544605721	0	normal_vs_control
chr8:138712633:138712633:INS	chr8	138712633	138712633	INS	0003C_Sniffles2.INS.1D6S7	250	0.38580246913580246	36	77	0.4675324675324675	176	418	0.42105263157894735	38	153	0.24836601307189543	0.0007478085634082732	0.26293893982584166	8.992730152000321e-05	0.10433153831248725	1.0	0.009671637624446481	0.04647983595352018	0.2191664544605721	0	normal_vs_control
chr13:64294441:64294441:INS	chr13	64294441	64294441	INS	0002C_Sniffles2.INS.115SC	254	0.39197530864197533	33	77	0.42857142857142855	188	418	0.44976076555023925	33	153	0.21568627450980393	0.0007575201131709466	0.6792915830238876	1.4968793068118045e-07	0.10489381007078098	1.0	8.547335159349714e-05	-0.021189336978810702	0.21288515406162462	0	normal_vs_control
chr13:66756544:66756544:INS	chr13	66756544	66756544	INS	0006C_Sniffles2.INS.15ESC	226	0.3487654320987654	33	77	0.42857142857142855	160	418	0.3827751196172249	33	153	0.21568627450980393	0.0007575201131709466	0.26316345200604174	9.833024092619412e-05	0.10489381007078098	1.0	0.010218227738123902	0.04579630895420367	0.21288515406162462	0	normal_vs_control
chr17:2693543:2693543:INS	chr17	2693543	2693543	INS	0002C_Sniffles2.INS.6CS10	125	0.19290123456790123	21	77	0.2727272727272727	89	418	0.21291866028708134	15	153	0.09803921568627451	0.0007665096897158335	0.15598339250012822	0.0007841467060378461	0.1050877195395559	1.0	0.04731150737852539	0.05980861244019137	0.1746880570409982	0	normal_vs_control
chr7:103522825:103522825:INS	chr7	103522825	103522825	INS	0006C_Sniffles2.INS.29CS6	136	0.20987654320987653	21	77	0.2727272727272727	100	418	0.23923444976076555	15	153	0.09803921568627451	0.0007665096897158335	0.3096575201743117	7.368505322477838e-05	0.1050877195395559	1.0	0.008374478580995008	0.03349282296650716	0.1746880570409982	0	normal_vs_control
chr19:48081831:48081831:INS	chr19	48081831	48081831	INS	0003C_Sniffles2.INS.156S12	255	0.39351851851851855	37	77	0.4805194805194805	178	418	0.4258373205741627	40	153	0.26143790849673204	0.0008283377147722973	0.22189372605751503	0.0001998622511159031	0.11227761741098388	1.0	0.017323897284518996	0.05468215994531783	0.21908157202274847	0	normal_vs_control
chr1:230419277:230419277:INS	chr1	230419277	230419277	INS	Sniffles2.DEL.C3AFM0	211	0.3256172839506173	31	77	0.4025974025974026	150	418	0.3588516746411483	30	153	0.19607843137254902	0.0008371967933620341	0.27144176519901364	0.00010709121190405406	0.11227761741098388	1.0	0.010843817266803923	0.04374572795625431	0.2065189712248536	0	normal_vs_control
chr10:131444775:131444775:INS	chr10	131444775	131444775	INS	Sniffles2.INS.78E2M9	224	0.345679012345679	31	77	0.4025974025974026	163	418	0.38995215311004783	30	153	0.19607843137254902	0.0008371967933620341	0.4649024258564152	6.442444802588515e-06	0.11227761741098388	1.0	0.0013569331242094167	0.012645249487354793	0.2065189712248536	0	normal_vs_control
chr4:74620354:74620354:INS	chr4	74620354	74620354	INS	0006C_Sniffles2.INS.201S3	234	0.3611111111111111	31	77	0.4025974025974026	173	418	0.4138755980861244	30	153	0.19607843137254902	0.0008371967933620341	0.6201485942542188	5.802556200159141e-07	0.11227761741098388	1.0	0.00021676897260426405	-0.011278195488721776	0.2065189712248536	0	normal_vs_control
chr5:78937326:78937326:INS	chr5	78937326	78937326	INS	Sniffles2.DEL.4BCDM4	219	0.33796296296296297	31	77	0.4025974025974026	158	418	0.37799043062200954	30	153	0.19607843137254902	0.0008371967933620341	0.38706043698251064	1.981902554477995e-05	0.11227761741098388	1.0	0.0030772514159492213	0.024606971975393077	0.2065189712248536	0	normal_vs_control
chr8:143273852:143273888:DEL	chr8	143273852	143273888	DEL	0008C_Sniffles2.DEL.512S7	241	0.37191358024691357	31	77	0.4025974025974026	180	418	0.430622009569378	30	153	0.19607843137254902	0.0008371967933620341	0.718768119070523	9.47558409610749e-08	0.11227761741098388	1.0	5.964018771763655e-05	-0.028024606971975397	0.2065189712248536	0	normal_vs_control
chr12:21736946:21736946:INS	chr12	21736946	21736946	INS	0006C_Sniffles2.INS.70SB	241	0.37191358024691357	34	77	0.44155844155844154	172	418	0.41148325358851673	35	153	0.22875816993464052	0.0008642422896358929	0.35562979489999386	3.016102591259091e-05	0.11428128803337466	1.0	0.004218583089006528	0.03007518796992481	0.21280027162380102	0	normal_vs_control
chr6:1260896:1260939:DEL	chr6	1260896	1260939	DEL	Sniffles2.DEL.17FM5	275	0.4243827160493827	34	77	0.44155844155844154	206	418	0.49282296650717705	35	153	0.22875816993464052	0.0008642422896358929	0.8292064811464388	6.031242665717891e-09	0.11428128803337466	1.0	9.303281153359509e-06	-0.05126452494873551	0.21280027162380102	0	normal_vs_control
chr10:124263644:124263644:INS	chr10	124263644	124263644	INS	Sniffles2.INS.723DM9	158	0.24382716049382716	23	77	0.2987012987012987	117	418	0.2799043062200957	18	153	0.11764705882352941	0.0008707067153550246	0.41607204901501255	1.9006411581487144e-05	0.11428128803337466	1.0	0.0029996352626104387	0.01879699248120298	0.18105423987776928	0	normal_vs_control
chr6:164925592:164925592:INS	chr6	164925592	164925592	INS	0008C_Sniffles2.INS.286S5	143	0.22067901234567902	23	77	0.2987012987012987	102	418	0.24401913875598086	18	153	0.11764705882352941	0.0008707067153550246	0.19047498799751217	0.0004943251679735517	0.11428128803337466	1.0	0.034396585934320455	0.05468215994531783	0.18105423987776928	0	normal_vs_control
chr2:239184697:239184697:INS	chr2	239184697	239184697	INS	0008C_Sniffles2.INS.3EAS1	189	0.2916666666666667	29	77	0.37662337662337664	133	418	0.3181818181818182	27	153	0.17647058823529413	0.0008974887944102649	0.19088392043995603	0.0004439697631975718	0.11641711790350294	1.0	0.03177079747285156	0.05844155844155846	0.2001527883880825	0	normal_vs_control
chr3:34660226:34660226:INS	chr3	34660226	34660226	INS	Sniffles2.INS.174BM2	233	0.3595679012345679	29	77	0.37662337662337664	177	418	0.423444976076555	27	153	0.17647058823529413	0.0008974887944102649	0.8134226727091879	1.3822985334051311e-08	0.11641711790350294	1.0	1.780529096935893e-05	-0.046821599453178375	0.2001527883880825	0	normal_vs_control
chr7:152581930:152581930:INS	chr7	152581930	152581930	INS	Sniffles2.INS.81DFM6	188	0.29012345679012347	29	77	0.37662337662337664	132	418	0.3157894736842105	27	153	0.17647058823529413	0.0008974887944102649	0.17969892384677472	0.0005358990902297123	0.11641711790350294	1.0	0.036153932776666634	0.06083390293916613	0.2001527883880825	0	normal_vs_control
chr6:49572528:49572528:INS	chr6	49572528	49572528	INS	Sniffles2.INS.25C4M5	127	0.19598765432098766	20	77	0.2597402597402597	93	418	0.22248803827751196	14	153	0.0915032679738562	0.0009201251101607169	0.28090846562616506	0.0001526321725610806	0.11727304414942168	1.0	0.014048376686360131	0.03725222146274776	0.1682369917664035	0	normal_vs_control
chr6:88277247:88277247:INS	chr6	88277247	88277247	INS	Sniffles2.INS.42AAM5	146	0.22530864197530864	20	77	0.2597402597402597	112	418	0.2679425837320574	14	153	0.0915032679738562	0.0009201251101607169	0.6085593204447471	1.5368286908344945e-06	0.11727304414942168	1.0	0.00045519715255583413	-0.008202323991797711	0.1682369917664035	0	normal_vs_control
chr1:43154417:43154417:INS	chr1	43154417	43154417	INS	0006C_Sniffles2.INS.152S0	179	0.2762345679012346	25	77	0.3246753246753247	133	418	0.3181818181818182	21	153	0.13725490196078433	0.0009231846498072598	0.5038080224199348	5.594898404516199e-06	0.11727304414942168	1.0	0.0012050723012399787	0.006493506493506496	0.18742042271454035	0	normal_vs_control
chr1:185076564:185076607:DEL	chr1	185076564	185076607	DEL	Sniffles2.DEL.A560M0	171	0.2638888888888889	25	77	0.3246753246753247	125	418	0.29904306220095694	21	153	0.13725490196078433	0.0009231846498072598	0.3723570551340002	3.546767258181367e-05	0.11727304414942168	1.0	0.0047914230462475504	0.02563226247436773	0.18742042271454035	0	normal_vs_control
chr22:25232637:25232637:INS	chr22	25232637	25232637	INS	Sniffles2.INS.5C7EM15	176	0.2716049382716049	25	77	0.3246753246753247	130	418	0.31100478468899523	21	153	0.13725490196078433	0.0009231846498072598	0.454094953794822	1.135635070117582e-05	0.11727304414942168	1.0	0.002026017386786499	0.013670539986329444	0.18742042271454035	0	normal_vs_control
chr18:31978546:31978590:DEL	chr18	31978546	31978590	DEL	Sniffles2.DEL.2D1BM11	175	0.2700617283950617	27	77	0.35064935064935066	124	418	0.2966507177033493	24	153	0.1568627450980392	0.000929288947644987	0.2075245277052965	0.00037304034454559306	0.11727304414942168	1.0	0.02773417262240444	0.05399863294600138	0.19378660555131144	0	normal_vs_control
chr18:78479631:78479631:INS	chr18	78479631	78479631	INS	Sniffles2.INS.4E41M11	176	0.2716049382716049	27	77	0.35064935064935066	125	418	0.29904306220095694	24	153	0.1568627450980392	0.000929288947644987	0.21992803849021395	0.00030672754755446007	0.11727304414942168	1.0	0.024097908374392105	0.05160628844839371	0.19378660555131144	0	normal_vs_control
chr10:52779378:52779378:INS	chr10	52779378	52779378	INS	Sniffles2.INS.4297M9	102	0.1574074074074074	16	77	0.2077922077922078	77	418	0.18421052631578946	9	153	0.058823529411764705	0.0009400814545089771	0.36387235707437177	6.261370212832299e-05	0.11727304414942168	1.0	0.007332024806519141	0.023581681476418342	0.1489686783804431	0	normal_vs_control
chr2:237632172:237632172:INS	chr2	237632172	237632172	INS	Sniffles2.INS.C072M1	95	0.14660493827160495	16	77	0.2077922077922078	70	418	0.1674641148325359	9	153	0.058823529411764705	0.0009400814545089771	0.23972965717425776	0.000335424699462789	0.11727304414942168	1.0	0.02573199896654426	0.04032809295967191	0.1489686783804431	0	normal_vs_control
chr14:74232762:74232801:DEL	chr14	74232762	74232801	DEL	Sniffles2.DEL.52CBMD	328	0.5061728395061729	45	77	0.5844155844155844	228	418	0.5454545454545454	55	153	0.35947712418300654	0.0009550568699537039	0.30695485941783435	5.656249448405559e-05	0.11887346047864215	1.0	0.006766486921129311	0.038961038961038974	0.22493846023257785	0	normal_vs_control
chr14:87656026:87656026:INS	chr14	87656026	87656026	INS	Sniffles2.INS.5C07MD	255	0.39351851851851855	35	77	0.45454545454545453	183	418	0.43779904306220097	37	153	0.24183006535947713	0.0009720644878710895	0.44024064430908794	1.0663259804438987e-05	0.1200716855476328	1.0	0.0019428178751587717	0.016746411483253565	0.2127153891859774	0	normal_vs_control
chr16:15131748:15131797:DEL	chr16	15131748	15131797	DEL	Sniffles2.DEL.EC3MF	264	0.4074074074074074	35	77	0.45454545454545453	192	418	0.45933014354066987	37	153	0.24183006535947713	0.0009720644878710895	0.5790363025181768	1.3112486809381013e-06	0.1200716855476328	1.0	0.0004103245307333308	-0.004784688995215336	0.2127153891859774	0	normal_vs_control
chr11:46297511:46297511:INS	chr11	46297511	46297511	INS	0003C_Sniffles2.INS.BDSA	211	0.3256172839506173	32	77	0.4155844155844156	147	418	0.35167464114832536	32	153	0.20915032679738563	0.0009733550012798283	0.17247018972395906	0.0006444242147148211	0.1200716855476328	1.0	0.04164000507499449	0.06390977443609025	0.20643408878702998	0	normal_vs_control
chr13:91007761:91007761:INS	chr13	91007761	91007761	INS	Sniffles2.INS.6F28MC	221	0.3410493827160494	32	77	0.4155844155844156	157	418	0.37559808612440193	32	153	0.20915032679738563	0.0009733550012798283	0.2943558799658603	9.49881174401344e-05	0.1200716855476328	1.0	0.010078930744778093	0.03998632946001368	0.20643408878702998	0	normal_vs_control
chr2:35783912:35783954:DEL	chr2	35783912	35783954	DEL	Sniffles2.DEL.1CB3M1	87	0.13425925925925927	15	77	0.19480519480519481	64	418	0.15311004784688995	8	153	0.05228758169934641	0.001056589367017171	0.22352022346558031	0.0005219691637972075	0.1255200755103617	1.0	0.03560446803497504	0.04169514695830487	0.1425176131058484	0	normal_vs_control
chr1:219596045:219596045:INS	chr1	219596045	219596045	INS	Sniffles2.INS.BBF1M0	142	0.2191358024691358	22	77	0.2857142857142857	103	418	0.24641148325358853	17	153	0.1111111111111111	0.001064350246212045	0.2752199832730419	0.00019199667879771644	0.1255200755103617	1.0	0.016799861050944578	0.03930280246069717	0.1746031746031746	0	normal_vs_control
chr18:25661037:25661037:INS	chr18	25661037	25661037	INS	Sniffles2.INS.28F3M11	149	0.22993827160493827	22	77	0.2857142857142857	110	418	0.2631578947368421	17	153	0.1111111111111111	0.001064350246212045	0.38788399673704466	4.0998549909972284e-05	0.1255200755103617	1.0	0.0052687417225372275	0.022556390977443608	0.1746031746031746	0	normal_vs_control
chr4:69114989:69114989:INS	chr4	69114989	69114989	INS	0006C_Sniffles2.INS.1E8S3	146	0.22530864197530864	22	77	0.2857142857142857	107	418	0.25598086124401914	17	153	0.1111111111111111	0.001064350246212045	0.3380993755271741	8.046992920499701e-05	0.1255200755103617	1.0	0.008949936624109185	0.029733424470266556	0.1746031746031746	0	normal_vs_control
chr21:17054565:17054846:DEL	chr21	17054565	17054846	DEL	0006C_Sniffles2.DEL.23CS14	245	0.37808641975308643	30	77	0.38961038961038963	186	418	0.4449760765550239	29	153	0.1895424836601307	0.001066493821652197	0.8474282172359834	7.227466647611016e-09	0.1255200755103617	1.0	1.0534603228365235e-05	-0.055365686944634285	0.20006790595025892	0	normal_vs_control
chr8:141997718:141997764:DEL	chr8	141997718	141997764	DEL	Sniffles2.INS.721DM7	218	0.33641975308641975	30	77	0.38961038961038963	159	418	0.3803827751196172	29	153	0.1895424836601307	0.001066493821652197	0.4870468854709625	7.607775553224541e-06	0.1255200755103617	1.0	0.0015212255319205807	0.009227614490772418	0.20006790595025892	0	normal_vs_control
chr3:75753224:75753224:INS	chr3	75753224	75753224	INS	Sniffles2.INS.31ABM2	294	0.4537037037037037	36	77	0.4675324675324675	219	418	0.5239234449760766	39	153	0.2549019607843137	0.0010794420925105816	0.849409399395767	4.964722134188613e-09	0.1255200755103617	1.0	8.631607913066589e-06	-0.05639097744360905	0.2126305067481538	0	normal_vs_control
chr2:223166578:223166578:INS	chr2	223166578	223166578	INS	Sniffles2.INS.B553M1	114	0.17592592592592593	19	77	0.24675324675324675	82	418	0.19617224880382775	13	153	0.08496732026143791	0.0010968389641621845	0.19381966165403552	0.0007304768120570663	0.1255200755103617	1.0	0.04525687882127158	0.050580997949419004	0.16178592649180884	0	normal_vs_control
chr17:8489719:8489719:INS	chr17	8489719	8489719	INS	Sniffles2.INS.B7CM10	202	0.3117283950617284	28	77	0.36363636363636365	148	418	0.35406698564593303	26	153	0.16993464052287582	0.0011334713205175147	0.48393449351061235	9.590031479656783e-06	0.12873870408374094	1.0	0.0017824903711090004	0.009569377990430616	0.19370172311348782	0	normal_vs_control
chr19:30148115:30148163:DEL	chr19	30148115	30148163	DEL	Sniffles2.DEL.31B0M12	180	0.2777777777777778	24	77	0.3116883116883117	136	418	0.3253588516746411	20	153	0.13071895424836602	0.0011433289508715279	0.640036763616687	1.1023310812368734e-06	0.12873870408374094	1.0	0.0003591524348679291	-0.013670539986329444	0.18096935743994566	0	normal_vs_control
chr3:1160352:1160352:INS	chr3	1160352	1160352	INS	0006C_Sniffles2.INS.AS2	158	0.24382716049382716	24	77	0.3116883116883117	114	418	0.2727272727272727	20	153	0.13071895424836602	0.0011433289508715279	0.2837701757744606	0.00017835541033367751	0.12873870408374094	1.0	0.01593346688316408	0.038961038961038974	0.18096935743994566	0	normal_vs_control
chr4:48160861:48160861:INS	chr4	48160861	48160861	INS	0002C_Sniffles2.INS.107S3	166	0.25617283950617287	24	77	0.3116883116883117	122	418	0.291866028708134	20	153	0.13071895424836602	0.0011433289508715279	0.41035545484546226	3.1485058681476224e-05	0.12873870408374094	1.0	0.004348863915834427	0.019822282980177686	0.18096935743994566	0	normal_vs_control
chr1:152155984:152155984:INS	chr1	152155984	152155984	INS	Sniffles2.INS.9027M0	192	0.2962962962962963	26	77	0.33766233766233766	143	418	0.34210526315789475	23	153	0.1503267973856209	0.0011629553499251505	0.5780618556478028	2.7500637793368906e-06	0.12873870408374094	1.0	0.0006745646298809702	-0.004442925495557082	0.18733554027671676	0	normal_vs_control
chr2:74997264:74997264:INS	chr2	74997264	74997264	INS	Sniffles2.INS.368CM1	109	0.16820987654320987	14	77	0.18181818181818182	88	418	0.21052631578947367	7	153	0.0457516339869281	0.001166802004947605	0.7627785039598418	2.8366446475413867e-07	0.12873870408374094	1.0	0.00014028220869466277	-0.02870813397129185	0.13606654783125371	0	normal_vs_control
chr2:75797787:75797824:DEL	chr2	75797787	75797824	DEL	Sniffles2.DEL.3706M1	113	0.1743827160493827	14	77	0.18181818181818182	92	418	0.22009569377990432	7	153	0.0457516339869281	0.001166802004947605	0.8159117277806756	8.684520687754686e-08	0.12873870408374094	1.0	5.593235254108797e-05	-0.038277511961722493	0.13606654783125371	0	normal_vs_control
chr21:35993137:35993137:INS	chr21	35993137	35993137	INS	Sniffles2.INS.3D91M14	93	0.14351851851851852	14	77	0.18181818181818182	72	418	0.1722488038277512	7	153	0.0457516339869281	0.001166802004947605	0.4742083561083814	2.4439684342800355e-05	0.12873870408374094	1.0	0.0035906239691751354	0.009569377990430616	0.13606654783125371	0	normal_vs_control
chr8:143425225:143425306:DEL	chr8	143425225	143425306	DEL	0003C_Sniffles2.DEL.4D3S7	94	0.14506172839506173	14	77	0.18181818181818182	73	418	0.17464114832535885	7	153	0.0457516339869281	0.001166802004947605	0.49453560255120643	1.8755029638768533e-05	0.12873870408374094	1.0	0.002985067763310665	0.007177033492822976	0.13606654783125371	0	normal_vs_control
chr5:1807176:1807176:INS	chr5	1807176	1807176	INS	Sniffles2.INS.491M4	261	0.4027777777777778	37	77	0.4805194805194805	183	418	0.43779904306220097	41	153	0.2679738562091503	0.0011848717268076766	0.28422544414404444	0.00013634671645452442	0.1304725153169455	1.0	0.012908210353838868	0.04272043745727955	0.2125456243103302	0	normal_vs_control
chr10:121449041:121449077:DEL	chr10	121449041	121449077	DEL	Sniffles2.DEL.6FDCM9	32	0.04938271604938271	6	77	0.07792207792207792	26	418	0.06220095693779904	0	153	0.0	0.0012315092474404331	0.37817534826345817	0.00024224009480805785	0.1318294062155812	1.0	0.020115733689998062	0.01572112098427888	0.07792207792207792	0	normal_vs_control
chr14:88883958:88883958:INS	chr14	88883958	88883958	INS	Sniffles2.INS.5CAFMD	30	0.046296296296296294	6	77	0.07792207792207792	24	418	0.05741626794258373	0	153	0.0	0.0012315092474404331	0.31728478299237567	0.0004672369976851511	0.1318294062155812	1.0	0.03280015567526635	0.020505809979494187	0.07792207792207792	0	normal_vs_control
chr16:76652009:76652044:DEL	chr16	76652009	76652044	DEL	Sniffles2.DEL.6B53MF	31	0.047839506172839504	6	77	0.07792207792207792	25	418	0.05980861244019139	0	153	0.0	0.0012315092474404331	0.34758064554981943	0.0003365473072905842	0.1318294062155812	1.0	0.02578240975962777	0.018113465481886533	0.07792207792207792	0	normal_vs_control
chr13:24989763:24989763:INS	chr13	24989763	24989763	INS	0002C_Sniffles2.INS.7ASC	248	0.38271604938271603	31	77	0.4025974025974026	186	418	0.4449760765550239	31	153	0.20261437908496732	0.0012433587434794297	0.791668370801354	4.5476670400251276e-08	0.1318294062155812	1.0	3.4891016614553776e-05	-0.04237867395762129	0.1999830235124353	0	normal_vs_control
chr5:843686:843686:INS	chr5	843686	843686	INS	Sniffles2.INS.23BM4	241	0.37191358024691357	31	77	0.4025974025974026	179	418	0.42822966507177035	31	153	0.20261437908496732	0.0012433587434794297	0.7054857183678911	2.897957524418489e-07	0.1318294062155812	1.0	0.0001420460808517622	-0.02563226247436773	0.1999830235124353	0	normal_vs_control
chr12:32142011:32142058:DEL	chr12	32142011	32142058	DEL	Sniffles2.INS.1847MB	75	0.11574074074074074	13	77	0.16883116883116883	56	418	0.1339712918660287	6	153	0.0392156862745098	0.001260253386437747	0.25781095353303896	0.00046348985976680667	0.1318294062155812	1.0	0.032661293069674156	0.03485987696514012	0.12961548255665903	0	normal_vs_control
chr5:179217876:179217915:DEL	chr5	179217876	179217915	DEL	Sniffles2.DEL.8E05M4	80	0.12345679012345678	13	77	0.16883116883116883	61	418	0.145933014354067	6	153	0.0392156862745098	0.001260253386437747	0.3563148129356058	0.00013209477168504578	0.1318294062155812	1.0	0.01280637510268698	0.022898154477101834	0.12961548255665903	0	normal_vs_control
chr15:31753707:31753707:INS	chr15	31753707	31753707	INS	Sniffles2.INS.3F70ME	59	0.09104938271604938	10	77	0.12987012987012986	46	418	0.11004784688995216	3	153	0.0196078431372549	0.0012662173053132305	0.36689912862681806	0.0001526809746249278	0.1318294062155812	1.0	0.014048376686360131	0.0198222829801777	0.11026228673287496	0	normal_vs_control
chr7:118670300:118670300:INS	chr7	118670300	118670300	INS	0002C_Sniffles2.INS.234S6	137	0.21141975308641975	21	77	0.2727272727272727	100	418	0.23923444976076555	16	153	0.10457516339869281	0.001293927316121065	0.3096575201743117	0.00016753326648823373	0.1324621182352889	1.0	0.015057426919723978	0.03349282296650716	0.16815210932857988	0	normal_vs_control
chr7:139984713:139984763:DEL	chr7	139984713	139984763	DEL	Sniffles2.DEL.7843M6	136	0.20987654320987653	21	77	0.2727272727272727	99	418	0.23684210526315788	16	153	0.10457516339869281	0.001293927316121065	0.2937255829432738	0.00020783798503711586	0.1324621182352889	1.0	0.017847643899590347	0.035885167464114825	0.16815210932857988	0	normal_vs_control
chr14:83952958:83952958:INS	chr14	83952958	83952958	INS	Sniffles2.INS.5962MD	118	0.18209876543209877	18	77	0.23376623376623376	88	418	0.21052631578947367	12	153	0.0784313725490196	0.0012978031607564437	0.3731803363413688	8.267640837368028e-05	0.1324621182352889	1.0	0.009103938184893447	0.02323991797676009	0.15533486121721415	0	normal_vs_control
chr19:53796924:53796924:INS	chr19	53796924	53796924	INS	Sniffles2.INS.48D3M12	123	0.18981481481481483	18	77	0.23376623376623376	93	418	0.22248803827751196	12	153	0.0784313725490196	0.0012978031607564437	0.46486125952913987	2.501074867645161e-05	0.1324621182352889	1.0	0.003616959132353268	0.011278195488721804	0.15533486121721415	0	normal_vs_control
chr4:82626115:82626115:INS	chr4	82626115	82626115	INS	Sniffles2.INS.5A1FM3	73	0.11265432098765432	12	77	0.15584415584415584	56	418	0.1339712918660287	5	153	0.032679738562091505	0.0013221573763555938	0.3599303699588659	0.00014660955550918235	0.1324621182352889	1.0	0.013693777505130844	0.021872863978127127	0.12316441728206434	0	normal_vs_control
chrX:117388772:117388772:INS	chrX	117388772	117388772	INS	Sniffles2.INS.908EM16	76	0.11728395061728394	12	77	0.15584415584415584	59	418	0.14114832535885166	5	153	0.032679738562091505	0.0013221573763555938	0.42488467455235446	6.61205863514024e-05	0.1324621182352889	1.0	0.007645693187539617	0.014695830485304179	0.12316441728206434	0	normal_vs_control
chr1:46800256:46800256:INS	chr1	46800256	46800256	INS	122_Sniffles2.INS.13AS0	72	0.1111111111111111	11	77	0.14285714285714285	57	418	0.13636363636363635	4	153	0.026143790849673203	0.00133255466046516	0.4990212497477916	2.9614655529895365e-05	0.1324621182352889	1.0	0.004163189189060518	0.006493506493506496	0.11671335200746964	0	normal_vs_control
chr10:48657486:48657486:INS	chr10	48657486	48657486	INS	Sniffles2.INS.3FF2M9	74	0.11419753086419752	11	77	0.14285714285714285	59	418	0.14114832535885166	4	153	0.026143790849673203	0.00133255466046516	0.5433642602290014	1.6807416183165635e-05	0.1324621182352889	1.0	0.002778893037472174	0.0017088174982911875	0.11671335200746964	0	normal_vs_control
chr17:80994870:80994914:DEL	chr17	80994870	80994914	DEL	Sniffles2.DEL.5070M10	65	0.10030864197530864	11	77	0.14285714285714285	50	418	0.11961722488038277	4	153	0.026143790849673203	0.00133255466046516	0.3412603888799505	0.00020278575452987942	0.1324621182352889	1.0	0.017467958587715337	0.023239917976760074	0.11671335200746964	0	normal_vs_control
chr3:190893635:190893673:DEL	chr3	190893635	190893673	DEL	0011C_Sniffles2.DEL.56ES2	63	0.09722222222222222	11	77	0.14285714285714285	48	418	0.11483253588516747	4	153	0.026143790849673203	0.00133255466046516	0.29785249476492487	0.0003451414013239361	0.1324621182352889	1.0	0.026223171380699826	0.028024606971975383	0.11671335200746964	0	normal_vs_control
chr10:68268681:68268681:INS	chr10	68268681	68268681	INS	0006C_Sniffles2.INS.215S9	207	0.3194444444444444	29	77	0.37662337662337664	150	418	0.3588516746411483	28	153	0.1830065359477124	0.00135121500691374	0.4297227143199194	2.7217976116434447e-05	0.1324621182352889	1.0	0.003855624708790463	0.017771701982228327	0.19361684067566423	0	normal_vs_control
chr17:80746292:80746335:DEL	chr17	80746292	80746335	DEL	Sniffles2.DEL.5010M10	220	0.3395061728395062	29	77	0.37662337662337664	163	418	0.38995215311004783	28	153	0.1830065359477124	0.00135121500691374	0.6337318836733855	1.3437813780084135e-06	0.1324621182352889	1.0	0.0004181424885681461	-0.01332877648667119	0.19361684067566423	0	normal_vs_control
chr2:242021673:242021673:INS	chr2	242021673	242021673	INS	0003C_Sniffles2.INS.3C6S1	194	0.2993827160493827	29	77	0.37662337662337664	137	418	0.3277511961722488	28	153	0.1830065359477124	0.00135121500691374	0.23941743883339547	0.0003853461760791362	0.1324621182352889	1.0	0.028458072000894924	0.048872180451127845	0.19361684067566423	0	normal_vs_control
chr7:156265350:156265350:INS	chr7	156265350	156265350	INS	0013C_Sniffles2.INS.28ES6	196	0.30246913580246915	29	77	0.37662337662337664	139	418	0.33253588516746413	28	153	0.1830065359477124	0.00135121500691374	0.26581354112617667	0.0002624297015740716	0.1324621182352889	1.0	0.021344282394691154	0.04408749145591251	0.19361684067566423	0	normal_vs_control
chr2:21427553:21427553:INS	chr2	21427553	21427553	INS	0006C_Sniffles2.INS.E7S1	297	0.4583333333333333	39	77	0.5064935064935064	213	418	0.5095693779904307	45	153	0.29411764705882354	0.0013842045915949516	0.5690748597556412	2.762888162676942e-06	0.13521750250310616	1.0	0.0006745646298809702	-0.003075871496924232	0.2123758594346829	0	normal_vs_control
chr4:186614873:186614873:INS	chr4	186614873	186614873	INS	Sniffles2.INS.A117M3	331	0.5108024691358025	39	77	0.5064935064935064	247	418	0.5909090909090909	45	153	0.29411764705882354	0.0013842045915949516	0.9331431213890213	2.0395188895395334e-10	0.13521750250310616	1.0	9.41373935448464e-07	-0.0844155844155845	0.2123758594346829	0	normal_vs_control
chr14:21764875:21764875:INS	chr14	21764875	21764875	INS	Sniffles2.INS.2FFFMD	266	0.4104938271604938	35	77	0.45454545454545453	193	418	0.46172248803827753	38	153	0.24836601307189543	0.0013969907999135645	0.5941327039022681	2.1664870621008492e-06	0.13590370342282748	1.0	0.0005687079876570703	-0.007177033492823004	0.2061794414735591	0	normal_vs_control
chr2:2862454:2862454:INS	chr2	2862454	2862454	INS	0003C_Sniffles2.INS.5CS1	152	0.2345679012345679	23	77	0.2987012987012987	110	418	0.2631578947368421	19	153	0.12418300653594772	0.0014089369163689297	0.30242302126999554	0.0001975181368353836	0.13590370342282748	1.0	0.017147546337050512	0.0355434039644566	0.17451829216535097	0	normal_vs_control
chr22:23986626:23986626:INS	chr22	23986626	23986626	INS	Sniffles2.INS.5B64M15	146	0.22530864197530864	23	77	0.2987012987012987	104	418	0.24880382775119617	19	153	0.12418300653594772	0.0014089369163689297	0.21610077706506517	0.0006654747124943029	0.13590370342282748	1.0	0.042221307196946334	0.049897470950102524	0.17451829216535097	0	normal_vs_control
chr5:178269379:178269379:INS	chr5	178269379	178269379	INS	Sniffles2.INS.8D03M4	153	0.2361111111111111	23	77	0.2987012987012987	111	418	0.26555023923444976	19	153	0.12418300653594772	0.0014089369163689297	0.31798090877040536	0.0001600976390104553	0.13590370342282748	1.0	0.014536865622149344	0.03315105946684893	0.17451829216535097	0	normal_vs_control
chr20:62509213:62509213:INS	chr20	62509213	62509213	INS	Sniffles2.INS.4BB0M13	190	0.2932098765432099	27	77	0.35064935064935066	138	418	0.33014354066985646	25	153	0.16339869281045752	0.0014242032820871867	0.4095578184765492	4.192650334564637e-05	0.13590370342282748	1.0	0.005350749233430095	0.020505809979494194	0.18725065783889314	0	normal_vs_control
chr2:191742382:191742382:INS	chr2	191742382	191742382	INS	0003C_Sniffles2.INS.2EBS1	215	0.3317901234567901	32	77	0.4155844155844156	150	418	0.3588516746411483	33	153	0.21568627450980393	0.001425580481127009	0.20537410714632034	0.000660678111297582	0.13590370342282748	1.0	0.042221307196946334	0.0567327409432673	0.19989814107461168	0	normal_vs_control
chr9:94743180:94743180:INS	chr9	94743180	94743180	INS	0002C_Sniffles2.INS.3DDS8	161	0.24845679012345678	25	77	0.3246753246753247	114	418	0.2727272727272727	22	153	0.1437908496732026	0.001448228807845538	0.21209661993186646	0.0007010741405805282	0.13735359111121345	1.0	0.04388228812011952	0.051948051948051965	0.18088447500212207	0	normal_vs_control
chr5:2657092:2657092:INS	chr5	2657092	2657092	INS	Sniffles2.INS.596M4	105	0.16203703703703703	17	77	0.22077922077922077	77	418	0.18421052631578946	11	153	0.0718954248366013	0.0015232416536742743	0.2715886840301568	0.0004162233218786668	0.1417971575020348	1.0	0.03013565666956287	0.036568694463431306	0.14888379594261947	0	normal_vs_control
chr6:9145994:9145994:INS	chr6	9145994	9145994	INS	Sniffles2.INS.745M5	127	0.19598765432098766	17	77	0.22077922077922077	99	418	0.23684210526315788	11	153	0.0718954248366013	0.0015232416536742743	0.6690552816552837	1.8971626389853526e-06	0.1417971575020348	1.0	0.0005176356859513336	-0.016062884483937112	0.14888379594261947	0	normal_vs_control
chr16:88178204:88178247:DEL	chr16	88178204	88178247	DEL	Sniffles2.DEL.7538MF	258	0.39814814814814814	36	77	0.4675324675324675	182	418	0.4354066985645933	40	153	0.26143790849673204	0.0015367754269984422	0.3447447648589736	9.157806225295298e-05	0.14257775100601291	1.0	0.009811074878271875	0.032125768967874224	0.20609455903573548	0	normal_vs_control
chr3:54809312:54809312:INS	chr3	54809312	54809312	INS	Sniffles2.DEL.2427M2	271	0.4182098765432099	36	77	0.4675324675324675	195	418	0.4665071770334928	40	153	0.26143790849673204	0.0015367754269984422	0.5421054500107706	5.656799276420786e-06	0.14257775100601291	1.0	0.0012050723012399787	0.001025290498974707	0.20609455903573548	0	normal_vs_control
chr7:157787069:157787069:INS	chr7	157787069	157787069	INS	0005c_Sniffles2.INS.64ES6	322	0.49691358024691357	41	77	0.5324675324675324	232	418	0.5550239234449761	49	153	0.3202614379084967	0.0015595726488239021	0.6887657614702355	4.409990050751051e-07	0.1429777065707011	1.0	0.0001836545330308265	-0.022556390977443663	0.21220609455903572	0	normal_vs_control
chr3:54265662:54265662:INS	chr3	54265662	54265662	INS	Sniffles2.INS.23D8M2	148	0.22839506172839505	20	77	0.2597402597402597	113	418	0.2703349282296651	15	153	0.09803921568627451	0.00156431880880055	0.625102435536834	3.2483447284708897e-06	0.1429777065707011	1.0	0.0007656141183853006	-0.010594668489405379	0.16170104405398522	0	normal_vs_control
chr6:167104162:167104162:INS	chr6	167104162	167104162	INS	0006C_Sniffles2.INS.331S5	131	0.2021604938271605	20	77	0.2597402597402597	96	418	0.22966507177033493	15	153	0.09803921568627451	0.00156431880880055	0.32979653903832135	0.00017950370787761923	0.1429777065707011	1.0	0.015984487736214747	0.030075187969924783	0.16170104405398522	0	normal_vs_control
chr7:66100781:66100781:INS	chr7	66100781	66100781	INS	0013C_Sniffles2.INS.160S6	124	0.19135802469135801	20	77	0.2597402597402597	89	418	0.21291866028708134	15	153	0.09803921568627451	0.00156431880880055	0.22080468672763184	0.0007841467060378461	0.1429777065707011	1.0	0.04731150737852539	0.046821599453178375	0.16170104405398522	0	normal_vs_control
chr6:3914863:3914863:INS	chr6	3914863	3914863	INS	0006C_Sniffles2.INS.35S5	202	0.3117283950617284	30	77	0.38961038961038963	142	418	0.3397129186602871	30	153	0.19607843137254902	0.001579395069143351	0.2360710591588688	0.0005043675526206994	0.14411784858272145	1.0	0.034832805491964214	0.04989747095010255	0.1935319582378406	0	normal_vs_control
chr20:22561934:22561934:INS	chr20	22561934	22561934	INS	Sniffles2.INS.113FM13	256	0.3950617283950617	33	77	0.42857142857142855	188	418	0.44976076555023925	35	153	0.22875816993464052	0.001610652331483622	0.6792915830238876	7.558362181431927e-07	0.14576929956897852	1.0	0.00026665131497143415	-0.021189336978810702	0.19981325863678803	0	normal_vs_control
chr22:32000110:32000146:DEL	chr22	32000110	32000146	DEL	Sniffles2.DEL.6187M15	232	0.35802469135802467	33	77	0.42857142857142855	164	418	0.3923444976076555	35	153	0.22875816993464052	0.001610652331483622	0.3175812912085072	0.00015438764770036133	0.14576929956897852	1.0	0.014181132721107152	0.03622693096377305	0.19981325863678803	0	normal_vs_control
chr9:116803500:116803531:DEL	chr9	116803500	116803531	DEL	0002C_Sniffles2.DEL.A47S8	242	0.3734567901234568	33	77	0.42857142857142855	174	418	0.41626794258373206	35	153	0.22875816993464052	0.001610652331483622	0.4680825880293473	1.961880479398092e-05	0.14576929956897852	1.0	0.003060975661771874	0.012303485987696483	0.19981325863678803	0	normal_vs_control
chr9:128872859:128872859:INS	chr9	128872859	128872859	INS	0002C_Sniffles2.INS.438S8	268	0.41358024691358025	37	77	0.4805194805194805	189	418	0.45215311004784686	42	153	0.27450980392156865	0.001672760374856092	0.36816924942514745	7.526875411952572e-05	0.1508971525122626	1.0	0.008490806014607517	0.02836637047163365	0.20600967659791186	0	normal_vs_control
chr4:86138986:86138986:INS	chr4	86138986	86138986	INS	0002C_Sniffles2.INS.1BCS3	172	0.2654320987654321	22	77	0.2857142857142857	132	418	0.3157894736842105	18	153	0.11764705882352941	0.0017278174257057712	0.7423973989495535	4.6081881755288293e-07	0.154604768295624	1.0	0.00018906542716014133	-0.03007518796992481	0.1680672268907563	0	normal_vs_control
chr5:79538336:79538336:INS	chr5	79538336	79538336	INS	Sniffles2.INS.4C34M4	153	0.2361111111111111	22	77	0.2857142857142857	113	418	0.2703349282296651	18	153	0.11764705882352941	0.0017278174257057712	0.43902666516057476	4.74674105827519e-05	0.154604768295624	1.0	0.005894898962684893	0.015379357484620604	0.1680672268907563	0	normal_vs_control
chr20:36977670:36977708:DEL	chr20	36977670	36977708	DEL	Sniffles2.DEL.3770M13	105	0.16203703703703703	16	77	0.2077922077922078	79	418	0.18899521531100477	10	153	0.06535947712418301	0.001771894843451922	0.4019002388069813	0.00010503242798585531	0.1570607140218779	1.0	0.010687123704821475	0.018796992481203034	0.1424327306680248	0	normal_vs_control
chr12:127765000:127765000:INS	chr12	127765000	127765000	INS	Sniffles2.INS.676FMB	176	0.2716049382716049	26	77	0.33766233766233766	126	418	0.3014354066985646	24	153	0.1568627450980392	0.0017807851593438892	0.3058917416207899	0.00025165838385789944	0.1570607140218779	1.0	0.020680793123325422	0.03622693096377305	0.18079959256429845	0	normal_vs_control
chr4:85255855:85255855:INS	chr4	85255855	85255855	INS	0006C_Sniffles2.INS.221S3	180	0.2777777777777778	26	77	0.33766233766233766	130	418	0.31100478468899523	24	153	0.1568627450980392	0.0017807851593438892	0.3672603427401975	0.0001116160781698843	0.1570607140218779	1.0	0.011199621988539044	0.026657552973342435	0.18079959256429845	0	normal_vs_control
chr5:181248664:181248664:INS	chr5	181248664	181248664	INS	0006C_Sniffles2.INS.396S4	175	0.2700617283950617	26	77	0.33766233766233766	125	418	0.29904306220095694	24	153	0.1568627450980392	0.0017807851593438892	0.29118742398003344	0.00030672754755446007	0.1570607140218779	1.0	0.024097908374392105	0.03861927546138072	0.18079959256429845	0	normal_vs_control
chr9:117160384:117160384:INS	chr9	117160384	117160384	INS	Sniffles2.INS.F3DCM8	196	0.30246913580246915	26	77	0.33766233766233766	146	418	0.3492822966507177	24	153	0.1568627450980392	0.0017807851593438892	0.6249493155367793	3.084738148540072e-06	0.1570607140218779	1.0	0.0007332938908641095	-0.01161995898838003	0.18079959256429845	0	normal_vs_control
chr18:79732066:79732111:DEL	chr18	79732066	79732111	DEL	0006C_Sniffles2.DEL.3D5S11	181	0.279320987654321	24	77	0.3116883116883117	136	418	0.3253588516746411	21	153	0.13725490196078433	0.0017949560820217593	0.640036763616687	2.7064983139856926e-06	0.15741007497391105	1.0	0.0006722310700225987	-0.013670539986329444	0.17443340972752736	0	normal_vs_control
chr3:126033329:126033329:INS	chr3	126033329	126033329	INS	Sniffles2.INS.741DM2	243	0.375	31	77	0.4025974025974026	180	418	0.430622009569378	32	153	0.20915032679738563	0.00181482618966395	0.718768119070523	5.124206383991295e-07	0.1585482539323452	1.0	0.00019613171790310014	-0.028024606971975397	0.193447075800017	0	normal_vs_control
chr5:111519875:111519875:INS	chr5	111519875	111519875	INS	0002C_Sniffles2.INS.201S4	229	0.3533950617283951	31	77	0.4025974025974026	166	418	0.39712918660287083	32	153	0.20915032679738563	0.00181482618966395	0.5122042851091679	1.4097553851203795e-05	0.1585482539323452	1.0	0.0024249543872996143	0.005468215994531789	0.193447075800017	0	normal_vs_control
chr4:49153567:49153615:DEL	chr4	49153567	49153615	DEL	Sniffles2.DEL.13B0MD	380	0.5864197530864198	51	77	0.6623376623376623	260	418	0.6220095693779905	69	153	0.45098039215686275	0.0018344443628370666	0.2949830192682932	0.00018971256003745709	0.16000977065955818	1.0	0.016717805269070116	0.04032809295967188	0.21135727018079958	0	normal_vs_control
chr16:55500514:55500514:INS	chr16	55500514	55500514	INS	0072c_Sniffles2.INS.125SF	120	0.18518518518518517	19	77	0.24675324675324675	87	418	0.20813397129186603	14	153	0.0915032679738562	0.0018805355939340992	0.26756012706410387	0.000557509300217272	0.1630032949559028	1.0	0.037159236005336056	0.03861927546138072	0.15524997877939056	0	normal_vs_control
chrX:7625890:7625890:INS	chrX	7625890	7625890	INS	Sniffles2.INS.101BM16	122	0.1882716049382716	19	77	0.24675324675324675	89	418	0.21291866028708134	14	153	0.0915032679738562	0.0018805355939340992	0.2999600792357507	0.0003652209747652155	0.1630032949559028	1.0	0.02729940533103341	0.03383458646616541	0.15524997877939056	0	normal_vs_control
chr6:129868174:129868219:DEL	chr6	129868174	129868219	DEL	Sniffles2.DEL.5D6FM5	251	0.3873456790123457	35	77	0.45454545454545453	177	418	0.423444976076555	39	153	0.2549019607843137	0.001979590242931134	0.3501988599895709	0.0001349897976767011	0.1713211630866713	1.0	0.01284676102013251	0.031100478468899517	0.19964349376114082	0	normal_vs_control
chr10:65051663:65051709:DEL	chr10	65051663	65051709	DEL	Sniffles2.DEL.4A97M9	92	0.1419753086419753	15	77	0.19480519480519481	68	418	0.16267942583732056	9	153	0.058823529411764705	0.0020402217431109365	0.29273841323638566	0.0005312248810301698	0.17385200293450548	1.0	0.03592610953662887	0.03212576896787425	0.1359816653934301	0	normal_vs_control
chr6:44042412:44042412:INS	chr6	44042412	44042412	INS	Sniffles2.INS.2225M5	92	0.1419753086419753	15	77	0.19480519480519481	68	418	0.16267942583732056	9	153	0.058823529411764705	0.0020402217431109365	0.29273841323638566	0.0005312248810301698	0.17385200293450548	1.0	0.03592610953662887	0.03212576896787425	0.1359816653934301	0	normal_vs_control
chr8:103118257:103118257:INS	chr8	103118257	103118257	INS	Sniffles2.INS.5710M7	92	0.1419753086419753	15	77	0.19480519480519481	68	418	0.16267942583732056	9	153	0.058823529411764705	0.0020402217431109365	0.29273841323638566	0.0005312248810301698	0.17385200293450548	1.0	0.03592610953662887	0.03212576896787425	0.1359816653934301	0	normal_vs_control
chr11:33555145:33555145:INS	chr11	33555145	33555145	INS	Sniffles2.INS.1BF1MA	160	0.24691358024691357	21	77	0.2727272727272727	122	418	0.291866028708134	17	153	0.1111111111111111	0.0021087642403051915	0.6795881228770942	2.2986803067249074e-06	0.17777813354950373	1.0	0.0005921828131575776	-0.01913875598086129	0.1616161616161616	0	normal_vs_control
chr5:59181554:59181554:INS	chr5	59181554	59181554	INS	Sniffles2.INS.3F9DM4	135	0.20833333333333334	21	77	0.2727272727272727	97	418	0.23205741626794257	17	153	0.1111111111111111	0.0021087642403051915	0.26286180886515775	0.0006630667754846671	0.17777813354950373	1.0	0.042221307196946334	0.040669856459330134	0.1616161616161616	0	normal_vs_control
chr11:5435573:5435573:INS	chr11	5435573	5435573	INS	Sniffles2.INS.8F5MA	208	0.32098765432098764	27	77	0.35064935064935066	155	418	0.3708133971291866	26	153	0.16993464052287582	0.002135990190049003	0.6769931852237342	1.8328422444858058e-06	0.1784437777472612	1.0	0.0005101380212943708	-0.02016404647983594	0.18071471012647483	0	normal_vs_control
chr11:60441336:60441336:INS	chr11	60441336	60441336	INS	0006C_Sniffles2.INS.15CSA	205	0.31635802469135804	27	77	0.35064935064935066	152	418	0.36363636363636365	26	153	0.16993464052287582	0.002135990190049003	0.6328678731896049	3.771849318822159e-06	0.1784437777472612	1.0	0.0008704799586288405	-0.012987012987012991	0.18071471012647483	0	normal_vs_control
chr11:96507159:96507159:INS	chr11	96507159	96507159	INS	Sniffles2.INS.540BMA	180	0.2777777777777778	27	77	0.35064935064935066	127	418	0.3038277511961722	26	153	0.16993464052287582	0.002135990190049003	0.24585708495504144	0.000739805068223739	0.1784437777472612	1.0	0.04557989223445657	0.04682159945317843	0.18071471012647483	0	normal_vs_control
chr3:31410596:31410596:INS	chr3	31410596	31410596	INS	0010C_Sniffles2.INS.51S2	271	0.4182098765432099	36	77	0.4675324675324675	194	418	0.46411483253588515	41	153	0.2679738562091503	0.0021588182962701792	0.5267058915447009	1.3950044012738702e-05	0.18007925872562153	1.0	0.002407056192453493	0.003417634996582375	0.1995586113233172	0	normal_vs_control
chr8:117777184:117777184:INS	chr8	117777184	117777184	INS	Sniffles2.INS.6085M7	171	0.2638888888888889	25	77	0.3246753246753247	123	418	0.2942583732057416	23	153	0.1503267973856209	0.0022162727330158104	0.34070084598877315	0.0002336082377525393	0.1826524626088666	1.0	0.019664275186379403	0.030416951469583065	0.17434852728970376	0	normal_vs_control
chr20:61659625:61659663:DEL	chr20	61659625	61659663	DEL	Sniffles2.DEL.4A59M13	43	0.06635802469135803	7	77	0.09090909090909091	35	418	0.08373205741626795	1	153	0.006535947712418301	0.002265048058122645	0.48860486868078884	0.000133640586577473	0.1826524626088666	1.0	0.01280637510268698	0.007177033492822962	0.0843731431966726	0	normal_vs_control
chr1:22659298:22659298:INS	chr1	22659298	22659298	INS	0004c_Sniffles2.INS.1B1S0	257	0.3966049382716049	33	77	0.42857142857142855	188	418	0.44976076555023925	36	153	0.23529411764705882	0.0022948615365107053	0.6792915830238876	1.6264499441167562e-06	0.18367132111146184	1.0	0.00047917983779116434	-0.021189336978810702	0.19327731092436973	0	normal_vs_control
chr3:3800161:3800209:DEL	chr3	3800161	3800209	DEL	Sniffles2.DEL.305M2	271	0.4182098765432099	33	77	0.42857142857142855	202	418	0.48325358851674644	36	153	0.23529411764705882	0.0022948615365107053	0.8430768722183777	4.465657992596082e-08	0.18367132111146184	1.0	3.4891016614553776e-05	-0.05468215994531789	0.19327731092436973	0	normal_vs_control
chr7:2101559:2101559:INS	chr7	2101559	2101559	INS	0003C_Sniffles2.INS.5BS6	204	0.3148148148148148	30	77	0.38961038961038963	143	418	0.34210526315789475	31	153	0.20261437908496732	0.002297651465060754	0.24888405775361222	0.0007502171806871283	0.18367132111146184	1.0	0.04614291812579043	0.047505126452494884	0.1869960105254223	0	normal_vs_control
chr1:247522012:247522058:DEL	chr1	247522012	247522058	DEL	Sniffles2.DEL.D1C7M0	100	0.15432098765432098	14	77	0.18181818181818182	78	418	0.18660287081339713	8	153	0.05228758169934641	0.002321259564852013	0.5934512959975748	1.625989306232261e-05	0.18367132111146184	1.0	0.002712659508843147	-0.004784688995215308	0.1295306001188354	0	normal_vs_control
chr6:33953026:33953026:INS	chr6	33953026	33953026	INS	0002C_Sniffles2.INS.E4S5	307	0.4737654320987654	37	77	0.4805194805194805	227	418	0.5430622009569378	43	153	0.28104575163398693	0.002331669285180527	0.8717876768261641	1.546921678011149e-08	0.18423180936887165	1.0	1.9040199533707e-05	-0.06254272043745729	0.19947372888549358	0	normal_vs_control
chr6:169654736:169654736:INS	chr6	169654736	169654736	INS	Sniffles2.INS.7BFBM5	363	0.5601851851851852	46	77	0.5974025974025974	257	418	0.6148325358851675	60	153	0.39215686274509803	0.0024854798655402116	0.6630740923718663	1.714939420591695e-06	0.19610506950504453	1.0	0.0004947970616650414	-0.01742993848257013	0.20524573465749935	0	normal_vs_control
chr12:75358187:75358235:DEL	chr12	75358187	75358235	DEL	Sniffles2.DEL.42C3MB	288	0.4444444444444444	38	77	0.4935064935064935	205	418	0.4904306220095694	45	153	0.29411764705882354	0.0024961620507035296	0.529432413711031	1.70281119383307e-05	0.19666774347705138	1.0	0.0028070031667864906	0.0030758714969241208	0.19938884644766997	0	normal_vs_control
chr18:6729545:6729575:DEL	chr18	6729545	6729575	DEL	0003C_Sniffles2.DEL.1AAS11	281	0.43364197530864196	34	77	0.44155844155844154	209	418	0.5	38	153	0.24836601307189543	0.0025334216344457647	0.8569822862018226	3.570270969253366e-08	0.19847405585386424	1.0	3.304113508294475e-05	-0.05844155844155846	0.1931924284865461	0	normal_vs_control
chr2:235266466:235266466:INS	chr2	235266466	235266466	INS	Sniffles2.INS.BE9AM1	245	0.37808641975308643	34	77	0.44155844155844154	173	418	0.4138755980861244	38	153	0.24836601307189543	0.0025334216344457647	0.37037921814438435	0.00016236318219523771	0.19847405585386424	1.0	0.014718448339492351	0.027682843472317142	0.1931924284865461	0	normal_vs_control
chr10:3412536:3412536:INS	chr10	3412536	3412536	INS	Sniffles2.INS.4F8M9	140	0.21604938271604937	20	77	0.2597402597402597	104	418	0.24880382775119617	16	153	0.10457516339869281	0.0025615802076564462	0.46938166078369353	6.923508210781425e-05	0.19955106124004957	1.0	0.007910192603061434	0.01093643198906355	0.1551650963415669	0	normal_vs_control
chr4:80015909:80015945:DEL	chr4	80015909	80015945	DEL	Sniffles2.DEL.5876M3	140	0.21604938271604937	20	77	0.2597402597402597	104	418	0.24880382775119617	16	153	0.10457516339869281	0.0025615802076564462	0.46938166078369353	6.923508210781425e-05	0.19955106124004957	1.0	0.007910192603061434	0.01093643198906355	0.1551650963415669	0	normal_vs_control
chr4:138854515:138854515:INS	chr4	138854515	138854515	INS	Sniffles2.INS.7F1FM3	139	0.21450617283950618	20	77	0.2597402597402597	103	418	0.24641148325358853	16	153	0.10457516339869281	0.0025615802076564462	0.451597123334036	8.662630830555042e-05	0.19955106124004957	1.0	0.009389545918645452	0.01332877648667119	0.1551650963415669	0	normal_vs_control
chr16:88077084:88077123:DEL	chr16	88077084	88077123	DEL	Sniffles2.DEL.74FCMF	217	0.33487654320987653	31	77	0.4025974025974026	153	418	0.3660287081339713	33	153	0.21568627450980393	0.0026052991242066104	0.3129862743692959	0.00038168588924381247	0.20125844894219766	1.0	0.02822539123289224	0.036568694463431306	0.1869111280875987	0	normal_vs_control
chr4:54348077:54348077:INS	chr4	54348077	54348077	INS	0006C_Sniffles2.INS.1ADS3	215	0.3317901234567901	31	77	0.4025974025974026	151	418	0.361244019138756	33	153	0.21568627450980393	0.0026052991242066104	0.28500532413698393	0.0005514523642617172	0.20125844894219766	1.0	0.036897247047941915	0.04135338345864664	0.1869111280875987	0	normal_vs_control
chr9:41888522:41888522:INS	chr9	41888522	41888522	INS	Sniffles2.INS.1F21M8	239	0.36882716049382713	31	77	0.4025974025974026	175	418	0.41866028708133973	33	153	0.21568627450980393	0.0026052991242066104	0.6495632950778037	3.7615213684748267e-06	0.20125844894219766	1.0	0.0008704799586288405	-0.016062884483937112	0.1869111280875987	0	normal_vs_control
chr9:34936600:34936600:INS	chr9	34936600	34936600	INS	0003C_Sniffles2.INS.73S8	280	0.43209876543209874	39	77	0.5064935064935064	194	418	0.46411483253588515	47	153	0.30718954248366015	0.002650472783046989	0.28731371441801257	0.0004819317884853913	0.20282767504875096	1.0	0.03361868753227815	0.04237867395762129	0.1993039640098463	0	normal_vs_control
chr4:55909186:55909186:INS	chr4	55909186	55909186	INS	Sniffles2.INS.47B4M3	178	0.27469135802469136	26	77	0.33766233766233766	127	418	0.3038277511961722	25	153	0.16339869281045752	0.0026663412195107486	0.320873868618961	0.00039762760212134595	0.20282767504875096	1.0	0.029093523944910316	0.03383458646616544	0.17426364485188015	0	normal_vs_control
chr8:61760337:61760337:INS	chr8	61760337	61760337	INS	0006C_Sniffles2.INS.149S7	185	0.2854938271604938	26	77	0.33766233766233766	134	418	0.32057416267942584	25	153	0.16339869281045752	0.0026663412195107486	0.4315463529567239	9.788312379894891e-05	0.20282767504875096	1.0	0.0101908843251432	0.01708817498291182	0.17426364485188015	0	normal_vs_control
chr10:91689635:91689635:INS	chr10	91689635	91689635	INS	Sniffles2.INS.5C41M9	117	0.18055555555555555	17	77	0.22077922077922077	88	418	0.21052631578947367	12	153	0.0784313725490196	0.002669556133287706	0.4718256261380597	8.267640837368028e-05	0.20282767504875096	1.0	0.009103938184893447	0.010252904989747097	0.14234784823020116	0	normal_vs_control
chr2:49217989:49217989:INS	chr2	49217989	49217989	INS	0013C_Sniffles2.INS.106S1	111	0.1712962962962963	17	77	0.22077922077922077	82	418	0.19617224880382775	12	153	0.0784313725490196	0.002669556133287706	0.3595501805301688	0.000323769372377645	0.20282767504875096	1.0	0.025138297661859946	0.02460697197539302	0.14234784823020116	0	normal_vs_control
chr2:210929675:210929675:INS	chr2	210929675	210929675	INS	Sniffles2.INS.AD88M1	142	0.2191358024691358	17	77	0.22077922077922077	113	418	0.2703349282296651	12	153	0.0784313725490196	0.002669556133287706	0.8533583302259788	1.2838729885620027e-07	0.20282767504875096	1.0	7.565016711752362e-05	-0.049555707450444325	0.14234784823020116	0	normal_vs_control
chr18:7511294:7511294:INS	chr18	7511294	7511294	INS	Sniffles2.INS.595M11	168	0.25925925925925924	22	77	0.2857142857142857	127	418	0.3038277511961722	19	153	0.12418300653594772	0.0027202614061118996	0.6712300156611247	4.181236389531557e-06	0.20499297790711005	1.0	0.0009506881776502073	-0.018113465481886526	0.16153127917833798	0	normal_vs_control
chr9:94452679:94452679:INS	chr9	94452679	94452679	INS	Sniffles2.INS.E3DEM8	167	0.25771604938271603	22	77	0.2857142857142857	126	418	0.3014354066985646	19	153	0.12418300653594772	0.0027202614061118996	0.6559723085960852	5.332238461821485e-06	0.20499297790711005	1.0	0.0011673597783532347	-0.015721120984278913	0.16153127917833798	0	normal_vs_control
chr10:1653540:1653583:DEL	chr10	1653540	1653583	DEL	Sniffles2.DEL.2FFM9	203	0.3132716049382716	24	77	0.3116883116883117	157	418	0.37559808612440193	22	153	0.1437908496732026	0.0027459794626193937	0.8854876256574028	2.8236044064829946e-08	0.20608985159290377	1.0	2.896181497523706e-05	-0.06390977443609025	0.16789746201510908	0	normal_vs_control
chr15:77552294:77552294:INS	chr15	77552294	77552294	INS	Sniffles2.INS.5E0EME	159	0.24537037037037038	24	77	0.3116883116883117	113	418	0.2703349282296651	22	153	0.1437908496732026	0.0027459794626193937	0.2691320410857845	0.000847024945691949	0.20608985159290377	1.0	0.0494362673255908	0.041353383458646586	0.16789746201510908	0	normal_vs_control
chr2:170327497:170327497:INS	chr2	170327497	170327497	INS	0002C_Sniffles2.INS.2F1S1	72	0.1111111111111111	12	77	0.15584415584415584	54	418	0.1291866028708134	6	153	0.0392156862745098	0.00286611571313012	0.31772509380558983	0.0007539224665407964	0.20869336682723252	1.0	0.04615039179310038	0.026657552973342435	0.11662846956964604	0	normal_vs_control
chr14:99348372:99348372:INS	chr14	99348372	99348372	INS	Sniffles2.INS.63F7MD	232	0.35802469135802467	32	77	0.4155844155844156	165	418	0.39473684210526316	35	153	0.22875816993464052	0.0029146745810646538	0.41204742275093303	0.0001268476833975877	0.20993237411704688	1.0	0.012435114138098384	0.020847573479152448	0.1868262456497751	0	normal_vs_control
chr22:44255962:44256007:DEL	chr22	44255962	44256007	DEL	Sniffles2.DEL.6C01M15	292	0.4506172839506173	36	77	0.4675324675324675	214	418	0.5119617224880383	42	153	0.27450980392156865	0.002993629641523753	0.7996742997181475	2.379477390657826e-07	0.21398830402574068	1.0	0.00012112732577398036	-0.04442925495557076	0.19302266361089887	0	normal_vs_control
chr16:88109620:88109666:DEL	chr16	88109620	88109666	DEL	Sniffles2.DEL.7502MF	329	0.5077160493827161	42	77	0.5454545454545454	234	418	0.5598086124401914	53	153	0.3464052287581699	0.003036543330092362	0.6407757155132111	4.35345720719678e-06	0.21398830402574068	1.0	0.0009762319343814384	-0.014354066985646008	0.1990493166963755	0	normal_vs_control
chr11:79190865:79190865:INS	chr11	79190865	79190865	INS	Sniffles2.INS.480BMA	74	0.11419753086419752	11	77	0.14285714285714285	58	418	0.13875598086124402	5	153	0.032679738562091505	0.0030807837171736357	0.5213231912660757	8.639377853167753e-05	0.21398830402574068	1.0	0.009389545918645452	0.004101161995898828	0.11017740429505135	0	normal_vs_control
chr5:64796826:64796826:INS	chr5	64796826	64796826	INS	Sniffles2.INS.4320M4	82	0.12654320987654322	11	77	0.14285714285714285	66	418	0.15789473684210525	5	153	0.032679738562091505	0.0030807837171736357	0.6859493401153505	9.64115032366375e-06	0.21398830402574068	1.0	0.0017859666693213641	-0.015037593984962405	0.11017740429505135	0	normal_vs_control
chr8:61565662:61565662:INS	chr8	61565662	61565662	INS	0027C_Sniffles2.INS.11FS7	76	0.11728395061728394	11	77	0.14285714285714285	60	418	0.14354066985645933	5	153	0.032679738562091505	0.0030807837171736357	0.5650855176030534	5.0505490980375136e-05	0.21398830402574068	1.0	0.006169665356112376	-0.0006835269993164805	0.11017740429505135	0	normal_vs_control
chr11:116240301:116240301:INS	chr11	116240301	116240301	INS	Sniffles2.INS.60A1MA	123	0.18981481481481483	19	77	0.24675324675324675	89	418	0.21291866028708134	15	153	0.09803921568627451	0.0030970555400470505	0.2999600792357507	0.0007841467060378461	0.21398830402574068	1.0	0.04731150737852539	0.03383458646616541	0.14871403106697223	0	normal_vs_control
chr12:105071635:105071652:DEL	chr12	105071635	105071652	DEL	Sniffles2.DEL.5692MB	124	0.19135802469135801	19	77	0.24675324675324675	90	418	0.215311004784689	15	153	0.09803921568627451	0.0030970555400470505	0.31667066209857603	0.0006394886665502059	0.21398830402574068	1.0	0.0414754078019705	0.031442241968557744	0.14871403106697223	0	normal_vs_control
chr7:5866408:5866408:INS	chr7	5866408	5866408	INS	Sniffles2.INS.8E3M6	194	0.2993827160493827	27	77	0.35064935064935066	140	418	0.3349282296650718	27	153	0.17647058823529413	0.0031385090595804923	0.44175328407383685	0.00011194310467565737	0.21398830402574068	1.0	0.011212124198508698	0.015721120984278858	0.17417876241405653	0	normal_vs_control
chr8:141538268:141538268:INS	chr8	141538268	141538268	INS	Sniffles2.INS.7160M7	197	0.30401234567901236	27	77	0.35064935064935066	143	418	0.34210526315789475	27	153	0.17647058823529413	0.0031385090595804923	0.4904459039393543	6.006460525199699e-05	0.21398830402574068	1.0	0.00713918102081032	0.00854408749145591	0.17417876241405653	0	normal_vs_control
chr2:230581579:230581579:INS	chr2	230581579	230581579	INS	Sniffles2.INS.BA45M1	102	0.1574074074074074	16	77	0.2077922077922078	75	418	0.17942583732057416	11	153	0.0718954248366013	0.0031500954584652327	0.3266961636538785	0.0006457854473788594	0.21398830402574068	1.0	0.04164000507499449	0.02836637047163365	0.1358967829556065	0	normal_vs_control
chr10:98276119:98276119:INS	chr10	98276119	98276119	INS	Sniffles2.INS.609AM9	53	0.08179012345679013	9	77	0.11688311688311688	41	418	0.09808612440191387	3	153	0.0196078431372549	0.0031675041529842796	0.3701809030444438	0.0006033484672248565	0.21398830402574068	1.0	0.03945485820856005	0.018796992481203006	0.09727527374586198	0	normal_vs_control
chr11:70658283:70658283:INS	chr11	70658283	70658283	INS	Sniffles2.INS.4225MA	52	0.08024691358024691	9	77	0.11688311688311688	40	418	0.09569377990430622	3	153	0.0196078431372549	0.0031675041529842796	0.34556670259128175	0.0007892654152119134	0.21398830402574068	1.0	0.04731150737852539	0.02118933697881066	0.09727527374586198	0	normal_vs_control
chr9:115242524:115242544:DEL	chr9	115242524	115242544	DEL	0026C_Sniffles2.DEL.5D5S8	53	0.08179012345679013	9	77	0.11688311688311688	41	418	0.09808612440191387	3	153	0.0196078431372549	0.0031675041529842796	0.3701809030444438	0.0006033484672248565	0.21398830402574068	1.0	0.03945485820856005	0.018796992481203006	0.09727527374586198	0	normal_vs_control
chr16:50435636:50435677:DEL	chr16	50435636	50435677	DEL	Sniffles2.DEL.58F2MF	73	0.11265432098765432	10	77	0.12987012987012986	59	418	0.14114832535885166	4	153	0.026143790849673203	0.0032025509151533313	0.6614649133288576	1.6807416183165635e-05	0.21398830402574068	1.0	0.002778893037472174	-0.011278195488721804	0.10372633902045665	0	normal_vs_control
chr4:7661542:7661583:DEL	chr4	7661542	7661583	DEL	Sniffles2.DEL.907M3	62	0.09567901234567901	10	77	0.12987012987012986	48	418	0.11483253588516747	4	153	0.026143790849673203	0.0032025509151533313	0.41410923794261817	0.0003451414013239361	0.21398830402574068	1.0	0.026223171380699826	0.015037593984962391	0.10372633902045665	0	normal_vs_control
chr5:148284120:148284159:DEL	chr5	148284120	148284159	DEL	Sniffles2.INS.78EEM4	265	0.4089506172839506	37	77	0.4805194805194805	184	418	0.44019138755980863	44	153	0.2875816993464052	0.0032102144989464387	0.29759480263992505	0.0005959808519584872	0.21398830402574068	1.0	0.03920449813334524	0.04032809295967188	0.1929377811730753	0	normal_vs_control
chr10:729101:729101:INS	chr10	729101	729101	INS	0002C_Sniffles2.DEL.325S9	273	0.4212962962962963	33	77	0.42857142857142855	203	418	0.48564593301435405	37	153	0.24183006535947713	0.0032221103047134344	0.8521683899922867	7.892268614224424e-08	0.21398830402574068	1.0	5.266710530176655e-05	-0.0570745044429255	0.18674136321195142	0	normal_vs_control
chr18:63591638:63591638:INS	chr18	63591638	63591638	INS	Sniffles2.INS.42E9M11	246	0.37962962962962965	33	77	0.42857142857142855	176	418	0.42105263157894735	37	153	0.24183006535947713	0.0032221103047134344	0.4993110296551969	4.805275510379151e-05	0.21398830402574068	1.0	0.005954241610042068	0.007518796992481203	0.18674136321195142	0	normal_vs_control
chr22:16232306:16232354:DEL	chr22	16232306	16232354	DEL	Sniffles2.DEL.51B3M15	249	0.38425925925925924	33	77	0.42857142857142855	179	418	0.42822966507177035	37	153	0.24183006535947713	0.0032221103047134344	0.5459939426659762	2.55429162092553e-05	0.21398830402574068	1.0	0.0036747299818135908	0.00034176349965819863	0.18674136321195142	0	normal_vs_control
chr3:40613806:40613806:INS	chr3	40613806	40613806	INS	0003C_Sniffles2.INS.9FS2	285	0.4398148148148148	33	77	0.42857142857142855	215	418	0.5143540669856459	37	153	0.24183006535947713	0.0032221103047134344	0.9343327998989319	2.669962322183829e-09	0.21398830402574068	1.0	5.464185929163837e-06	-0.08578263841421735	0.18674136321195142	0	normal_vs_control
chr3:184034564:184034609:DEL	chr3	184034564	184034609	DEL	Sniffles2.DEL.9A97M2	232	0.35802469135802467	33	77	0.42857142857142855	162	418	0.3875598086124402	37	153	0.24183006535947713	0.0032221103047134344	0.2898109144139684	0.0007059129074769891	0.21398830402574068	1.0	0.044030522656909314	0.04101161995898833	0.18674136321195142	0	normal_vs_control
chr14:23629192:23629192:INS	chr14	23629192	23629192	INS	0002C_Sniffles2.INS.D1SD	251	0.3873456790123457	30	77	0.38961038961038963	189	418	0.45215311004784686	32	153	0.20915032679738563	0.0032860508915432463	0.8731703066234839	4.859476748148269e-08	0.21630231192996124	1.0	3.4891016614553776e-05	-0.06254272043745723	0.180460062813004	0	normal_vs_control
chr2:53868565:53868565:INS	chr2	53868565	53868565	INS	0002C_Sniffles2.INS.148S1	169	0.26080246913580246	25	77	0.3246753246753247	120	418	0.28708133971291866	24	153	0.1568627450980392	0.003313478340401914	0.29498283462395314	0.000798572288645618	0.21630231192996124	1.0	0.04781764532270648	0.03759398496240601	0.16781257957728546	0	normal_vs_control
chr6:10202506:10202548:DEL	chr6	10202506	10202548	DEL	0017C_Sniffles2.DEL.353S5	182	0.2808641975308642	25	77	0.3246753246753247	133	418	0.3181818181818182	24	153	0.1568627450980392	0.003313478340401914	0.5038080224199348	5.932140325813988e-05	0.21630231192996124	1.0	0.007066008351960972	0.006493506493506496	0.16781257957728546	0	normal_vs_control
chr15:98358204:98358204:INS	chr15	98358204	98358204	INS	Sniffles2.INS.6C6FME	171	0.2638888888888889	21	77	0.2727272727272727	132	418	0.3157894736842105	18	153	0.11764705882352941	0.0033272472334138618	0.8113511449386884	4.6081881755288293e-07	0.21630231192996124	1.0	0.00018906542716014133	-0.0430622009569378	0.1550802139037433	0	normal_vs_control
chr2:119148741:119148741:INS	chr2	119148741	119148741	INS	Sniffles2.INS.724EM1	179	0.2762345679012346	21	77	0.2727272727272727	140	418	0.3349282296650718	18	153	0.11764705882352941	0.0033272472334138618	0.8865874037232119	5.29238619240349e-08	0.21630231192996124	1.0	3.7105656509473986e-05	-0.06220095693779909	0.1550802139037433	0	normal_vs_control
chr6:167671852:167671852:INS	chr6	167671852	167671852	INS	Sniffles2.INS.78DAM5	139	0.21450617283950618	21	77	0.2727272727272727	100	418	0.23923444976076555	18	153	0.11764705882352941	0.0033272472334138618	0.3096575201743117	0.0007357898914564488	0.21630231192996124	1.0	0.0453829961113472	0.03349282296650716	0.1550802139037433	0	normal_vs_control
chr1:106560900:106560900:INS	chr1	106560900	106560900	INS	0006C_Sniffles2.INS.229S0	175	0.2700617283950617	23	77	0.2987012987012987	131	418	0.3133971291866029	21	153	0.13725490196078433	0.003387822402611214	0.6478873694819282	8.987570826093271e-06	0.21870012498348473	1.0	0.0017032965572940156	-0.014695830485304207	0.16144639674051436	0	normal_vs_control
chr5:179937187:179937187:INS	chr5	179937187	179937187	INS	Sniffles2.INS.8ED4M4	157	0.24228395061728394	23	77	0.2987012987012987	113	418	0.2703349282296651	21	153	0.13725490196078433	0.003387822402611214	0.34988515718665686	0.0004404258919045876	0.21870012498348473	1.0	0.03155796804762134	0.028366370471633595	0.16144639674051436	0	normal_vs_control
chr10:584713:584713:INS	chr10	584713	584713	INS	Sniffles2.INS.F7M9	278	0.42901234567901236	38	77	0.4935064935064935	194	418	0.46411483253588515	46	153	0.3006535947712418	0.0034147356038801827	0.3624135863443333	0.000282974025139095	0.2196694258161621	1.0	0.022616688750944	0.029391660970608358	0.1928528987352517	0	normal_vs_control
chr6:150810545:150810545:INS	chr6	150810545	150810545	INS	0006C_Sniffles2.INS.2B2S5	283	0.4367283950617284	38	77	0.4935064935064935	199	418	0.47607655502392343	46	153	0.3006535947712418	0.0034147356038801827	0.43711399634674175	0.00010871231989056931	0.2196694258161621	1.0	0.010967865162292994	0.017429938482570073	0.1928528987352517	0	normal_vs_control
chr14:21770874:21770874:INS	chr14	21770874	21770874	INS	Sniffles2.INS.3000MD	272	0.41975308641975306	34	77	0.44155844155844154	199	418	0.47607655502392343	39	153	0.2549019607843137	0.003524156208140501	0.7519582290634291	1.0660163011410856e-06	0.22592125469500704	1.0	0.0003514554219500146	-0.03451811346548189	0.18665648077412783	0	normal_vs_control
chr8:143264658:143264658:INS	chr8	143264658	143264658	INS	0008C_Sniffles2.INS.24BS7	263	0.4058641975308642	34	77	0.44155844155844154	190	418	0.45454545454545453	39	153	0.2549019607843137	0.003524156208140501	0.6301688909271131	8.813433539710994e-06	0.22592125469500704	1.0	0.001694994642005252	-0.012987012987012991	0.18665648077412783	0	normal_vs_control
chr15:19898977:19898977:INS	chr15	19898977	19898977	INS	0002C_Sniffles2.INS.53SE	313	0.48302469135802467	39	77	0.5064935064935064	226	418	0.5406698564593302	48	153	0.3137254901960784	0.003605154945938917	0.751015423552374	9.759745216895838e-07	0.2308466151973003	1.0	0.0003256462458273655	-0.03417634996582375	0.192768016297428	0	normal_vs_control
chr12:5553227:5553252:DEL	chr12	5553227	5553252	DEL	Sniffles2.DEL.52FMB	221	0.3410493827160494	28	77	0.36363636363636365	164	418	0.3923444976076555	29	153	0.1895424836601307	0.0036262320822742335	0.7250079339004968	2.3566380865962294e-06	0.2311274367928714	1.0	0.000601518296499502	-0.02870813397129185	0.17409387997623293	0	normal_vs_control
chr14:38558469:38558505:DEL	chr14	38558469	38558505	DEL	0008C_Sniffles2.DEL.308SD	194	0.2993827160493827	28	77	0.36363636363636365	137	418	0.3277511961722488	29	153	0.1895424836601307	0.0036262320822742335	0.31215403236113776	0.0007018583383784211	0.2311274367928714	1.0	0.04388228812011952	0.03588516746411485	0.17409387997623293	0	normal_vs_control
chr7:159291182:159291182:INS	chr7	159291182	159291182	INS	Sniffles2.INS.8C68M6	223	0.3441358024691358	28	77	0.36363636363636365	166	418	0.39712918660287083	29	153	0.1895424836601307	0.0036262320822742335	0.7506392589402883	1.4530319606184183e-06	0.2311274367928714	1.0	0.00044012270260732555	-0.033492822966507185	0.17409387997623293	0	normal_vs_control
chr3:197006269:197006313:DEL	chr3	197006269	197006313	DEL	Sniffles2.DEL.A627M2	227	0.35030864197530864	31	77	0.4025974025974026	162	418	0.3875598086124402	34	153	0.2222222222222222	0.0036809249458380103	0.44917041756788106	0.0001237008753090641	0.2322791560966552	1.0	0.012191359575833527	0.015037593984962405	0.1803751803751804	0	normal_vs_control
chr12:124468655:124468691:DEL	chr12	124468655	124468691	DEL	Sniffles2.INS.64B4MB	105	0.16203703703703703	15	77	0.19480519480519481	80	418	0.19138755980861244	10	153	0.06535947712418301	0.0036904321760138762	0.5259018092869109	8.263974038404392e-05	0.2322791560966552	1.0	0.009103938184893447	0.003417634996582375	0.12944571768101182	0	normal_vs_control
chr16:26504154:26504154:INS	chr16	26504154	26504154	INS	Sniffles2.INS.174BMF	100	0.15432098765432098	15	77	0.19480519480519481	75	418	0.17942583732057416	10	153	0.06535947712418301	0.0036904321760138762	0.42715249032490077	0.0002682670023989987	0.2322791560966552	1.0	0.021597053384993806	0.01537935748462066	0.12944571768101182	0	normal_vs_control
chr19:14067398:14067398:INS	chr19	14067398	14067398	INS	0006C_Sniffles2.INS.BFS12	105	0.16203703703703703	15	77	0.19480519480519481	80	418	0.19138755980861244	10	153	0.06535947712418301	0.0036904321760138762	0.5259018092869109	8.263974038404392e-05	0.2322791560966552	1.0	0.009103938184893447	0.003417634996582375	0.12944571768101182	0	normal_vs_control
chr2:7454969:7454969:INS	chr2	7454969	7454969	INS	Sniffles2.INS.90BM1	110	0.1697530864197531	15	77	0.19480519480519481	85	418	0.20334928229665072	10	153	0.06535947712418301	0.0036904321760138762	0.6203661733164879	2.415711516236258e-05	0.2322791560966552	1.0	0.0035775783278420817	-0.00854408749145591	0.12944571768101182	0	normal_vs_control
chr10:1514574:1515009:DEL	chr10	1514574	1515009	DEL	0002C_Sniffles2.DEL.343S9	124	0.19135802469135801	18	77	0.23376623376623376	92	418	0.22009569377990432	14	153	0.0915032679738562	0.003726871721701828	0.4463894148186413	0.0001904552452658201	0.232459426713537	1.0	0.016717805269070116	0.013670539986329444	0.14226296579237757	0	normal_vs_control
chr22:32049157:32049200:DEL	chr22	32049157	32049200	DEL	Sniffles2.DEL.6197M15	307	0.4737654320987654	40	77	0.5194805194805194	217	418	0.5191387559808612	50	153	0.32679738562091504	0.0037796356903767345	0.5475927496530558	2.9241283475933408e-05	0.23270617561828164	1.0	0.004121160837569973	0.00034176349965819863	0.1926831338596044	0	normal_vs_control
chr7:158863777:158863777:INS	chr7	158863777	158863777	INS	Sniffles2.INS.8B6BM6	287	0.44290123456790126	35	77	0.45454545454545453	211	418	0.5047846889952153	41	153	0.2679738562091503	0.0038175992809948126	0.8248791698631582	2.3837073931833358e-07	0.23270617561828164	1.0	0.00012112732577398036	-0.050239234449760806	0.1865715983363042	0	normal_vs_control
chr2:238269455:238269455:INS	chr2	238269455	238269455	INS	Sniffles2.INS.C101M1	183	0.2824074074074074	26	77	0.33766233766233766	131	418	0.3133971291866029	26	153	0.16993464052287582	0.003908479156934309	0.38312204565796454	0.0003477157456124717	0.23454262572511106	1.0	0.02634648388233048	0.024265208475734767	0.16772769713946184	0	normal_vs_control
chr5:16535745:16535784:DEL	chr5	16535745	16535784	DEL	Sniffles2.DEL.F8BM4	209	0.32253086419753085	26	77	0.33766233766233766	157	418	0.37559808612440193	26	153	0.16993464052287582	0.003908479156934309	0.775957024941899	1.1211610876681414e-06	0.23454262572511106	1.0	0.0003631512884430586	-0.03793574846206427	0.16772769713946184	0	normal_vs_control
chr6:23797331:23797331:INS	chr6	23797331	23797331	INS	Sniffles2.INS.1184M5	193	0.2978395061728395	26	77	0.33766233766233766	141	418	0.3373205741626794	26	153	0.16993464052287582	0.003908479156934309	0.5459680433594888	4.5299040334931116e-05	0.23454262572511106	1.0	0.005702325559252647	0.00034176349965825414	0.16772769713946184	0	normal_vs_control
chr12:7190212:7190256:DEL	chr12	7190212	7190256	DEL	Sniffles2.DEL.691MB	318	0.49074074074074076	41	77	0.5324675324675324	225	418	0.5382775119617225	52	153	0.33986928104575165	0.003936540635587264	0.5871436561741841	1.7763827504795836e-05	0.23597090121634998	1.0	0.0028938319936342113	-0.005809979494190043	0.19259825142178078	0	normal_vs_control
chr12:132347723:132347723:INS	chr12	132347723	132347723	INS	Sniffles2.INS.6DA6MB	168	0.25925925925925924	20	77	0.2597402597402597	131	418	0.3133971291866029	17	153	0.1111111111111111	0.004052936550639248	0.8591756860552948	2.1971899985366385e-07	0.240346948251399	1.0	0.00011815335887276441	-0.05365686944634318	0.1486291486291486	0	normal_vs_control
chr2:21370830:21370830:INS	chr2	21370830	21370830	INS	0006C_Sniffles2.INS.E6S1	137	0.21141975308641975	20	77	0.2597402597402597	100	418	0.23923444976076555	17	153	0.1111111111111111	0.004052936550639248	0.39854095946325896	0.00036034978945951153	0.240346948251399	1.0	0.027081484584238025	0.020505809979494166	0.1486291486291486	0	normal_vs_control
chr2:100150079:100150079:INS	chr2	100150079	100150079	INS	Sniffles2.INS.65F4M1	152	0.2345679012345679	20	77	0.2597402597402597	115	418	0.2751196172248804	17	153	0.1111111111111111	0.004052936550639248	0.6573199100878773	1.2785791192340915e-05	0.240346948251399	1.0	0.0022269792533376686	-0.01537935748462066	0.1486291486291486	0	normal_vs_control
chr3:14773503:14773536:DEL	chr3	14773503	14773536	DEL	Sniffles2.DEL.AC6M2	138	0.21296296296296297	20	77	0.2597402597402597	101	418	0.24162679425837322	17	153	0.1111111111111111	0.004052936550639248	0.4161416405105755	0.00029277057110006283	0.240346948251399	1.0	0.023232057868324184	0.018113465481886498	0.1486291486291486	0	normal_vs_control
chr10:41884985:41884985:INS	chr10	41884985	41884985	INS	0002C_Sniffles2.INS.131S9	243	0.375	32	77	0.4155844155844156	175	418	0.41866028708133973	36	153	0.23529411764705882	0.004073805469581125	0.5679819574660105	3.0941755206468875e-05	0.24057132734601575	1.0	0.004295242950816787	-0.0030758714969241208	0.1802902979373568	0	normal_vs_control
chr11:47402261:47402261:INS	chr11	47402261	47402261	INS	0002C_Sniffles2.INS.E6SA	165	0.25462962962962965	24	77	0.3116883116883117	118	418	0.2822966507177033	23	153	0.1503267973856209	0.004100154058905158	0.3452901095385763	0.0006212937747237243	0.24057132734601575	1.0	0.04038393317467544	0.029391660970608358	0.16136151430269077	0	normal_vs_control
chr12:90596201:90596241:DEL	chr12	90596201	90596241	DEL	0003C_Sniffles2.DEL.3B5SB	171	0.2638888888888889	24	77	0.3116883116883117	124	418	0.2966507177033493	23	153	0.1503267973856209	0.004100154058905158	0.4436682859015081	0.0001908572925982377	0.24057132734601575	1.0	0.01672658816840378	0.015037593984962405	0.16136151430269077	0	normal_vs_control
chr1:99823641:99823681:DEL	chr1	99823641	99823681	DEL	Sniffles2.DEL.4D51M0	106	0.16358024691358025	14	77	0.18181818181818182	83	418	0.19856459330143542	9	153	0.058823529411764705	0.004288524317039546	0.6840832033252451	1.3701748500698652e-05	0.24846525614245435	1.0	0.002371601393614678	-0.016746411483253593	0.12299465240641712	0	normal_vs_control
chr2:113643869:113643869:INS	chr2	113643869	113643869	INS	Sniffles2.INS.6E8CM1	292	0.4506172839506173	37	77	0.4805194805194805	210	418	0.5023923444976076	45	153	0.29411764705882354	0.004367063968348265	0.6831139547028209	5.562845421723726e-06	0.25275124250666015	1.0	0.0012035737586657568	-0.0218728639781271	0.18640183346065697	0	normal_vs_control
chr17:21990304:21990304:INS	chr17	21990304	21990304	INS	Sniffles2.INS.1682M10	352	0.5432098765432098	47	77	0.6103896103896104	241	418	0.5765550239234449	64	153	0.41830065359477125	0.004441636780297058	0.33606726477466475	0.0005515801356917727	0.2532972090448107	1.0	0.036897247047941915	0.03383458646616544	0.19208895679483912	0	normal_vs_control
chr1:78675536:78675536:INS	chr1	78675536	78675536	INS	0002C_Sniffles2.INS.174S0	273	0.4212962962962963	33	77	0.42857142857142855	202	418	0.48325358851674644	38	153	0.24836601307189543	0.0044604754359315515	0.8430768722183777	2.3143816984549126e-07	0.2532972090448107	1.0	0.0001209329938811516	-0.05468215994531789	0.18020541549953312	0	normal_vs_control
chr19:37310456:37310456:INS	chr19	37310456	37310456	INS	0010C_Sniffles2.INS.12DS12	265	0.4089506172839506	33	77	0.42857142857142855	194	418	0.46411483253588515	38	153	0.24836601307189543	0.0044604754359315515	0.7574486479094571	1.7052889428728771e-06	0.2532972090448107	1.0	0.0004947970616650414	-0.0355434039644566	0.18020541549953312	0	normal_vs_control
chr2:223146750:223146750:INS	chr2	223146750	223146750	INS	0006C_Sniffles2.INS.401S1	258	0.39814814814814814	33	77	0.42857142857142855	187	418	0.4473684210526316	38	153	0.24836601307189543	0.0044604754359315515	0.6652793514340194	8.687742221396809e-06	0.2532972090448107	1.0	0.0016884093549428998	-0.018796992481203034	0.18020541549953312	0	normal_vs_control
chr5:35734441:35734441:INS	chr5	35734441	35734441	INS	0003C_Sniffles2.INS.104S4	254	0.39197530864197533	33	77	0.42857142857142855	183	418	0.43779904306220097	38	153	0.24836601307189543	0.0044604754359315515	0.606979486186243	2.0966224950905267e-05	0.2532972090448107	1.0	0.0031903221636833544	-0.009227614490772418	0.18020541549953312	0	normal_vs_control
chr9:28769499:28769533:DEL	chr9	28769499	28769533	DEL	0003C_Sniffles2.DEL.5A0S8	262	0.404320987654321	33	77	0.42857142857142855	191	418	0.4569377990430622	38	153	0.24836601307189543	0.0044604754359315515	0.719717485736851	3.4731382931560283e-06	0.2532972090448107	1.0	0.0008116885391617134	-0.02836637047163365	0.18020541549953312	0	normal_vs_control
chr12:132717330:132717373:DEL	chr12	132717330	132717373	DEL	Sniffles2.DEL.6E9EMB	114	0.17592592592592593	17	77	0.22077922077922077	84	418	0.20095693779904306	13	153	0.08496732026143791	0.004463386943520893	0.39654657808059857	0.0004785088600453414	0.2532972090448107	1.0	0.033506509153212856	0.019822282980177713	0.13581190051778286	0	normal_vs_control
chr7:15026171:15026171:INS	chr7	15026171	15026171	INS	0006C_Sniffles2.INS.D2S6	155	0.23919753086419754	17	77	0.22077922077922077	125	418	0.29904306220095694	13	153	0.08496732026143791	0.004463386943520893	0.9399231371717303	1.3445746191258336e-08	0.2532972090448107	1.0	1.773173785812897e-05	-0.07826384142173617	0.13581190051778286	0	normal_vs_control
chr12:131574632:131574676:DEL	chr12	131574632	131574676	DEL	0002C_Sniffles2.DEL.489SB	193	0.2978395061728395	27	77	0.35064935064935066	138	418	0.33014354066985646	28	153	0.1830065359477124	0.004522668635126806	0.4095578184765492	0.0003183472512128643	0.2553532827343563	1.0	0.02494005311199169	0.020505809979494194	0.16764281470163825	0	normal_vs_control
chr11:130091800:130091851:DEL	chr11	130091800	130091851	DEL	0003C_Sniffles2.DEL.42ESA	226	0.3487654320987654	30	77	0.38961038961038963	163	418	0.38995215311004783	33	153	0.21568627450980393	0.004623527893251698	0.5502569389112294	5.3227689583258636e-05	0.26078203966540225	1.0	0.006437063909688928	-0.00034176349965819863	0.1739241151005857	0	normal_vs_control
chr12:88010383:88010423:DEL	chr12	88010383	88010423	DEL	Sniffles2.DEL.4B95MB	288	0.4444444444444444	34	77	0.44155844155844154	214	418	0.5119617224880383	40	153	0.26143790849673204	0.004837037278568465	0.8961564010600501	4.806347660704096e-08	0.26913484264812015	1.0	3.4891016614553776e-05	-0.07040328092959675	0.1801205330617095	0	normal_vs_control
chr8:141631586:141631586:INS	chr8	141631586	141631586	INS	Sniffles2.INS.7191M7	268	0.41358024691358025	34	77	0.44155844155844154	194	418	0.46411483253588515	40	153	0.26143790849673204	0.004837037278568465	0.6869696004503255	7.103705804884764e-06	0.26913484264812015	1.0	0.0014511724290609113	-0.022556390977443608	0.1801205330617095	0	normal_vs_control
chr11:104291655:104291655:INS	chr11	104291655	104291655	INS	Sniffles2.INS.5914MA	190	0.2932098765432099	25	77	0.3246753246753247	140	418	0.3349282296650718	25	153	0.16339869281045752	0.004846171521459939	0.6169376102440632	2.709505451293815e-05	0.26913484264812015	1.0	0.003855624708790463	-0.010252904989747125	0.16127663186486715	0	normal_vs_control
chr5:10143143:10143179:DEL	chr5	10143143	10143179	DEL	0003C_Sniffles2.DEL.3BCS4	192	0.2962962962962963	25	77	0.3246753246753247	142	418	0.3397129186602871	25	153	0.16339869281045752	0.004846171521459939	0.647614129000776	1.7364135161451945e-05	0.26913484264812015	1.0	0.0028370640658480837	-0.015037593984962405	0.16127663186486715	0	normal_vs_control
chr1:30519696:30519696:INS	chr1	30519696	30519696	INS	Sniffles2.INS.20CBM0	155	0.23919753086419754	19	77	0.24675324675324675	120	418	0.28708133971291866	16	153	0.10457516339869281	0.004917180408402269	0.8045044727407966	1.454149898482353e-06	0.26913484264812015	1.0	0.00044012270260732555	-0.04032809295967191	0.14217808335455395	0	normal_vs_control
chr22:26661924:26661946:DEL	chr22	26661924	26661946	DEL	0003C_Sniffles2.DEL.426S15	132	0.2037037037037037	19	77	0.24675324675324675	97	418	0.23205741626794257	16	153	0.10457516339869281	0.004917180408402269	0.44002828996131893	0.0003177932205630858	0.26913484264812015	1.0	0.02493191345686713	0.014695830485304179	0.14217808335455395	0	normal_vs_control
chr3:82584848:82584939:DEL	chr3	82584848	82584939	DEL	Sniffles2.DEL.3658M2	136	0.20987654320987653	19	77	0.24675324675324675	101	418	0.24162679425837322	16	153	0.10457516339869281	0.004917180408402269	0.5123384662347007	0.00013475445758311658	0.26913484264812015	1.0	0.01284676102013251	0.005126452494873535	0.14217808335455395	0	normal_vs_control
chr4:124585837:124585837:INS	chr4	124585837	124585837	INS	Sniffles2.INS.7595M3	93	0.14351851851851852	13	77	0.16883116883116883	72	418	0.1722488038277512	8	153	0.05228758169934641	0.004936827474010436	0.5844755430712134	7.560157667908676e-05	0.26913484264812015	1.0	0.008511016522563532	-0.003417634996582375	0.11654358713182242	0	normal_vs_control
chr5:1828072:1828115:DEL	chr5	1828072	1828115	DEL	108_Sniffles2.DEL.345S4	83	0.12808641975308643	13	77	0.16883116883116883	62	418	0.14832535885167464	8	153	0.05228758169934641	0.004936827474010436	0.376989678534919	0.0008273747596240742	0.26913484264812015	1.0	0.04859664176676376	0.020505809979494194	0.11654358713182242	0	normal_vs_control
chr5:169079715:169079771:DEL	chr5	169079715	169079771	DEL	Sniffles2.DEL.8667M4	95	0.14660493827160495	13	77	0.16883116883116883	74	418	0.17703349282296652	8	153	0.05228758169934641	0.004936827474010436	0.6233621021249807	4.566065885135502e-05	0.26913484264812015	1.0	0.00572183839922817	-0.008202323991797683	0.11654358713182242	0	normal_vs_control
chr7:63553043:63553043:INS	chr7	63553043	63553043	INS	Sniffles2.INS.4146M6	86	0.13271604938271606	13	77	0.16883116883116883	65	418	0.15550239234449761	8	153	0.05228758169934641	0.004936827474010436	0.4399000188881885	0.00041315112998589466	0.26913484264812015	1.0	0.029952375376516665	0.013328776486671218	0.11654358713182242	0	normal_vs_control
chr15:99750654:99750700:DEL	chr15	99750654	99750700	DEL	Sniffles2.DEL.6D73ME	176	0.2716049382716049	23	77	0.2987012987012987	131	418	0.3133971291866029	22	153	0.1437908496732026	0.005053091737772916	0.6478873694819282	2.0236833986389823e-05	0.2741240403249425	1.0	0.0031135493356615543	-0.014695830485304207	0.1549104490280961	0	normal_vs_control
chr16:34159990:34159990:INS	chr16	34159990	34159990	INS	0010C_Sniffles2.INS.C8SF	164	0.25308641975308643	23	77	0.2987012987012987	119	418	0.284688995215311	22	153	0.1437908496732026	0.005053091737772916	0.4498853143380136	0.0002635169463710607	0.2741240403249425	1.0	0.021401285374780515	0.014012303485987698	0.1549104490280961	0	normal_vs_control
chr17:891826:891826:INS	chr17	891826	891826	INS	Sniffles2.INS.32CM10	144	0.2222222222222222	21	77	0.2727272727272727	104	418	0.24880382775119617	19	153	0.12418300653594772	0.005095038073512277	0.3760583790936843	0.0006654747124943029	0.27505260118489083	1.0	0.042221307196946334	0.02392344497607654	0.148544266191325	0	normal_vs_control
chr16:89077770:89077824:DEL	chr16	89077770	89077824	DEL	Sniffles2.DEL.773BMF	241	0.37191358024691357	31	77	0.4025974025974026	175	418	0.41866028708133973	35	153	0.22875816993464052	0.0051216116523867365	0.6495632950778037	1.5771062309912996e-05	0.2759492472785959	1.0	0.0026470533309741243	-0.016062884483937112	0.1738392326627621	0	normal_vs_control
chr10:4362016:4362016:INS	chr10	4362016	4362016	INS	0002C_Sniffles2.INS.50S9	231	0.35648148148148145	28	77	0.36363636363636365	173	418	0.4138755980861244	30	153	0.19607843137254902	0.0051481702876021015	0.8290885468483585	5.802556200159141e-07	0.27684160765990795	1.0	0.00021676897260426405	-0.05023923444976075	0.16755793226381463	0	normal_vs_control
chr1:203515079:203515079:INS	chr1	203515079	203515079	INS	Sniffles2.INS.B15FM0	113	0.1743827160493827	16	77	0.2077922077922078	85	418	0.20334928229665072	12	153	0.0784313725490196	0.005319233864853177	0.517474818405632	0.00016520843747485912	0.2830179878064244	1.0	0.014905343015774106	0.004442925495557082	0.1293608352431882	0	normal_vs_control
chr20:5727018:5727018:INS	chr20	5727018	5727018	INS	Sniffles2.INS.556M13	106	0.16358024691358025	16	77	0.2077922077922078	78	418	0.18660287081339713	12	153	0.0784313725490196	0.005319233864853177	0.3828023412885697	0.0007695982997406826	0.2830179878064244	1.0	0.046893851073747994	0.021189336978810674	0.1293608352431882	0	normal_vs_control
chr4:49197117:49197117:INS	chr4	49197117	49197117	INS	Sniffles2.INS.273FM3	115	0.17746913580246915	16	77	0.2077922077922078	87	418	0.20813397129186603	12	153	0.0784313725490196	0.005319233864853177	0.5553230429617834	0.00010435725696993916	0.2830179878064244	1.0	0.010687123704821475	-0.0003417634996582264	0.1293608352431882	0	normal_vs_control
chr5:170599625:170599665:DEL	chr5	170599625	170599665	DEL	0026C_Sniffles2.DEL.59DS4	118	0.18209876543209877	16	77	0.2077922077922078	90	418	0.215311004784689	12	153	0.0784313725490196	0.005319233864853177	0.6103598643137245	5.1566437967009455e-05	0.2830179878064244	1.0	0.0062635128642910525	-0.007518796992481203	0.1293608352431882	0	normal_vs_control
chr8:76371746:76371746:INS	chr8	76371746	76371746	INS	0006C_Sniffles2.INS.16FS7	110	0.1697530864197531	16	77	0.2077922077922078	82	418	0.19617224880382775	12	153	0.0784313725490196	0.005319233864853177	0.45974574050345035	0.000323769372377645	0.2830179878064244	1.0	0.025138297661859946	0.011619958988380058	0.1293608352431882	0	normal_vs_control
chr2:226766163:226766163:INS	chr2	226766163	226766163	INS	0003C_Sniffles2.INS.344S1	266	0.4104938271604938	32	77	0.4155844155844156	197	418	0.47129186602870815	37	153	0.24183006535947713	0.0056123515738582454	0.8474180070975513	3.7826862445872355e-07	0.2952812348118735	1.0	0.00016761234057215824	-0.05570745044429254	0.1737543502249385	0	normal_vs_control
chr1:3895586:3895586:INS	chr1	3895586	3895586	INS	0006C_Sniffles2.INS.84S0	201	0.3101851851851852	26	77	0.33766233766233766	148	418	0.35406698564593303	27	153	0.17647058823529413	0.005615320384305344	0.6551122758025434	2.039781295207326e-05	0.2952812348118735	1.0	0.0031296234454000933	-0.016404647983595366	0.16119174942704353	0	normal_vs_control
chr4:119348753:119348753:INS	chr4	119348753	119348753	INS	Sniffles2.INS.7251M3	83	0.12808641975308643	12	77	0.15584415584415584	64	418	0.15311004784688995	7	153	0.0457516339869281	0.0056190225588884715	0.5331567240768285	0.0001890943814410688	0.2952812348118735	1.0	0.01670424178510035	0.0027341079972658944	0.11009252185722773	0	normal_vs_control
chr7:154065306:154065306:INS	chr7	154065306	154065306	INS	0027C_Sniffles2.INS.2A7S6	95	0.14660493827160495	12	77	0.15584415584415584	76	418	0.18181818181818182	7	153	0.0457516339869281	0.0056190225588884715	0.757225731126878	8.379481977830242e-06	0.2952812348118735	1.0	0.0016490211738048623	-0.025974025974025983	0.11009252185722773	0	normal_vs_control
chr1:184327921:184327921:INS	chr1	184327921	184327921	INS	0002C_Sniffles2.INS.357S0	228	0.35185185185185186	29	77	0.37662337662337664	167	418	0.39952153110047844	32	153	0.20915032679738563	0.005777641112467862	0.6912699305881171	1.1282633385757828e-05	0.3021831784111142	1.0	0.0020224029060529275	-0.022898154477101806	0.167473049825991	0	normal_vs_control
chr11:55403414:55403427:DEL	chr11	55403414	55403427	DEL	Sniffles2.DEL.3624MA	217	0.33487654320987653	29	77	0.37662337662337664	156	418	0.37320574162679426	32	153	0.20915032679738563	0.005777641112467862	0.5253928661905815	0.00011615782844355848	0.3021831784111142	1.0	0.011550717777076872	0.003417634996582375	0.167473049825991	0	normal_vs_control
chr14:77852665:77852677:DEL	chr14	77852665	77852677	DEL	0006C_Sniffles2.DEL.4B9SD	236	0.36419753086419754	29	77	0.37662337662337664	175	418	0.41866028708133973	32	153	0.20915032679738563	0.005777641112467862	0.7917961447789036	1.7573348058567476e-06	0.3021831784111142	1.0	0.000501788835037832	-0.042036910457963095	0.167473049825991	0	normal_vs_control
chr2:91660068:91660068:INS	chr2	91660068	91660068	INS	Sniffles2.INS.4E43M1	246	0.37962962962962965	29	77	0.37662337662337664	185	418	0.44258373205741625	32	153	0.20915032679738563	0.005777641112467862	0.885114741352412	1.4150935151090836e-07	0.3021831784111142	1.0	8.16449995988145e-05	-0.06596035543403961	0.167473049825991	0	normal_vs_control
chr4:188216679:188216679:INS	chr4	188216679	188216679	INS	0002C_Sniffles2.INS.307S3	282	0.4351851851851852	37	77	0.4805194805194805	199	418	0.47607655502392343	46	153	0.3006535947712418	0.005871919858627725	0.5203557586263239	0.00010871231989056931	0.30374872866835934	1.0	0.010967865162292994	0.004442925495557082	0.1798658857482387	0	normal_vs_control
chr1:182118776:182118776:INS	chr1	182118776	182118776	INS	Sniffles2.INS.A37AM0	134	0.20679012345679013	18	77	0.23376623376623376	101	418	0.24162679425837322	15	153	0.09803921568627451	0.005942475075023105	0.6091467124613101	5.86693391026255e-05	0.30374872866835934	1.0	0.0070033994702935806	-0.007860560492139457	0.13572701807995924	0	normal_vs_control
chr12:78117160:78117160:INS	chr12	78117160	78117160	INS	Sniffles2.INS.448AMB	138	0.21296296296296297	18	77	0.23376623376623376	105	418	0.2511961722488038	15	153	0.09803921568627451	0.005942475075023105	0.6755133146234698	2.3096090651158808e-05	0.30374872866835934	1.0	0.0034388340564150107	-0.017429938482570045	0.13572701807995924	0	normal_vs_control
chr22:47204986:47204986:INS	chr22	47204986	47204986	INS	Sniffles2.INS.6F1DM15	128	0.19753086419753085	18	77	0.23376623376623376	95	418	0.22727272727272727	15	153	0.09803921568627451	0.005942475075023105	0.5017342397149512	0.00022305901119108425	0.30374872866835934	1.0	0.018833525170505756	0.006493506493506496	0.13572701807995924	0	normal_vs_control
chr3:98202611:98202611:INS	chr3	98202611	98202611	INS	Sniffles2.INS.62ACM2	136	0.20987654320987653	18	77	0.23376623376623376	103	418	0.24641148325358853	15	153	0.09803921568627451	0.005942475075023105	0.6430025078121535	3.6962692599127995e-05	0.30374872866835934	1.0	0.004945144004059182	-0.012645249487354765	0.13572701807995924	0	normal_vs_control
chr4:186905432:186905432:INS	chr4	186905432	186905432	INS	Sniffles2.INS.A15BM3	132	0.2037037037037037	18	77	0.23376623376623376	99	418	0.23684210526315788	15	153	0.09803921568627451	0.005942475075023105	0.5741534131262805	9.234980895519053e-05	0.30374872866835934	1.0	0.00983667542001941	-0.0030758714969241208	0.13572701807995924	0	normal_vs_control
chr12:114051076:114051076:INS	chr12	114051076	114051076	INS	Sniffles2.INS.5CA0MB	185	0.2854938271604938	24	77	0.3116883116883117	137	418	0.3277511961722488	24	153	0.1568627450980392	0.005984035384794504	0.6552663485974896	2.4796528785700334e-05	0.30374872866835934	1.0	0.003616959132353268	-0.016062884483937112	0.15482556659027247	0	normal_vs_control
chr13:23638185:23638185:INS	chr13	23638185	23638185	INS	Sniffles2.INS.3FCCMC	187	0.28858024691358025	24	77	0.3116883116883117	139	418	0.33253588516746413	24	153	0.1568627450980392	0.005984035384794504	0.6848637737366785	1.5832015615110557e-05	0.30374872866835934	1.0	0.002649255833503757	-0.020847573479152448	0.15482556659027247	0	normal_vs_control
chr8:76477419:76477419:INS	chr8	76477419	76477419	INS	Sniffles2.INS.43C8M7	281	0.43364197530864196	33	77	0.42857142857142855	209	418	0.5	39	153	0.2549019607843137	0.0060910594218041405	0.8992490358006341	8.191001639188355e-08	0.30374872866835934	1.0	5.3374493975454665e-05	-0.07142857142857145	0.17366946778711484	0	normal_vs_control
chr6:168825765:168825765:INS	chr6	168825765	168825765	INS	0002C_Sniffles2.INS.2EFS5	295	0.45524691358024694	38	77	0.4935064935064935	209	418	0.5	48	153	0.3137254901960784	0.006175453076801796	0.5903747695192293	4.679082444963464e-05	0.30374872866835934	1.0	0.00583704996535217	-0.006493506493506496	0.17978100331041508	0	normal_vs_control
chr9:132486038:132486079:DEL	chr9	132486038	132486079	DEL	0017C_Sniffles2.DEL.B1CS8	171	0.2638888888888889	22	77	0.2857142857142857	128	418	0.3062200956937799	21	153	0.13725490196078433	0.006203641460248277	0.6861676719254192	1.8020306673167767e-05	0.30374872866835934	1.0	0.0029014789128296984	-0.020505809979494194	0.14845938375350137	0	normal_vs_control
chr2:95122953:95122999:DEL	chr2	95122953	95122999	DEL	Sniffles2.DEL.6290M1	157	0.24228395061728394	20	77	0.2597402597402597	119	418	0.284688995215311	18	153	0.11764705882352941	0.0062131280065659735	0.7176896108404596	1.1879895301375096e-05	0.30374872866835934	1.0	0.0021022480541615456	-0.024948735475051276	0.1420932009167303	0	normal_vs_control
chr3:125958099:125958099:INS	chr3	125958099	125958099	INS	Sniffles2.INS.7406M2	138	0.21296296296296297	20	77	0.2597402597402597	100	418	0.23923444976076555	18	153	0.11764705882352941	0.0062131280065659735	0.39854095946325896	0.0007357898914564488	0.30374872866835934	1.0	0.0453829961113472	0.020505809979494166	0.1420932009167303	0	normal_vs_control
chr6:124716832:124716832:INS	chr6	124716832	124716832	INS	0006C_Sniffles2.INS.25DS5	159	0.24537037037037038	20	77	0.2597402597402597	121	418	0.2894736842105263	18	153	0.11764705882352941	0.0062131280065659735	0.7455709453060972	7.3655435339622585e-06	0.30374872866835934	1.0	0.0014781258161561653	-0.02973342447026661	0.1420932009167303	0	normal_vs_control
chr14:81463226:81463263:DEL	chr14	81463226	81463263	DEL	118_Sniffles2.DEL.2F6SD	36	0.05555555555555555	6	77	0.07792207792207792	29	418	0.06937799043062201	1	153	0.006535947712418301	0.006278498038290065	0.4698688722077357	0.0008262682546360466	0.30374872866835934	1.0	0.04859664176676376	0.00854408749145591	0.07138613020965962	0	normal_vs_control
chr17:34545967:34547600:DEL	chr17	34545967	34547600	DEL	Sniffles2.DEL.2BDBM10	38	0.05864197530864197	6	77	0.07792207792207792	31	418	0.07416267942583732	1	153	0.006535947712418301	0.006278498038290065	0.5292488325335926	0.00045294957219906614	0.30374872866835934	1.0	0.0320408312962476	0.0037593984962406013	0.07138613020965962	0	normal_vs_control
chr6:170394142:170394187:DEL	chr6	170394142	170394187	DEL	Sniffles2.DEL.7DA7M5	41	0.06327160493827161	6	77	0.07792207792207792	34	418	0.08133971291866028	1	153	0.006535947712418301	0.006278498038290065	0.6130095433771031	0.00018172686749088962	0.30374872866835934	1.0	0.01610478037853663	-0.003417634996582361	0.07138613020965962	0	normal_vs_control
chr17:51831670:51831704:DEL	chr17	51831670	51831704	DEL	Sniffles2.DEL.3A22M10	89	0.13734567901234568	11	77	0.14285714285714285	72	418	0.1722488038277512	6	153	0.0392156862745098	0.0063049320086733815	0.7854836114674782	6.9805887787615846e-06	0.30374872866835934	1.0	0.001442689743574801	-0.029391660970608358	0.10364145658263305	0	normal_vs_control
chr15:101426804:101426804:INS	chr15	101426804	101426804	INS	Sniffles2.INS.6F19ME	220	0.3395061728395062	27	77	0.35064935064935066	164	418	0.3923444976076555	29	153	0.1895424836601307	0.006397761656187085	0.7926282744437483	2.3566380865962294e-06	0.30685325646612405	1.0	0.000601518296499502	-0.04169514695830484	0.16110686698921994	0	normal_vs_control
chr3:151106275:151106317:DEL	chr3	151106275	151106317	DEL	Sniffles2.DEL.84B1M2	192	0.2962962962962963	27	77	0.35064935064935066	136	418	0.3253588516746411	29	153	0.1895424836601307	0.006397761656187085	0.37782063657405457	0.0008410338991057663	0.30685325646612405	1.0	0.04929437630018009	0.02529049897470953	0.16110686698921994	0	normal_vs_control
chr5:135500337:135500337:INS	chr5	135500337	135500337	INS	Sniffles2.INS.7077M4	201	0.3101851851851852	27	77	0.35064935064935066	145	418	0.34688995215311	29	153	0.1895424836601307	0.006397761656187085	0.5228652047935702	0.00015268871894975083	0.30685325646612405	1.0	0.014048376686360131	0.003759398496240629	0.16110686698921994	0	normal_vs_control
chr17:79203403:79203403:INS	chr17	79203403	79203403	INS	Sniffles2.INS.4E28M10	220	0.3395061728395062	30	77	0.38961038961038963	156	418	0.37320574162679426	34	153	0.2222222222222222	0.006404317983585602	0.4395242358904902	0.00039098651721673874	0.30685325646612405	1.0	0.028759576647544124	0.016404647983595366	0.16738816738816742	0	normal_vs_control
chr4:46783342:46783342:INS	chr4	46783342	46783342	INS	Sniffles2.INS.24E1M3	188	0.29012345679012347	25	77	0.3246753246753247	137	418	0.3277511961722488	26	153	0.16993464052287582	0.0069421621964110836	0.5693130484332573	0.00010501615996653122	0.3226805875139299	1.0	0.010687123704821475	-0.0030758714969241208	0.15474068415244885	0	normal_vs_control
chr1:106476609:106476609:INS	chr1	106476609	106476609	INS	Sniffles2.INS.5230M0	78	0.12037037037037036	10	77	0.12987012987012986	63	418	0.1507177033492823	5	153	0.032679738562091505	0.006942543424529673	0.736166168323789	2.2251319497086594e-05	0.3226805875139299	1.0	0.0033490654464799793	-0.020847573479152448	0.09719039130803836	0	normal_vs_control
chr18:13636522:13636560:DEL	chr18	13636522	13636560	DEL	Sniffles2.DEL.A27M11	66	0.10185185185185185	10	77	0.12987012987012986	51	418	0.12200956937799043	5	153	0.032679738562091505	0.006942543424529673	0.48511156851621523	0.0005301623028277798	0.3226805875139299	1.0	0.03592610953662887	0.007860560492139429	0.09719039130803836	0	normal_vs_control
chr3:36112263:36112263:INS	chr3	36112263	36112263	INS	Sniffles2.INS.1860M2	67	0.10339506172839506	10	77	0.12987012987012986	52	418	0.12440191387559808	5	153	0.032679738562091505	0.006942543424529673	0.5085045953358309	0.0004117655717884486	0.3226805875139299	1.0	0.029930277546218624	0.005468215994531775	0.09719039130803836	0	normal_vs_control
chr17:65958577:65958577:INS	chr17	65958577	65958577	INS	0003C_Sniffles2.INS.14ES10	258	0.39814814814814814	31	77	0.4025974025974026	191	418	0.4569377990430622	36	153	0.23529411764705882	0.007022029686025197	0.8427328870609996	7.813697865616679e-07	0.3226805875139299	1.0	0.00027219188514514254	-0.05434039644565958	0.1673032849503438	0	normal_vs_control
chr1:198517027:198517027:INS	chr1	198517027	198517027	INS	0026C_Sniffles2.INS.2E1S0	125	0.19290123456790123	17	77	0.22077922077922077	94	418	0.22488038277511962	14	153	0.0915032679738562	0.007154133158870676	0.5830122875311322	0.000122057820918359	0.3226805875139299	1.0	0.012050870918050032	-0.0041011619958988554	0.12927595280536458	0	normal_vs_control
chr13:30205964:30205964:INS	chr13	30205964	30205964	INS	Sniffles2.INS.44C9MC	123	0.18981481481481483	17	77	0.22077922077922077	92	418	0.22009569377990432	14	153	0.0915032679738562	0.007154133158870676	0.5465991723730961	0.0001904552452658201	0.3226805875139299	1.0	0.016717805269070116	0.0006835269993164528	0.12927595280536458	0	normal_vs_control
chr15:89424577:89424577:INS	chr15	89424577	89424577	INS	Sniffles2.INS.660EME	122	0.1882716049382716	17	77	0.22077922077922077	91	418	0.21770334928229665	14	153	0.0915032679738562	0.007154133158870676	0.5280936163120747	0.0002371366557530613	0.3226805875139299	1.0	0.01988822632226716	0.0030758714969241208	0.12927595280536458	0	normal_vs_control
chr3:195110685:195110748:DEL	chr3	195110685	195110748	DEL	Sniffles2.DEL.A26BM2	120	0.18518518518518517	17	77	0.22077922077922077	89	418	0.21291866028708134	14	153	0.0915032679738562	0.007154133158870676	0.49066798486327023	0.0003652209747652155	0.3226805875139299	1.0	0.02729940533103341	0.007860560492139429	0.12927595280536458	0	normal_vs_control
chr1:15957367:15957406:DEL	chr1	15957367	15957406	DEL	Sniffles2.DEL.14C4M0	216	0.3333333333333333	28	77	0.36363636363636365	157	418	0.37559808612440193	31	153	0.20261437908496732	0.007184461952419994	0.6257385033149568	4.914956964759639e-05	0.3226805875139299	1.0	0.0060338892908311	-0.011961722488038284	0.16102198455139632	0	normal_vs_control
chr11:114598294:114598294:INS	chr11	114598294	114598294	INS	0003C_Sniffles2.INS.1BBSA	99	0.1527777777777778	14	77	0.18181818181818182	75	418	0.17942583732057416	10	153	0.06535947712418301	0.007436147920539596	0.5347842689009963	0.0002682670023989987	0.3226805875139299	1.0	0.021597053384993806	0.002392344497607668	0.11645870469399881	0	normal_vs_control
chr16:5709831:5709861:DEL	chr16	5709831	5709861	DEL	Sniffles2.DEL.7A5MF	119	0.18364197530864199	14	77	0.18181818181818182	95	418	0.22727272727272727	10	153	0.06535947712418301	0.007436147920539596	0.8499181610341557	1.780361492859515e-06	0.3226805875139299	1.0	0.000501788835037832	-0.04545454545454544	0.11645870469399881	0	normal_vs_control
chr7:17499593:17499593:INS	chr7	17499593	17499593	INS	108_Sniffles2.INS.ADS6	119	0.18364197530864199	14	77	0.18181818181818182	95	418	0.22727272727272727	10	153	0.06535947712418301	0.007436147920539596	0.8499181610341557	1.780361492859515e-06	0.3226805875139299	1.0	0.000501788835037832	-0.04545454545454544	0.11645870469399881	0	normal_vs_control
chr15:48546910:48546910:INS	chr15	48546910	48546910	INS	Sniffles2.INS.4A6DME	61	0.0941358024691358	9	77	0.11688311688311688	48	418	0.11483253588516747	4	153	0.026143790849673203	0.00744539956024414	0.5429231242728716	0.0003451414013239361	0.3226805875139299	1.0	0.026223171380699826	0.002050580997949414	0.09073932603344367	0	normal_vs_control
chr16:63257932:63257968:DEL	chr16	63257932	63257968	DEL	Sniffles2.DEL.61CEMF	69	0.10648148148148148	9	77	0.11688311688311688	56	418	0.1339712918660287	4	153	0.026143790849673203	0.00744539956024414	0.7156843545500192	3.920440142983692e-05	0.3226805875139299	1.0	0.005170127110466208	-0.017088174982911833	0.09073932603344367	0	normal_vs_control
chr2:86913938:86914832:DEL	chr2	86913938	86914832	DEL	121_Sniffles2.DEL.5A2S1	61	0.0941358024691358	9	77	0.11688311688311688	48	418	0.11483253588516747	4	153	0.026143790849673203	0.00744539956024414	0.5429231242728716	0.0003451414013239361	0.3226805875139299	1.0	0.026223171380699826	0.002050580997949414	0.09073932603344367	0	normal_vs_control
chr16:85451760:85451760:INS	chr16	85451760	85451760	INS	Sniffles2.INS.7211MF	145	0.22376543209876543	19	77	0.24675324675324675	109	418	0.2607655502392344	17	153	0.1111111111111111	0.007549910044529952	0.6502217312787304	5.143942429030909e-05	0.3234223909126189	1.0	0.006261817214487121	-0.01401230348598767	0.13564213564213565	0	normal_vs_control
chr13:93789599:93789619:DEL	chr13	93789599	93789619	DEL	0006C_Sniffles2.DEL.4C5SC	154	0.23765432098765432	21	77	0.2727272727272727	113	418	0.2703349282296651	20	153	0.13071895424836602	0.007588553574282671	0.5324130068475363	0.0002194261574455366	0.3234223909126189	1.0	0.018632508285657455	0.0023923444976076125	0.1420083184789067	0	normal_vs_control
chr2:95232813:95232813:INS	chr2	95232813	95232813	INS	Sniffles2.INS.6298M1	156	0.24074074074074073	21	77	0.2727272727272727	115	418	0.2751196172248804	20	153	0.13071895424836602	0.007588553574282671	0.5666689120475819	0.00014466153594165705	0.3234223909126189	1.0	0.013557551865882405	-0.002392344497607668	0.1420083184789067	0	normal_vs_control
chr1:61886821:61886821:INS	chr1	61886821	61886821	INS	Sniffles2.INS.359EM0	297	0.4583333333333333	32	77	0.4155844155844156	227	418	0.5430622009569378	38	153	0.24836601307189543	0.007625186326822297	0.9855051299985701	1.7012806923916064e-10	0.3234223909126189	1.0	8.566412271835118e-07	-0.1274777853725222	0.16721840251252018	0	normal_vs_control
chr13:24406415:24406415:INS	chr13	24406415	24406415	INS	Sniffles2.INS.4079MC	285	0.4398148148148148	32	77	0.4155844155844156	215	418	0.5143540669856459	38	153	0.24836601307189543	0.007625186326822297	0.9572489016750673	6.5594515644310494e-09	0.3234223909126189	1.0	9.819321709478568e-06	-0.09876965140123029	0.16721840251252018	0	normal_vs_control
chr1:166677327:166677368:DEL	chr1	166677327	166677368	DEL	Sniffles2.DEL.9A4DM0	64	0.09876543209876543	8	77	0.1038961038961039	53	418	0.12679425837320574	3	153	0.0196078431372549	0.007672727335509158	0.7688966517958523	2.0600223269145477e-05	0.3234223909126189	1.0	0.0031519479735674857	-0.022898154477101834	0.084288260758849	0	normal_vs_control
chr5:10759338:10759379:DEL	chr5	10759338	10759379	DEL	Sniffles2.DEL.BEDM4	54	0.08333333333333333	8	77	0.1038961038961039	43	418	0.10287081339712918	3	153	0.0196078431372549	0.007672727335509158	0.5554515849498589	0.00035034129485006916	0.3234223909126189	1.0	0.026436925938904128	0.0010252904989747208	0.084288260758849	0	normal_vs_control
chrX:9271006:9271006:INS	chrX	9271006	9271006	INS	Sniffles2.INS.1288M16	53	0.08179012345679013	8	77	0.1038961038961039	42	418	0.10047846889952153	3	153	0.0196078431372549	0.007672727335509158	0.5302836216580064	0.0004602387954092076	0.3234223909126189	1.0	0.032514931632812744	0.003417634996582375	0.084288260758849	0	normal_vs_control
chr14:61328405:61328405:INS	chr14	61328405	61328405	INS	Sniffles2.INS.4A88MD	203	0.3132716049382716	26	77	0.33766233766233766	149	418	0.35645933014354064	28	153	0.1830065359477124	0.007915216614406992	0.6698049234426829	3.380228720112337e-05	0.33187586513154765	1.0	0.004611431240137491	-0.01879699248120298	0.15465580171462526	0	normal_vs_control
chr12:93202870:93202870:INS	chr12	93202870	93202870	INS	Sniffles2.INS.4EF4MB	231	0.35648148148148145	29	77	0.37662337662337664	169	418	0.4043062200956938	33	153	0.21568627450980393	0.00796722039752283	0.7183726916522498	1.4712078911883715e-05	0.3332993983217481	1.0	0.0025073003900658933	-0.027682843472317142	0.1609371021135727	0	normal_vs_control
chr10:132148458:132148507:DEL	chr10	132148458	132148507	DEL	Sniffles2.DEL.7A06M9	126	0.19444444444444445	16	77	0.2077922077922078	97	418	0.23205741626794257	13	153	0.08496732026143791	0.008580375688318377	0.7263379619339069	2.473026282155598e-05	0.3541355056815039	1.0	0.003616959132353268	-0.024265208475734767	0.1228248875307699	0	normal_vs_control
chr11:123524319:123524319:INS	chr11	123524319	123524319	INS	Sniffles2.INS.65EEMA	124	0.19135802469135801	16	77	0.2077922077922078	95	418	0.22727272727272727	13	153	0.08496732026143791	0.008580375688318377	0.6953118323516626	3.9924058277954246e-05	0.3541355056815039	1.0	0.005203091152704306	-0.01948051948051946	0.1228248875307699	0	normal_vs_control
chr11:1765061:1765107:DEL	chr11	1765061	1765107	DEL	Sniffles2.DEL.4C9MA	236	0.36419753086419754	30	77	0.38961038961038963	171	418	0.4090909090909091	35	153	0.22875816993464052	0.00873865487308353	0.670545463573369	3.7274279061720044e-05	0.3558945706693754	1.0	0.0049748139004109635	-0.019480519480519487	0.16085221967574911	0	normal_vs_control
chr17:61044466:61044466:INS	chr17	61044466	61044466	INS	Sniffles2.INS.4005M10	249	0.38425925925925924	30	77	0.38961038961038963	184	418	0.44019138755980863	35	153	0.22875816993464052	0.00873865487308353	0.8284325061137102	2.0029104910714442e-06	0.3558945706693754	1.0	0.0005359285327510394	-0.050580997949419004	0.16085221967574911	0	normal_vs_control
chr16:8387115:8387115:INS	chr16	8387115	8387115	INS	0003C_Sniffles2.INS.4CSF	205	0.31635802469135804	27	77	0.35064935064935066	148	418	0.35406698564593303	30	153	0.19607843137254902	0.008892138272708657	0.5709121027878957	0.00015981596652440112	0.3605547252187314	1.0	0.014536865622149344	-0.003417634996582375	0.15457091927680164	0	normal_vs_control
chr16:29254391:29254391:INS	chr16	29254391	29254391	INS	0002C_Sniffles2.INS.C4SF	209	0.32253086419753085	27	77	0.35064935064935066	152	418	0.36363636363636365	30	153	0.19607843137254902	0.008892138272708657	0.6328678731896049	7.114743503437284e-05	0.3605547252187314	1.0	0.008108465291530541	-0.012987012987012991	0.15457091927680164	0	normal_vs_control
chr1:248829751:248829793:DEL	chr1	248829751	248829793	DEL	Sniffles2.DEL.D383M0	130	0.2006172839506173	18	77	0.23376623376623376	96	418	0.22966507177033493	16	153	0.10457516339869281	0.009143572051871168	0.5200592638021619	0.00039167602984741033	0.36778806739944825	1.0	0.028772084802637085	0.004101161995898828	0.12919107036754096	0	normal_vs_control
chr16:87975523:87975570:DEL	chr16	87975523	87975570	DEL	Sniffles2.DEL.74D2MF	139	0.21450617283950618	18	77	0.23376623376623376	105	418	0.2511961722488038	16	153	0.10457516339869281	0.009143572051871168	0.6755133146234698	5.5219468295038646e-05	0.36778806739944825	1.0	0.006634481366432973	-0.017429938482570045	0.12919107036754096	0	normal_vs_control
chr7:11668493:11668493:INS	chr7	11668493	11668493	INS	0006C_Sniffles2.INS.B4S6	128	0.19753086419753085	18	77	0.23376623376623376	94	418	0.22488038277511962	16	153	0.10457516339869281	0.009143572051871168	0.4833223576544512	0.0005910189858464089	0.36778806739944825	1.0	0.03898188055139352	0.008885850991114136	0.12919107036754096	0	normal_vs_control
chr2:95297212:95297212:INS	chr2	95297212	95297212	INS	Sniffles2.INS.62A3M1	151	0.2330246913580247	20	77	0.2597402597402597	112	418	0.2679425837320574	19	153	0.12418300653594772	0.009250897241462936	0.6085593204447471	0.000129489138001076	0.37049074216207456	1.0	0.012627014745780981	-0.008202323991797711	0.135557253204312	0	normal_vs_control
chr5:27351449:27351449:INS	chr5	27351449	27351449	INS	Sniffles2.INS.18F4M4	151	0.2330246913580247	20	77	0.2597402597402597	112	418	0.2679425837320574	19	153	0.12418300653594772	0.009250897241462936	0.6085593204447471	0.000129489138001076	0.37049074216207456	1.0	0.012627014745780981	-0.008202323991797711	0.135557253204312	0	normal_vs_control
chr5:65965407:65965407:INS	chr5	65965407	65965407	INS	Sniffles2.INS.43D1M4	145	0.22376543209876543	20	77	0.2597402597402597	106	418	0.2535885167464115	19	153	0.12418300653594772	0.009250897241462936	0.5048903298495431	0.00044781516993679663	0.37049074216207456	1.0	0.03191356006189354	0.0061517429938482415	0.135557253204312	0	normal_vs_control
chr17:65936811:65936811:INS	chr17	65936811	65936811	INS	0003C_Sniffles2.INS.14DS10	235	0.3626543209876543	31	77	0.4025974025974026	167	418	0.39952153110047844	37	153	0.24183006535947713	0.00949216348899185	0.5279263726537271	0.00028406389262977964	0.37960429698792825	1.0	0.022671081966827426	0.0030758714969241763	0.1607673372379255	0	normal_vs_control
chr12:46937618:46937618:INS	chr12	46937618	46937618	INS	Sniffles2.INS.2F83MB	304	0.4691358024691358	36	77	0.4675324675324675	222	418	0.5311004784688995	46	153	0.3006535947712418	0.009799226694235092	0.8749513318841216	6.251717781365146e-07	0.3901937944933812	1.0	0.00022780930557516623	-0.063568010936432	0.1668788727612257	0	normal_vs_control
chr3:149457776:149457776:INS	chr3	149457776	149457776	INS	0002C_Sniffles2.INS.1C8S2	236	0.36419753086419754	28	77	0.36363636363636365	176	418	0.42105263157894735	32	153	0.20915032679738563	0.009863048831688854	0.8571079478080804	1.3794024826201952e-06	0.3921712481619399	1.0	0.00042211240169816224	-0.0574162679425837	0.15448603683897802	0	normal_vs_control
chr1:195101487:195101487:INS	chr1	195101487	195101487	INS	Sniffles2.INS.ABD9M0	97	0.14969135802469136	12	77	0.15584415584415584	77	418	0.18421052631578946	8	153	0.05228758169934641	0.010143053121763867	0.7722903322089918	2.1110873080857542e-05	0.397099983470307	1.0	0.0032035316115138017	-0.028366370471633623	0.10355657414480943	0	normal_vs_control
chr10:112377018:112377018:INS	chr10	112377018	112377018	INS	0002C_Sniffles2.INS.24DS9	100	0.15432098765432098	12	77	0.15584415584415584	80	418	0.19138755980861244	8	153	0.05228758169934641	0.010143053121763867	0.8137144010020256	9.590202401070306e-06	0.397099983470307	1.0	0.0017824903711090004	-0.0355434039644566	0.10355657414480943	0	normal_vs_control
chr11:116347275:116347275:INS	chr11	116347275	116347275	INS	0013C_Sniffles2.INS.1B4SA	88	0.13580246913580246	12	77	0.15584415584415584	68	418	0.16267942583732056	8	153	0.05228758169934641	0.010143053121763867	0.6155169650756249	0.0002021377904084988	0.397099983470307	1.0	0.017467958587715337	-0.006835269993164722	0.10355657414480943	0	normal_vs_control
chr6:121699779:121699824:DEL	chr6	121699779	121699824	DEL	Sniffles2.DEL.586CM5	240	0.37037037037037035	32	77	0.4155844155844156	169	418	0.4043062200956938	39	153	0.2549019607843137	0.010221872186014702	0.47435065338297705	0.0006005555972119235	0.397099983470307	1.0	0.03941181684641471	0.011278195488721832	0.1606824548001019	0	normal_vs_control
chr1:163552183:163552183:INS	chr1	163552183	163552183	INS	Sniffles2.INS.9849M0	109	0.16820987654320987	15	77	0.19480519480519481	82	418	0.19617224880382775	12	153	0.0784313725490196	0.010252274434219309	0.5644926458606396	0.000323769372377645	0.397099983470307	1.0	0.025138297661859946	-0.0013670539986329333	0.11637382225617521	0	normal_vs_control
chr17:10730324:10730324:INS	chr17	10730324	10730324	INS	Sniffles2.INS.D10M10	107	0.16512345679012347	15	77	0.19480519480519481	80	418	0.19138755980861244	12	153	0.0784313725490196	0.010252274434219309	0.5259018092869109	0.0005014444451138228	0.397099983470307	1.0	0.034674163453139104	0.003417634996582375	0.11637382225617521	0	normal_vs_control
chr3:113173256:113173256:INS	chr3	113173256	113173256	INS	0022C_Sniffles2.INS.161S2	114	0.17592592592592593	15	77	0.19480519480519481	87	418	0.20813397129186603	12	153	0.0784313725490196	0.010252274434219309	0.6558679398735097	0.00010435725696993916	0.397099983470307	1.0	0.010687123704821475	-0.013328776486671218	0.11637382225617521	0	normal_vs_control
chr9:111610676:111610719:DEL	chr9	111610676	111610719	DEL	Sniffles2.INS.EFBAM8	106	0.16358024691358025	15	77	0.19480519480519481	79	418	0.18899521531100477	12	153	0.0784313725490196	0.010252274434219309	0.5063226139479745	0.0006219306528128502	0.397099983470307	1.0	0.04038393317467544	0.005809979494190043	0.11637382225617521	0	normal_vs_control
chr4:93741160:93741194:DEL	chr4	93741160	93741194	DEL	0022C_Sniffles2.DEL.535S3	173	0.26697530864197533	23	77	0.2987012987012987	126	418	0.3014354066985646	24	153	0.1568627450980392	0.010484418552196836	0.5678937269024449	0.00025165838385789944	0.40467663746974103	1.0	0.020680793123325422	-0.002734107997265922	0.14183855360325948	0	normal_vs_control
chr6:98666888:98666929:DEL	chr6	98666888	98666929	DEL	Sniffles2.DEL.497CM5	176	0.2716049382716049	23	77	0.2987012987012987	129	418	0.30861244019138756	24	153	0.1568627450980392	0.010484418552196836	0.616578771833733	0.00013721121926397849	0.40467663746974103	1.0	0.012946942099818125	-0.00991114149008887	0.14183855360325948	0	normal_vs_control
chr5:141904914:141904914:INS	chr5	141904914	141904914	INS	Sniffles2.INS.748FM4	220	0.3395061728395062	29	77	0.37662337662337664	157	418	0.37559808612440193	34	153	0.2222222222222222	0.010819193415871734	0.5412539507683052	0.00032450860887249695	0.41676403413975804	1.0	0.025138297661859946	0.001025290498974707	0.15440115440115443	0	normal_vs_control
chr1:143703522:143703522:INS	chr1	143703522	143703522	INS	0002C_Sniffles2.INS.2DES0	282	0.4351851851851852	33	77	0.42857142857142855	208	418	0.49760765550239233	41	153	0.2679738562091503	0.010922575810119808	0.8922719886180555	5.134523560328866e-07	0.41676403413975804	1.0	0.00019613171790310014	-0.06903622693096378	0.16059757236227823	0	normal_vs_control
chr5:109469809:109469852:DEL	chr5	109469809	109469852	DEL	Sniffles2.DEL.5FABM4	192	0.2962962962962963	26	77	0.33766233766233766	137	418	0.3277511961722488	29	153	0.1895424836601307	0.0109568113544513	0.480664996155768	0.0007018583383784211	0.41676403413975804	1.0	0.04388228812011952	0.00991114149008887	0.14811985400220695	0	normal_vs_control
chr1:186063092:186063092:INS	chr1	186063092	186063092	INS	0006C_Sniffles2.INS.3D4S0	162	0.25	21	77	0.2727272727272727	120	418	0.28708133971291866	21	153	0.13725490196078433	0.011014388803736182	0.6487226975229249	0.00010515783958849757	0.41676403413975804	1.0	0.010687123704821475	-0.014354066985645952	0.13547237076648838	0	normal_vs_control
chr20:984962:984962:INS	chr20	984962	984962	INS	0006C_Sniffles2.INS.9S13	170	0.2623456790123457	21	77	0.2727272727272727	128	418	0.3062200956937799	21	153	0.13725490196078433	0.011014388803736182	0.7635233918655149	1.8020306673167767e-05	0.41676403413975804	1.0	0.0029014789128296984	-0.033492822966507185	0.13547237076648838	0	normal_vs_control
chr4:114226364:114226364:INS	chr4	114226364	114226364	INS	0006C_Sniffles2.INS.27BS3	155	0.23919753086419754	21	77	0.2727272727272727	113	418	0.2703349282296651	21	153	0.13725490196078433	0.011014388803736182	0.5324130068475363	0.0004404258919045876	0.41676403413975804	1.0	0.03155796804762134	0.0023923444976076125	0.13547237076648838	0	normal_vs_control
chr8:143235355:143235397:DEL	chr8	143235355	143235397	DEL	Sniffles2.DEL.742AM7	153	0.2361111111111111	21	77	0.2727272727272727	111	418	0.26555023923444976	21	153	0.13725490196078433	0.011014388803736182	0.497679902477047	0.000650296260914416	0.41676403413975804	1.0	0.041833460278197065	0.0071770334928229484	0.13547237076648838	0	normal_vs_control
chr13:25829702:25829702:INS	chr13	25829702	25829702	INS	0006C_Sniffles2.INS.C6SC	124	0.19135802469135801	17	77	0.22077922077922077	92	418	0.22009569377990432	15	153	0.09803921568627451	0.01103836278766204	0.5465991723730961	0.00042243675785488886	0.41676403413975804	1.0	0.030426433217251737	0.0006835269993164528	0.12274000509294626	0	normal_vs_control
chr14:83999172:83999172:INS	chr14	83999172	83999172	INS	Sniffles2.INS.5974MD	126	0.19444444444444445	17	77	0.22077922077922077	94	418	0.22488038277511962	15	153	0.09803921568627451	0.01103836278766204	0.5830122875311322	0.0002765804620500407	0.41676403413975804	1.0	0.02213762808096482	-0.0041011619958988554	0.12274000509294626	0	normal_vs_control
chr2:229163686:229163686:INS	chr2	229163686	229163686	INS	0006C_Sniffles2.INS.416S1	147	0.22685185185185186	17	77	0.22077922077922077	115	418	0.2751196172248804	15	153	0.09803921568627451	0.01103836278766204	0.8720460625804086	1.950402901712688e-06	0.41676403413975804	1.0	0.0005295535094120704	-0.054340396445659606	0.12274000509294626	0	normal_vs_control
chr7:50587000:50587040:DEL	chr7	50587000	50587040	DEL	Sniffles2.DEL.267AM6	137	0.21141975308641975	19	77	0.24675324675324675	100	418	0.23923444976076555	18	153	0.11764705882352941	0.011241159843636807	0.4943205276625559	0.0007357898914564488	0.4176686461920772	1.0	0.0453829961113472	0.007518796992481203	0.12910618792971734	0	normal_vs_control
chr1:244435565:244435565:INS	chr1	244435565	244435565	INS	Sniffles2.INS.CE33M0	85	0.13117283950617284	11	77	0.14285714285714285	67	418	0.16028708133971292	7	153	0.0457516339869281	0.01170878618738422	0.70415605886077	8.915244776531063e-05	0.4176686461920772	1.0	0.009606956764251022	-0.017429938482570073	0.09710550887021474	0	normal_vs_control
chr13:37967392:37967392:INS	chr13	37967392	37967392	INS	0006C_Sniffles2.INS.F3SC	84	0.12962962962962962	11	77	0.14285714285714285	66	418	0.15789473684210525	7	153	0.0457516339869281	0.01170878618738422	0.6859493401153505	0.00011478766794324768	0.4176686461920772	1.0	0.0114349988346054	-0.015037593984962405	0.09710550887021474	0	normal_vs_control
chr22:16386941:16387001:DEL	chr22	16386941	16387001	DEL	Sniffles2.DEL.5272M15	79	0.12191358024691358	11	77	0.14285714285714285	61	418	0.145933014354067	7	153	0.0457516339869281	0.01170878618738422	0.5864322126205935	0.0003933702032415624	0.4176686461920772	1.0	0.02885826333396511	-0.0030758714969241485	0.09710550887021474	0	normal_vs_control
chr8:58898348:58898348:INS	chr8	58898348	58898348	INS	Sniffles2.INS.3884M7	91	0.1404320987654321	11	77	0.14285714285714285	73	418	0.17464114832535885	7	153	0.0457516339869281	0.01170878618738422	0.7997433280363798	1.8755029638768533e-05	0.4176686461920772	1.0	0.002985067763310665	-0.031784005468216	0.09710550887021474	0	normal_vs_control
chr14:23232785:23232785:INS	chr14	23232785	23232785	INS	Sniffles2.INS.3123MD	225	0.3472222222222222	30	77	0.38961038961038963	159	418	0.3803827751196172	36	153	0.23529411764705882	0.011752857556997533	0.4870468854709625	0.000697601035905579	0.4176686461920772	1.0	0.04388228812011952	0.009227614490772418	0.1543162719633308	0	normal_vs_control
chr2:157226576:157226576:INS	chr2	157226576	157226576	INS	Sniffles2.INS.8C0BM1	279	0.4305555555555556	30	77	0.38961038961038963	213	418	0.5095693779904307	36	153	0.23529411764705882	0.011752857556997533	0.9805825922297727	1.929911416290906e-09	0.4176686461920772	1.0	4.4539138968966964e-06	-0.11995898838004104	0.1543162719633308	0	normal_vs_control
chr20:61654934:61654934:INS	chr20	61654934	61654934	INS	0006C_Sniffles2.INS.14ES13	253	0.3904320987654321	30	77	0.38961038961038963	187	418	0.4473684210526316	36	153	0.23529411764705882	0.011752857556997533	0.8563736471452822	2.0674101429864826e-06	0.4176686461920772	1.0	0.0005505274663448812	-0.05775803144224195	0.1543162719633308	0	normal_vs_control
chr16:49686772:49686772:INS	chr16	49686772	49686772	INS	Sniffles2.INS.585BMF	105	0.16203703703703703	14	77	0.18181818181818182	80	418	0.19138755980861244	11	153	0.0718954248366013	0.012203422504481422	0.6309457461846957	0.00021176483936935207	0.4216613634923375	1.0	0.018072774919860823	-0.009569377990430616	0.10992275698158052	0	normal_vs_control
chr5:52058159:52058159:INS	chr5	52058159	52058159	INS	Sniffles2.INS.3B14M4	100	0.15432098765432098	14	77	0.18181818181818182	75	418	0.17942583732057416	11	153	0.0718954248366013	0.012203422504481422	0.5347842689009963	0.0006457854473788594	0.4216613634923375	1.0	0.04164000507499449	0.002392344497607668	0.10992275698158052	0	normal_vs_control
chr10:726611:726611:INS	chr10	726611	726611	INS	Sniffles2.INS.160M9	277	0.42746913580246915	31	77	0.4025974025974026	208	418	0.49760765550239233	38	153	0.24836601307189543	0.012657273209232423	0.9516675869477823	4.695922651252566e-08	0.43490139485915974	1.0	3.4891016614553776e-05	-0.09501025290498971	0.1542313895255072	0	normal_vs_control
chr3:63632231:63632231:INS	chr3	63632231	63632231	INS	Sniffles2.INS.29DBM2	241	0.37191358024691357	31	77	0.4025974025974026	172	418	0.41148325358851673	38	153	0.24836601307189543	0.012657273209232423	0.6051408573009092	0.00019683515362800089	0.43490139485915974	1.0	0.01714198976281087	-0.008885850991114108	0.1542313895255072	0	normal_vs_control
chr15:57433967:57433967:INS	chr15	57433967	57433967	INS	Sniffles2.INS.5072ME	303	0.4675925925925926	36	77	0.4675324675324675	220	418	0.5263157894736842	47	153	0.30718954248366015	0.012807376610870534	0.8582805167441079	2.090657209499869e-06	0.4378207324686754	1.0	0.0005540541699510945	-0.05878332194121666	0.16034292504880737	0	normal_vs_control
chr11:128189351:128189351:INS	chr11	128189351	128189351	INS	Sniffles2.INS.68F3MA	211	0.3256172839506173	22	77	0.2857142857142857	166	418	0.39712918660287083	23	153	0.1503267973856209	0.012813378481471127	0.9775552076136137	6.046763225264359e-09	0.4378207324686754	1.0	9.303281153359509e-06	-0.11141490088858513	0.1353874883286648	0	normal_vs_control
chr12:125053540:125053540:INS	chr12	125053540	125053540	INS	0011C_Sniffles2.INS.1F7SB	168	0.25925925925925924	22	77	0.2857142857142857	123	418	0.2942583732057416	23	153	0.1503267973856209	0.012813378481471127	0.6084756729225432	0.0002336082377525393	0.4378207324686754	1.0	0.019664275186379403	-0.00854408749145591	0.1353874883286648	0	normal_vs_control
chr16:59405608:59405608:INS	chr16	59405608	59405608	INS	Sniffles2.INS.5F3EMF	163	0.2515432098765432	22	77	0.2857142857142857	118	418	0.2822966507177033	23	153	0.1503267973856209	0.012813378481471127	0.5249717747186071	0.0006212937747237243	0.4378207324686754	1.0	0.04038393317467544	0.003417634996582375	0.1353874883286648	0	normal_vs_control
chr14:76518521:76518521:INS	chr14	76518521	76518521	INS	0006C_Sniffles2.INS.1B5SD	130	0.2006172839506173	16	77	0.2077922077922078	100	418	0.23923444976076555	14	153	0.0915032679738562	0.013285505682372637	0.7692934355786224	3.053971207984008e-05	0.4448183585691233	1.0	0.00425008435346277	-0.031442241968557744	0.1162889398183516	0	normal_vs_control
chr19:30952293:30952293:INS	chr19	30952293	30952293	INS	0006C_Sniffles2.INS.12FS12	122	0.1882716049382716	16	77	0.2077922077922078	92	418	0.22009569377990432	14	153	0.0915032679738562	0.013285505682372637	0.645497717879538	0.0001904552452658201	0.4448183585691233	1.0	0.016717805269070116	-0.01230348598769651	0.1162889398183516	0	normal_vs_control
chr6:151340637:151340637:INS	chr6	151340637	151340637	INS	Sniffles2.INS.6B49M5	125	0.19290123456790123	16	77	0.2077922077922078	95	418	0.22727272727272727	14	153	0.0915032679738562	0.013285505682372637	0.6953118323516626	9.739995265266513e-05	0.4448183585691233	1.0	0.0101908843251432	-0.01948051948051946	0.1162889398183516	0	normal_vs_control
chr9:74207667:74207709:DEL	chr9	74207667	74207709	DEL	Sniffles2.DEL.CDE8M8	212	0.3271604938271605	28	77	0.36363636363636365	151	418	0.361244019138756	33	153	0.21568627450980393	0.01332945538133091	0.5321307275468767	0.0005514523642617172	0.4448183585691233	1.0	0.036897247047941915	0.002392344497607668	0.14795008912655971	0	normal_vs_control
chr12:1504659:1504659:INS	chr12	1504659	1504659	INS	Sniffles2.INS.1DBMB	71	0.1095679012345679	10	77	0.12987012987012986	55	418	0.13157894736842105	6	153	0.0392156862745098	0.013378809603456401	0.5768439805472253	0.000591813288763696	0.4448183585691233	1.0	0.03898188055139352	-0.0017088174982911875	0.09065444359562005	0	normal_vs_control
chr18:66339767:66339767:INS	chr18	66339767	66339767	INS	0006C_Sniffles2.INS.132S11	167	0.25771604938271603	20	77	0.2597402597402597	127	418	0.3038277511961722	20	153	0.13071895424836602	0.013406756409413594	0.8190023309540752	9.954121136103808e-06	0.4448183585691233	1.0	0.00183169056972265	-0.04408749145591251	0.1290213054918937	0	normal_vs_control
chr5:19593738:19593738:INS	chr5	19593738	19593738	INS	Sniffles2.INS.1358M4	168	0.25925925925925924	20	77	0.2597402597402597	128	418	0.3062200956937799	20	153	0.13071895424836602	0.013406756409413594	0.8297033825737145	7.858116276494645e-06	0.4448183585691233	1.0	0.0015600191552777255	-0.04647983595352018	0.1290213054918937	0	normal_vs_control
chr2:25139409:25139452:DEL	chr2	25139409	25139452	DEL	Sniffles2.DEL.1572M1	229	0.3533950617283951	25	77	0.3246753246753247	176	418	0.42105263157894735	28	153	0.1830065359477124	0.01344381332138211	0.9574983438397061	4.648978040184224e-08	0.4448183585691233	1.0	3.4891016614553776e-05	-0.09637730690362267	0.14166878872761227	0	normal_vs_control
chr20:21438414:21438414:INS	chr20	21438414	21438414	INS	Sniffles2.INS.107AM13	203	0.3132716049382716	25	77	0.3246753246753247	150	418	0.3588516746411483	28	153	0.1830065359477124	0.01344381332138211	0.7584788192964755	2.7217976116434447e-05	0.4448183585691233	1.0	0.003855624708790463	-0.03417634996582364	0.14166878872761227	0	normal_vs_control
chr2:220255664:220255664:INS	chr2	220255664	220255664	INS	0002C_Sniffles2.INS.35BS1	249	0.38425925925925924	32	77	0.4155844155844156	177	418	0.423444976076555	40	153	0.26143790849673204	0.013526522397383148	0.5984932186101296	0.00024157338284578917	0.44659895225249463	1.0	0.020115733689998062	-0.007860560492139401	0.15414650708768357	0	normal_vs_control
chr6:68009573:68009615:DEL	chr6	68009573	68009615	DEL	0002C_Sniffles2.DEL.47DS5	252	0.3888888888888889	32	77	0.4155844155844156	180	418	0.430622009569378	40	153	0.26143790849673204	0.013526522397383148	0.6430053296015554	0.00013589278810447378	0.44659895225249463	1.0	0.012908210353838868	-0.015037593984962405	0.15414650708768357	0	normal_vs_control
chr1:240545475:240545511:DEL	chr1	240545475	240545511	DEL	Sniffles2.DEL.CB5DM0	137	0.21141975308641975	18	77	0.23376623376623376	102	418	0.24401913875598086	17	153	0.1111111111111111	0.013618574968485293	0.626230520618947	0.00023734595217409171	0.44659895225249463	1.0	0.01988822632226716	-0.010252904989747097	0.12265512265512266	0	normal_vs_control
chr10:131479183:131479183:INS	chr10	131479183	131479183	INS	0002C_Sniffles2.INS.2A6S9	132	0.2037037037037037	18	77	0.23376623376623376	97	418	0.23205741626794257	17	153	0.1111111111111111	0.013618574968485293	0.538260821942523	0.0006630667754846671	0.44659895225249463	1.0	0.042221307196946334	0.0017088174982911875	0.12265512265512266	0	normal_vs_control
chr3:137368515:137368515:INS	chr3	137368515	137368515	INS	0006C_Sniffles2.INS.1E1S2	162	0.25	18	77	0.23376623376623376	127	418	0.3038277511961722	17	153	0.1111111111111111	0.013618574968485293	0.9179471151378602	6.359946706350557e-07	0.44659895225249463	1.0	0.0002295064477738761	-0.07006151742993846	0.12265512265512266	0	normal_vs_control
chr5:73149124:73149124:INS	chr5	73149124	73149124	INS	0008C_Sniffles2.INS.1BFS4	136	0.20987654320987653	18	77	0.23376623376623376	101	418	0.24162679425837322	17	153	0.1111111111111111	0.013618574968485293	0.6091467124613101	0.00029277057110006283	0.44659895225249463	1.0	0.023232057868324184	-0.007860560492139457	0.12265512265512266	0	normal_vs_control
chr1:234326000:234326000:INS	chr1	234326000	234326000	INS	Sniffles2.INS.C665M0	100	0.15432098765432098	13	77	0.16883116883116883	77	418	0.18421052631578946	10	153	0.06535947712418301	0.014469119409610022	0.6784488752629586	0.00016858711139096472	0.46728728712955525	1.0	0.015109551659745556	-0.015379357484620632	0.10347169170698582	0	normal_vs_control
chr10:131758415:131758415:INS	chr10	131758415	131758415	INS	0006C_Sniffles2.INS.31FS9	114	0.17592592592592593	13	77	0.16883116883116883	91	418	0.21770334928229665	10	153	0.06535947712418301	0.014469119409610022	0.8699095796266965	5.170100616722975e-06	0.46728728712955525	1.0	0.0011408826014304865	-0.04887218045112782	0.10347169170698582	0	normal_vs_control
chr12:9771210:9771210:INS	chr12	9771210	9771210	INS	Sniffles2.INS.8A7MB	102	0.1574074074074074	13	77	0.16883116883116883	79	418	0.18899521531100477	10	153	0.06535947712418301	0.014469119409610022	0.712673544985099	0.00010503242798585531	0.46728728712955525	1.0	0.010687123704821475	-0.02016404647983594	0.10347169170698582	0	normal_vs_control
chr2:147232924:147232960:DEL	chr2	147232924	147232960	DEL	Sniffles2.DEL.8636M1	96	0.14814814814814814	13	77	0.16883116883116883	73	418	0.17464114832535885	10	153	0.06535947712418301	0.014469119409610022	0.6041121654070603	0.00042312191471054054	0.46728728712955525	1.0	0.03043620339219145	-0.005809979494190015	0.10347169170698582	0	normal_vs_control
chr15:60947081:60947081:INS	chr15	60947081	60947081	INS	Sniffles2.INS.52ADME	240	0.37037037037037035	29	77	0.37662337662337664	176	418	0.42105263157894735	35	153	0.22875816993464052	0.014477233059765957	0.8027936648765998	1.2650234056907223e-05	0.46728728712955525	1.0	0.0022173138099492954	-0.04442925495557071	0.14786520668873612	0	normal_vs_control
chr2:197045490:197045490:INS	chr2	197045490	197045490	INS	0006C_Sniffles2.INS.3B5S1	233	0.3595679012345679	29	77	0.37662337662337664	169	418	0.4043062200956938	35	153	0.22875816993464052	0.014477233059765957	0.7183726916522498	5.655755694055506e-05	0.46728728712955525	1.0	0.006766486921129311	-0.027682843472317142	0.14786520668873612	0	normal_vs_control
chr1:214436800:214436843:DEL	chr1	214436800	214436843	DEL	Sniffles2.DEL.B88BM0	179	0.2762345679012346	23	77	0.2987012987012987	131	418	0.3133971291866029	25	153	0.16339869281045752	0.014624771066206979	0.6478873694819282	0.00018079871344870704	0.4693144958372376	1.0	0.01604820375079645	-0.014695830485304207	0.13530260589084117	0	normal_vs_control
chr13:112447045:112447045:INS	chr13	112447045	112447045	INS	Sniffles2.INS.7F16MC	172	0.2654320987654321	23	77	0.2987012987012987	124	418	0.2966507177033493	25	153	0.16339869281045752	0.014624771066206979	0.5345764760947332	0.0007019518176216128	0.4693144958372376	1.0	0.04388228812011952	0.002050580997949414	0.13530260589084117	0	normal_vs_control
chr22:16231456:16231456:INS	chr22	16231456	16231456	INS	Sniffles2.INS.518CM15	174	0.26851851851851855	23	77	0.2987012987012987	126	418	0.3014354066985646	25	153	0.16339869281045752	0.014624771066206979	0.5678937269024449	0.00048161465411574643	0.4693144958372376	1.0	0.03361868753227815	-0.002734107997265922	0.13530260589084117	0	normal_vs_control
chr3:186718096:186718136:DEL	chr3	186718096	186718136	DEL	Sniffles2.DEL.9C81M2	178	0.27469135802469136	23	77	0.2987012987012987	130	418	0.31100478468899523	25	153	0.16339869281045752	0.014624771066206979	0.6323630739496652	0.00022088584790933344	0.4693144958372376	1.0	0.01870707239144061	-0.012303485987696539	0.13530260589084117	0	normal_vs_control
chr1:183426897:183426944:DEL	chr1	183426897	183426944	DEL	Sniffles2.INS.A463M0	279	0.4305555555555556	34	77	0.44155844155844154	201	418	0.48086124401913877	44	153	0.2875816993464052	0.015139544548555987	0.7757578054244768	2.136869838133858e-05	0.4772618630935794	1.0	0.003224984920832646	-0.03930280246069723	0.15397674221203633	0	normal_vs_control
chr19:22321898:22321898:INS	chr19	22321898	22321898	INS	0002C_Sniffles2.INS.EDS12	259	0.39969135802469136	30	77	0.38961038961038963	192	418	0.45933014354066987	37	153	0.24183006535947713	0.015588663938866997	0.8956894124414554	1.3112486809381013e-06	0.4889202084130176	1.0	0.0004103245307333308	-0.06971975393028024	0.1477803242509125	0	normal_vs_control
chr13:40900873:40900873:INS	chr13	40900873	40900873	INS	Sniffles2.INS.4BF8MC	173	0.26697530864197533	21	77	0.2727272727272727	130	418	0.31100478468899523	22	153	0.1437908496732026	0.015606465813429175	0.7882878115025559	2.5353686326663602e-05	0.4889202084130176	1.0	0.0036570051517219883	-0.03827751196172252	0.1289364230540701	0	normal_vs_control
chr21:41931941:41931941:INS	chr21	41931941	41931941	INS	Sniffles2.INS.421CM14	157	0.24228395061728394	21	77	0.2727272727272727	114	418	0.2727272727272727	22	153	0.1437908496732026	0.015606465813429175	0.5496157540003975	0.0007010741405805282	0.4889202084130176	1.0	0.04388228812011952	0.0	0.1289364230540701	0	normal_vs_control
chr8:84478996:84479038:DEL	chr8	84478996	84479038	DEL	Sniffles2.DEL.48E7M7	156	0.24074074074074073	21	77	0.2727272727272727	113	418	0.2703349282296651	22	153	0.1437908496732026	0.015606465813429175	0.5324130068475363	0.000847024945691949	0.4889202084130176	1.0	0.0494362673255908	0.0023923444976076125	0.1289364230540701	0	normal_vs_control
chr2:180537321:180537321:INS	chr2	180537321	180537321	INS	0061C_Sniffles2.INS.822S1	115	0.17746913580246915	15	77	0.19480519480519481	87	418	0.20813397129186603	13	153	0.08496732026143791	0.015944244321949463	0.6558679398735097	0.0002494521668064408	0.4895430218375306	1.0	0.020560500915290388	-0.013328776486671218	0.1098378745437569	0	normal_vs_control
chr4:32071441:32071486:DEL	chr4	32071441	32071486	DEL	Sniffles2.DEL.1B19M3	111	0.1712962962962963	15	77	0.19480519480519481	83	418	0.19856459330143542	13	153	0.08496732026143791	0.015944244321949463	0.5834228094794092	0.0005918928566426292	0.4895430218375306	1.0	0.03898188055139352	-0.0037593984962406013	0.1098378745437569	0	normal_vs_control
chr1:191089427:191089463:DEL	chr1	191089427	191089463	DEL	Sniffles2.DEL.A95EM0	164	0.25308641975308643	19	77	0.24675324675324675	126	418	0.3014354066985646	19	153	0.12418300653594772	0.01626919168070764	0.8661841006465024	5.332238461821485e-06	0.4895430218375306	1.0	0.0011673597783532347	-0.05468215994531786	0.12257024021729904	0	normal_vs_control
chr1:218490869:218490869:INS	chr1	218490869	218490869	INS	Sniffles2.INS.BB39M0	147	0.22685185185185186	19	77	0.24675324675324675	109	418	0.2607655502392344	19	153	0.12418300653594772	0.01626919168070764	0.6502217312787304	0.00024316136214955057	0.4895430218375306	1.0	0.020162008273561835	-0.01401230348598767	0.12257024021729904	0	normal_vs_control
chr9:118103647:118103647:INS	chr9	118103647	118103647	INS	Sniffles2.INS.F476M8	141	0.2175925925925926	19	77	0.24675324675324675	103	418	0.24641148325358853	19	153	0.12418300653594772	0.01626919168070764	0.5480434626741472	0.0008085365180613279	0.4895430218375306	1.0	0.048050665946760544	0.0003417634996582264	0.12257024021729904	0	normal_vs_control
chr16:82165725:82165725:INS	chr16	82165725	82165725	INS	Sniffles2.INS.6F4DMF	214	0.33024691358024694	27	77	0.35064935064935066	155	418	0.3708133971291866	32	153	0.20915032679738563	0.01634522907951949	0.6769931852237342	0.00014173925173116837	0.4895430218375306	1.0	0.013351451828037337	-0.02016404647983594	0.14149902385196503	0	normal_vs_control
chr5:10994341:10994341:INS	chr5	10994341	10994341	INS	Sniffles2.INS.C10M4	247	0.38117283950617287	27	77	0.35064935064935066	188	418	0.44976076555023925	32	153	0.20915032679738563	0.01634522907951949	0.9597813752732258	6.369012669229726e-08	0.4895430218375306	1.0	4.30203504540605e-05	-0.0991114149008886	0.14149902385196503	0	normal_vs_control
chr11:40218643:40218643:INS	chr11	40218643	40218643	INS	0008C_Sniffles2.INS.CFSA	185	0.2854938271604938	24	77	0.3116883116883117	134	418	0.32057416267942584	27	153	0.17647058823529413	0.016429046614062068	0.6088137685830345	0.0003670130282033208	0.4895430218375306	1.0	0.02739638491391581	-0.008885850991114164	0.13521772345301755	0	normal_vs_control
chr18:79711993:79711993:INS	chr18	79711993	79711993	INS	0017C_Sniffles2.INS.177S11	149	0.22993827160493827	17	77	0.22077922077922077	116	418	0.27751196172248804	16	153	0.10457516339869281	0.01645274348234091	0.8807000534681727	4.0073519085082795e-06	0.4895430218375306	1.0	0.0009171868078861842	-0.056732740943267274	0.11620405738052796	0	normal_vs_control
chr2:49694993:49694993:INS	chr2	49694993	49694993	INS	Sniffles2.INS.261BM1	280	0.43209876543209874	36	77	0.4675324675324675	196	418	0.4688995215311005	48	153	0.3137254901960784	0.016558184854430415	0.557436260447974	0.0005663458477181264	0.4895430218375306	1.0	0.03770284112188892	-0.001367053998632961	0.1538069773363891	0	normal_vs_control
chr17:80876948:80876948:INS	chr17	80876948	80876948	INS	0094c_Sniffles2.INS.1AFS10	62	0.09567901234567901	8	77	0.1038961038961039	50	418	0.11961722488038277	4	153	0.026143790849673203	0.01668317370055891	0.7133552113933398	0.00020278575452987942	0.4895430218375306	1.0	0.017467958587715337	-0.015721120984278872	0.0777523130464307	0	normal_vs_control
chr17:11452700:11452700:INS	chr17	11452700	11452700	INS	Sniffles2.INS.D9AM10	91	0.1404320987654321	12	77	0.15584415584415584	70	418	0.1674641148325359	9	153	0.058823529411764705	0.017084687318768447	0.6542074179898845	0.000335424699462789	0.4895430218375306	1.0	0.02573199896654426	-0.011619958988380058	0.09702062643239114	0	normal_vs_control
chr18:79728700:79728700:INS	chr18	79728700	79728700	INS	0006C_Sniffles2.INS.1CBS11	94	0.14506172839506173	12	77	0.15584415584415584	73	418	0.17464114832535885	9	153	0.058823529411764705	0.017084687318768447	0.7083373147280934	0.00016550129910271314	0.4895430218375306	1.0	0.014905343015774106	-0.018796992481203006	0.09702062643239114	0	normal_vs_control
chr19:30598929:30598969:DEL	chr19	30598929	30598969	DEL	Sniffles2.DEL.3219M12	88	0.13580246913580246	12	77	0.15584415584415584	67	418	0.16028708133971292	9	153	0.058823529411764705	0.017084687318768447	0.59548731113631	0.0006662349694903426	0.4895430218375306	1.0	0.042221307196946334	-0.004442925495557082	0.09702062643239114	0	normal_vs_control
chr8:133757820:133757869:DEL	chr8	133757820	133757869	DEL	Sniffles2.DEL.6B5EM7	92	0.1419753086419753	12	77	0.15584415584415584	71	418	0.16985645933014354	9	153	0.058823529411764705	0.017084687318768447	0.6727996294584725	0.00026563614315392565	0.4895430218375306	1.0	0.021519857403154704	-0.014012303485987698	0.09702062643239114	0	normal_vs_control
chr6:150414487:150414487:INS	chr6	150414487	150414487	INS	0002C_Sniffles2.INS.260S5	256	0.3950617283950617	32	77	0.4155844155844156	183	418	0.43779904306220097	41	153	0.2679738562091503	0.01767697533342725	0.6855498512296934	0.00013634671645452442	0.4944660584061157	1.0	0.012908210353838868	-0.022214627477785354	0.1476105593752653	0	normal_vs_control
chr8:49536638:49536682:DEL	chr8	49536638	49536682	DEL	Sniffles2.DEL.3268M7	258	0.39814814814814814	32	77	0.4155844155844156	185	418	0.44258373205741625	41	153	0.2679738562091503	0.01767697533342725	0.7125951402970736	9.192706478766601e-05	0.4944660584061157	1.0	0.009829452247990821	-0.026999316473000634	0.1476105593752653	0	normal_vs_control
chr9:107076377:107076377:INS	chr9	107076377	107076377	INS	Sniffles2.INS.EC71M8	278	0.42901234567901236	32	77	0.4155844155844156	205	418	0.4904306220095694	41	153	0.2679738562091503	0.01767697533342725	0.9089005113430159	1.0826623828372562e-06	0.4944660584061157	1.0	0.000354831384973905	-0.07484620642515377	0.1476105593752653	0	normal_vs_control
chr9:128780368:128780368:INS	chr9	128780368	128780368	INS	Sniffles2.INS.FBADM8	246	0.37962962962962965	32	77	0.4155844155844156	173	418	0.4138755980861244	41	153	0.2679738562091503	0.01767697533342725	0.5369996425940455	0.00085601180805495	0.4944660584061157	1.0	0.04980334246276006	0.0017088174982912152	0.1476105593752653	0	normal_vs_control
chr4:256858:256858:INS	chr4	256858	256858	INS	0006C_Sniffles2.INS.3S3	232	0.35802469135802467	28	77	0.36363636363636365	170	418	0.40669856459330145	34	153	0.2222222222222222	0.017745413603290502	0.7976826363923479	2.361182245775381e-05	0.4944660584061157	1.0	0.003506197378793748	-0.0430622009569378	0.14141414141414144	0	normal_vs_control
chr4:150121223:150121223:INS	chr4	150121223	150121223	INS	Sniffles2.INS.8639M3	237	0.36574074074074076	28	77	0.36363636363636365	175	418	0.41866028708133973	34	153	0.2222222222222222	0.017745413603290502	0.8481435826864291	7.81471344455223e-06	0.4944660584061157	1.0	0.0015569832671469745	-0.055023923444976086	0.14141414141414144	0	normal_vs_control
chr1:246897934:246897934:INS	chr1	246897934	246897934	INS	0011C_Sniffles2.INS.450S0	197	0.30401234567901236	22	77	0.2857142857142857	151	418	0.361244019138756	24	153	0.1568627450980392	0.017812121744303765	0.9218903634504867	9.017178536801795e-07	0.4944660584061157	1.0	0.0003045387102416938	-0.07552973342447028	0.12885154061624648	0	normal_vs_control
chr2:76514927:76514927:INS	chr2	76514927	76514927	INS	0002C_Sniffles2.INS.189S1	195	0.30092592592592593	22	77	0.2857142857142857	149	418	0.35645933014354064	24	153	0.1568627450980392	0.017812121744303765	0.9096325877444794	1.4838710059811249e-06	0.4944660584061157	1.0	0.0004418744477380782	-0.07074504442925494	0.12885154061624648	0	normal_vs_control
chr8:39696285:39696321:DEL	chr8	39696285	39696321	DEL	Sniffles2.DEL.210EM7	170	0.2623456790123457	22	77	0.2857142857142857	124	418	0.2966507177033493	24	153	0.1568627450980392	0.017812121744303765	0.6245738977776742	0.00037304034454559306	0.4944660584061157	1.0	0.02773417262240444	-0.010936431989063577	0.12885154061624648	0	normal_vs_control
chr15:101459470:101459470:INS	chr15	101459470	101459470	INS	Sniffles2.INS.6F2CME	50	0.07716049382716049	7	77	0.09090909090909091	40	418	0.09569377990430622	3	153	0.0196078431372549	0.017923572810552773	0.6203745212451135	0.0007892654152119134	0.4944660584061157	1.0	0.04731150737852539	-0.004784688995215308	0.07130124777183601	0	normal_vs_control
chr18:10880892:10880892:INS	chr18	10880892	10880892	INS	0002C_Sniffles2.INS.3ES11	227	0.35030864197530864	25	77	0.3246753246753247	173	418	0.4138755980861244	29	153	0.1895424836601307	0.01820984496532618	0.9458827428951958	2.5017162227545234e-07	0.4944660584061157	1.0	0.00012596823467811595	-0.08920027341079972	0.13513284101519396	0	normal_vs_control
chr21:44697068:44697068:INS	chr21	44697068	44697068	INS	Sniffles2.INS.45EDM14	199	0.30709876543209874	25	77	0.3246753246753247	145	418	0.34688995215311	29	153	0.1895424836601307	0.01820984496532618	0.6916101149021429	0.00015268871894975083	0.4944660584061157	1.0	0.014048376686360131	-0.022214627477785354	0.13513284101519396	0	normal_vs_control
chr5:114477003:114477003:INS	chr5	114477003	114477003	INS	Sniffles2.INS.62A7M4	196	0.30246913580246915	25	77	0.3246753246753247	142	418	0.3397129186602871	29	153	0.1895424836601307	0.01820984496532618	0.647614129000776	0.000274955581463265	0.4944660584061157	1.0	0.022071361950851187	-0.015037593984962405	0.13513284101519396	0	normal_vs_control
chr13:31999462:31999510:DEL	chr13	31999462	31999510	DEL	Sniffles2.INS.45F1MC	53	0.08179012345679013	6	77	0.07792207792207792	45	418	0.1076555023923445	2	153	0.013071895424836602	0.018318847978792328	0.8397852346279447	4.129354703788401e-05	0.4944660584061157	1.0	0.005294368016977592	-0.029733424470266584	0.06485018249724132	0	normal_vs_control
chr21:45902289:45902289:INS	chr21	45902289	45902289	INS	Sniffles2.INS.47EBM14	46	0.07098765432098765	6	77	0.07792207792207792	38	418	0.09090909090909091	2	153	0.013071895424836602	0.018318847978792328	0.7111216233054782	0.0003217109356352163	0.4944660584061157	1.0	0.025138297661859946	-0.012987012987012991	0.06485018249724132	0	normal_vs_control
chr3:119279912:119279912:INS	chr3	119279912	119279912	INS	Sniffles2.INS.7020M2	43	0.06635802469135803	6	77	0.07792207792207792	35	418	0.08373205741626795	2	153	0.013071895424836602	0.018318847978792328	0.6391192847957607	0.000754897359799035	0.4944660584061157	1.0	0.04615039179310038	-0.005809979494190029	0.06485018249724132	0	normal_vs_control
chr8:63501116:63501116:INS	chr8	63501116	63501116	INS	0017C_Sniffles2.INS.10CS7	43	0.06635802469135803	6	77	0.07792207792207792	35	418	0.08373205741626795	2	153	0.013071895424836602	0.018318847978792328	0.6391192847957607	0.000754897359799035	0.4944660584061157	1.0	0.04615039179310038	-0.005809979494190029	0.06485018249724132	0	normal_vs_control
chr9:115821:115867:DEL	chr9	115821	115867	DEL	Sniffles2.DEL.3EM8	151	0.2330246913580247	20	77	0.2597402597402597	110	418	0.2631578947368421	21	153	0.13725490196078433	0.018947901966681144	0.5747293267058029	0.0007875768786152327	0.5064191018992399	1.0	0.04731150737852539	-0.003417634996582375	0.12248535777947539	0	normal_vs_control
chr18:80032973:80033025:DEL	chr18	80032973	80033025	DEL	Sniffles2.DEL.526EM11	109	0.16820987654320987	14	77	0.18181818181818182	83	418	0.19856459330143542	12	153	0.0784313725490196	0.019083026070738935	0.6840832033252451	0.00025929136364798085	0.5064191018992399	1.0	0.02112004419078583	-0.016746411483253593	0.10338680926916222	0	normal_vs_control
chr4:88136946:88136989:DEL	chr4	88136946	88136989	DEL	Sniffles2.DEL.5DACM3	104	0.16049382716049382	14	77	0.18181818181818182	78	418	0.18660287081339713	12	153	0.0784313725490196	0.019083026070738935	0.5934512959975748	0.0007695982997406826	0.5064191018992399	1.0	0.046893851073747994	-0.004784688995215308	0.10338680926916222	0	normal_vs_control
chrX:78765626:78765671:DEL	chrX	78765626	78765671	DEL	Sniffles2.DEL.65DCM16	120	0.18518518518518517	14	77	0.18181818181818182	94	418	0.22488038277511962	12	153	0.0784313725490196	0.019083026070738935	0.8391314037493157	1.9571147002680532e-05	0.5064191018992399	1.0	0.003060975661771874	-0.0430622009569378	0.10338680926916222	0	normal_vs_control
chr2:14054944:14055013:DEL	chr2	14054944	14055013	DEL	Sniffles2.DEL.E56M1	235	0.3626543209876543	29	77	0.37662337662337664	170	418	0.40669856459330145	36	153	0.23529411764705882	0.019099976599037914	0.7314574973501108	8.70025155427791e-05	0.5064191018992399	1.0	0.00939355814987027	-0.03007518796992481	0.14132925897631782	0	normal_vs_control
chr2:225597514:225597514:INS	chr2	225597514	225597514	INS	0002C_Sniffles2.INS.36AS1	224	0.345679012345679	29	77	0.37662337662337664	159	418	0.3803827751196172	36	153	0.23529411764705882	0.019099976599037914	0.5726834270004235	0.000697601035905579	0.5064191018992399	1.0	0.04388228812011952	-0.0037593984962405735	0.14132925897631782	0	normal_vs_control
chr10:41914885:41914885:INS	chr10	41914885	41914885	INS	0010C_Sniffles2.INS.13DS9	264	0.4074074074074074	34	77	0.44155844155844154	185	418	0.44258373205741625	45	153	0.29411764705882354	0.019551967031222604	0.5549270140549394	0.0008366956179324677	0.5125868721878483	1.0	0.04909205178606305	-0.001025290498974707	0.147440794499618	0	normal_vs_control
chr2:89120585:89120585:INS	chr2	89120585	89120585	INS	0006C_Sniffles2.INS.1F0S1	270	0.4166666666666667	34	77	0.44155844155844154	191	418	0.4569377990430622	45	153	0.29411764705882354	0.019551967031222604	0.6447081461729747	0.0002863275050045872	0.5125868721878483	1.0	0.022818860211790037	-0.01537935748462066	0.147440794499618	0	normal_vs_control
chr16:84125114:84125114:INS	chr16	84125114	84125114	INS	Sniffles2.INS.70BAMF	140	0.21604938271604937	18	77	0.23376623376623376	104	418	0.24880382775119617	18	153	0.11764705882352941	0.01968723989244062	0.6594377271629622	0.00032917270687032575	0.5125868721878483	1.0	0.02539306112553427	-0.015037593984962405	0.11611917494270435	0	normal_vs_control
chr20:33620977:33621020:DEL	chr20	33620977	33621020	DEL	Sniffles2.DEL.34C8M13	150	0.23148148148148148	18	77	0.23376623376623376	114	418	0.2727272727272727	18	153	0.11764705882352941	0.01968723989244062	0.8013020811589401	3.787621341440643e-05	0.5125868721878483	1.0	0.005035867564969894	-0.038961038961038946	0.11611917494270435	0	normal_vs_control
chr7:131529916:131529953:DEL	chr7	131529916	131529953	DEL	0006C_Sniffles2.DEL.77BS6	147	0.22685185185185186	18	77	0.23376623376623376	111	418	0.26555023923444976	18	153	0.11764705882352941	0.01968723989244062	0.7634052621200453	7.408634550241125e-05	0.5125868721878483	1.0	0.008374478580995008	-0.031784005468216	0.11611917494270435	0	normal_vs_control
chr10:67927435:67927435:INS	chr10	67927435	67927435	INS	0008C_Sniffles2.INS.1A6S9	127	0.19598765432098766	16	77	0.2077922077922078	96	418	0.22966507177033493	15	153	0.09803921568627451	0.019825636374108065	0.7110552147201658	0.00017950370787761923	0.5125868721878483	1.0	0.015984487736214747	-0.021872863978127127	0.1097529921059333	0	normal_vs_control
chr17:18951418:18951418:INS	chr17	18951418	18951418	INS	0002C_Sniffles2.INS.BCS10	138	0.21296296296296297	16	77	0.2077922077922078	107	418	0.25598086124401914	15	153	0.09803921568627451	0.019825636374108065	0.8519004989335272	1.4314559110394983e-05	0.5125868721878483	1.0	0.002454658823549713	-0.048188653451811336	0.1097529921059333	0	normal_vs_control
chr8:106285866:106285866:INS	chr8	106285866	106285866	INS	0002C_Sniffles2.INS.18CS7	134	0.20679012345679013	16	77	0.2077922077922078	103	418	0.24641148325358853	15	153	0.09803921568627451	0.019825636374108065	0.807740884070014	3.6962692599127995e-05	0.5125868721878483	1.0	0.004945144004059182	-0.03861927546138072	0.1097529921059333	0	normal_vs_control
chr15:72425263:72425307:DEL	chr15	72425263	72425307	DEL	Sniffles2.DEL.5A92ME	203	0.3132716049382716	26	77	0.33766233766233766	146	418	0.3492822966507177	31	153	0.20261437908496732	0.01995353894217906	0.6249493155367793	0.0004335590428867763	0.5125868721878483	1.0	0.031146521747617076	-0.01161995898838003	0.13504795857737034	0	normal_vs_control
chr9:3414811:3414811:INS	chr9	3414811	3414811	INS	Sniffles2.INS.2AEM8	202	0.3117283950617284	26	77	0.33766233766233766	145	418	0.34688995215311	31	153	0.20261437908496732	0.01995353894217906	0.6095179964709454	0.0005216421338063729	0.5125868721878483	1.0	0.03560446803497504	-0.009227614490772362	0.13504795857737034	0	normal_vs_control
chr14:79020162:79020232:DEL	chr14	79020162	79020232	DEL	0003C_Sniffles2.DEL.476SD	190	0.2932098765432099	23	77	0.2987012987012987	141	418	0.3373205741626794	26	153	0.16993464052287582	0.020000579571295377	0.7850209678569269	4.5299040334931116e-05	0.5125868721878483	1.0	0.005702325559252647	-0.03861927546138072	0.12876665817842287	0	normal_vs_control
chr2:233724127:233724127:INS	chr2	233724127	233724127	INS	Sniffles2.INS.BD67M1	177	0.27314814814814814	23	77	0.2987012987012987	128	418	0.3062200956937799	26	153	0.16993464052287582	0.020000579571295377	0.6005565984739298	0.0006145582923537241	0.5125868721878483	1.0	0.04004606434928008	-0.007518796992481203	0.12876665817842287	0	normal_vs_control
chr5:40739483:40739483:INS	chr5	40739483	40739483	INS	Sniffles2.INS.21DBM4	208	0.32098765432098764	23	77	0.2987012987012987	159	418	0.3803827751196172	26	153	0.16993464052287582	0.020000579571295377	0.9340079553086462	6.801606329946902e-07	0.5125868721878483	1.0	0.00024304991703425743	-0.08168147641831852	0.12876665817842287	0	normal_vs_control
chr3:86080119:86080119:INS	chr3	86080119	86080119	INS	Sniffles2.INS.38A8M2	86	0.13271604938271606	11	77	0.14285714285714285	67	418	0.16028708133971292	8	153	0.05228758169934641	0.020082211176565876	0.70415605886077	0.00025709666687871713	0.5125868721878483	1.0	0.02101814157974081	-0.017429938482570073	0.09056956115779644	0	normal_vs_control
chr4:149421024:149421024:INS	chr4	149421024	149421024	INS	0026C_Sniffles2.INS.22AS3	81	0.125	11	77	0.14285714285714285	62	418	0.14832535885167464	8	153	0.05228758169934641	0.020082211176565876	0.6073540248958489	0.0008273747596240742	0.5125868721878483	1.0	0.04859664176676376	-0.005468215994531789	0.09056956115779644	0	normal_vs_control
chr10:109831604:109831604:INS	chr10	109831604	109831604	INS	0006C_Sniffles2.INS.290S9	175	0.2700617283950617	21	77	0.2727272727272727	131	418	0.3133971291866029	23	153	0.1503267973856209	0.021620688039795295	0.8000337674604225	4.368898517443057e-05	0.5482786726076515	1.0	0.005550104382663671	-0.04066985645933019	0.1224004753416518	0	normal_vs_control
chr16:58359819:58359819:INS	chr16	58359819	58359819	INS	0003C_Sniffles2.INS.105SF	170	0.2623456790123457	21	77	0.2727272727272727	126	418	0.3014354066985646	23	153	0.1503267973856209	0.021620688039795295	0.7371006740219109	0.00012657881050059504	0.5482786726076515	1.0	0.012430757368806663	-0.028708133971291905	0.1224004753416518	0	normal_vs_control
chr5:62746006:62746006:INS	chr5	62746006	62746006	INS	0003C_Sniffles2.INS.199S4	171	0.2638888888888889	21	77	0.2727272727272727	127	418	0.3038277511961722	23	153	0.1503267973856209	0.021620688039795295	0.7505156005883865	0.00010275412986110855	0.5482786726076515	1.0	0.010618182359602761	-0.031100478468899517	0.1224004753416518	0	normal_vs_control
chr8:139313551:139313594:DEL	chr8	139313551	139313594	DEL	Sniffles2.DEL.6F61M7	213	0.3287037037037037	27	77	0.35064935064935066	153	418	0.3660287081339713	33	153	0.21568627450980393	0.021648831100471833	0.6478321774008664	0.00038168588924381247	0.5482786726076515	1.0	0.02822539123289224	-0.01537935748462066	0.13496307613954672	0	normal_vs_control
chr3:61172767:61172767:INS	chr3	61172767	61172767	INS	0003C_Sniffles2.INS.CAS2	318	0.49074074074074076	37	77	0.4805194805194805	230	418	0.5502392344497608	51	153	0.3333333333333333	0.02189862902353527	0.8946363256610145	2.9585420989474175e-06	0.5543515833434971	1.0	0.0007124683903326067	-0.06971975393028024	0.1471861471861472	0	normal_vs_control
chr13:28816232:28816232:INS	chr13	28816232	28816232	INS	0006C_Sniffles2.INS.D5SC	186	0.28703703703703703	24	77	0.3116883116883117	134	418	0.32057416267942584	28	153	0.1830065359477124	0.022152976877225797	0.6088137685830345	0.0006746053439882696	0.5592566468896	1.0	0.04265415615618982	-0.008885850991114164	0.12868177574059927	0	normal_vs_control
chr2:7335137:7335137:INS	chr2	7335137	7335137	INS	Sniffles2.INS.8F4M1	200	0.30864197530864196	24	77	0.3116883116883117	148	418	0.35406698564593303	28	153	0.1830065359477124	0.022152976877225797	0.8009684190362054	4.189056019835603e-05	0.5592566468896	1.0	0.005350749233430095	-0.04237867395762135	0.12868177574059927	0	normal_vs_control
chr3:63896291:63896291:INS	chr3	63896291	63896291	INS	0006C_Sniffles2.INS.DES2	197	0.30401234567901236	24	77	0.3116883116883117	145	418	0.34688995215311	28	153	0.1830065359477124	0.022152976877225797	0.7656388010568018	7.872143138679451e-05	0.5592566468896	1.0	0.008808530589195505	-0.035201640464798345	0.12868177574059927	0	normal_vs_control
chr7:30393064:30393111:DEL	chr7	30393064	30393111	DEL	Sniffles2.DEL.196BM6	197	0.30401234567901236	24	77	0.3116883116883117	145	418	0.34688995215311	28	153	0.1830065359477124	0.022152976877225797	0.7656388010568018	7.872143138679451e-05	0.5592566468896	1.0	0.008808530589195505	-0.035201640464798345	0.12868177574059927	0	normal_vs_control
chr11:70787519:70787519:INS	chr11	70787519	70787519	INS	Sniffles2.INS.4245MA	98	0.15123456790123457	13	77	0.16883116883116883	74	418	0.17703349282296652	11	153	0.0718954248366013	0.02278081298760234	0.6233621021249807	0.0008016215496670578	0.5693969628868766	1.0	0.047896671405565264	-0.008202323991797683	0.09693574399456753	0	normal_vs_control
chr17:21031715:21031715:INS	chr17	21031715	21031715	INS	Sniffles2.INS.155FM10	104	0.16049382716049382	13	77	0.16883116883116883	80	418	0.19138755980861244	11	153	0.0718954248366013	0.02278081298760234	0.7289704572458936	0.00021176483936935207	0.5693969628868766	1.0	0.018072774919860823	-0.022556390977443608	0.09693574399456753	0	normal_vs_control
chr10:128976525:128976566:DEL	chr10	128976525	128976566	DEL	Sniffles2.DEL.7686M9	250	0.38580246913580246	32	77	0.4155844155844156	176	418	0.42105263157894735	42	153	0.27450980392156865	0.02282318449404244	0.5833074289136806	0.0008542082575682566	0.5696847871816235	1.0	0.049803038915990104	-0.005468215994531733	0.14107461166284696	0	normal_vs_control
chr3:44821428:44821428:INS	chr3	44821428	44821428	INS	0006C_Sniffles2.INS.A5S2	295	0.45524691358024694	32	77	0.4155844155844156	221	418	0.5287081339712919	42	153	0.27450980392156865	0.02282318449404244	0.9744914833313978	3.638891528958674e-08	0.5696847871816235	1.0	3.304113508294475e-05	-0.11312371838687629	0.14107461166284696	0	normal_vs_control
chr4:80327703:80327703:INS	chr4	80327703	80327703	INS	0003C_Sniffles2.INS.19FS3	150	0.23148148148148148	19	77	0.24675324675324675	111	418	0.26555023923444976	20	153	0.13071895424836602	0.022936571397990112	0.6819013939965709	0.0003299748196125106	0.5699465305481723	1.0	0.02541953450444748	-0.018796992481203006	0.11603429250488073	0	normal_vs_control
chr2:40891897:40891897:INS	chr2	40891897	40891897	INS	Sniffles2.INS.200DM1	89	0.13734567901234568	10	77	0.12987012987012986	72	418	0.1722488038277512	7	153	0.0457516339869281	0.023484349024575003	0.8626055743385941	2.4439684342800355e-05	0.5762214441993921	1.0	0.0035906239691751354	-0.04237867395762135	0.08411849588320175	0	normal_vs_control
chr1:103993369:144643033:DEL	chr1	103993369	144643033	DEL	0013C_Sniffles2.DEL.783S0	132	0.2037037037037037	17	77	0.22077922077922077	98	418	0.23444976076555024	17	153	0.1111111111111111	0.023761914912810638	0.6525313183288219	0.0005423078773479126	0.5762214441993921	1.0	0.03649738603954579	-0.013670539986329472	0.10966810966810966	0	normal_vs_control
chr10:3115337:3115337:INS	chr10	3115337	3115337	INS	Sniffles2.INS.499M9	136	0.20987654320987653	17	77	0.22077922077922077	102	418	0.24401913875598086	17	153	0.1111111111111111	0.023761914912810638	0.7162052435825017	0.00023734595217409171	0.5762214441993921	1.0	0.01988822632226716	-0.02323991797676009	0.10966810966810966	0	normal_vs_control
chr2:237332064:237332064:INS	chr2	237332064	237332064	INS	Sniffles2.INS.C027M1	141	0.2175925925925926	17	77	0.22077922077922077	107	418	0.25598086124401914	17	153	0.1111111111111111	0.023761914912810638	0.7857905932193722	8.046992920499701e-05	0.5762214441993921	1.0	0.008949936624109185	-0.03520164046479837	0.10966810966810966	0	normal_vs_control
chr1:46360249:46360262:DEL	chr1	46360249	46360262	DEL	0010C_Sniffles2.DEL.55DS0	118	0.18209876543209877	15	77	0.19480519480519481	89	418	0.21291866028708134	14	153	0.0915032679738562	0.023834103572268495	0.6897034769500399	0.0003652209747652155	0.5762214441993921	1.0	0.02729940533103341	-0.018113465481886526	0.10330192683133861	0	normal_vs_control
chr10:116599757:116599757:INS	chr10	116599757	116599757	INS	Sniffles2.INS.6C6FM9	127	0.19598765432098766	15	77	0.19480519480519481	98	418	0.23444976076555024	14	153	0.0915032679738562	0.023834103572268495	0.8175741518094884	4.887069177365272e-05	0.5762214441993921	1.0	0.006028618877414425	-0.03964456596035543	0.10330192683133861	0	normal_vs_control
chr18:43104527:43104527:INS	chr18	43104527	43104527	INS	Sniffles2.INS.3437M11	115	0.17746913580246915	15	77	0.19480519480519481	86	418	0.20574162679425836	14	153	0.0915032679738562	0.023834103572268495	0.6383123398707068	0.0006864850277597586	0.5762214441993921	1.0	0.04335579557304163	-0.01093643198906355	0.10330192683133861	0	normal_vs_control
chr21:45245596:45245631:DEL	chr21	45245596	45245631	DEL	Sniffles2.DEL.46D9M14	124	0.19135802469135801	15	77	0.19480519480519481	95	418	0.22727272727272727	14	153	0.0915032679738562	0.023834103572268495	0.7796425570875678	9.739995265266513e-05	0.5762214441993921	1.0	0.0101908843251432	-0.03246753246753245	0.10330192683133861	0	normal_vs_control
chr22:22652600:22652600:INS	chr22	22652600	22652600	INS	0008C_Sniffles2.INS.1D9S15	171	0.2638888888888889	22	77	0.2857142857142857	124	418	0.2966507177033493	25	153	0.16339869281045752	0.024260500553357857	0.6245738977776742	0.0007019518176216128	0.5822099673524198	1.0	0.04388228812011952	-0.010936431989063577	0.12231559290382818	0	normal_vs_control
chr4:161410988:161410988:INS	chr4	161410988	161410988	INS	Sniffles2.INS.8E03M3	181	0.279320987654321	22	77	0.2857142857142857	134	418	0.32057416267942584	25	153	0.16339869281045752	0.024260500553357857	0.7682223046463836	9.788312379894891e-05	0.5822099673524198	1.0	0.0101908843251432	-0.034859876965140146	0.12231559290382818	0	normal_vs_control
chr7:52513750:52513750:INS	chr7	52513750	52513750	INS	Sniffles2.INS.27C6M6	170	0.2623456790123457	22	77	0.2857142857142857	123	418	0.2942583732057416	25	153	0.16339869281045752	0.024260500553357857	0.6084756729225432	0.0008446659483122245	0.5822099673524198	1.0	0.049402700681222274	-0.00854408749145591	0.12231559290382818	0	normal_vs_control
chr10:113179829:113179829:INS	chr10	113179829	113179829	INS	0003C_Sniffles2.INS.244S9	243	0.375	29	77	0.37662337662337664	177	418	0.423444976076555	37	153	0.24183006535947713	0.0248585293617182	0.8134226727091879	3.901165985483672e-05	0.5955295087745881	1.0	0.005156987627779705	-0.046821599453178375	0.1347933112638995	0	normal_vs_control
chr4:54560552:54560552:INS	chr4	54560552	54560552	INS	Sniffles2.INS.46D9M3	186	0.28703703703703703	20	77	0.2597402597402597	144	418	0.3444976076555024	22	153	0.1437908496732026	0.026160186660267468	0.9454672357273843	8.963964786044312e-07	0.6221384365559873	1.0	0.0003045387102416938	-0.0847573479152427	0.11594941006705711	0	normal_vs_control
chr1:19398260:19398260:INS	chr1	19398260	19398260	INS	0006C_Sniffles2.INS.EBS0	211	0.3256172839506173	26	77	0.33766233766233766	153	418	0.3660287081339713	32	153	0.20915032679738563	0.026291465770856844	0.7255878757534999	0.000209680435920604	0.6239210394671032	1.0	0.01795020090381826	-0.02836637047163365	0.12851201086495204	0	normal_vs_control
chr1:230291877:230291877:INS	chr1	230291877	230291877	INS	0003C_Sniffles2.INS.3BFS0	217	0.33487654320987653	26	77	0.33766233766233766	159	418	0.3803827751196172	32	153	0.20915032679738563	0.026291465770856844	0.798924536410729	6.311035568570236e-05	0.6239210394671032	1.0	0.007374591520505659	-0.04272043745727955	0.12851201086495204	0	normal_vs_control
chr15:43005380:43005380:INS	chr15	43005380	43005380	INS	0002C_Sniffles2.INS.B5SE	225	0.3472222222222222	26	77	0.33766233766233766	167	418	0.39952153110047844	32	153	0.20915032679738563	0.026291465770856844	0.8754035645441556	1.1282633385757828e-05	0.6239210394671032	1.0	0.0020224029060529275	-0.06185919343814078	0.12851201086495204	0	normal_vs_control
chr17:80581534:80581534:INS	chr17	80581534	80581534	INS	0006C_Sniffles2.INS.1EDS10	97	0.14969135802469136	12	77	0.15584415584415584	75	418	0.17942583732057416	10	153	0.06535947712418301	0.027128468089936787	0.7415389444006563	0.0002682670023989987	0.6269917618019641	1.0	0.021597053384993806	-0.023581681476418315	0.09048467871997283	0	normal_vs_control
chr22:48507199:48507239:DEL	chr22	48507199	48507239	DEL	Sniffles2.DEL.7096M15	92	0.1419753086419753	12	77	0.15584415584415584	70	418	0.1674641148325359	10	153	0.06535947712418301	0.027128468089936787	0.6542074179898845	0.0008239445936248321	0.6269917618019641	1.0	0.04859664176676376	-0.011619958988380058	0.09048467871997283	0	normal_vs_control
chr5:13427582:13427636:DEL	chr5	13427582	13427636	DEL	Sniffles2.DEL.D9DM4	113	0.1743827160493827	12	77	0.15584415584415584	91	418	0.21770334928229665	10	153	0.06535947712418301	0.027128468089936787	0.9198687032533702	5.170100616722975e-06	0.6269917618019641	1.0	0.0011408826014304865	-0.06185919343814081	0.09048467871997283	0	normal_vs_control
chr3:75712445:75712485:DEL	chr3	75712445	75712485	DEL	105_Sniffles2.DEL.313S2	87	0.13425925925925927	9	77	0.11688311688311688	72	418	0.1722488038277512	6	153	0.0392156862745098	0.027292502666724477	0.9197278316301489	6.9805887787615846e-06	0.6269917618019641	1.0	0.001442689743574801	-0.055365686944634326	0.07766743060860708	0	normal_vs_control
chr8:41063249:41063301:DEL	chr8	41063249	41063301	DEL	0006C_Sniffles2.DEL.40CS7	149	0.22993827160493827	18	77	0.23376623376623376	112	418	0.2679425837320574	19	153	0.12418300653594772	0.02768878941236005	0.7765040980684611	0.000129489138001076	0.6332067167513619	1.0	0.012627014745780981	-0.034176349965823666	0.10958322723028605	0	normal_vs_control
chr10:62929022:62929022:INS	chr10	62929022	62929022	INS	Sniffles2.INS.4935M9	253	0.3904320987654321	27	77	0.35064935064935066	192	418	0.45933014354066987	34	153	0.2222222222222222	0.028255394171554333	0.9714140531773148	1.2083463962910285e-07	0.6411051201032242	1.0	7.196547333093279e-05	-0.10868079289131921	0.12842712842712845	0	normal_vs_control
chr18:8516148:8516148:INS	chr18	8516148	8516148	INS	Sniffles2.INS.626M11	218	0.33641975308641975	27	77	0.35064935064935066	157	418	0.37559808612440193	34	153	0.2222222222222222	0.028255394171554333	0.7050169807317065	0.00032450860887249695	0.6411051201032242	1.0	0.025138297661859946	-0.024948735475051276	0.12842712842712845	0	normal_vs_control
chr5:159466905:159466905:INS	chr5	159466905	159466905	INS	Sniffles2.INS.8016M4	222	0.3425925925925926	27	77	0.35064935064935066	161	418	0.38516746411483255	34	153	0.2222222222222222	0.028255394171554333	0.7572004063698424	0.00015067185272552713	0.6411051201032242	1.0	0.014048376686360131	-0.03451811346548189	0.12842712842712845	0	normal_vs_control
chr12:81213982:81213982:INS	chr12	81213982	81213982	INS	Sniffles2.INS.46C9MB	126	0.19444444444444445	14	77	0.18181818181818182	99	418	0.23684210526315788	13	153	0.08496732026143791	0.028593066294683143	0.8877895937531779	1.5195043252155044e-05	0.6411051201032242	1.0	0.0025581247892108314	-0.05502392344497606	0.09685086155674391	0	normal_vs_control
chr13:37473186:37473186:INS	chr13	37473186	37473186	INS	Sniffles2.INS.497BMC	110	0.1697530864197531	14	77	0.18181818181818182	83	418	0.19856459330143542	13	153	0.08496732026143791	0.028593066294683143	0.6840832033252451	0.0005918928566426292	0.6411051201032242	1.0	0.03898188055139352	-0.016746411483253593	0.09685086155674391	0	normal_vs_control
chr6:108400849:108400849:INS	chr6	108400849	108400849	INS	Sniffles2.INS.4FD8M5	114	0.17592592592592593	14	77	0.18181818181818182	87	418	0.20813397129186603	13	153	0.08496732026143791	0.028593066294683143	0.7481045049676001	0.0002494521668064408	0.6411051201032242	1.0	0.020560500915290388	-0.02631578947368421	0.09685086155674391	0	normal_vs_control
chr1:30524589:30524589:INS	chr1	30524589	30524589	INS	0094c_Sniffles2.INS.CDS0	137	0.21141975308641975	16	77	0.2077922077922078	105	418	0.2511961722488038	16	153	0.10457516339869281	0.028612909960554093	0.8308285396437141	5.5219468295038646e-05	0.6411051201032242	1.0	0.006634481366432973	-0.043403964456596	0.10321704439351499	0	normal_vs_control
chr2:3486735:3486772:DEL	chr2	3486735	3486772	DEL	Sniffles2.DEL.5F8M1	139	0.21450617283950618	16	77	0.2077922077922078	107	418	0.25598086124401914	16	153	0.10457516339869281	0.028612909960554093	0.8519004989335272	3.490716542259055e-05	0.6411051201032242	1.0	0.004750462109155886	-0.048188653451811336	0.10321704439351499	0	normal_vs_control
chr2:33767521:33767521:INS	chr2	33767521	33767521	INS	Sniffles2.INS.1B39M1	130	0.2006172839506173	16	77	0.2077922077922078	98	418	0.23444976076555024	16	153	0.10457516339869281	0.028612909960554093	0.7411459299241846	0.0002572813604221902	0.6411051201032242	1.0	0.02101814157974081	-0.026657552973342435	0.10321704439351499	0	normal_vs_control
chr5:73247502:73247510:DEL	chr5	73247502	73247510	DEL	Sniffles2.DEL.4834M4	278	0.42901234567901236	32	77	0.4155844155844156	203	418	0.48564593301435405	43	153	0.28104575163398693	0.0291247590386598	0.8956056415787418	7.126433536227484e-06	0.6517826883366825	1.0	0.0014511724290609113	-0.07006151742993844	0.13453866395042868	0	normal_vs_control
chr5:144466535:144466590:DEL	chr5	144466535	144466590	DEL	Sniffles2.DEL.7656M4	183	0.2824074074074074	21	77	0.2727272727272727	138	418	0.33014354066985646	24	153	0.1568627450980392	0.02932708390332894	0.8702776742247653	1.9834237659671264e-05	0.6528393117255689	1.0	0.0030772514159492213	-0.057416267942583754	0.1158645276292335	0	normal_vs_control
chr18:63567944:63567944:INS	chr18	63567944	63567944	INS	Sniffles2.INS.42D9M11	210	0.32407407407407407	24	77	0.3116883116883117	157	418	0.37559808612440193	29	153	0.1895424836601307	0.029360560509648158	0.8854876256574028	1.1978689292791547e-05	0.6528393117255689	1.0	0.002112979753341204	-0.06390977443609025	0.12214582802818097	0	normal_vs_control
chr2:13167522:13167522:INS	chr2	13167522	13167522	INS	Sniffles2.INS.DA4M1	193	0.2978395061728395	24	77	0.3116883116883117	140	418	0.3349282296650718	29	153	0.1895424836601307	0.029360560509648158	0.6991966849878829	0.0004026080634129933	0.6528393117255689	1.0	0.029380310166428027	-0.023239917976760116	0.12214582802818097	0	normal_vs_control
chr8:93038598:93038598:INS	chr8	93038598	93038598	INS	0002C_Sniffles2.INS.16BS7	338	0.5216049382716049	40	77	0.5194805194805194	240	418	0.5741626794258373	58	153	0.3790849673202614	0.029548731434516574	0.8448531196470034	2.5855136760692803e-05	0.6564962441616542	1.0	0.003703557022042585	-0.05468215994531789	0.140395552160258	0	normal_vs_control
chr1:79722830:79722830:INS	chr1	79722830	79722830	INS	Sniffles2.INS.414BM0	64	0.09876543209876543	8	77	0.1038961038961039	51	418	0.12200956937799043	5	153	0.032679738562091505	0.03146361232506255	0.732743102410107	0.0005301623028277798	0.6788525596971487	1.0	0.03592610953662887	-0.018113465481886526	0.0712163653340124	0	normal_vs_control
chr5:132306392:132306431:DEL	chr5	132306392	132306431	DEL	Sniffles2.DEL.6E50M4	69	0.10648148148148148	8	77	0.1038961038961039	56	418	0.1339712918660287	5	153	0.032679738562091505	0.03146361232506255	0.816540974059741	0.00014660955550918235	0.6788525596971487	1.0	0.013693777505130844	-0.03007518796992481	0.0712163653340124	0	normal_vs_control
chr12:131540141:131540180:DEL	chr12	131540141	131540180	DEL	0002C_Sniffles2.DEL.486SB	158	0.24382716049382716	19	77	0.24675324675324675	118	418	0.2822966507177033	21	153	0.13725490196078433	0.03155878495908315	0.780317087131709	0.00016003956530245361	0.6788525596971487	1.0	0.014536865622149344	-0.03554340396445657	0.10949834479246243	0	normal_vs_control
chr9:87213344:87213344:INS	chr9	87213344	87213344	INS	Sniffles2.INS.DE5FM8	167	0.25771604938271603	19	77	0.24675324675324675	127	418	0.3038277511961722	21	153	0.13725490196078433	0.03155878495908315	0.8749098659464746	2.2629960048978256e-05	0.6788525596971487	1.0	0.0033785127417595893	-0.05707450444292547	0.10949834479246243	0	normal_vs_control
chr12:108655335:108655380:DEL	chr12	108655335	108655380	DEL	Sniffles2.DEL.58CCMB	187	0.28858024691358025	22	77	0.2857142857142857	139	418	0.33253588516746413	26	153	0.16993464052287582	0.0324138101194086	0.8256103245933412	6.926488431582285e-05	0.6788525596971487	1.0	0.007910192603061434	-0.04682159945317843	0.11577964519140987	0	normal_vs_control
chr7:158757395:158757438:DEL	chr7	158757395	158757438	DEL	Sniffles2.DEL.8B58M6	146	0.22530864197530864	17	77	0.22077922077922077	111	418	0.26555023923444976	18	153	0.11764705882352941	0.03334173597134013	0.8327783219646769	7.408634550241125e-05	0.6788525596971487	1.0	0.008374478580995008	-0.04477101845522899	0.10313216195569136	0	normal_vs_control
chr1:87581931:87581931:INS	chr1	87581931	87581931	INS	0006C_Sniffles2.INS.1E8S0	263	0.4058641975308642	30	77	0.38961038961038963	193	418	0.46172248803827753	40	153	0.26143790849673204	0.03363528298115659	0.9025038375032234	8.900398207884154e-06	0.6788525596971487	1.0	0.0016988698060175806	-0.0721120984278879	0.1281724811136576	0	normal_vs_control
chr1:162760105:162760153:DEL	chr1	162760105	162760153	DEL	Sniffles2.DEL.97C9M0	212	0.3271604938271605	26	77	0.33766233766233766	153	418	0.3660287081339713	33	153	0.21568627450980393	0.03412789467918323	0.7255878757534999	0.00038168588924381247	0.6788525596971487	1.0	0.02822539123289224	-0.02836637047163365	0.12197606315253373	0	normal_vs_control
chr17:67674523:67674571:DEL	chr17	67674523	67674571	DEL	0002C_Sniffles2.DEL.3A0S10	234	0.3611111111111111	26	77	0.33766233766233766	175	418	0.41866028708133973	33	153	0.21568627450980393	0.03412789467918323	0.9283869151200509	3.7615213684748267e-06	0.6788525596971487	1.0	0.0008704799586288405	-0.08099794941900207	0.12197606315253373	0	normal_vs_control
chr6:85165103:85165103:INS	chr6	85165103	85165103	INS	Sniffles2.INS.40BBM5	122	0.1882716049382716	13	77	0.16883116883116883	97	418	0.23205741626794257	12	153	0.0784313725490196	0.034239652677650015	0.9186400719005778	9.265836417794599e-06	0.6788525596971487	1.0	0.0017397157542671433	-0.06322624743677374	0.09039979628214923	0	normal_vs_control
chr8:58376236:58376236:INS	chr8	58376236	58376236	INS	0002C_Sniffles2.INS.10DS7	116	0.17901234567901234	13	77	0.16883116883116883	91	418	0.21770334928229665	12	153	0.0784313725490196	0.034239652677650015	0.8699095796266965	4.059840220635271e-05	0.6788525596971487	1.0	0.005253888554685664	-0.04887218045112782	0.09039979628214923	0	normal_vs_control
chr10:132880697:132880697:INS	chr10	132880697	132880697	INS	Sniffles2.INS.7BEDM9	119	0.18364197530864199	15	77	0.19480519480519481	89	418	0.21291866028708134	15	153	0.09803921568627451	0.034382701462164336	0.6897034769500399	0.0007841467060378461	0.6788525596971487	1.0	0.04731150737852539	-0.018113465481886526	0.0967659791189203	0	normal_vs_control
chr20:63037549:63037594:DEL	chr20	63037549	63037594	DEL	Sniffles2.DEL.4CA6M13	119	0.18364197530864199	15	77	0.19480519480519481	89	418	0.21291866028708134	15	153	0.09803921568627451	0.034382701462164336	0.6897034769500399	0.0007841467060378461	0.6788525596971487	1.0	0.04731150737852539	-0.018113465481886526	0.0967659791189203	0	normal_vs_control
chr6:155828876:155828888:DEL	chr6	155828876	155828888	DEL	0002C_Sniffles2.DEL.599S5	122	0.1882716049382716	15	77	0.19480519480519481	92	418	0.22009569377990432	15	153	0.09803921568627451	0.034382701462164336	0.7369522868424845	0.00042243675785488886	0.6788525596971487	1.0	0.030426433217251737	-0.025290498974709502	0.0967659791189203	0	normal_vs_control
chr11:102917078:102917124:DEL	chr11	102917078	102917124	DEL	Sniffles2.DEL.5832MA	285	0.4398148148148148	31	77	0.4025974025974026	212	418	0.507177033492823	42	153	0.27450980392156865	0.03524121094683129	0.9652630347807789	3.980858922558831e-07	0.6788525596971487	1.0	0.00017092388682378958	-0.10457963089542033	0.12808759867583397	0	normal_vs_control
chr15:88554489:88554537:DEL	chr15	88554489	88554537	DEL	0006C_Sniffles2.DEL.4EFSE	168	0.25925925925925924	20	77	0.2597402597402597	125	418	0.29904306220095694	23	153	0.1503267973856209	0.035337335222735564	0.7962741749825255	0.00015559605673745922	0.6788525596971487	1.0	0.014244883290205606	-0.03930280246069723	0.10941346235463881	0	normal_vs_control
chr19:39449077:39449077:INS	chr19	39449077	39449077	INS	Sniffles2.INS.39EFM12	58	0.08950617283950617	7	77	0.09090909090909091	47	418	0.11244019138755981	4	153	0.026143790849673203	0.035862552391879104	0.770195660358411	0.00044884565769146863	0.6788525596971487	1.0	0.03191356006189354	-0.0215311004784689	0.0647653000594177	0	normal_vs_control
chr4:85894964:85895004:DEL	chr4	85894964	85895004	DEL	0006C_Sniffles2.DEL.6DFS3	57	0.08796296296296297	7	77	0.09090909090909091	46	418	0.11004784688995216	4	153	0.026143790849673203	0.035862552391879104	0.751697767602454	0.0005824389544246808	0.6788525596971487	1.0	0.03858867082257682	-0.019138755980861247	0.0647653000594177	0	normal_vs_control
chr18:29642261:29642261:INS	chr18	29642261	29642261	INS	Sniffles2.INS.2B91M11	229	0.3533950617283951	27	77	0.35064935064935066	167	418	0.39952153110047844	35	153	0.22875816993464052	0.03636309346707214	0.8246850894030477	8.507092421199553e-05	0.6788525596971487	1.0	0.009312071838446656	-0.04887218045112779	0.12189118071471014	0	normal_vs_control
chr3:159200105:159200105:INS	chr3	159200105	159200105	INS	Sniffles2.INS.89E0M2	217	0.33487654320987653	27	77	0.35064935064935066	155	418	0.3708133971291866	35	153	0.22875816993464052	0.03636309346707214	0.6769931852237342	0.000820229424370281	0.6788525596971487	1.0	0.04859664176676376	-0.02016404647983594	0.12189118071471014	0	normal_vs_control
chr4:127001744:127001744:INS	chr4	127001744	127001744	INS	Sniffles2.INS.7735M3	26	0.040123456790123455	3	77	0.03896103896103896	23	418	0.05502392344497608	0	153	0.0	0.03654831972659958	0.8002260266531775	0.0006482174043834502	0.6788525596971487	1.0	0.04174821580696574	-0.01606288448393712	0.03896103896103896	0	normal_vs_control
chr5:71750654:71750713:DEL	chr5	71750654	71750713	DEL	133_Sniffles2.DEL.4A9S4	27	0.041666666666666664	3	77	0.03896103896103896	24	418	0.05741626794258373	0	153	0.0	0.03654831972659958	0.8215786794306332	0.0004672369976851511	0.6788525596971487	1.0	0.03280015567526635	-0.018455228981544773	0.03896103896103896	0	normal_vs_control
chr8:135924185:135924193:DEL	chr8	135924185	135924193	DEL	222_Sniffles2.DEL.497S7	27	0.041666666666666664	3	77	0.03896103896103896	24	418	0.05741626794258373	0	153	0.0	0.03654831972659958	0.8215786794306332	0.0004672369976851511	0.6788525596971487	1.0	0.03280015567526635	-0.018455228981544773	0.03896103896103896	0	normal_vs_control
chr12:5330455:5330455:INS	chr12	5330455	5330455	INS	0002C_Sniffles2.INS.30SB	159	0.24537037037037038	18	77	0.23376623376623376	121	418	0.2894736842105263	20	153	0.13071895424836602	0.03796642737084719	0.8733580584082163	3.939482163296093e-05	0.6861881316466703	1.0	0.005178547342550693	-0.05570745044429257	0.10304727951786774	0	normal_vs_control
chr12:95597395:95597395:INS	chr12	95597395	95597395	INS	0006C_Sniffles2.INS.19BSB	172	0.2654320987654321	18	77	0.23376623376623376	134	418	0.32057416267942584	20	153	0.13071895424836602	0.03796642737084719	0.9532232432631144	1.823001984118401e-06	0.6861881316466703	1.0	0.000509961787355303	-0.08680792891319208	0.10304727951786774	0	normal_vs_control
chr6:6574806:6574806:INS	chr6	6574806	6574806	INS	0006C_Sniffles2.INS.3ES5	153	0.2361111111111111	18	77	0.23376623376623376	115	418	0.2751196172248804	20	153	0.13071895424836602	0.03796642737084719	0.8129953012286041	0.00014466153594165705	0.6861881316466703	1.0	0.013557551865882405	-0.041353383458646614	0.10304727951786774	0	normal_vs_control
chr20:4517195:4517238:DEL	chr20	4517195	4517238	DEL	Sniffles2.DEL.47AM13	84	0.12962962962962962	10	77	0.12987012987012986	66	418	0.15789473684210525	8	153	0.05228758169934641	0.0382038025710635	0.7847858133047712	0.00032627823441122827	0.6861881316466703	1.0	0.025240082189342337	-0.028024606971975397	0.07758254817078344	0	normal_vs_control
chr5:22654136:22654136:INS	chr5	22654136	22654136	INS	Sniffles2.INS.1598M4	92	0.1419753086419753	10	77	0.12987012987012986	74	418	0.17703349282296652	8	153	0.05228758169934641	0.0382038025710635	0.8830927806718699	4.566065885135502e-05	0.6861881316466703	1.0	0.00572183839922817	-0.04716336295283666	0.07758254817078344	0	normal_vs_control
chr7:235116:235116:INS	chr7	235116	235116	INS	0002C_Sniffles2.INS.18S6	182	0.2808641975308642	21	77	0.2727272727272727	136	418	0.3253588516746411	25	153	0.16339869281045752	0.038999652116910075	0.8523292138071173	6.43329674451405e-05	0.6861881316466703	1.0	0.007462893390086376	-0.05263157894736842	0.10932857991681519	0	normal_vs_control
chr2:609069:609069:INS	chr2	609069	609069	INS	Sniffles2.INS.10AM1	320	0.49382716049382713	34	77	0.44155844155844154	238	418	0.569377990430622	48	153	0.3137254901960784	0.039452933407513116	0.9858061828191862	4.1006194539707966e-08	0.6861881316466703	1.0	3.4891016614553776e-05	-0.12781954887218044	0.1278329513623631	0	normal_vs_control
chr14:70477828:70477874:DEL	chr14	70477828	70477874	DEL	Sniffles2.DEL.504DMD	141	0.2175925925925926	16	77	0.2077922077922078	108	418	0.2583732057416268	17	153	0.1111111111111111	0.04005777252828415	0.8616945590393275	6.440498014843084e-05	0.6861881316466703	1.0	0.007462893390086376	-0.050580997949419004	0.0966810966810967	0	normal_vs_control
chr16:76460773:76460776:DEL	chr16	76460773	76460776	DEL	0006C_Sniffles2.DEL.472SF	141	0.2175925925925926	16	77	0.2077922077922078	108	418	0.2583732057416268	17	153	0.1111111111111111	0.04005777252828415	0.8616945590393275	6.440498014843084e-05	0.6861881316466703	1.0	0.007462893390086376	-0.050580997949419004	0.0966810966810967	0	normal_vs_control
chr2:187190079:187190116:DEL	chr2	187190079	187190116	DEL	0026C_Sniffles2.DEL.6B9S1	140	0.21604938271604937	16	77	0.2077922077922078	107	418	0.25598086124401914	17	153	0.1111111111111111	0.04005777252828415	0.8519004989335272	8.046992920499701e-05	0.6861881316466703	1.0	0.008949936624109185	-0.048188653451811336	0.0966810966810967	0	normal_vs_control
chr4:59135433:59135433:INS	chr4	59135433	59135433	INS	0002C_Sniffles2.INS.165S3	50	0.07716049382716049	6	77	0.07792207792207792	41	418	0.09808612440191387	3	153	0.0196078431372549	0.04015780102402766	0.7730085470266486	0.0006033484672248565	0.6861881316466703	1.0	0.03945485820856005	-0.020164046479835954	0.05831423478482302	0	normal_vs_control
chr4:168759193:168759229:DEL	chr4	168759193	168759229	DEL	108_Sniffles2.DEL.619S3	53	0.08179012345679013	6	77	0.07792207792207792	44	418	0.10526315789473684	3	153	0.0196078431372549	0.04015780102402766	0.8247199044884554	0.0002661425276442726	0.6861881316466703	1.0	0.021519857403154704	-0.027341079972658916	0.05831423478482302	0	normal_vs_control
chr9:80981212:80981257:DEL	chr9	80981212	80981257	DEL	Sniffles2.DEL.DA01M8	49	0.07561728395061729	6	77	0.07792207792207792	40	418	0.09569377990430622	3	153	0.0196078431372549	0.04015780102402766	0.753523352246027	0.0007892654152119134	0.6861881316466703	1.0	0.04731150737852539	-0.0177717019822283	0.05831423478482302	0	normal_vs_control
chr13:55131660:55131660:INS	chr13	55131660	55131660	INS	0006C_Sniffles2.INS.133SC	98	0.15123456790123457	12	77	0.15584415584415584	75	418	0.17942583732057416	11	153	0.0718954248366013	0.04093866665029326	0.7415389444006563	0.0006457854473788594	0.6861881316466703	1.0	0.04164000507499449	-0.023581681476418315	0.08394873100755454	0	normal_vs_control
chr2:33878815:33878832:DEL	chr2	33878815	33878832	DEL	Sniffles2.DEL.1B59M1	102	0.1574074074074074	12	77	0.15584415584415584	79	418	0.18899521531100477	11	153	0.0718954248366013	0.04093866665029326	0.8005351589128608	0.00026585263894431896	0.6861881316466703	1.0	0.021519857403154704	-0.03315105946684893	0.08394873100755454	0	normal_vs_control
chr1:212806849:212806849:INS	chr1	212806849	212806849	INS	Sniffles2.INS.B786M0	116	0.17901234567901234	14	77	0.18181818181818182	88	418	0.21052631578947367	14	153	0.0915032679738562	0.041241888267416815	0.7627785039598418	0.0004517422643660942	0.6861881316466703	1.0	0.0320408312962476	-0.02870813397129185	0.09031491384432562	0	normal_vs_control
chr8:54750631:54750631:INS	chr8	54750631	54750631	INS	0011C_Sniffles2.INS.FAS7	128	0.19753086419753085	14	77	0.18181818181818182	100	418	0.23923444976076555	14	153	0.0915032679738562	0.041241888267416815	0.8959985509186367	3.053971207984008e-05	0.6861881316466703	1.0	0.00425008435346277	-0.057416267942583726	0.09031491384432562	0	normal_vs_control
chr18:47396417:47396417:INS	chr18	47396417	47396417	INS	Sniffles2.INS.3786M11	163	0.2515432098765432	19	77	0.24675324675324675	122	418	0.291866028708134	22	153	0.1437908496732026	0.04245000208888487	0.8268709158872227	0.00014274245049336815	0.6861881316466703	1.0	0.01342312198289758	-0.04511278195488724	0.10296239708004415	0	normal_vs_control
chr4:81851625:81851625:INS	chr4	81851625	81851625	INS	0002C_Sniffles2.INS.1AES3	191	0.29475308641975306	22	77	0.2857142857142857	142	418	0.3397129186602871	27	153	0.17647058823529413	0.04252829426972308	0.8550320441896644	7.40744283040977e-05	0.6861881316466703	1.0	0.008374478580995008	-0.05399863294600138	0.10924369747899157	0	normal_vs_control
chr7:422745:422785:DEL	chr7	422745	422785	DEL	0006C_Sniffles2.DEL.43FS6	179	0.2762345679012346	22	77	0.2857142857142857	130	418	0.31100478468899523	27	153	0.17647058823529413	0.04252829426972308	0.7150154195749118	0.0007757196942124335	0.6861881316466703	1.0	0.047111362305963016	-0.02529049897470953	0.10924369747899157	0	normal_vs_control
chr9:27351337:27351337:INS	chr9	27351337	27351337	INS	Sniffles2.INS.1322M8	205	0.31635802469135804	22	77	0.2857142857142857	156	418	0.37320574162679426	27	153	0.17647058823529413	0.04252829426972308	0.9468734087582521	3.248173877868556e-06	0.6861881316466703	1.0	0.0007656141183853006	-0.08749145591250856	0.10924369747899157	0	normal_vs_control
chr2:99251897:99252155:DEL	chr2	99251897	99252155	DEL	254_Sniffles2.DEL.701S1	49	0.07561728395061729	5	77	0.06493506493506493	42	418	0.10047846889952153	2	153	0.013071895424836602	0.04357013743734568	0.8871812210735508	0.00010055648691254304	0.6861881316466703	1.0	0.010410509714227915	-0.0355434039644566	0.051863169510228325	0	normal_vs_control
chr12:41056992:41057063:DEL	chr12	41056992	41057063	DEL	Sniffles2.DEL.2BC3MB	36	0.05555555555555555	4	77	0.05194805194805195	31	418	0.07416267942583732	1	153	0.006535947712418301	0.04417828550321416	0.8254277685220629	0.00045294957219906614	0.6861881316466703	1.0	0.0320408312962476	-0.022214627477785368	0.04541210423563365	0	normal_vs_control
chr3:181544739:181544739:INS	chr3	181544739	181544739	INS	Sniffles2.INS.98D7M2	38	0.05864197530864197	4	77	0.05194805194805195	33	418	0.07894736842105263	1	153	0.006535947712418301	0.04417828550321416	0.8585204443584012	0.0002467602169058139	0.6861881316466703	1.0	0.020399335662655553	-0.026999316473000676	0.04541210423563365	0	normal_vs_control
chr4:150239932:150239978:DEL	chr4	150239932	150239978	DEL	Sniffles2.DEL.866EM3	34	0.05246913580246913	4	77	0.05194805194805195	29	418	0.06937799043062201	1	153	0.006535947712418301	0.04417828550321416	0.7863527374921794	0.0008262682546360466	0.6861881316466703	1.0	0.04859664176676376	-0.01742993848257006	0.04541210423563365	0	normal_vs_control
chr6:102293688:102293816:DEL	chr6	102293688	102293816	DEL	0010C_Sniffles2.DEL.4D6S5	34	0.05246913580246913	4	77	0.05194805194805195	29	418	0.06937799043062201	1	153	0.006535947712418301	0.04417828550321416	0.7863527374921794	0.0008262682546360466	0.6861881316466703	1.0	0.04859664176676376	-0.01742993848257006	0.04541210423563365	0	normal_vs_control
chr7:31599660:31599660:INS	chr7	31599660	31599660	INS	Sniffles2.INS.1A17M6	35	0.05401234567901234	4	77	0.05194805194805195	30	418	0.07177033492822966	1	153	0.006535947712418301	0.04417828550321416	0.806671526141456	0.0006122563414232972	0.6861881316466703	1.0	0.03994305564046358	-0.019822282980177713	0.04541210423563365	0	normal_vs_control
chr9:87164772:87164772:INS	chr9	87164772	87164772	INS	123_Sniffles2.INS.2C3S8	40	0.06172839506172839	4	77	0.05194805194805195	35	418	0.08373205741626795	1	153	0.006535947712418301	0.04417828550321416	0.8862186039290475	0.000133640586577473	0.6861881316466703	1.0	0.01280637510268698	-0.031784005468216	0.04541210423563365	0	normal_vs_control
chr10:111953224:111953271:DEL	chr10	111953224	111953271	DEL	Sniffles2.DEL.698FM9	92	0.1419753086419753	9	77	0.11688311688311688	76	418	0.18181818181818182	7	153	0.0457516339869281	0.045181536605212	0.944868931518801	8.379481977830242e-06	0.6922586305641721	1.0	0.0016490211738048623	-0.06493506493506494	0.07113148289618879	0	normal_vs_control
chr6:148443457:148443457:INS	chr6	148443457	148443457	INS	Sniffles2.INS.6907M5	79	0.12191358024691358	9	77	0.11688311688311688	63	418	0.1507177033492823	7	153	0.0457516339869281	0.045181536605212	0.8282860533296689	0.00024192116697665915	0.6922586305641721	1.0	0.020115733689998062	-0.033834586466165426	0.07113148289618879	0	normal_vs_control
chr10:118332537:118332537:INS	chr10	118332537	118332537	INS	Sniffles2.INS.6D9BM9	139	0.21450617283950618	17	77	0.22077922077922077	103	418	0.24641148325358853	19	153	0.12418300653594772	0.04555891667351339	0.7310554405764863	0.0008085365180613279	0.6942478580808623	1.0	0.048050665946760544	-0.025632262474367756	0.09659621424327305	0	normal_vs_control
chr10:119675807:119675849:DEL	chr10	119675807	119675849	DEL	Sniffles2.DEL.6EA9M9	139	0.21450617283950618	17	77	0.22077922077922077	103	418	0.24641148325358853	19	153	0.12418300653594772	0.04555891667351339	0.7310554405764863	0.0008085365180613279	0.6942478580808623	1.0	0.048050665946760544	-0.025632262474367756	0.09659621424327305	0	normal_vs_control
chr16:83658090:83658090:INS	chr16	83658090	83658090	INS	Sniffles2.INS.704CMF	142	0.2191358024691358	17	77	0.22077922077922077	106	418	0.2535885167464115	19	153	0.12418300653594772	0.04555891667351339	0.7728236985294578	0.00044781516993679663	0.6942478580808623	1.0	0.03191356006189354	-0.032809295967190705	0.09659621424327305	0	normal_vs_control
chr5:8917604:8917646:DEL	chr5	8917604	8917646	DEL	Sniffles2.DEL.A99M4	149	0.22993827160493827	17	77	0.22077922077922077	113	418	0.2703349282296651	19	153	0.12418300653594772	0.04555891667351339	0.8533583302259788	0.00010450979374185906	0.6942478580808623	1.0	0.010687123704821475	-0.049555707450444325	0.09659621424327305	0	normal_vs_control
chr8:290971:290971:INS	chr8	290971	290971	INS	0011C_Sniffles2.INS.3S7	197	0.30401234567901236	23	77	0.2987012987012987	145	418	0.34688995215311	29	153	0.1895424836601307	0.04591130811002542	0.8291058666358128	0.00015268871894975083	0.698416790331801	1.0	0.014048376686360131	-0.048188653451811336	0.10915881504116798	0	normal_vs_control
chr4:186160258:186160318:DEL	chr4	186160258	186160318	DEL	Sniffles2.DEL.A040M3	239	0.36882716049382713	27	77	0.35064935064935066	176	418	0.42105263157894735	36	153	0.23529411764705882	0.046170621252457106	0.9004954749968753	2.4997010832861336e-05	0.7019759456302757	1.0	0.003616959132353268	-0.07040328092959669	0.11535523300229183	0	normal_vs_control
chr18:73423560:73423576:DEL	chr18	73423560	73423576	DEL	Sniffles2.DEL.49EBM11	174	0.26851851851851855	20	77	0.2597402597402597	130	418	0.31100478468899523	24	153	0.1568627450980392	0.04676787454185243	0.8497865635979783	0.0001116160781698843	0.7081407969174747	1.0	0.011199621988539044	-0.05126452494873551	0.1028775146422205	0	normal_vs_control
chr2:157224999:157224999:INS	chr2	157224999	157224999	INS	Sniffles2.INS.8C0CM1	126	0.19444444444444445	15	77	0.19480519480519481	95	418	0.22727272727272727	16	153	0.10457516339869281	0.048029949982217095	0.7796425570875678	0.00048166862461478295	0.7232960493787495	1.0	0.03361868753227815	-0.03246753246753245	0.090230031406502	0	normal_vs_control
chr20:31062724:31062724:INS	chr20	31062724	31062724	INS	Sniffles2.INS.3102M13	136	0.20987654320987653	15	77	0.19480519480519481	105	418	0.2511961722488038	16	153	0.10457516339869281	0.048029949982217095	0.8878243000685722	5.5219468295038646e-05	0.7232960493787495	1.0	0.006634481366432973	-0.05639097744360899	0.090230031406502	0	normal_vs_control
chr7:132900231:132900231:INS	chr7	132900231	132900231	INS	Sniffles2.INS.737BM6	158	0.24382716049382716	15	77	0.19480519480519481	127	418	0.3038277511961722	16	153	0.10457516339869281	0.048029949982217095	0.983730650021526	2.2897577871764656e-07	0.7232960493787495	1.0	0.0001207858136344096	-0.10902255639097741	0.090230031406502	0	normal_vs_control
chr8:81639623:81639672:DEL	chr8	81639623	81639672	DEL	Sniffles2.DEL.46DDM7	132	0.2037037037037037	15	77	0.19480519480519481	101	418	0.24162679425837322	16	153	0.10457516339869281	0.048029949982217095	0.8507389365626447	0.00013475445758311658	0.7232960493787495	1.0	0.01284676102013251	-0.0468215994531784	0.090230031406502	0	normal_vs_control
chr4:39161026:39161026:INS	chr4	39161026	39161026	INS	Sniffles2.INS.1FA5M3	93	0.14351851851851852	11	77	0.14285714285714285	72	418	0.1722488038277512	10	153	0.06535947712418301	0.04888999309413487	0.7854836114674782	0.0005295951749183999	0.7306850883696553	1.0	0.03592610953662887	-0.029391660970608358	0.07749766573295984	0	normal_vs_control
chr1:107386073:107386109:DEL	chr1	107386073	107386109	DEL	0006C_Sniffles2.DEL.745S0	215	0.3317901234567901	24	77	0.3116883116883117	160	418	0.3827751196172249	31	153	0.20261437908496732	0.04914081808372547	0.906751882309999	2.59438890112032e-05	0.7329121663576935	1.0	0.003703557022042585	-0.0710868079289132	0.10907393260334436	0	normal_vs_control
chr12:130657703:130657740:DEL	chr12	130657703	130657740	DEL	Sniffles2.DEL.6A83MB	217	0.33487654320987653	24	77	0.3116883116883117	162	418	0.3875598086124402	31	153	0.20261437908496732	0.04914081808372547	0.9191682257892816	1.676456411318948e-05	0.7329121663576935	1.0	0.002778893037472174	-0.07587149692412853	0.10907393260334436	0	normal_vs_control
chr14:93894097:93894134:DEL	chr14	93894097	93894134	DEL	0002C_Sniffles2.DEL.452SD	122	0.1882716049382716	13	77	0.16883116883116883	96	418	0.22966507177033493	13	153	0.08496732026143791	0.04939627928456109	0.9117295809116558	3.145392647536528e-05	0.7329121663576935	1.0	0.004348863915834427	-0.0608339029391661	0.08386384856973092	0	normal_vs_control
chr3:10807907:10807907:INS	chr3	10807907	10807907	INS	0002C_Sniffles2.INS.2DS2	119	0.18364197530864199	13	77	0.16883116883116883	93	418	0.22248803827751196	13	153	0.08496732026143791	0.04939627928456109	0.8881585549563122	6.39248221888139e-05	0.7329121663576935	1.0	0.007454038002934789	-0.053656869446343125	0.08386384856973092	0	normal_vs_control
chr17:3372001:3372041:DEL	chr17	3372001	3372041	DEL	0003C_Sniffles2.DEL.26DS10	154	0.23765432098765432	18	77	0.23376623376623376	115	418	0.2751196172248804	21	153	0.13725490196078433	0.050849161061867564	0.8129953012286041	0.00029568781434363635	0.7508629077187283	1.0	0.023396509515521902	-0.041353383458646614	0.09651133180544944	0	normal_vs_control
chr20:11706000:11706000:INS	chr20	11706000	11706000	INS	Sniffles2.INS.96BM13	151	0.2330246913580247	18	77	0.23376623376623376	112	418	0.2679425837320574	21	153	0.13725490196078433	0.050849161061867564	0.7765040980684611	0.0005357591106908449	0.7508629077187283	1.0	0.036153932776666634	-0.034176349965823666	0.09651133180544944	0	normal_vs_control
chr4:178496735:178496735:INS	chr4	178496735	178496735	INS	0022C_Sniffles2.INS.29FS3	154	0.23765432098765432	18	77	0.23376623376623376	115	418	0.2751196172248804	21	153	0.13725490196078433	0.050849161061867564	0.8129953012286041	0.00029568781434363635	0.7508629077187283	1.0	0.023396509515521902	-0.041353383458646614	0.09651133180544944	0	normal_vs_control
chr12:112572425:112572460:DEL	chr12	112572425	112572460	DEL	Sniffles2.DEL.5B92MB	252	0.3888888888888889	25	77	0.3246753246753247	194	418	0.46411483253588515	33	153	0.21568627450980393	0.05221196139070567	0.9921148623188052	2.9812333858741106e-08	0.7693312363682909	1.0	2.9486527638713434e-05	-0.13943950786056047	0.10898905016552074	0	normal_vs_control
chr7:150506334:150506334:INS	chr7	150506334	150506334	INS	0006C_Sniffles2.INS.34BS6	78	0.12037037037037036	8	77	0.1038961038961039	64	418	0.15311004784688995	6	153	0.0392156862745098	0.05330505926326915	0.9077019052810694	6.064569058398267e-05	0.7730978325409668	1.0	0.007177443397576137	-0.04921394395078604	0.0646804176215941	0	normal_vs_control
chr10:68182465:68182465:INS	chr10	68182465	68182465	INS	Sniffles2.INS.4D01M9	137	0.21141975308641975	16	77	0.2077922077922078	103	418	0.24641148325358853	18	153	0.11764705882352941	0.05454297929759396	0.807740884070014	0.00040382772664597353	0.7883680942941373	1.0	0.029430539636141027	-0.03861927546138072	0.0901451489686784	0	normal_vs_control
chr4:83182516:83182516:INS	chr4	83182516	83182516	INS	0017C_Sniffles2.INS.1B7S3	302	0.4660493827160494	31	77	0.4025974025974026	227	418	0.5430622009569378	44	153	0.2875816993464052	0.054810524845523984	0.9916798720039929	3.534532449177319e-08	0.7903320488197181	1.0	3.304113508294475e-05	-0.14046479835953518	0.11501570325099741	0	normal_vs_control
chr3:54404974:54404974:INS	chr3	54404974	54404974	INS	0002C_Sniffles2.INS.A8S2	240	0.37037037037037035	26	77	0.33766233766233766	179	418	0.42822966507177035	35	153	0.22875816993464052	0.055122083993956496	0.9472514687011512	6.4431539623578495e-06	0.7932195344913646	1.0	0.0013569331242094167	-0.09056732740943269	0.10890416772769715	0	normal_vs_control
chr3:122201680:122201680:INS	chr3	122201680	122201680	INS	0002C_Sniffles2.INS.176S2	287	0.44290123456790126	32	77	0.4155844155844156	209	418	0.5	46	153	0.3006535947712418	0.05662678012866413	0.93165354382639	1.3479035893699036e-05	0.8104506712574804	1.0	0.002340366269843894	-0.08441558441558439	0.1149308208131738	0	normal_vs_control
chr22:17307503:17307511:DEL	chr22	17307503	17307511	DEL	0006C_Sniffles2.DEL.61CS15	120	0.18518518518518517	14	77	0.18181818181818182	91	418	0.21770334928229665	15	153	0.09803921568627451	0.057489153982888584	0.8034677783840618	0.0005203372127089913	0.8179319960966435	1.0	0.03560446803497504	-0.035885167464114825	0.08377896613190731	0	normal_vs_control
chr20:51395565:51395602:DEL	chr20	51395565	51395602	DEL	0006C_Sniffles2.DEL.328S13	86	0.13271604938271606	10	77	0.12987012987012986	67	418	0.16028708133971292	9	153	0.058823529411764705	0.058338904120505276	0.7995375257211025	0.0006662349694903426	0.8184587693582943	1.0	0.042221307196946334	-0.030416951469583065	0.07104660045836515	0	normal_vs_control
chr6:151319383:151319383:INS	chr6	151319383	151319383	INS	Sniffles2.INS.6B46M5	106	0.16358024691358025	12	77	0.15584415584415584	82	418	0.19617224880382775	12	153	0.0784313725490196	0.05909652031298419	0.8382055824176126	0.000323769372377645	0.8213897282548477	1.0	0.025138297661859946	-0.04032809295967191	0.07741278329513623	0	normal_vs_control
chr8:9657322:9657625:DEL	chr8	9657322	9657625	DEL	0017C_Sniffles2.DEL.2FES7	107	0.16512345679012347	12	77	0.15584415584415584	83	418	0.19856459330143542	12	153	0.0784313725490196	0.05909652031298419	0.8495327808372629	0.00025929136364798085	0.8213897282548477	1.0	0.02112004419078583	-0.042720437457279575	0.07741278329513623	0	normal_vs_control
chr18:32131073:32131119:DEL	chr18	32131073	32131119	DEL	Sniffles2.DEL.2D4BM11	179	0.2762345679012346	20	77	0.2597402597402597	134	418	0.32057416267942584	25	153	0.16339869281045752	0.060720507052671256	0.8848006968328493	9.788312379894891e-05	0.8407644413148943	1.0	0.0101908843251432	-0.06083390293916613	0.0963415669298022	0	normal_vs_control
chr2:154835422:154835468:DEL	chr2	154835422	154835468	DEL	0006C_Sniffles2.DEL.84FS1	149	0.22993827160493827	17	77	0.22077922077922077	112	418	0.2679425837320574	20	153	0.13071895424836602	0.06074852484549373	0.8433081614053802	0.00026937346585269046	0.8407644413148943	1.0	0.021654655336210187	-0.04716336295283666	0.09006026653085475	0	normal_vs_control
chr1:234236923:234236923:INS	chr1	234236923	234236923	INS	Sniffles2.INS.C656M0	66	0.10185185185185185	7	77	0.09090909090909091	54	418	0.1291866028708134	5	153	0.032679738562091505	0.06271368255972738	0.8727826271617177	0.00024675232463815315	0.8486649034004837	1.0	0.020399335662655553	-0.038277511961722493	0.058229352346999406	0	normal_vs_control
chr18:73325626:73325668:DEL	chr18	73325626	73325668	DEL	Sniffles2.DEL.49DBM11	63	0.09722222222222222	7	77	0.09090909090909091	51	418	0.12200956937799043	5	153	0.032679738562091505	0.06271368255972738	0.8343910453123008	0.0005301623028277798	0.8486649034004837	1.0	0.03592610953662887	-0.031100478468899517	0.058229352346999406	0	normal_vs_control
chr1:201779161:201779208:DEL	chr1	201779161	201779208	DEL	Sniffles2.DEL.B02EM0	322	0.49691358024691357	37	77	0.4805194805194805	229	418	0.5478468899521531	56	153	0.3660130718954248	0.06366304518160107	0.8873679984514847	8.161209556424921e-05	0.8600411576874439	1.0	0.009058779056337946	-0.06732740943267262	0.1145064086240557	0	normal_vs_control
chr14:40088934:40088934:INS	chr14	40088934	40088934	INS	0008C_Sniffles2.INS.CCSD	132	0.2037037037037037	15	77	0.19480519480519481	100	418	0.23923444976076555	17	153	0.1111111111111111	0.06516263235427268	0.8402071907457445	0.00036034978945951153	0.8749224585715132	1.0	0.027081484584238025	-0.044429254955570735	0.08369408369408371	0	normal_vs_control
chr17:52259602:52259602:INS	chr17	52259602	52259602	INS	Sniffles2.INS.3A4FM10	130	0.2006172839506173	15	77	0.19480519480519481	98	418	0.23444976076555024	17	153	0.1111111111111111	0.06516263235427268	0.8175741518094884	0.0005423078773479126	0.8749224585715132	1.0	0.03649738603954579	-0.03964456596035543	0.08369408369408371	0	normal_vs_control
chr5:63192167:63192206:DEL	chr5	63192167	63192206	DEL	Sniffles2.DEL.420CM4	138	0.21296296296296297	15	77	0.19480519480519481	106	418	0.2535885167464115	17	153	0.1111111111111111	0.06516263235427268	0.895889737864543	0.0001003306211101485	0.8749224585715132	1.0	0.010406577606833155	-0.05878332194121666	0.08369408369408371	0	normal_vs_control
chr7:42329946:42329946:INS	chr7	42329946	42329946	INS	Sniffles2.INS.2137M6	143	0.22067901234567902	15	77	0.19480519480519481	111	418	0.26555023923444976	17	153	0.1111111111111111	0.06516263235427268	0.9296623472673465	3.2609294518744685e-05	0.8749224585715132	1.0	0.004481795545419927	-0.07074504442925494	0.08369408369408371	0	normal_vs_control
chr1:213118022:213118022:INS	chr1	213118022	213118022	INS	Sniffles2.INS.B7B3M0	182	0.2808641975308642	18	77	0.23376623376623376	142	418	0.3397129186602871	22	153	0.1437908496732026	0.06663219605505484	0.9771227347525258	1.4806614932730492e-06	0.8886645979044974	1.0	0.0004418744477380782	-0.10594668489405332	0.08997538409303116	0	normal_vs_control
chr11:79190899:79190957:DEL	chr11	79190899	79190957	DEL	Sniffles2.DEL.4811MA	79	0.12191358024691358	9	77	0.11688311688311688	62	418	0.14832535885167464	8	153	0.05228758169934641	0.06959087263342864	0.8145653803164691	0.0008273747596240742	0.9090264255535575	1.0	0.04859664176676376	-0.03144224196855776	0.06459553518377048	0	normal_vs_control
chr15:82445066:82445111:DEL	chr15	82445066	82445111	DEL	Sniffles2.DEL.6174ME	197	0.30401234567901236	22	77	0.2857142857142857	146	418	0.3492822966507177	29	153	0.1895424836601307	0.06960318247224376	0.8885499264390184	0.0001249649597825772	0.9090264255535575	1.0	0.012294066061167648	-0.063568010936432	0.09617180205415499	0	normal_vs_control
chr4:105511608:105511644:DEL	chr4	105511608	105511644	DEL	0006C_Sniffles2.DEL.71FS3	105	0.16203703703703703	11	77	0.14285714285714285	83	418	0.19856459330143542	11	153	0.0718954248366013	0.07065151809833298	0.907026894027911	0.00010564164071771688	0.9138828314877316	1.0	0.010716628564236086	-0.05570745044429257	0.07096171802054155	0	normal_vs_control
chr6:27484672:27485171:DEL	chr6	27484672	27485171	DEL	Sniffles2.DEL.147BM5	113	0.1743827160493827	11	77	0.14285714285714285	91	418	0.21770334928229665	11	153	0.0718954248366013	0.07065151809833298	0.9544388293992769	1.5084106252484518e-05	0.9138828314877316	1.0	0.002557920995744224	-0.0748462064251538	0.07096171802054155	0	normal_vs_control
chr22:32758687:32758687:INS	chr22	32758687	32758687	INS	0003C_Sniffles2.INS.16FS15	281	0.43364197530864196	33	77	0.42857142857142855	199	418	0.47607655502392343	49	153	0.3202614379084967	0.07100265836814791	0.8136321330013871	0.0005558804928178957	0.9177818533710564	1.0	0.03714005878914066	-0.047505126452494884	0.10830999066293184	0	normal_vs_control
chr19:23964355:23964401:DEL	chr19	23964355	23964401	DEL	Sniffles2.DEL.1B24M12	165	0.25462962962962965	19	77	0.24675324675324675	122	418	0.291866028708134	24	153	0.1568627450980392	0.07219097061368136	0.8268709158872227	0.0005481923675302863	0.9194951290765051	1.0	0.036803974366990906	-0.04511278195488724	0.08989050165520754	0	normal_vs_control
chr3:8823731:8823731:INS	chr3	8823731	8823731	INS	Sniffles2.INS.6B9M2	206	0.31790123456790126	23	77	0.2987012987012987	152	418	0.36363636363636365	31	153	0.20261437908496732	0.07367566228579223	0.8906719724679215	0.00013656769096825262	0.9205385929811549	1.0	0.012908210353838868	-0.06493506493506496	0.09608691961633137	0	normal_vs_control
chr8:128492015:128492015:INS	chr8	128492015	128492015	INS	Sniffles2.INS.67FAM7	264	0.4074074074074074	29	77	0.37662337662337664	193	418	0.46172248803827753	42	153	0.27450980392156865	0.07701668864944568	0.9344464549802606	3.301836376202077e-05	0.9369653672916213	1.0	0.004526784980323779	-0.0850991114149009	0.10211357270180799	0	normal_vs_control
chr14:53658128:53658128:INS	chr14	53658128	53658128	INS	Sniffles2.INS.4598MD	133	0.2052469135802469	14	77	0.18181818181818182	103	418	0.24641148325358853	16	153	0.10457516339869281	0.07770729993852231	0.9178354849072308	8.662630830555042e-05	0.9369653672916213	1.0	0.009389545918645452	-0.0645933014354067	0.07724301841948901	0	normal_vs_control
chr2:197807410:197807410:INS	chr2	197807410	197807410	INS	0006C_Sniffles2.INS.3B8S1	133	0.2052469135802469	14	77	0.18181818181818182	103	418	0.24641148325358853	16	153	0.10457516339869281	0.07770729993852231	0.9178354849072308	8.662630830555042e-05	0.9369653672916213	1.0	0.009389545918645452	-0.0645933014354067	0.07724301841948901	0	normal_vs_control
chr1:37753713:37753713:INS	chr1	37753713	37753713	INS	0003C_Sniffles2.INS.FFS0	107	0.16512345679012347	12	77	0.15584415584415584	82	418	0.19617224880382775	13	153	0.08496732026143791	0.08204132120713879	0.8382055824176126	0.0007304768120570663	0.9369653672916213	1.0	0.04525687882127158	-0.04032809295967191	0.07087683558271793	0	normal_vs_control
chr11:2570305:2570305:INS	chr11	2570305	2570305	INS	Sniffles2.INS.5BCMA	108	0.16666666666666666	12	77	0.15584415584415584	83	418	0.19856459330143542	13	153	0.08496732026143791	0.08204132120713879	0.8495327808372629	0.0005918928566426292	0.9369653672916213	1.0	0.03898188055139352	-0.042720437457279575	0.07087683558271793	0	normal_vs_control
chr11:29002901:29002943:DEL	chr11	29002901	29002943	DEL	Sniffles2.DEL.18F6MA	75	0.11574074074074074	8	77	0.1038961038961039	60	418	0.14354066985645933	7	153	0.0457516339869281	0.0830336953736059	0.8682264175618619	0.0004999238708595832	0.9369653672916213	1.0	0.034674163453139104	-0.03964456596035543	0.0581444699091758	0	normal_vs_control
chr2:192729435:192729435:INS	chr2	192729435	192729435	INS	Sniffles2.INS.A1FDM1	87	0.13425925925925927	8	77	0.1038961038961039	72	418	0.1722488038277512	7	153	0.0457516339869281	0.0830336953736059	0.9578093364911853	2.4439684342800355e-05	0.9369653672916213	1.0	0.0035906239691751354	-0.0683526999316473	0.0581444699091758	0	normal_vs_control
chr1:94384515:94384515:INS	chr1	94384515	94384515	INS	Sniffles2.INS.4A05M0	91	0.1404320987654321	10	77	0.12987012987012986	71	418	0.16985645933014354	10	153	0.06535947712418301	0.0844477372196867	0.8513792347552829	0.0006613415214917572	0.9369653672916213	1.0	0.042221307196946334	-0.03998632946001368	0.06451065274594685	0	normal_vs_control
chr7:121047716:121047716:INS	chr7	121047716	121047716	INS	Sniffles2.INS.6BBEM6	227	0.35030864197530864	26	77	0.33766233766233766	164	418	0.3923444976076555	37	153	0.24183006535947713	0.08448078940617873	0.8496067936080033	0.0004937150595442697	0.9369653672916213	1.0	0.034396585934320455	-0.05468215994531783	0.09583227230286054	0	normal_vs_control
chr13:30712493:30712493:INS	chr13	30712493	30712493	INS	0003C_Sniffles2.INS.8ESC	160	0.24691358024691357	18	77	0.23376623376623376	119	418	0.284688995215311	23	153	0.1503267973856209	0.08555739133292693	0.8550760179978613	0.0005131286870822215	0.9369653672916213	1.0	0.03530580337901874	-0.05092276144907723	0.08343943638061285	0	normal_vs_control
chr18:70467067:70467106:DEL	chr18	70467067	70467106	DEL	Sniffles2.DEL.47ABM11	170	0.2623456790123457	18	77	0.23376623376623376	129	418	0.30861244019138756	23	153	0.1503267973856209	0.08555739133292693	0.9296909382077466	6.728462464089749e-05	0.9369653672916213	1.0	0.007747943429542683	-0.0748462064251538	0.08343943638061285	0	normal_vs_control
chr2:117836417:117836464:DEL	chr2	117836417	117836464	DEL	Sniffles2.DEL.7177M1	51	0.0787037037037037	5	77	0.06493506493506493	43	418	0.10287081339712918	3	153	0.0196078431372549	0.08565561986826793	0.8983234878513839	0.00035034129485006916	0.9369653672916213	1.0	0.026436925938904128	-0.03793574846206425	0.04532722179781003	0	normal_vs_control
chr9:111887366:111887414:DEL	chr9	111887366	111887414	DEL	Sniffles2.DEL.F000M8	51	0.0787037037037037	5	77	0.06493506493506493	43	418	0.10287081339712918	3	153	0.0196078431372549	0.08565561986826793	0.8983234878513839	0.00035034129485006916	0.9369653672916213	1.0	0.026436925938904128	-0.03793574846206425	0.04532722179781003	0	normal_vs_control
chr6:131965078:131965078:INS	chr6	131965078	131965078	INS	Sniffles2.INS.5EB2M5	146	0.22530864197530864	15	77	0.19480519480519481	113	418	0.2703349282296651	18	153	0.11764705882352941	0.08608334887592978	0.9404019904163833	4.74674105827519e-05	0.9369653672916213	1.0	0.005894898962684893	-0.07552973342447028	0.0771581359816654	0	normal_vs_control
chr5:72766357:72766357:INS	chr5	72766357	72766357	INS	Sniffles2.INS.47EEM4	251	0.3873456790123457	28	77	0.36363636363636365	182	418	0.4354066985645933	41	153	0.2679738562091503	0.09057524309243539	0.9032323972090863	0.00016549535846021901	0.9369653672916213	1.0	0.014905343015774106	-0.07177033492822965	0.09566250742721333	0	normal_vs_control
chr1:13037961:13037961:INS	chr1	13037961	13037961	INS	Sniffles2.INS.123DM0	236	0.36419753086419754	23	77	0.2987012987012987	181	418	0.43301435406698563	32	153	0.20915032679738563	0.09131008155602774	0.990831838991365	3.978803493726719e-07	0.9369653672916213	1.0	0.00017092388682378958	-0.13431305536568694	0.08955097190391306	0	normal_vs_control
chr7:87468942:87468942:INS	chr7	87468942	87468942	INS	Sniffles2.INS.549CM6	217	0.33487654320987653	23	77	0.2987012987012987	162	418	0.3875598086124402	32	153	0.20915032679738563	0.09131008155602774	0.9477942721826461	3.3630169772475004e-05	0.9369653672916213	1.0	0.004599278625574927	-0.08885850991114153	0.08955097190391306	0	normal_vs_control
chr17:68646958:68646958:INS	chr17	68646958	68646958	INS	0002C_Sniffles2.INS.173S10	167	0.25771604938271603	19	77	0.24675324675324675	123	418	0.2942583732057416	25	153	0.16339869281045752	0.09151252362827135	0.8373718353339235	0.0008446659483122245	0.9369653672916213	1.0	0.049402700681222274	-0.047505126452494856	0.08335455394278923	0	normal_vs_control
chr5:35196086:35196086:INS	chr5	35196086	35196086	INS	Sniffles2.INS.1E45M4	119	0.18364197530864199	13	77	0.16883116883116883	91	418	0.21770334928229665	15	153	0.09803921568627451	0.09252232068187459	0.8699095796266965	0.0005203372127089913	0.9369653672916213	1.0	0.03560446803497504	-0.04887218045112782	0.07079195314489432	0	normal_vs_control
chr6:146472566:146472566:INS	chr6	146472566	146472566	INS	0002C_Sniffles2.INS.251S5	101	0.1558641975308642	11	77	0.14285714285714285	78	418	0.18660287081339713	12	153	0.0784313725490196	0.0978882985923693	0.8611006620926503	0.0007695982997406826	0.9369653672916213	1.0	0.046893851073747994	-0.04374572795625428	0.06442577030812324	0	normal_vs_control
chr3:26636911:26636955:DEL	chr3	26636911	26636955	DEL	Sniffles2.DEL.1213M2	46	0.07098765432098765	4	77	0.05194805194805195	40	418	0.09569377990430622	2	153	0.013071895424836602	0.09866835220503059	0.9360082264193312	0.0001804955018031321	0.9369653672916213	1.0	0.01604700618599018	-0.04374572795625427	0.03887615652321535	0	normal_vs_control
chr2:1934308:1934308:INS	chr2	1934308	1934308	INS	Sniffles2.INS.3B8M1	231	0.35648148148148145	25	77	0.3246753246753247	170	418	0.40669856459330145	36	153	0.23529411764705882	0.09915360342511562	0.9318421462465394	8.70025155427791e-05	0.9369653672916213	1.0	0.00939355814987027	-0.08202323991797678	0.08938120702826585	0	normal_vs_control
chr9:71501430:71501430:INS	chr9	71501430	71501430	INS	0026C_Sniffles2.INS.1DES8	77	0.11882716049382716	7	77	0.09090909090909091	64	418	0.15311004784688995	6	153	0.0392156862745098	0.099172097833503	0.952326050663285	6.064569058398267e-05	0.9369653672916213	1.0	0.007177443397576137	-0.062200956937799035	0.05169340463458111	0	normal_vs_control
chr19:34123703:34123746:DEL	chr19	34123703	34123746	DEL	0030C_Sniffles2.DEL.345S12	88	0.13580246913580246	9	77	0.11688311688311688	70	418	0.1674641148325359	9	153	0.058823529411764705	0.10097794269579377	0.9039592872662868	0.000335424699462789	0.9369653672916213	1.0	0.02573199896654426	-0.05058099794941902	0.058059587471352175	0	normal_vs_control
chr2:134885089:134885136:DEL	chr2	134885089	134885136	DEL	Sniffles2.DEL.7E8CM1	97	0.14969135802469136	9	77	0.11688311688311688	79	418	0.18899521531100477	9	153	0.058823529411764705	0.10097794269579377	0.9590041734334347	3.8035589885613775e-05	0.9369653672916213	1.0	0.005039988642546354	-0.07211209842788789	0.058059587471352175	0	normal_vs_control
chr4:48591324:48591367:DEL	chr4	48591324	48591367	DEL	Sniffles2.INS.261AM3	128	0.19753086419753085	14	77	0.18181818181818182	97	418	0.23205741626794257	17	153	0.1111111111111111	0.10214747049077366	0.8698869376710406	0.0006630667754846671	0.9369653672916213	1.0	0.042221307196946334	-0.05023923444976075	0.07070707070707072	0	normal_vs_control
chr4:133216578:133216578:INS	chr4	133216578	133216578	INS	Sniffles2.INS.7B62M3	236	0.36419753086419754	26	77	0.33766233766233766	172	418	0.41148325358851673	38	153	0.24836601307189543	0.10268808016439242	0.9110656627300838	0.00019683515362800089	0.9369653672916213	1.0	0.01714198976281087	-0.07382091592617906	0.08929632459044223	0	normal_vs_control
chr12:113879447:113879447:INS	chr12	113879447	113879447	INS	Sniffles2.INS.5C7AMB	39	0.06018518518518518	3	77	0.03896103896103896	35	418	0.08373205741626795	1	153	0.006535947712418301	0.11044998824866659	0.9546091238046605	0.000133640586577473	0.9369653672916213	1.0	0.01280637510268698	-0.04477101845522899	0.03242509124862066	0	normal_vs_control
chr4:5807604:5807648:DEL	chr4	5807604	5807648	DEL	Sniffles2.DEL.708M3	186	0.28703703703703703	19	77	0.24675324675324675	141	418	0.3373205741626794	26	153	0.16993464052287582	0.11401438189505606	0.9571585910734872	4.5299040334931116e-05	0.9574027568834695	1.0	0.005702325559252647	-0.09056732740943266	0.07681860623037093	0	normal_vs_control
chr3:35676450:35676450:INS	chr3	35676450	35676450	INS	Sniffles2.INS.1816M2	97	0.14969135802469136	10	77	0.12987012987012986	76	418	0.18181818181818182	11	153	0.0718954248366013	0.1167729591520065	0.901097484948716	0.0005190430350051396	0.9714721862265094	1.0	0.03560446803497504	-0.051948051948051965	0.057974705033528556	0	normal_vs_control
chr6:7438633:7438633:INS	chr6	7438633	7438633	INS	Sniffles2.INS.628M5	95	0.14660493827160495	10	77	0.12987012987012986	74	418	0.17703349282296652	11	153	0.0718954248366013	0.1167729591520065	0.8830927806718699	0.0008016215496670578	0.9714721862265094	1.0	0.047896671405565264	-0.04716336295283666	0.057974705033528556	0	normal_vs_control
chr11:107460487:107460526:DEL	chr11	107460487	107460526	DEL	0006C_Sniffles2.DEL.510SA	165	0.25462962962962965	16	77	0.2077922077922078	128	418	0.3062200956937799	21	153	0.13725490196078433	0.11909986115643462	0.9729287443238335	1.8020306673167767e-05	0.9714721862265094	1.0	0.0029014789128296984	-0.09842788790157209	0.07053730583142348	0	normal_vs_control
chr5:174804414:174804414:INS	chr5	174804414	174804414	INS	Sniffles2.INS.89FFM4	165	0.25462962962962965	16	77	0.2077922077922078	128	418	0.3062200956937799	21	153	0.13725490196078433	0.11909986115643462	0.9729287443238335	1.8020306673167767e-05	0.9714721862265094	1.0	0.0029014789128296984	-0.09842788790157209	0.07053730583142348	0	normal_vs_control
chr18:8126024:8126024:INS	chr18	8126024	8126024	INS	0002C_Sniffles2.INS.36S11	182	0.2808641975308642	20	77	0.2597402597402597	134	418	0.32057416267942584	28	153	0.1830065359477124	0.11978432123363827	0.8848006968328493	0.0006746053439882696	0.9714721862265094	1.0	0.04265415615618982	-0.06083390293916613	0.07673372379254731	0	normal_vs_control
chr14:39311365:39311365:INS	chr14	39311365	39311365	INS	Sniffles2.INS.3C1AMD	97	0.14969135802469136	8	77	0.1038961038961039	81	418	0.1937799043062201	8	153	0.05228758169934641	0.12088585414199982	0.9842429133127331	7.344165206056275e-06	0.9714721862265094	1.0	0.0014781258161561653	-0.0898838004101162	0.051608522196757496	0	normal_vs_control
chr2:119083143:119083143:INS	chr2	119083143	119083143	INS	0002C_Sniffles2.INS.24BS1	142	0.2191358024691358	13	77	0.16883116883116883	113	418	0.2703349282296651	16	153	0.10457516339869281	0.12098676862480072	0.9814398039577079	8.395753069491066e-06	0.9714721862265094	1.0	0.0016490211738048623	-0.10150375939849626	0.06425600543247602	0	normal_vs_control
chr2:195961424:195961424:INS	chr2	195961424	195961424	INS	Sniffles2.INS.A46AM1	191	0.29475308641975306	21	77	0.2727272727272727	140	418	0.3349282296650718	30	153	0.19607843137254902	0.12513806416177703	0.8865874037232119	0.0007270955787769246	1.0	1.0	0.04519906836958058	-0.06220095693779909	0.07664884135472369	0	normal_vs_control
chr7:154313713:154313713:INS	chr7	154313713	154313713	INS	Sniffles2.INS.8365M6	159	0.24537037037037038	17	77	0.22077922077922077	119	418	0.284688995215311	23	153	0.1503267973856209	0.12656198110164987	0.9040240187182543	0.0005131286870822215	1.0	1.0	0.03530580337901874	-0.06390977443609022	0.07045242339359986	0	normal_vs_control
chr10:119945493:119945493:INS	chr10	119945493	119945493	INS	Sniffles2.INS.6EDEM9	241	0.37191358024691357	27	77	0.35064935064935066	173	418	0.4138755980861244	41	153	0.2679738562091503	0.12676215946112962	0.8785432654578265	0.00085601180805495	1.0	1.0	0.04980334246276006	-0.06322624743677374	0.08267549444020034	0	normal_vs_control
chr10:2657848:2657884:DEL	chr10	2657848	2657884	DEL	0006C_Sniffles2.DEL.3D4S9	108	0.16666666666666666	11	77	0.14285714285714285	84	418	0.20095693779904306	13	153	0.08496732026143791	0.13071211098261834	0.9145558850409724	0.0004785088600453414	1.0	1.0	0.033506509153212856	-0.05809979494190021	0.05788982259570494	0	normal_vs_control
chr12:21863283:21863329:DEL	chr12	21863283	21863329	DEL	Sniffles2.DEL.1150MB	132	0.2037037037037037	14	77	0.18181818181818182	100	418	0.23923444976076555	18	153	0.11764705882352941	0.13091345570805218	0.8959985509186367	0.0007357898914564488	1.0	1.0	0.0453829961113472	-0.057416267942583726	0.06417112299465241	0	normal_vs_control
chr9:85027294:85027294:INS	chr9	85027294	85027294	INS	Sniffles2.INS.DCEDM8	167	0.25771604938271603	18	77	0.23376623376623376	124	418	0.2966507177033493	25	153	0.16339869281045752	0.13343046915144963	0.8974980676497107	0.0007019518176216128	1.0	1.0	0.04388228812011952	-0.06288448393711552	0.07036754095577624	0	normal_vs_control
chr6:132750498:132750498:INS	chr6	132750498	132750498	INS	Sniffles2.INS.5F4AM5	223	0.3441358024691358	24	77	0.3116883116883117	163	418	0.38995215311004783	36	153	0.23529411764705882	0.13899034772952037	0.924876725600169	0.00033741141046546004	1.0	1.0	0.025812904976327215	-0.07826384142173615	0.07639419404125286	0	normal_vs_control
chr2:5667788:5667788:INS	chr2	5667788	5667788	INS	Sniffles2.INS.7D0M1	106	0.16358024691358025	9	77	0.11688311688311688	87	418	0.20813397129186603	10	153	0.06535947712418301	0.1393530774135534	0.9824413583943703	1.4563204363599193e-05	1.0	1.0	0.002489588775589605	-0.09125085440874915	0.05152363975893387	0	normal_vs_control
chr2:219846137:219846137:INS	chr2	219846137	219846137	INS	Sniffles2.INS.B300M1	97	0.14969135802469136	9	77	0.11688311688311688	78	418	0.18660287081339713	10	153	0.06535947712418301	0.1393530774135534	0.9546881030462707	0.0001332105098927216	1.0	1.0	0.01280637510268698	-0.06971975393028025	0.05152363975893387	0	normal_vs_control
chr20:57962267:57962267:INS	chr20	57962267	57962267	INS	Sniffles2.INS.4745M13	89	0.13734567901234568	9	77	0.11688311688311688	70	418	0.1674641148325359	10	153	0.06535947712418301	0.1393530774135534	0.9039592872662868	0.0008239445936248321	1.0	1.0	0.04859664176676376	-0.05058099794941902	0.05152363975893387	0	normal_vs_control
chr15:24423357:24423357:INS	chr15	24423357	24423357	INS	0011C_Sniffles2.INS.B9SE	142	0.2191358024691358	15	77	0.19480519480519481	107	418	0.25598086124401914	20	153	0.13071895424836602	0.13992387771843273	0.9034984741250626	0.0007269095725943957	1.0	1.0	0.04519906836958058	-0.06117566643882433	0.0640862405568288	0	normal_vs_control
chr3:75555443:75555487:DEL	chr3	75555443	75555487	DEL	0002C_Sniffles2.DEL.39CS2	143	0.22067901234567902	15	77	0.19480519480519481	108	418	0.2583732057416268	20	153	0.13071895424836602	0.13992387771843273	0.9106648595683314	0.0005986411074310315	1.0	1.0	0.039332780140438874	-0.063568010936432	0.0640862405568288	0	normal_vs_control
chr5:17726266:17726266:INS	chr5	17726266	17726266	INS	0026C_Sniffles2.INS.93S4	64	0.09876543209876543	5	77	0.06493506493506493	55	418	0.13157894736842105	4	153	0.026143790849673203	0.14252789342356828	0.9741827182699674	5.180404186476472e-05	1.0	1.0	0.006278604531303258	-0.06664388243335612	0.03879127408539172	0	normal_vs_control
chr5:155060122:155060122:INS	chr5	155060122	155060122	INS	121_Sniffles2.INS.267S4	56	0.08641975308641975	5	77	0.06493506493506493	47	418	0.11244019138755981	4	153	0.026143790849673203	0.14252789342356828	0.9340279358706758	0.00044884565769146863	1.0	1.0	0.03191356006189354	-0.047505126452494884	0.03879127408539172	0	normal_vs_control
chr22:22779874:22779874:INS	chr22	22779874	22779874	INS	0008C_Sniffles2.INS.1DAS15	118	0.18209876543209877	12	77	0.15584415584415584	91	418	0.21770334928229665	15	153	0.09803921568627451	0.14307017549041148	0.9198687032533702	0.0005203372127089913	1.0	1.0	0.03560446803497504	-0.06185919343814081	0.05780494015788133	0	normal_vs_control
chr15:24121742:24121742:INS	chr15	24121742	24121742	INS	0094c_Sniffles2.INS.B5SE	74	0.11419753086419752	7	77	0.09090909090909091	60	418	0.14354066985645933	7	153	0.0457516339869281	0.14503913640373686	0.9281144436834928	0.0004999238708595832	1.0	1.0	0.034674163453139104	-0.05263157894736842	0.04515745692216281	0	normal_vs_control
chr5:75474211:75474211:INS	chr5	75474211	75474211	INS	Sniffles2.INS.4974M4	100	0.15432098765432098	7	77	0.09090909090909091	86	418	0.20574162679425836	7	153	0.0457516339869281	0.14503913640373686	0.9965871043131488	5.075227661220424e-07	1.0	1.0	0.00019613171790310014	-0.11483253588516745	0.04515745692216281	0	normal_vs_control
chr16:87996852:87996898:DEL	chr16	87996852	87996898	DEL	Sniffles2.DEL.74D7MF	130	0.2006172839506173	13	77	0.16883116883116883	100	418	0.23923444976076555	17	153	0.1111111111111111	0.15408283291430772	0.9367868068345088	0.00036034978945951153	1.0	1.0	0.027081484584238025	-0.07040328092959672	0.05772005772005773	0	normal_vs_control
chr12:9607087:9607128:DEL	chr12	9607087	9607128	DEL	Sniffles2.DEL.88BMB	102	0.1574074074074074	10	77	0.12987012987012986	80	418	0.19138755980861244	12	153	0.0784313725490196	0.15520749336340112	0.9304031056091496	0.0005014444451138228	1.0	1.0	0.034674163453139104	-0.06151742993848258	0.05143875732111025	0	normal_vs_control
chr3:119196020:119196020:INS	chr3	119196020	119196020	INS	0002C_Sniffles2.INS.16ES2	232	0.35802469135802467	23	77	0.2987012987012987	174	418	0.41626794258373206	35	153	0.22875816993464052	0.1605736337933294	0.9816725934331055	1.961880479398092e-05	1.0	1.0	0.003060975661771874	-0.11756664388243337	0.06994312876665817	0	normal_vs_control
chr4:144331922:144331922:INS	chr4	144331922	144331922	INS	Sniffles2.INS.82A7M3	173	0.26697530864197533	18	77	0.23376623376623376	129	418	0.30861244019138756	26	153	0.16993464052287582	0.1624505852828808	0.9296909382077466	0.0005094022481795854	1.0	1.0	0.035136702020138084	-0.0748462064251538	0.06383159324335794	0	normal_vs_control
chr19:35141309:35141309:INS	chr19	35141309	35141309	INS	Sniffles2.INS.3571M12	141	0.2175925925925926	14	77	0.18181818181818182	108	418	0.2583732057416268	19	153	0.12418300653594772	0.16394616600540554	0.9459280260352096	0.0002987050723497818	1.0	1.0	0.023567915309557996	-0.07655502392344499	0.05763517528223411	0	normal_vs_control
chr2:70503876:70503918:DEL	chr2	70503876	70503918	DEL	Sniffles2.DEL.3379M1	136	0.20987654320987653	14	77	0.18181818181818182	103	418	0.24641148325358853	19	153	0.12418300653594772	0.16394616600540554	0.9178354849072308	0.0008085365180613279	1.0	1.0	0.048050665946760544	-0.0645933014354067	0.05763517528223411	0	normal_vs_control
chr2:114532279:114532301:DEL	chr2	114532279	114532301	DEL	Sniffles2.DEL.6F3EM1	157	0.24228395061728394	14	77	0.18181818181818182	124	418	0.2966507177033493	19	153	0.12418300653594772	0.16394616600540554	0.988500838275384	8.61979067067117e-06	1.0	1.0	0.0016811019917856856	-0.11483253588516745	0.05763517528223411	0	normal_vs_control
chr6:131963199:131963199:INS	chr6	131963199	131963199	INS	0011C_Sniffles2.INS.21FS5	138	0.21296296296296297	14	77	0.18181818181818182	105	418	0.2511961722488038	19	153	0.12418300653594772	0.16394616600540554	0.9302318599084967	0.00054650730056319	1.0	1.0	0.03673537180047812	-0.06937799043062198	0.05763517528223411	0	normal_vs_control
chr7:131524391:131524391:INS	chr7	131524391	131524391	INS	0013C_Sniffles2.INS.208S6	84	0.12962962962962962	8	77	0.1038961038961039	67	418	0.16028708133971292	9	153	0.058823529411764705	0.1664813932607297	0.9304387441698141	0.0006662349694903426	1.0	1.0	0.042221307196946334	-0.05639097744360902	0.0450725744843392	0	normal_vs_control
chr4:154646325:154646325:INS	chr4	154646325	154646325	INS	Sniffles2.INS.8951M3	47	0.07253086419753087	4	77	0.05194805194805195	40	418	0.09569377990430622	3	153	0.0196078431372549	0.1721326385619438	0.9360082264193312	0.0007892654152119134	1.0	1.0	0.04731150737852539	-0.04374572795625427	0.03234020881079705	0	normal_vs_control
chr9:31012714:31012750:DEL	chr9	31012714	31012750	DEL	Sniffles2.DEL.15DAM8	199	0.30709876543209874	20	77	0.2597402597402597	149	418	0.35645933014354064	30	153	0.19607843137254902	0.1744832995948918	0.9641422824943959	0.00013096450342910959	1.0	1.0	0.012726073536721968	-0.09671907040328093	0.0636618283677107	0	normal_vs_control
chr11:4734820:4734863:DEL	chr11	4734820	4734863	DEL	Sniffles2.DEL.87FMA	206	0.31790123456790126	21	77	0.2727272727272727	153	418	0.3660287081339713	32	153	0.20915032679738563	0.17978075008532565	0.9578753631051989	0.000209680435920604	1.0	1.0	0.01795020090381826	-0.09330143540669861	0.06357694592988708	0	normal_vs_control
chr4:85475670:85475712:DEL	chr4	85475670	85475712	DEL	Sniffles2.DEL.5BF7M3	208	0.32098765432098764	22	77	0.2857142857142857	152	418	0.36363636363636365	34	153	0.2222222222222222	0.18465889258373372	0.9275112975466288	0.0008061840889534558	1.0	1.0	0.048050665946760544	-0.07792207792207795	0.06349206349206349	0	normal_vs_control
chr3:195647193:195647193:INS	chr3	195647193	195647193	INS	0008C_Sniffles2.INS.288S2	79	0.12191358024691358	7	77	0.09090909090909091	64	418	0.15311004784688995	8	153	0.05228758169934641	0.19929389730510147	0.952326050663285	0.0005219691637972075	1.0	1.0	0.03560446803497504	-0.062200956937799035	0.038621509209744505	0	normal_vs_control
chr10:41893601:41893601:INS	chr10	41893601	41893601	INS	105_Sniffles2.INS.EAS9	105	0.16203703703703703	10	77	0.12987012987012986	82	418	0.19617224880382775	13	153	0.08496732026143791	0.1992991816488102	0.942098839031787	0.0007304768120570663	1.0	1.0	0.04525687882127158	-0.06630211893369789	0.044902809608691946	0	normal_vs_control
chr16:76916267:76916267:INS	chr16	76916267	76916267	INS	0003C_Sniffles2.INS.13ESF	157	0.24228395061728394	15	77	0.19480519480519481	120	418	0.28708133971291866	22	153	0.1437908496732026	0.209450317379827	0.9679107370038282	0.0002152726603512566	1.0	1.0	0.018343880171592924	-0.09227614490772384	0.05101434513199221	0	normal_vs_control
chr11:32117812:32117852:DEL	chr11	32117812	32117852	DEL	0026C_Sniffles2.DEL.28BSA	119	0.18364197530864199	11	77	0.14285714285714285	93	418	0.22248803827751196	15	153	0.09803921568627451	0.21216926320847884	0.9623792907891613	0.0003421931527459545	1.0	1.0	0.0261426128886799	-0.07963089542036911	0.04481792717086834	0	normal_vs_control
chr6:168197505:168197544:DEL	chr6	168197505	168197544	DEL	Sniffles2.DEL.799CM5	96	0.14814814814814814	8	77	0.1038961038961039	78	418	0.18660287081339713	10	153	0.06535947712418301	0.21888415371267847	0.977862445994641	0.0001332105098927216	1.0	1.0	0.01280637510268698	-0.08270676691729323	0.03853662677192089	0	normal_vs_control
chr9:125623968:125624018:DEL	chr9	125623968	125624018	DEL	Sniffles2.DEL.F975M8	101	0.1558641975308642	8	77	0.1038961038961039	83	418	0.19856459330143542	10	153	0.06535947712418301	0.21888415371267847	0.9875170807546795	3.975229294630309e-05	1.0	1.0	0.005192924532334517	-0.09466848940533151	0.03853662677192089	0	normal_vs_control
chr14:77236308:77236383:DEL	chr14	77236308	77236383	DEL	0003C_Sniffles2.DEL.46ESD	142	0.2191358024691358	13	77	0.16883116883116883	110	418	0.2631578947368421	19	153	0.12418300653594772	0.23310840319048903	0.9749092057131554	0.0001975181368353836	1.0	1.0	0.017147546337050512	-0.09432672590567326	0.04464816229522112	0	normal_vs_control
chr10:97342248:97342248:INS	chr10	97342248	97342248	INS	0006C_Sniffles2.INS.261S9	79	0.12191358024691358	6	77	0.07792207792207792	66	418	0.15789473684210525	7	153	0.0457516339869281	0.23935727205520368	0.9831968348980537	0.00011478766794324768	1.0	1.0	0.0114349988346054	-0.07997265892002733	0.03217044393514982	0	normal_vs_control
chr6:169194842:169194842:INS	chr6	169194842	169194842	INS	0011C_Sniffles2.INS.315S5	292	0.4506172839506173	29	77	0.37662337662337664	214	418	0.5119617224880383	49	153	0.3202614379084967	0.23981058726800183	0.9897546403519799	3.005121856799501e-05	1.0	1.0	0.004213865554542044	-0.13533834586466165	0.05636193871487993	0	normal_vs_control
chr2:145354166:145354166:INS	chr2	145354166	145354166	INS	Sniffles2.INS.852DM1	111	0.1712962962962963	10	77	0.12987012987012986	87	418	0.20813397129186603	14	153	0.0915032679738562	0.24828994641037583	0.9642930912761258	0.000557509300217272	1.0	1.0	0.037159236005336056	-0.07826384142173617	0.038366861896273655	0	normal_vs_control
chr4:46297499:46297499:INS	chr4	46297499	46297499	INS	Sniffles2.INS.249BM3	33	0.05092592592592592	2	77	0.025974025974025976	30	418	0.07177033492822966	1	153	0.006535947712418301	0.260224036453389	0.9728682341635365	0.0006122563414232972	1.0	1.0	0.03994305564046358	-0.04579630895420369	0.019438078261607674	0	normal_vs_control
chr6:125260909:125260974:DEL	chr6	125260909	125260974	DEL	Sniffles2.DEL.5AC0M5	34	0.05246913580246913	2	77	0.025974025974025976	31	418	0.07416267942583732	1	153	0.006535947712418301	0.260224036453389	0.9767172894361733	0.00045294957219906614	1.0	1.0	0.0320408312962476	-0.04818865345181134	0.019438078261607674	0	normal_vs_control
chr15:33933523:33933547:DEL	chr15	33933523	33933547	DEL	Sniffles2.DEL.40FEME	247	0.38117283950617287	25	77	0.3246753246753247	180	418	0.430622009569378	42	153	0.27450980392156865	0.2609672328277507	0.9697278769204125	0.000421173074873585	1.0	1.0	0.030414516650714638	-0.10594668489405334	0.05016552075375602	0	normal_vs_control
chr9:3270102:3270102:INS	chr9	3270102	3270102	INS	Sniffles2.INS.28AM8	279	0.4305555555555556	29	77	0.37662337662337664	200	418	0.4784688995215311	50	153	0.32679738562091504	0.2719866471592675	0.962391195714232	0.0007723766522755435	1.0	1.0	0.04695982219125994	-0.10184552289815446	0.0498259910024616	0	normal_vs_control
chr3:79502730:79502730:INS	chr3	79502730	79502730	INS	0006C_Sniffles2.INS.110S2	172	0.2654320987654321	13	77	0.16883116883116883	139	418	0.33253588516746413	20	153	0.13071895424836602	0.27806385736079325	0.9991319151763208	5.10649390347026e-07	1.0	1.0	0.00019613171790310014	-0.1637047163362953	0.03811221458280281	0	normal_vs_control
chr12:102428238:102428238:INS	chr12	102428238	102428238	INS	105_Sniffles2.INS.13BSB	70	0.10802469135802469	5	77	0.06493506493506493	59	418	0.14114832535885166	6	153	0.0392156862745098	0.2889313026827495	0.9843753711394482	0.0002196690241665039	1.0	1.0	0.018632508285657455	-0.07621326042378673	0.025719378660555126	0	normal_vs_control
chr2:15681102:15681102:INS	chr2	15681102	15681102	INS	0006C_Sniffles2.INS.D2S1	164	0.25308641975308643	15	77	0.19480519480519481	125	418	0.29904306220095694	24	153	0.1568627450980392	0.29232229436907864	0.9801256809282238	0.00030672754755446007	1.0	1.0	0.024097908374392105	-0.10423786739576213	0.0379424497071556	0	normal_vs_control
chr12:3720438:3720438:INS	chr12	3720438	3720438	INS	0006C_Sniffles2.INS.2FSB	81	0.125	6	77	0.07792207792207792	67	418	0.16028708133971292	8	153	0.05228758169934641	0.3100958737938038	0.9851392330515407	0.00025709666687871713	1.0	1.0	0.02101814157974081	-0.082365003417635	0.025634496222731513	0	normal_vs_control
chr5:2946047:2946047:INS	chr5	2946047	2946047	INS	Sniffles2.INS.5D3M4	167	0.25771604938271603	15	77	0.19480519480519481	127	418	0.3038277511961722	25	153	0.16339869281045752	0.3374978163652019	0.983730650021526	0.00039762760212134595	1.0	1.0	0.029093523944910316	-0.10902255639097741	0.031406501994737296	0	normal_vs_control
chr5:20673961:20674006:DEL	chr5	20673961	20674006	DEL	Sniffles2.DEL.140CM4	185	0.2854938271604938	15	77	0.19480519480519481	145	418	0.34688995215311	25	153	0.16339869281045752	0.3374978163652019	0.9978348119247191	8.770128063168638e-06	1.0	1.0	0.00169254304237904	-0.1520847573479152	0.031406501994737296	0	normal_vs_control
chr3:108631044:108631060:DEL	chr3	108631044	108631060	DEL	Sniffles2.DEL.6999M2	159	0.24537037037037038	12	77	0.15584415584415584	127	418	0.3038277511961722	20	153	0.13071895424836602	0.37004963281695424	0.9982789620512715	9.954121136103808e-06	1.0	1.0	0.00183169056972265	-0.14798359535201638	0.02512520159578982	0	normal_vs_control
chr5:102712946:102712946:INS	chr5	102712946	102712946	INS	Sniffles2.INS.5B17M4	82	0.12654320987654322	6	77	0.07792207792207792	67	418	0.16028708133971292	9	153	0.058823529411764705	0.38396385811960526	0.9851392330515407	0.0006662349694903426	1.0	1.0	0.042221307196946334	-0.082365003417635	0.019098548510313215	0	normal_vs_control
chr14:48289728:48289728:INS	chr14	48289728	48289728	INS	Sniffles2.INS.41F3MD	196	0.30246913580246915	17	77	0.22077922077922077	149	418	0.35645933014354064	30	153	0.19607843137254902	0.39149371465350646	0.9940527900525312	0.00013096450342910959	1.0	1.0	0.012726073536721968	-0.13568010936431987	0.024700789406671753	0	normal_vs_control
chr10:38946509:38946509:INS	chr10	38946509	38946509	INS	Sniffles2.INS.2065M9	43	0.06635802469135803	2	77	0.025974025974025976	39	418	0.09330143540669857	2	153	0.013071895424836602	0.4099980846581115	0.9934034314917073	0.00024118892136461824	1.0	1.0	0.020115733689998062	-0.0673274094326726	0.012902130549189374	0	normal_vs_control
