site	gene_id	gene_name	window	sv_effect	sv_p	int_effect	int_p	n_case_car	n_case_non	n_ctrl_car	n_ctrl_non	case_car_frac	ctrl_car_frac
NC_000010.11:685952	ENSG00000151240.18	DIP2C	body	0.187976	0.182614	0.15602	0.311309	389	59	121	32	0.868304	0.79085
NC_000002.12:3287359	ENSG00000032389.13	EIPR1	up	-0.298165	0.0693929	-0.0192144	0.916932	174	274	47	106	0.388393	0.30719
NC_000002.12:3287359	ENSG00000032389.13	EIPR1	dn	-0.376115	0.16851	-0.117721	0.695791	202	246	51	102	0.450893	0.333333
NC_000002.12:3287359	ENSG00000032389.13	EIPR1	body	-0.25456	0.0664141	-0.0274391	0.859268	264	184	70	83	0.589286	0.457516
NC_000015.10:88721057	ENSG00000157766.19	ACAN	enh	-5.12115	0.000601662	0.925085	0.658918	2	446	2	151	0.00446429	0.0130719
NC_000017.11:26854400	ENSG00000109046.15	WSB1	up	-0.76721	0.227576	-1.24579	0.115073	50	398	24	129	0.111607	0.156863
NC_000002.12:112424689	ENSG00000169629.12	RGPD8	up	1.46594	0.0229	-0.511525	0.466134	96	352	26	127	0.214286	0.169935
NC_000002.12:112424689	ENSG00000169629.12	RGPD8	dn	3.06413	0.0226685	0.767668	0.623805	19	429	7	146	0.0424107	0.0457516
NC_000002.12:112424689	ENSG00000169629.12	RGPD8	prom	3.57751	0.0134967	0.257089	0.87639	19	429	6	147	0.0424107	0.0392157
NC_000004.12:163637117	ENSG00000198498.10	TMA16	dn	0.754753	0.0213455	0.0630556	0.872814	106	342	41	112	0.236607	0.267974
NC_000017.11:73182127	ENSG00000166685.13	COG1	dn	0.737839	0.0562315	0.0456367	0.91798	163	285	73	80	0.363839	0.477124
NC_000012.12:30879115	ENSG00000110900.16	TSPAN11	up	-1.05453	0.0605547	-0.664507	0.307972	69	379	24	129	0.154018	0.156863
NC_000011.10:26646875	ENSG00000169550.14	MUC15	dn	-0.645741	0.0970749	-0.141221	0.750698	168	280	59	94	0.375	0.385621
NC_000002.12:74955849	ENSG00000115350.12	POLE4	dn	-2.55665	0.0576729	0.756653	0.590151	92	356	7	146	0.205357	0.0457516
NC_000016.10:13558833	ENSG00000175595.16	ERCC4	dn	0.555691	0.0159163	-0.151364	0.559216	365	83	124	29	0.814732	0.810458
NC_000001.11:152218884	ENSG00000197915.7	HRNR	dn	-1.50586	0.0140241	0.153762	0.822984	86	362	24	129	0.191964	0.156863
NC_000011.10:27204451	ENSG00000109881.17	CCDC34	up	1.28176	0.00863813	0.331391	0.559531	98	350	37	116	0.21875	0.24183
NC_000001.11:121020670	ENSG00000263353.4	PPIAL4A	up	-1.04444	0.0598535	-0.473839	0.457201	181	267	58	95	0.404018	0.379085
NC_000002.12:74942733	ENSG00000115350.12	POLE4	dn	-2.48261	0.0468938	0.53151	0.683272	92	356	7	146	0.205357	0.0457516
NC_000013.11:19356547	ENSG00000198033.13	TUBA3C	dn	0.0708552	0.741251	0.610661	0.016347	263	185	91	62	0.587054	0.594771
NC_000001.11:115367314	ENSG00000134259.6	NGF	up	0.560798	0.0481251	0.127634	0.698173	116	332	41	112	0.258929	0.267974
NC_000017.11:20550668	ENSG00000214819.2	CDRT15L2	up	0.290171	0.126402	0.111027	0.60806	375	73	130	23	0.837054	0.849673
NC_000004.12:37308224	ENSG00000174145.8	NWD2	body	0.817383	0.00866411	-0.309515	0.377887	235	213	86	67	0.524554	0.562092
NC_000001.11:121020794	ENSG00000263353.4	PPIAL4A	up	-1.8859	0.00606722	-0.0718031	0.92737	181	267	58	95	0.404018	0.379085
NC_000003.12:28244031	ENSG00000187118.14	CMC1	body	-1.32426	0.0522869	-0.192778	0.809309	78	370	30	123	0.174107	0.196078
NC_000020.11:31053247	ENSG00000215547.1	DEFB115	up	0.148876	0.00275555	-0.0154743	0.785623	114	334	41	112	0.254464	0.267974
NC_000017.11:66934104	ENSG00000075461.6	CACNG4	up	0.970365	0.0680284	0.269025	0.659551	115	333	36	117	0.256696	0.235294
NC_000014.9:70889667	ENSG00000100731.16	PCNX1	enh	-3.55003	0.0309297	-1.73426	0.412015	3	445	2	151	0.00669643	0.0130719
NC_000006.12:160620564	ENSG00000198670.13	LPA	dn	-0.0991353	0.626817	-0.344118	0.128487	95	353	26	127	0.212054	0.169935
NC_000010.11:126055862	ENSG00000203780.12	FANK1	dn	-1.58508	0.019113	0.0975071	0.899897	72	376	24	129	0.160714	0.156863
NC_000001.11:221317535	ENSG00000143507.18	DUSP10	up	0.937411	0.00561354	-0.383821	0.318557	181	267	55	98	0.404018	0.359477
NC_000004.12:3285508	ENSG00000159788.20	RGS12	prom	-0.892148	0.107436	-0.716712	0.267416	140	308	53	100	0.3125	0.346405
NC_000008.11:131746924	ENSG00000132294.15	EFR3A	dn	-2.39927	0.0196689	0.450404	0.698268	25	423	7	146	0.0558036	0.0457516
NC_000010.11:1149903	ENSG00000047056.18	WDR37	dn	0.379652	0.00841381	-0.141615	0.375932	291	157	95	58	0.649554	0.620915
NC_000008.11:142899850	ENSG00000179142.2	CYP11B2	up	-1.94654	3.71372e-07	0.443182	0.312069	309	139	93	60	0.689732	0.607843
NC_000008.11:66333192	ENSG00000179041.4	RRS1	up	-1.22333	0.00878838	0.303451	0.558054	132	316	42	111	0.294643	0.27451
NC_000005.10:78457904	ENSG00000085365.18	SCAMP1	body	1.0197	0.0290249	0.068509	0.898465	180	268	58	95	0.401786	0.379085
NC_000007.14:134371724	ENSG00000205060.11	SLC35B4	up	0.709576	0.0904414	0.205513	0.668191	95	353	29	124	0.212054	0.189542
NC_000014.9:51199575	ENSG00000139921.13	TMX1	up	0.77646	0.0153048	0.365395	0.33621	131	317	58	95	0.292411	0.379085
NC_000014.9:51199575	ENSG00000139921.13	TMX1	body	0.701928	0.171491	0.81035	0.195026	73	375	40	113	0.162946	0.261438
NC_000018.10:49495204	ENSG00000265681.8	RPL17	enh	-2.06647	0.000863848	0.35957	0.621133	93	355	38	115	0.207589	0.248366
NC_000010.11:5108430	ENSG00000196139.14	AKR1C3	dn	2.43622	0.0026261	0.536912	0.566167	29	419	9	144	0.0647321	0.0588235
NC_000010.11:1183069	ENSG00000047056.18	WDR37	dn	0.185529	0.0773012	0.0181795	0.876243	291	157	95	58	0.649554	0.620915
NC_000014.9:70478590	ENSG00000134007.5	ADAM20	up	-1.13874	0.0670667	0.276663	0.681391	114	334	17	136	0.254464	0.111111
NC_000019.10:21567426	ENSG00000197013.11	ZNF429	dn	-0.344574	0.0218353	-0.136479	0.42205	132	316	51	102	0.294643	0.333333
NC_000019.10:21567426	ENSG00000197013.11	ZNF429	enh	-1.68913	0.16903	-0.864144	0.52966	28	420	7	146	0.0625	0.0457516
NC_000003.12:75772746	ENSG00000227124.11	ZNF717	up	0.57894	0.0329192	-0.0349681	0.905698	352	96	87	66	0.785714	0.568627
NC_000003.12:75772746	ENSG00000227124.11	ZNF717	dn	0.542691	0.042141	-0.000750789	0.997944	353	95	87	66	0.787946	0.568627
NC_000003.12:75772746	ENSG00000227124.11	ZNF717	body	0.54275	0.0420277	0.00607145	0.983366	353	95	87	66	0.787946	0.568627
NC_000007.14:159039669	ENSG00000106018.14	VIPR2	up	-0.389226	0.00332237	0.108328	0.451383	274	174	95	58	0.611607	0.620915
NC_000007.14:159039669	ENSG00000106018.14	VIPR2	dn	-0.646135	0.000428682	0.300214	0.123736	193	255	57	96	0.430804	0.372549
NC_000007.14:159039669	ENSG00000106018.14	VIPR2	body	-0.38951	0.00277399	0.1031	0.462385	279	169	95	58	0.622768	0.620915
NC_000010.11:46874736	ENSG00000204179.11	PTPN20	up	0.494532	0.101823	0.741316	0.0347505	157	291	49	104	0.350446	0.320261
NC_000010.11:38831756	ENSG00000283930.1	PLD5P1	up	-2.13074	0.000172855	0.00806526	0.990119	79	369	32	121	0.176339	0.20915
NC_000010.11:38831756	ENSG00000283930.1	PLD5P1	dn	-0.858428	0.0125977	-0.228109	0.555203	152	296	52	101	0.339286	0.339869
NC_000010.11:38831756	ENSG00000283930.1	PLD5P1	body	-1.72551	6.05273e-06	0.281688	0.516446	127	321	46	107	0.283482	0.300654
NC_000013.11:110124091	ENSG00000134871.20	COL4A2	dn	0.888018	0.0885183	0.0711277	0.901231	75	373	18	135	0.167411	0.117647
NC_000010.11:46886436	ENSG00000204179.11	PTPN20	up	1.10197	0.000329947	0.0805921	0.820075	157	291	49	104	0.350446	0.320261
NC_000020.11:31059994	ENSG00000215547.1	DEFB115	up	0.061593	0.0388959	0.00299318	0.930227	114	334	41	112	0.254464	0.267974
NC_000002.12:234529438	ENSG00000188042.8	ARL4C	dn	-0.732527	0.054985	-0.16317	0.697377	123	325	38	115	0.274554	0.248366
NC_000007.14:16304262	ENSG00000214960.11	CRPPA	dn	1.86567	0.00164236	-0.226517	0.755089	33	415	16	137	0.0736607	0.104575
NC_000011.10:112503540	ENSG00000188771.5	PLET1	enh	2.11201	0.256192	nan	nan	7	441	1	152	0.015625	0.00653595
NC_000011.10:60204395	ENSG00000110079.19	MS4A4A	up	4.18698	0.000801112	0.672054	0.654922	20	428	11	142	0.0446429	0.0718954
NC_000011.10:60204395	ENSG00000110079.19	MS4A4A	body	4.13467	3.012e-07	-1.12589	0.214398	76	372	25	128	0.169643	0.163399
NC_000020.11:26506192	ENSG00000130684.14	ZNF337	up	-0.394975	0.00807995	0.143213	0.398595	63	385	22	131	0.140625	0.143791
NC_000002.12:3299188	ENSG00000032389.13	EIPR1	up	-0.364628	0.0330906	0.0663564	0.729478	174	274	47	106	0.388393	0.30719
NC_000002.12:3299188	ENSG00000032389.13	EIPR1	dn	-0.468807	0.0972703	-0.132346	0.67095	202	246	51	102	0.450893	0.333333
NC_000002.12:3299188	ENSG00000032389.13	EIPR1	body	-0.330658	0.021567	0.0195154	0.903191	264	184	70	83	0.589286	0.457516
NC_000004.12:15734204	ENSG00000109743.11	BST1	dn	-0.568473	0.722607	-1.16426	0.481644	34	414	5	148	0.0758929	0.0326797
NC_000006.12:157286009	ENSG00000215712.11	TMEM242	up	-0.571664	0.0115999	-0.211697	0.407535	258	190	76	77	0.575893	0.496732
NC_000001.11:152220033	ENSG00000197915.7	HRNR	dn	-1.76086	0.00189603	0.915623	0.149486	86	362	24	129	0.191964	0.156863
NC_000008.11:218452	ENSG00000172748.14	ZNF596	dn	0.219486	0.00654976	-0.077981	0.403747	356	92	114	39	0.794643	0.745098
NC_000009.12:138150707	ENSG00000148408.15	CACNA1B	prom	2.30877	0.0194571	-0.097573	0.932267	39	409	14	139	0.0870536	0.0915033
NC_000009.12:113083352	ENSG00000136866.14	ZFP37	dn	0.105047	0.555376	0.372218	0.0712712	350	98	119	34	0.78125	0.777778
NC_000008.11:26590007	ENSG00000240694.9	PNMA2	dn	-0.635763	0.133618	-0.437229	0.368117	215	233	55	98	0.479911	0.359477
NC_000003.12:156803648	ENSG00000197980.14	LEKR1	body	2.04714	0.00205518	-0.746098	0.338022	35	413	11	142	0.078125	0.0718954
NC_000011.10:102608691	ENSG00000137674.4	MMP20	up	-6.27219	8.7654e-12	1.88721	0.0621135	72	376	18	135	0.160714	0.117647
NC_000011.10:102608691	ENSG00000137674.4	MMP20	dn	-4.20651	2.66716e-12	1.58696	0.0191576	109	339	28	125	0.243304	0.183007
NC_000011.10:102608691	ENSG00000137674.4	MMP20	body	-6.27219	8.7654e-12	1.88721	0.0621135	72	376	18	135	0.160714	0.117647
NC_000011.10:102608691	ENSG00000137674.4	MMP20	enh	-6.27219	8.7654e-12	1.88721	0.0621135	72	376	18	135	0.160714	0.117647
NC_000004.12:24234950	ENSG00000109819.9	PPARGC1A	up	0.81876	0.0670681	0.216104	0.677416	123	325	44	109	0.274554	0.287582
NC_000004.12:24234950	ENSG00000109819.9	PPARGC1A	dn	0.793172	0.0780682	0.256065	0.624125	122	326	43	110	0.272321	0.281046
NC_000004.12:24234950	ENSG00000109819.9	PPARGC1A	body	0.81876	0.0670681	0.216104	0.677416	123	325	44	109	0.274554	0.287582
NC_000012.12:48503314	ENSG00000177627.11	C12orf54	dn	0.0971638	0.60333	0.404949	0.0645141	178	270	64	89	0.397321	0.418301
NC_000006.12:130375986	ENSG00000164484.12	TMEM200A	up	1.60208	0.000302663	-0.242547	0.629834	237	211	72	81	0.529018	0.470588
NC_000003.12:33023130	ENSG00000183813.7	CCR4	dn	0.291069	0.359411	0.491235	0.18384	137	311	62	91	0.305804	0.405229
NC_000004.12:8628163	ENSG00000109625.19	CPZ	body	0.786484	0.115583	0.0740979	0.893518	100	348	21	132	0.223214	0.137255
NC_000001.11:115252745	ENSG00000134259.6	NGF	up	1.40149	0.000426492	-0.300975	0.512738	116	332	41	112	0.258929	0.267974
NC_000012.12:8184269	ENSG00000196946.11	ZNF705A	body	-1.63345	0.0470633	-0.11966	0.894609	90	358	17	136	0.200893	0.111111
NC_000001.11:200737467	ENSG00000118200.15	CAMSAP2	up	-0.859197	0.362957	-1.03176	0.326519	82	366	19	134	0.183036	0.124183
NC_000009.12:113082062	ENSG00000136866.14	ZFP37	dn	0.20445	0.230484	0.443634	0.024746	350	98	119	34	0.78125	0.777778
NC_000004.12:39294497	ENSG00000035928.17	RFC1	up	-4.04529	1.25401e-05	-0.686042	0.528688	87	361	33	120	0.194196	0.215686
NC_000004.12:39294497	ENSG00000035928.17	RFC1	dn	-4.03659	3.26233e-05	-0.69473	0.53811	87	361	33	120	0.194196	0.215686
NC_000004.12:39294497	ENSG00000035928.17	RFC1	body	-4.03659	3.26233e-05	-0.69473	0.53811	87	361	33	120	0.194196	0.215686
NC_000007.14:38290378	ENSG00000289746.1	TARP	dn	2.08178	0.00268484	-0.932195	0.230133	72	376	26	127	0.160714	0.169935
NC_000003.12:195619121	ENSG00000189058.9	APOD	dn	-1.00179	0.0172468	0.278942	0.548502	153	295	42	111	0.341518	0.27451
NC_000021.9:35833569	ENSG00000159216.20	RUNX1	body	0.342468	0.0272417	-0.0808803	0.6325	347	101	116	37	0.774554	0.75817
NC_000017.11:26825872	ENSG00000109046.15	WSB1	up	-1.49498	2.05442e-06	0.373879	0.334972	50	398	24	129	0.111607	0.156863
NC_000009.12:113082189	ENSG00000136866.14	ZFP37	dn	0.322688	0.0880889	0.253628	0.246316	350	98	119	34	0.78125	0.777778
NC_000001.11:152219827	ENSG00000197915.7	HRNR	dn	-0.733291	0.101201	-0.324587	0.518262	86	362	24	129	0.191964	0.156863
NC_000004.12:49883768	ENSG00000109182.12	CWH43	up	1.02352	0.115276	0.61312	0.431557	76	372	37	116	0.169643	0.24183
NC_000003.12:184808639	ENSG00000156931.16	VPS8	body	0.74387	0.0133207	-0.175703	0.608382	126	322	36	117	0.28125	0.235294
NC_000022.11:47292897	ENSG00000054611.14	TBC1D22A	enh	-1.45403	0.0681525	-0.843966	0.385431	10	438	5	148	0.0223214	0.0326797
NC_000001.11:121644462	ENSG00000188610.12	FAM72B	up	0.796461	0.233757	0.659345	0.382122	26	422	7	146	0.0580357	0.0457516
NC_000014.9:66467275	ENSG00000171723.16	GPHN	body	0.345016	0.00944945	-0.0502647	0.73976	168	280	61	92	0.375	0.398693
NC_000012.12:29113538	ENSG00000064763.12	FAR2	up	0.611591	0.0492722	0.0184481	0.959203	104	344	42	111	0.232143	0.27451
NC_000015.10:72733353	ENSG00000175202.6	HIGD2B	dn	-2.32709	0.00155101	-0.279873	0.749667	80	368	35	118	0.178571	0.228758
NC_000010.11:38788863	ENSG00000283930.1	PLD5P1	dn	-0.69414	0.000233167	0.37173	0.0788888	152	296	52	101	0.339286	0.339869
NC_000021.9:42398576	ENSG00000160183.17	TMPRSS3	enh	0.659521	0.195151	0.349474	0.538872	206	242	42	111	0.459821	0.27451
NC_000001.11:121016244	ENSG00000263353.4	PPIAL4A	up	-1.36579	0.0192363	0.260903	0.696692	181	267	58	95	0.404018	0.379085
NC_000010.11:122787417	ENSG00000138161.14	CUZD1	up	-1.16567	0.0142886	0.269327	0.615916	96	352	28	125	0.214286	0.183007
NC_000002.12:74930806	ENSG00000115350.12	POLE4	dn	-0.132905	0.921837	-1.93104	0.172593	92	356	7	146	0.205357	0.0457516
NC_000006.12:169573728	ENSG00000285733.1	ENSG00000285733	dn	0.378542	0.0417054	0.0415382	0.844827	235	213	73	80	0.524554	0.477124
NC_000002.12:231409380	ENSG00000156966.8	B3GNT7	dn	0.586506	0.00958489	-0.127989	0.625093	189	259	68	85	0.421875	0.444444
NC_000006.12:18098339	ENSG00000187566.6	NHLRC1	dn	0.65684	0.598013	1.9639	0.157795	25	423	6	147	0.0558036	0.0392157
NC_000012.12:8351391	ENSG00000205846.4	CLEC6A	up	-0.596515	0.269415	-0.503769	0.404501	82	366	22	131	0.183036	0.143791
NC_000004.12:90458633	ENSG00000184305.16	CCSER1	up	0.255483	0.623594	0.867616	0.134523	87	361	19	134	0.194196	0.124183
NC_000012.12:112546396	ENSG00000089169.15	RPH3A	enh	-0.684307	0.782078	nan	nan	6	442	1	152	0.0133929	0.00653595
NC_000010.11:37177351	ENSG00000148513.20	ANKRD30A	up	-1.03432	0.0480792	-0.205152	0.730281	95	353	27	126	0.212054	0.176471
NC_000010.11:37177351	ENSG00000148513.20	ANKRD30A	dn	-0.95427	0.193057	-1.271	0.122908	47	401	12	141	0.104911	0.0784314
NC_000010.11:46888904	ENSG00000204179.11	PTPN20	up	0.966217	0.000153829	0.159667	0.587819	157	291	49	104	0.350446	0.320261
NC_000001.11:179447941	ENSG00000162779.22	AXDND1	dn	0.436403	0.271809	0.481122	0.291066	84	364	29	124	0.1875	0.189542
NC_000005.10:846401	ENSG00000188818.13	ZDHHC11	up	-0.311441	0.00598244	0.124836	0.334488	340	108	100	53	0.758929	0.653595
NC_000005.10:846401	ENSG00000188818.13	ZDHHC11	dn	-0.316334	0.00572311	0.13139	0.313437	339	109	100	53	0.756696	0.653595
NC_000005.10:846401	ENSG00000188818.13	ZDHHC11	body	-0.316343	0.00571721	0.129878	0.319163	339	109	100	53	0.756696	0.653595
NC_000020.11:31190879	ENSG00000215547.1	DEFB115	up	0.50669	0.00283663	-0.021291	0.912699	114	334	41	112	0.254464	0.267974
NC_000006.12:134912247	ENSG00000118514.14	ALDH8A1	up	1.28008	0.0180332	-0.486559	0.417904	258	190	63	90	0.575893	0.411765
NC_000003.12:186487636	ENSG00000213139.8	CRYGS	dn	-1.43118	0.112155	-0.432007	0.670391	26	422	7	146	0.0580357	0.0457516
NC_000002.12:70891758	ENSG00000116035.4	VAX2	enh	0.862673	0.631676	nan	nan	5	443	1	152	0.0111607	0.00653595
NC_000008.11:63246844	ENSG00000185728.17	YTHDF3	dn	-3.06316	6.21581e-06	0.0528887	0.943234	70	378	15	138	0.15625	0.0980392
NC_000007.14:64869507	ENSG00000198039.12	ZNF273	dn	-1.12598	0.0406443	-0.137417	0.827295	101	347	36	117	0.225446	0.235294
NC_000006.12:169572678	ENSG00000285733.1	ENSG00000285733	dn	0.647752	0.0486981	0.205227	0.584453	235	213	73	80	0.524554	0.477124
NC_000019.10:22635741	ENSG00000229676.3	ZNF492	up	3.48293	0.0011818	-1.43623	0.252727	27	421	7	146	0.0602679	0.0457516
NC_000018.10:46762829	ENSG00000101638.14	ST8SIA5	up	0.841291	0.00587233	-0.359192	0.286247	224	224	65	88	0.5	0.424837
NC_000018.10:46762829	ENSG00000101638.14	ST8SIA5	dn	0.841291	0.00587233	-0.359192	0.286247	224	224	65	88	0.5	0.424837
NC_000018.10:46762829	ENSG00000101638.14	ST8SIA5	body	0.841291	0.00587233	-0.359192	0.286247	224	224	65	88	0.5	0.424837
NC_000010.11:46895989	ENSG00000204179.11	PTPN20	up	0.504336	0.0598461	0.2714	0.382405	157	291	49	104	0.350446	0.320261
NC_000002.12:74954684	ENSG00000115350.12	POLE4	dn	0.819274	0.504256	-2.61117	0.0418821	92	356	7	146	0.205357	0.0457516
NC_000011.10:20605707	ENSG00000165970.12	SLC6A5	up	-0.285044	0.586908	-1.08624	0.0755882	61	387	26	127	0.136161	0.169935
NC_000005.10:34196689	ENSG00000273294.1	C1QTNF3-AMACR	up	2.33709	0.00126562	-0.609294	0.473214	68	380	27	126	0.151786	0.176471
NC_000005.10:34196689	ENSG00000273294.1	C1QTNF3-AMACR	body	2.33709	0.00126562	-0.609294	0.473214	68	380	27	126	0.151786	0.176471
NC_000009.12:113087055	ENSG00000136866.14	ZFP37	dn	1.45141	3.6276e-08	-0.394734	0.190065	350	98	119	34	0.78125	0.777778
NC_000006.12:149982252	ENSG00000111981.5	ULBP1	dn	-0.757184	0.0859043	-0.296478	0.559497	85	363	31	122	0.189732	0.202614
NC_000012.12:13025590	ENSG00000084444.14	FAM234B	up	-1.27568	0.000539431	0.494662	0.248304	100	348	38	115	0.223214	0.248366
NC_000002.12:224312035	ENSG00000124019.10	FAM124B	up	0.590153	0.392992	0.809056	0.286585	53	395	9	144	0.118304	0.0588235
NC_000013.11:111452260	ENSG00000153495.11	TEX29	dn	-1.98808	0.00115098	-0.199131	0.77962	158	290	48	105	0.352679	0.313725
NC_000009.12:113087173	ENSG00000136866.14	ZFP37	dn	1.31658	0.000119327	0.177457	0.65202	350	98	119	34	0.78125	0.777778
NC_000013.11:21353731	ENSG00000180776.17	ZDHHC20	up	-1.55262	0.000912518	0.580398	0.324938	52	396	22	131	0.116071	0.143791
NC_000013.11:21353731	ENSG00000180776.17	ZDHHC20	dn	-1.55262	0.000912518	0.580398	0.324938	52	396	22	131	0.116071	0.143791
NC_000013.11:21353731	ENSG00000180776.17	ZDHHC20	body	-1.55262	0.000912518	0.580398	0.324938	52	396	22	131	0.116071	0.143791
NC_000006.12:166313769	ENSG00000176381.6	PRR18	enh	0.645038	0.402671	-2.6308	0.00221482	58	390	13	140	0.129464	0.0849673
NC_000020.11:2390157	ENSG00000166948.10	TGM6	up	-1.01189	0.0123587	0.0870965	0.853111	86	362	26	127	0.191964	0.169935
NC_000005.10:148371551	ENSG00000145868.17	FBXO38	body	1.12171	0.00701346	-0.375487	0.432327	254	194	94	59	0.566964	0.614379
NC_000001.11:121750135	ENSG00000188610.12	FAM72B	up	0.334903	0.346935	0.518027	0.197351	26	422	7	146	0.0580357	0.0457516
NC_000004.12:16774014	ENSG00000169744.13	LDB2	up	-1.53384	0.0104557	0.366095	0.588083	116	332	37	116	0.258929	0.24183
NC_000009.12:113087291	ENSG00000136866.14	ZFP37	dn	0.836567	0.00124259	0.0256742	0.931451	350	98	119	34	0.78125	0.777778
NC_000018.10:79939890	ENSG00000122490.19	SLC66A2	enh	-1.25627	0.0324612	0.0529221	0.937744	207	241	65	88	0.462054	0.424837
NC_000002.12:25179947	ENSG00000115138.11	POMC	up	-0.493484	0.270889	-0.35512	0.470574	184	264	28	125	0.410714	0.183007
NC_000019.10:21616711	ENSG00000197013.11	ZNF429	enh	-2.68878	0.057094	0.107888	0.945582	28	420	7	146	0.0625	0.0457516
NC_000011.10:5830737	ENSG00000205409.3	OR52E6	up	3.25498	0.000117001	-1.75891	0.100221	34	414	19	134	0.0758929	0.124183
NC_000001.11:200874737	ENSG00000170128.5	GPR25	up	-0.473044	0.262884	-0.560211	0.255137	104	344	38	115	0.232143	0.248366
NC_000016.10:56197840	ENSG00000087258.17	GNAO1	enh	-3.80786	0.0152403	0.408853	0.825572	5	443	2	151	0.0111607	0.0130719
NC_000006.12:168086457	ENSG00000153303.18	FRMD1	up	-0.210375	0.240011	-0.231812	0.252619	305	143	110	43	0.680804	0.718954
NC_000006.12:168086457	ENSG00000153303.18	FRMD1	dn	-0.375811	0.0631647	-0.150916	0.519333	171	277	58	95	0.381696	0.379085
NC_000006.12:168086457	ENSG00000153303.18	FRMD1	body	-0.418648	0.0550958	-0.161829	0.519589	142	306	50	103	0.316964	0.326797
NC_000006.12:168170065	ENSG00000153303.18	FRMD1	up	-0.33476	0.0688031	-0.0165859	0.936416	305	143	110	43	0.680804	0.718954
NC_000006.12:168170065	ENSG00000153303.18	FRMD1	body	-0.565062	0.0119095	0.158552	0.539504	142	306	50	103	0.316964	0.326797
NC_000012.12:63735167	ENSG00000118600.13	RXYLT1	up	-0.277529	0.257624	-0.539169	0.0581306	243	205	84	69	0.542411	0.54902
NC_000008.11:120353080	ENSG00000172167.8	MTBP	up	-1.28065	0.0142385	-0.31587	0.630083	49	399	32	121	0.109375	0.20915
NC_000020.11:31176086	ENSG00000215547.1	DEFB115	up	0.452015	0.00437253	0.0176803	0.922402	114	334	41	112	0.254464	0.267974
NC_000014.9:95423060	ENSG00000176438.13	SYNE3	up	0.516977	0.0559743	0.0632484	0.835721	201	247	69	84	0.448661	0.45098
NC_000014.9:95423060	ENSG00000176438.13	SYNE3	dn	0.516977	0.0559743	0.0632484	0.835721	201	247	69	84	0.448661	0.45098
NC_000014.9:95423060	ENSG00000176438.13	SYNE3	body	0.516977	0.0559743	0.0632484	0.835721	201	247	69	84	0.448661	0.45098
NC_000001.11:771714	ENSG00000284662.2	OR4F16	prom	-7.15691	0.000103933	nan	nan	1	447	3	150	0.00223214	0.0196078
NC_000004.12:55157952	ENSG00000128052.10	KDR	dn	0.393928	0.586442	1.24108	0.128985	63	385	17	136	0.140625	0.111111
NC_000001.11:2672464	ENSG00000142606.16	MMEL1	up	-0.575048	2.33028e-05	0.403472	0.0129896	102	346	45	108	0.227679	0.294118
NC_000001.11:2672464	ENSG00000142606.16	MMEL1	body	-0.575048	2.33028e-05	0.403472	0.0129896	102	346	45	108	0.227679	0.294118
NC_000005.10:841549	ENSG00000188818.13	ZDHHC11	up	-0.270103	0.0517811	-0.0380005	0.810798	340	108	100	53	0.758929	0.653595
NC_000005.10:841549	ENSG00000188818.13	ZDHHC11	dn	-0.269577	0.0547608	-0.0349964	0.826858	339	109	100	53	0.756696	0.653595
NC_000005.10:841549	ENSG00000188818.13	ZDHHC11	body	-0.269593	0.0547469	-0.0354511	0.824708	339	109	100	53	0.756696	0.653595
NC_000020.11:31238474	ENSG00000215547.1	DEFB115	up	0.297408	0.0105877	-0.0607339	0.648561	114	334	41	112	0.254464	0.267974
NC_000001.11:178532127	ENSG00000240021.10	TEX35	body	1.70342	0.0084347	-0.189078	0.800121	77	371	26	127	0.171875	0.169935
NC_000001.11:2678731	ENSG00000142606.16	MMEL1	up	-1.64708	1.69311e-06	1.03699	0.0114963	102	346	45	108	0.227679	0.294118
NC_000001.11:2678731	ENSG00000142606.16	MMEL1	dn	-0.985893	2.61337e-07	0.623308	0.00372818	187	261	70	83	0.417411	0.457516
NC_000001.11:2678731	ENSG00000142606.16	MMEL1	body	-1.64708	1.69311e-06	1.03699	0.0114963	102	346	45	108	0.227679	0.294118
NC_000009.12:113088227	ENSG00000136866.14	ZFP37	dn	0.918197	0.000234362	-0.27581	0.336996	350	98	119	34	0.78125	0.777778
NC_000001.11:732462	ENSG00000284662.2	OR4F16	prom	-1.55988	0.109759	nan	nan	1	447	3	150	0.00223214	0.0196078
NC_000007.14:28098745	ENSG00000153814.13	JAZF1	up	0.74713	0.0468122	-0.000613931	0.998869	180	268	60	93	0.401786	0.392157
NC_000011.10:74915330	ENSG00000166435.17	XRRA1	dn	-0.904479	0.342111	-1.44653	0.190675	43	405	15	138	0.0959821	0.0980392
NC_000011.10:74915330	ENSG00000166435.17	XRRA1	body	-0.905254	0.341259	-1.49342	0.175195	44	404	15	138	0.0982143	0.0980392
NC_000019.10:51446942	ENSG00000105366.15	SIGLEC8	dn	0.145341	0.845272	1.3808	0.091575	121	327	20	133	0.270089	0.130719
NC_000021.9:34688374	ENSG00000159212.13	CLIC6	body	-3.06519	0.0268478	-0.94789	0.523218	27	421	4	149	0.0602679	0.0261438
NC_000021.9:34688374	ENSG00000159212.13	CLIC6	enh	-3.06519	0.0268478	-0.94789	0.523218	27	421	4	149	0.0602679	0.0261438
NC_000011.10:91623494	ENSG00000165323.16	FAT3	body	0.234355	0.459986	0.601733	0.095268	240	208	81	72	0.535714	0.529412
NC_000017.11:73191448	ENSG00000166685.13	COG1	prom	0.88036	0.0011264	-0.157402	0.62023	190	258	87	66	0.424107	0.568627
NC_000009.12:113082198	ENSG00000136866.14	ZFP37	dn	0.319511	0.119613	0.347761	0.14313	350	98	119	34	0.78125	0.777778
NC_000017.11:66559746	ENSG00000154229.12	PRKCA	enh	2.65897	8.23091e-05	nan	nan	4	444	0	153	0.00892857	0
NC_000012.12:30876858	ENSG00000110900.16	TSPAN11	up	-1.42006	0.0204749	0.206425	0.771238	69	379	24	129	0.154018	0.156863
NC_000006.12:150374314	ENSG00000009765.15	IYD	up	-2.17018	0.0137091	0.386861	0.703344	21	427	7	146	0.046875	0.0457516
NC_000001.11:152219836	ENSG00000197915.7	HRNR	dn	-2.18186	0.000197902	0.862892	0.188162	86	362	24	129	0.191964	0.156863
NC_000003.12:111348491	ENSG00000153283.13	CD96	body	1.2217	0.0232513	-0.0933204	0.882232	116	332	43	110	0.258929	0.281046
NC_000001.11:121020214	ENSG00000263353.4	PPIAL4A	up	-0.813083	0.187303	-0.80538	0.255891	181	267	58	95	0.404018	0.379085
NC_000001.11:115338793	ENSG00000134259.6	NGF	up	0.89753	0.0156884	-0.0824437	0.848128	116	332	41	112	0.258929	0.267974
NC_000005.10:44797664	ENSG00000112996.11	MRPS30	up	-0.75006	0.152302	-0.420874	0.487352	62	386	21	132	0.138393	0.137255
NC_000012.12:53943586	ENSG00000123364.5	HOXC13	up	1.39616	0.0157347	-0.151537	0.816615	76	372	25	128	0.169643	0.163399
NC_000011.10:16877189	ENSG00000166689.18	PLEKHA7	body	-1.23841	0.000394244	0.651572	0.11239	227	221	76	77	0.506696	0.496732
NC_000001.11:33107787	ENSG00000142920.18	AZIN2	up	-0.0752998	0.917003	1.74987	0.0308026	38	410	11	142	0.0848214	0.0718954
NC_000010.11:46885040	ENSG00000204179.11	PTPN20	up	0.356042	0.148723	0.633502	0.0270418	157	291	49	104	0.350446	0.320261
NC_000009.12:113081900	ENSG00000136866.14	ZFP37	dn	0.410854	0.0233541	0.278859	0.182844	350	98	119	34	0.78125	0.777778
NC_000009.12:113081903	ENSG00000136866.14	ZFP37	dn	0.428342	0.028479	0.246793	0.274624	350	98	119	34	0.78125	0.777778
NC_000020.11:58637297	ENSG00000124222.23	STX16	up	1.04359	0.0108145	0.0233825	0.961242	165	283	52	101	0.368304	0.339869
NC_000005.10:147873559	ENSG00000164265.9	SCGB3A2	up	0.139435	0.809088	1.37454	0.0387141	69	379	22	131	0.154018	0.143791
NC_000008.11:56362321	ENSG00000170786.13	SDR16C5	dn	-1.01131	3.32107e-05	0.447269	0.112169	161	287	64	89	0.359375	0.418301
NC_000009.12:32635769	ENSG00000122728.6	TAF1L	dn	-0.0644415	0.932929	2.21744	0.0103323	39	409	12	141	0.0870536	0.0784314
NC_000004.12:119361015	ENSG00000145384.4	FABP2	dn	0.483281	0.0211361	0.272428	0.255935	145	303	43	110	0.323661	0.281046
NC_000011.10:112566455	ENSG00000188771.5	PLET1	enh	1.76963	0.44896	nan	nan	7	441	1	152	0.015625	0.00653595
NC_000002.12:74954219	ENSG00000115350.12	POLE4	dn	-2.1057	0.052638	0.864844	0.445425	92	356	7	146	0.205357	0.0457516
NC_000020.11:31204481	ENSG00000215547.1	DEFB115	up	0.131713	0.26129	0.132076	0.326554	114	334	41	112	0.254464	0.267974
NC_000012.12:30879017	ENSG00000110900.16	TSPAN11	up	-1.06885	0.0930435	-0.523618	0.47817	69	379	24	129	0.154018	0.156863
NC_000007.14:80364473	ENSG00000135218.19	CD36	body	1.15935	0.00032327	-0.700719	0.0574076	301	147	102	51	0.671875	0.666667
NC_000010.11:46885286	ENSG00000204179.11	PTPN20	up	0.424713	0.123699	0.45374	0.156463	157	291	49	104	0.350446	0.320261
NC_000001.11:121016491	ENSG00000263353.4	PPIAL4A	up	-1.71145	0.0100169	0.405468	0.594697	181	267	58	95	0.404018	0.379085
NC_000011.10:71512287	ENSG00000244411.4	KRTAP5-7	enh	-0.939312	0.706891	nan	nan	7	441	1	152	0.015625	0.00653595
NC_000001.11:93822279	ENSG00000137936.18	BCAR3	up	-1.26385	0.00131835	-0.192505	0.666916	220	228	73	80	0.491071	0.477124
NC_000001.11:93822279	ENSG00000137936.18	BCAR3	body	-1.26385	0.00131835	-0.192505	0.666916	220	228	73	80	0.491071	0.477124
NC_000008.11:272339	ENSG00000172748.14	ZNF596	dn	-0.58893	0.00131522	0.205961	0.330952	356	92	114	39	0.794643	0.745098
NC_000022.11:44890479	ENSG00000056487.17	PHF21B	dn	0.348503	0.0209706	-0.0819266	0.631315	212	236	68	85	0.473214	0.444444
NC_000022.11:44890479	ENSG00000056487.17	PHF21B	body	0.348503	0.0209706	-0.0819266	0.631315	212	236	68	85	0.473214	0.444444
NC_000008.11:131495016	ENSG00000132294.15	EFR3A	dn	-1.32532	0.0748514	-0.0835252	0.9209	25	423	7	146	0.0558036	0.0457516
NC_000006.12:149983434	ENSG00000111981.5	ULBP1	dn	-1.43911	0.0206527	0.0472292	0.947386	85	363	31	122	0.189732	0.202614
NC_000011.10:94374371	ENSG00000123901.9	GPR83	up	0.475659	0.228932	0.483602	0.285313	63	385	23	130	0.140625	0.150327
NC_000014.9:18656017	ENSG00000257115.2	OR11H12	up	-1.54063	0.0122161	0.0696947	0.916855	52	396	12	141	0.116071	0.0784314
NC_000010.11:133578443	ENSG00000171772.17	SYCE1	body	-1.38435	0.0491652	-0.347644	0.6811	24	424	11	142	0.0535714	0.0718954
NC_000001.11:175887565	ENSG00000116147.19	TNR	dn	-0.44981	0.448979	-1.23584	0.0696586	255	193	48	105	0.569196	0.313725
NC_000009.12:76509448	ENSG00000187210.14	GCNT1	body	-0.620377	0.00293156	0.202161	0.403881	309	139	101	52	0.689732	0.660131
NC_000001.11:153104283	ENSG00000203785.9	SPRR2E	up	1.18827	0.0135845	-0.156559	0.784916	85	363	34	119	0.189732	0.222222
NC_000003.12:155613812	ENSG00000114805.18	PLCH1	up	-3.09202	8.83036e-06	0.899333	0.261175	178	270	53	100	0.397321	0.346405
NC_000003.12:155613812	ENSG00000114805.18	PLCH1	body	-3.02619	7.46853e-06	0.872455	0.263685	179	269	53	100	0.399554	0.346405
NC_000019.10:21601272	ENSG00000197013.11	ZNF429	dn	-0.655049	3.95672e-05	0.364051	0.0427629	132	316	51	102	0.294643	0.333333
NC_000008.11:48226436	ENSG00000169139.12	UBE2V2	dn	-1.1845	0.00102267	0.563513	0.175065	245	203	88	65	0.546875	0.575163
NC_000010.11:38830122	ENSG00000283930.1	PLD5P1	up	-2.0733	1.1162e-05	0.658033	0.22376	79	369	32	121	0.176339	0.20915
NC_000010.11:38830122	ENSG00000283930.1	PLD5P1	dn	-0.653707	0.0227429	-0.0453365	0.888239	152	296	52	101	0.339286	0.339869
NC_000010.11:38830122	ENSG00000283930.1	PLD5P1	body	-1.06349	0.000804336	-0.0263987	0.941963	127	321	46	107	0.283482	0.300654
NC_000012.12:112608207	ENSG00000089169.15	RPH3A	enh	0.437889	0.822586	nan	nan	6	442	1	152	0.0133929	0.00653595
NC_000014.9:80942596	ENSG00000165409.18	TSHR	body	-0.612427	0.226869	-0.565739	0.324962	136	312	41	112	0.303571	0.267974
NC_000020.11:2390163	ENSG00000166948.10	TGM6	up	-1.74221	0.000749233	0.709729	0.236967	86	362	26	127	0.191964	0.169935
NC_000009.12:138166239	ENSG00000148408.15	CACNA1B	prom	-0.63852	0.107548	-0.254679	0.581139	39	409	14	139	0.0870536	0.0915033
NC_000001.11:214486920	ENSG00000152104.12	PTPN14	dn	-3.04345	0.000467267	1.39235	0.146034	153	295	26	127	0.341518	0.169935
NC_000001.11:214486920	ENSG00000152104.12	PTPN14	body	-3.04345	0.000467267	1.39235	0.146034	153	295	26	127	0.341518	0.169935
NC_000001.11:198335148	ENSG00000151414.15	NEK7	enh	2.99395	3.47453e-06	nan	nan	4	444	0	153	0.00892857	0
NC_000011.10:60437948	ENSG00000166930.7	MS4A5	dn	-0.758328	0.143752	-0.290987	0.613646	84	364	21	132	0.1875	0.137255
NC_000003.12:174398658	ENSG00000177694.16	NAALADL2	body	0.292551	0.0350054	-0.0281987	0.857869	383	65	119	34	0.854911	0.777778
NC_000006.12:168229430	ENSG00000164488.12	DACT2	up	-0.294265	0.0151706	-0.0251867	0.861256	320	128	92	61	0.714286	0.601307
NC_000018.10:49814989	ENSG00000167315.18	ACAA2	up	-1.94935	0.000165249	1.0955	0.0569284	96	352	20	133	0.214286	0.130719
NC_000018.10:49814989	ENSG00000167315.18	ACAA2	enh	-9.62039	0.000232899	nan	nan	4	444	1	152	0.00892857	0.00653595
NC_000001.11:107764322	ENSG00000134215.16	VAV3	body	0.807545	0.143287	0.589948	0.34279	236	212	61	92	0.526786	0.398693
NC_000012.12:129202886	ENSG00000151948.12	GLT1D1	body	0.505187	0.110118	0.238753	0.523785	233	215	84	69	0.520089	0.54902
NC_000012.12:33952338	ENSG00000139133.7	ALG10	up	0.909858	0.0565423	0.501865	0.372549	266	182	93	60	0.59375	0.607843
NC_000004.12:185056135	ENSG00000187821.9	HELT	dn	-1.37147	0.00502856	0.42853	0.43341	132	316	47	106	0.294643	0.30719
NC_000003.12:133561192	ENSG00000091527.17	CDV3	enh	2.04455	0.015191	0.0481795	0.96303	31	417	17	136	0.0691964	0.111111
NC_000004.12:80489466	ENSG00000197826.13	CFAP299	up	1.94709	0.0342897	0.303642	0.762534	119	329	20	133	0.265625	0.130719
NC_000004.12:80489466	ENSG00000197826.13	CFAP299	body	0.652061	0.0418035	0.408918	0.253138	256	192	83	70	0.571429	0.542484
NC_000006.12:160617551	ENSG00000198670.13	LPA	dn	-0.152534	0.482703	-0.375074	0.120009	95	353	26	127	0.212054	0.169935
NC_000002.12:171408450	ENSG00000115827.14	DCAF17	dn	-2.34518	0.000156323	1.3879	0.0543933	78	370	21	132	0.174107	0.137255
NC_000014.9:56281356	ENSG00000139946.11	PELI2	body	-0.973066	0.0168083	0.116973	0.806415	96	352	33	120	0.214286	0.215686
NC_000015.10:73799157	ENSG00000205363.7	INSYN1	up	0.815036	0.0731552	0.039226	0.938694	194	254	50	103	0.433036	0.326797
NC_000020.11:31167906	ENSG00000215547.1	DEFB115	up	-0.384125	0.00127906	0.132385	0.331827	114	334	41	112	0.254464	0.267974
NC_000006.12:116604944	ENSG00000111834.13	RSPH4A	up	-0.466568	0.0854019	-0.334489	0.283887	230	218	73	80	0.513393	0.477124
NC_000010.11:104078055	ENSG00000065618.21	COL17A1	up	2.15106	0.00841777	-0.349368	0.724895	22	426	11	142	0.0491071	0.0718954
NC_000003.12:26745980	ENSG00000179796.13	LRRC3B	dn	-0.796519	0.136162	-0.37162	0.543495	121	327	36	117	0.270089	0.235294
NC_000006.12:159277931	ENSG00000164694.17	FNDC1	dn	-1.54733	0.0590626	-0.14571	0.875431	35	413	10	143	0.078125	0.0653595
NC_000003.12:12031946	ENSG00000157152.17	SYN2	body	-1.39965	0.00524695	-0.0183194	0.974791	193	255	74	79	0.430804	0.48366
NC_000012.12:8184283	ENSG00000196946.11	ZNF705A	body	-2.30293	0.0103506	0.586408	0.55176	90	358	17	136	0.200893	0.111111
NC_000001.11:107191747	ENSG00000162631.20	NTNG1	body	1.27637	0.0838092	0.144764	0.859297	174	274	31	122	0.388393	0.202614
NC_000009.12:113082088	ENSG00000136866.14	ZFP37	dn	0.246318	0.173046	0.312846	0.134826	350	98	119	34	0.78125	0.777778
NC_000003.12:133832484	ENSG00000144867.13	SRPRB	body	1.75666	1.4787e-05	-0.923887	0.0610651	66	382	37	116	0.147321	0.24183
NC_000013.11:36318343	ENSG00000250709.1	CCDC169-SOHLH2	up	-0.712587	0.084019	-0.288051	0.550905	98	350	33	120	0.21875	0.215686
NC_000013.11:36318343	ENSG00000250709.1	CCDC169-SOHLH2	dn	-0.712587	0.084019	-0.288051	0.550905	98	350	33	120	0.21875	0.215686
NC_000013.11:36318343	ENSG00000250709.1	CCDC169-SOHLH2	body	-0.712587	0.084019	-0.288051	0.550905	98	350	33	120	0.21875	0.215686
NC_000001.11:731068	ENSG00000284662.2	OR4F16	dn	-0.695296	0.00205456	0.240816	0.381483	128	320	51	102	0.285714	0.333333
NC_000009.12:86013291	ENSG00000135040.16	NAA35	dn	2.19102	9.15958e-06	-1.19642	0.0453922	79	369	35	118	0.176339	0.228758
NC_000010.11:94002324	ENSG00000138193.17	PLCE1	body	0.472534	0.651609	1.14929	0.299955	28	420	4	149	0.0625	0.0261438
NC_000002.12:910149	ENSG00000172554.12	SNTG2	up	-0.608252	0.000558199	0.328616	0.106719	329	119	107	46	0.734375	0.699346
NC_000020.11:31075446	ENSG00000215547.1	DEFB115	up	0.0738089	0.190534	0.0748982	0.247296	114	334	41	112	0.254464	0.267974
NC_000012.12:112580441	ENSG00000089169.15	RPH3A	enh	-2.4272	0.297246	nan	nan	6	442	1	152	0.0133929	0.00653595
NC_000020.11:31224087	ENSG00000215547.1	DEFB115	up	1.0263	1.93893e-07	-0.353797	0.114362	114	334	41	112	0.254464	0.267974
NC_000002.12:3328650	ENSG00000032389.13	EIPR1	up	-0.434024	0.00623845	0.118917	0.503525	174	274	47	106	0.388393	0.30719
NC_000002.12:3328650	ENSG00000032389.13	EIPR1	dn	-0.830161	0.00160235	0.308603	0.285806	202	246	51	102	0.450893	0.333333
NC_000002.12:3328650	ENSG00000032389.13	EIPR1	body	-0.43187	0.00120769	0.122879	0.407903	264	184	70	83	0.589286	0.457516
NC_000005.10:173967997	ENSG00000185056.10	C5orf47	up	1.86196	0.0106146	-0.331652	0.693901	61	387	21	132	0.136161	0.137255
NC_000012.12:133250400	ENSG00000227059.7	ANHX	dn	0.711523	0.00475122	-0.275149	0.338851	205	243	66	87	0.457589	0.431373
NC_000004.12:56635823	ENSG00000171476.23	HOPX	up	2.00954	0.000100061	-0.0704181	0.906505	153	295	50	103	0.341518	0.326797
NC_000004.12:56635823	ENSG00000171476.23	HOPX	enh	1.37806	0.000397032	-0.525106	0.243335	248	200	76	77	0.553571	0.496732
NC_000005.10:127106407	ENSG00000164241.14	C5orf63	dn	1.54328	0.0221089	0.531075	0.502148	39	409	15	138	0.0870536	0.0980392
NC_000001.11:93319348	ENSG00000117505.13	DR1	up	-0.661446	0.0117889	0.103869	0.739512	169	279	55	98	0.377232	0.359477
NC_000006.12:50820650	ENSG00000008196.13	TFAP2B	up	0.930547	0.0281693	0.275027	0.580402	190	258	75	78	0.424107	0.490196
NC_000003.12:194753529	ENSG00000185112.6	FAM43A	dn	-0.773175	0.248763	-0.800546	0.303576	100	348	33	120	0.223214	0.215686
NC_000002.12:237655079	ENSG00000124831.20	LRRFIP1	body	0.95204	0.062086	-0.0979216	0.86147	176	272	43	110	0.392857	0.281046
NC_000011.10:102602093	ENSG00000137674.4	MMP20	up	-3.14537	0.000273269	-0.347331	0.718512	72	376	18	135	0.160714	0.117647
NC_000011.10:102602093	ENSG00000137674.4	MMP20	dn	-1.55866	0.00609375	-0.320724	0.621732	109	339	28	125	0.243304	0.183007
NC_000011.10:102602093	ENSG00000137674.4	MMP20	body	-3.14537	0.000273269	-0.347331	0.718512	72	376	18	135	0.160714	0.117647
NC_000011.10:102602093	ENSG00000137674.4	MMP20	enh	-3.14537	0.000273269	-0.347331	0.718512	72	376	18	135	0.160714	0.117647
NC_000011.10:48964801	ENSG00000220948.6	TRIM51G	up	0.788944	0.00710173	0.245412	0.462866	154	294	51	102	0.34375	0.333333
NC_000006.12:41369919	ENSG00000096264.14	NCR2	dn	0.178676	0.458178	0.250888	0.337887	124	324	31	122	0.276786	0.202614
NC_000001.11:30796094	ENSG00000162511.8	LAPTM5	dn	-0.589927	0.0839081	-0.128372	0.736149	250	198	86	67	0.558036	0.562092
NC_000010.11:126055414	ENSG00000203780.12	FANK1	dn	-1.4207	0.0230258	0.219636	0.759151	72	376	24	129	0.160714	0.156863
NC_000009.12:113081911	ENSG00000136866.14	ZFP37	dn	0.36264	0.0383629	0.205439	0.309939	350	98	119	34	0.78125	0.777778
NC_000004.12:120750603	ENSG00000138738.11	PRDM5	up	-1.46043	0.0450971	-0.237972	0.781913	54	394	22	131	0.120536	0.143791
NC_000002.12:662442	ENSG00000151353.15	TMEM18	up	-0.756339	0.00220663	-0.0385242	0.889432	379	69	117	36	0.845982	0.764706
NC_000002.12:662442	ENSG00000151353.15	TMEM18	dn	-0.790929	0.000242658	0.154597	0.532243	356	92	96	57	0.794643	0.627451
NC_000002.12:662442	ENSG00000151353.15	TMEM18	body	-1.82822	5.53712e-08	-0.00572619	0.988183	253	195	65	88	0.564732	0.424837
NC_000002.12:74930944	ENSG00000115350.12	POLE4	dn	-2.01154	0.075676	0.313982	0.790381	92	356	7	146	0.205357	0.0457516
NC_000002.12:100452918	ENSG00000204640.1	NMS	up	0.918476	0.0765245	0.445904	0.458111	126	322	44	109	0.28125	0.287582
NC_000006.12:169573863	ENSG00000285733.1	ENSG00000285733	dn	0.740369	0.00120663	-0.294582	0.258225	235	213	73	80	0.524554	0.477124
NC_000006.12:157313010	ENSG00000215712.11	TMEM242	up	0.0872757	0.148763	0.0462613	0.498391	258	190	76	77	0.575893	0.496732
NC_000003.12:116927251	ENSG00000185565.13	LSAMP	body	0.358494	0.0132815	-0.061605	0.710205	370	78	112	41	0.825893	0.732026
NC_000010.11:113503412	ENSG00000148702.15	HABP2	up	-0.606359	0.0605603	-0.125976	0.730431	212	236	62	91	0.473214	0.405229
NC_000004.12:119406221	ENSG00000145384.4	FABP2	dn	-0.911894	0.0016886	0.136293	0.680901	145	303	43	110	0.323661	0.281046
NC_000003.12:131419817	ENSG00000198585.12	NUDT16	dn	-1.01925	0.0153812	0.102126	0.831922	132	316	39	114	0.294643	0.254902
NC_000005.10:142458436	ENSG00000187678.10	SPRY4	up	0.19418	0.820964	1.57915	0.0976998	40	408	9	144	0.0892857	0.0588235
NC_000007.14:30924366	ENSG00000240583.14	AQP1	up	-1.85625	0.000489372	0.999377	0.08896	98	350	20	133	0.21875	0.130719
NC_000006.12:108532167	ENSG00000118689.15	FOXO3	up	0.699446	0.222998	0.643025	0.331247	53	395	19	134	0.118304	0.124183
NC_000005.10:11262621	ENSG00000112977.16	DAP	prom	7.56182	0.00226142	nan	nan	11	437	1	152	0.0245536	0.00653595
NC_000005.10:179974587	ENSG00000197226.13	TBC1D9B	dn	-0.402862	0.0754122	-0.017932	0.943035	226	222	76	77	0.504464	0.496732
NC_000005.10:56908166	ENSG00000155542.12	SETD9	up	-0.480076	0.255373	-0.811734	0.10098	114	334	45	108	0.254464	0.294118
NC_000001.11:115319904	ENSG00000134259.6	NGF	up	0.822505	0.134541	0.907856	0.155044	116	332	41	112	0.258929	0.267974
NC_000015.10:70864597	ENSG00000166173.11	LARP6	dn	1.02932	0.0745979	0.364821	0.586276	177	271	67	86	0.395089	0.437908
NC_000009.12:32874506	ENSG00000188133.6	TMEM215	up	1.01803	0.236188	0.808558	0.403323	39	409	12	141	0.0870536	0.0784314
NC_000009.12:113087075	ENSG00000136866.14	ZFP37	dn	1.3418	2.32859e-05	-0.0740451	0.838899	350	98	119	34	0.78125	0.777778
NC_000020.11:31175806	ENSG00000215547.1	DEFB115	up	0.6056	0.000555614	-0.187041	0.350876	114	334	41	112	0.254464	0.267974
NC_000020.11:31071405	ENSG00000215547.1	DEFB115	up	-0.0232174	0.573026	-0.0865121	0.0677713	114	334	41	112	0.254464	0.267974
NC_000003.12:133384714	ENSG00000170819.5	BFSP2	up	1.62218	0.00376222	-0.636391	0.323883	271	177	92	61	0.604911	0.601307
NC_000012.12:188699	ENSG00000111181.13	SLC6A12	enh	-0.582536	0.276475	-0.709125	0.250626	81	367	21	132	0.180804	0.137255
NC_000010.11:38830131	ENSG00000283930.1	PLD5P1	up	-2.30724	8.8165e-05	-0.232199	0.730904	79	369	32	121	0.176339	0.20915
NC_000010.11:38830131	ENSG00000283930.1	PLD5P1	dn	-0.907466	0.0115271	-0.309966	0.44256	152	296	52	101	0.339286	0.339869
NC_000010.11:38830131	ENSG00000283930.1	PLD5P1	body	-1.57779	0.000103178	0.369489	0.425514	127	321	46	107	0.283482	0.300654
NC_000020.11:51436826	ENSG00000101096.20	NFATC2	dn	-1.76283	0.00184465	0.855831	0.169553	212	236	61	92	0.473214	0.398693
NC_000020.11:51436826	ENSG00000101096.20	NFATC2	body	-1.76286	0.00184128	0.863198	0.164662	213	235	61	92	0.475446	0.398693
NC_000009.12:113087191	ENSG00000136866.14	ZFP37	dn	1.40571	3.50835e-05	0.159232	0.683292	350	98	119	34	0.78125	0.777778
NC_000009.12:113087199	ENSG00000136866.14	ZFP37	dn	1.20523	0.000199563	0.162054	0.663761	350	98	119	34	0.78125	0.777778
NC_000007.14:65179999	ENSG00000213462.5	ERV3-1	up	0.64153	0.145046	0.517604	0.305168	101	347	36	117	0.225446	0.235294
NC_000002.12:172445504	ENSG00000152256.14	PDK1	up	-1.99767	0.0765337	0.10713	0.931477	37	411	8	145	0.0825893	0.0522876
NC_000001.11:778291	ENSG00000284662.2	OR4F16	prom	6.18959	0.000721126	nan	nan	1	447	3	150	0.00223214	0.0196078
NC_000004.12:77308669	ENSG00000138764.15	CCNG2	body	1.51722	1.44112e-06	-0.489577	0.172065	304	144	103	50	0.678571	0.673203
NC_000002.12:74933462	ENSG00000115350.12	POLE4	dn	-1.15204	0.203101	-0.146091	0.877108	92	356	7	146	0.205357	0.0457516
NC_000020.11:61224954	ENSG00000179242.16	CDH4	up	1.28906	0.0449966	-0.141076	0.843851	145	303	44	109	0.323661	0.287582
NC_000011.10:5829187	ENSG00000205409.3	OR52E6	dn	0.854756	5.54435e-05	-0.427049	0.083074	157	291	54	99	0.350446	0.352941
NC_000019.10:36291101	ENSG00000196357.12	ZNF565	up	-0.413337	0.125552	-0.218262	0.480233	81	367	26	127	0.180804	0.169935
NC_000006.12:690025	ENSG00000112685.14	EXOC2	up	0.947908	0.000577283	-0.411664	0.197378	331	117	113	40	0.738839	0.738562
NC_000007.14:94840778	ENSG00000158528.12	PPP1R9A	up	-4.26309	2.21439e-10	-0.226061	0.768	173	275	67	86	0.386161	0.437908
NC_000003.12:183149399	ENSG00000078081.8	LAMP3	up	-1.14756	0.092144	-0.257909	0.73211	186	262	31	122	0.415179	0.202614
NC_000003.12:183149399	ENSG00000078081.8	LAMP3	dn	-1.14653	0.0920932	-0.261885	0.726479	188	260	31	122	0.419643	0.202614
NC_000003.12:183149399	ENSG00000078081.8	LAMP3	body	-1.14756	0.092144	-0.257909	0.73211	186	262	31	122	0.415179	0.202614
NC_000011.10:5896280	ENSG00000277932.2	OR52E5	up	0.944504	7.50117e-07	-0.499725	0.0271912	166	282	60	93	0.370536	0.392157
NC_000010.11:46886587	ENSG00000204179.11	PTPN20	up	0.702726	0.0118329	0.0220392	0.945635	157	291	49	104	0.350446	0.320261
NC_000005.10:115602107	ENSG00000243414.6	TICAM2	dn	1.07956	0.0462953	-0.218274	0.712422	95	353	35	118	0.212054	0.228758
NC_000018.10:78686141	ENSG00000256463.10	SALL3	dn	1.20858	0.0471797	-0.0711835	0.915951	94	354	25	128	0.209821	0.163399
NC_000018.10:14873246	ENSG00000180777.15	ANKRD30B	enh	0.745431	0.0366708	-0.00709537	0.986101	87	361	26	127	0.194196	0.169935
NC_000007.14:118443544	ENSG00000106013.15	ANKRD7	body	-0.924683	0.0114221	0.202023	0.631524	169	279	61	92	0.377232	0.398693
NC_000002.12:191765480	ENSG00000168497.5	CAVIN2	up	-0.709354	0.137401	-0.418311	0.447158	115	333	39	114	0.256696	0.254902
NC_000008.11:141698399	ENSG00000226490.2	C8orf90	up	-0.367829	0.124519	-0.113394	0.674798	264	184	84	69	0.589286	0.54902
NC_000007.14:122821238	ENSG00000081803.17	CADPS2	body	-4.05985	4.29483e-05	2.71018	0.0152165	41	407	13	140	0.0915179	0.0849673
NC_000010.11:46878330	ENSG00000204179.11	PTPN20	up	0.528305	0.130779	0.291935	0.471607	157	291	49	104	0.350446	0.320261
NC_000009.12:113088122	ENSG00000136866.14	ZFP37	dn	0.535588	0.0136859	-0.0174068	0.94465	350	98	119	34	0.78125	0.777778
NC_000010.11:38215389	ENSG00000283930.1	PLD5P1	dn	0.75011	0.0111176	-0.240683	0.468464	152	296	52	101	0.339286	0.339869
NC_000010.11:38215389	ENSG00000283930.1	PLD5P1	body	0.514023	0.116922	0.438149	0.244177	127	321	46	107	0.283482	0.300654
NC_000006.12:157284804	ENSG00000215712.11	TMEM242	up	-0.419766	0.000771942	0.113425	0.419774	258	190	76	77	0.575893	0.496732
NC_000001.11:2672480	ENSG00000142606.16	MMEL1	up	-0.479072	0.00020273	0.151312	0.325839	102	346	45	108	0.227679	0.294118
NC_000001.11:2672480	ENSG00000142606.16	MMEL1	dn	-0.297238	3.67764e-05	0.146259	0.0709612	187	261	70	83	0.417411	0.457516
NC_000001.11:2672480	ENSG00000142606.16	MMEL1	body	-0.479072	0.00020273	0.151312	0.325839	102	346	45	108	0.227679	0.294118
NC_000012.12:112580217	ENSG00000089169.15	RPH3A	enh	-0.145744	0.943161	nan	nan	6	442	1	152	0.0133929	0.00653595
NC_000006.12:88112152	ENSG00000118432.13	CNR1	up	1.43196	0.015759	-0.345076	0.613774	181	267	67	86	0.404018	0.437908
NC_000013.11:94401660	ENSG00000080166.16	DCT	up	2.29117	0.000405387	-0.735178	0.322439	101	347	25	128	0.225446	0.163399
NC_000008.11:61097497	ENSG00000177182.11	CLVS1	body	0.529989	0.306583	0.72038	0.210928	258	190	99	54	0.575893	0.647059
NC_000017.11:73178199	ENSG00000180616.9	SSTR2	dn	0.763204	0.000831434	-0.322027	0.221611	218	230	100	53	0.486607	0.653595
NC_000017.11:73178199	ENSG00000180616.9	SSTR2	prom	0.885353	0.000303431	-0.291849	0.310572	190	258	87	66	0.424107	0.568627
NC_000001.11:19435135	ENSG00000173436.15	MICOS10	up	-0.909075	0.00899429	0.285021	0.469224	223	225	67	86	0.497768	0.437908
NC_000001.11:19435135	ENSG00000173436.15	MICOS10	enh	-0.929457	0.0101308	0.308726	0.448076	219	229	67	86	0.488839	0.437908
NC_000008.11:66342051	ENSG00000179041.4	RRS1	up	-0.729811	0.0429354	-0.129919	0.74562	132	316	42	111	0.294643	0.27451
NC_000012.12:106645063	ENSG00000111783.13	RFX4	up	-1.57648	0.000161553	0.958056	0.0459648	137	311	51	102	0.305804	0.333333
NC_000015.10:69627050	ENSG00000137818.12	RPLP1	up	0.543728	0.167704	0.658284	0.184219	41	407	20	133	0.0915179	0.130719
NC_000003.12:125990604	ENSG00000114547.10	ROPN1B	dn	-2.31524	0.00071954	0.330675	0.661817	197	251	33	120	0.439732	0.215686
NC_000012.12:9942746	ENSG00000172322.14	CLEC12A	body	-2.97968	0.00118271	1.11303	0.26795	68	380	13	140	0.151786	0.0849673
NC_000010.11:113476791	ENSG00000148702.15	HABP2	up	0.581988	0.0429518	0.119272	0.713862	212	236	62	91	0.473214	0.405229
NC_000006.12:47636397	ENSG00000153294.12	ADGRF4	up	0.895677	0.297866	0.583974	0.526381	43	405	6	147	0.0959821	0.0392157
NC_000001.11:209708454	ENSG00000117594.10	HSD11B1	dn	0.309404	0.232547	0.287693	0.332619	56	392	22	131	0.125	0.143791
NC_000018.10:75264313	ENSG00000179981.11	TSHZ1	enh	-1.27199	9.97976e-06	nan	nan	11	437	0	153	0.0245536	0
NC_000001.11:2669213	ENSG00000142606.16	MMEL1	up	-0.784673	2.62894e-05	0.425479	0.0562327	102	346	45	108	0.227679	0.294118
NC_000001.11:2669213	ENSG00000142606.16	MMEL1	body	-0.784673	2.62894e-05	0.425479	0.0562327	102	346	45	108	0.227679	0.294118
NC_000001.11:2669215	ENSG00000142606.16	MMEL1	up	-0.551971	0.000248044	0.172681	0.337246	102	346	45	108	0.227679	0.294118
NC_000001.11:2669215	ENSG00000142606.16	MMEL1	dn	-0.367882	1.30804e-05	0.22295	0.0188401	187	261	70	83	0.417411	0.457516
NC_000001.11:2669215	ENSG00000142606.16	MMEL1	body	-0.551971	0.000248044	0.172681	0.337246	102	346	45	108	0.227679	0.294118
NC_000001.11:15326239	ENSG00000142634.13	EFHD2	up	-1.3757	0.00637366	0.0514852	0.937183	18	430	13	140	0.0401786	0.0849673
NC_000001.11:121020237	ENSG00000263353.4	PPIAL4A	up	-1.32367	0.0329949	-0.0232057	0.974016	181	267	58	95	0.404018	0.379085
NC_000019.10:21577931	ENSG00000197013.11	ZNF429	dn	-0.170789	0.0501571	-0.0375533	0.703553	132	316	51	102	0.294643	0.333333
NC_000020.11:31191831	ENSG00000215547.1	DEFB115	up	0.824413	2.11506e-07	-0.217538	0.228113	114	334	41	112	0.254464	0.267974
NC_000011.10:123747551	ENSG00000166261.11	ZNF202	dn	1.69132	0.194984	1.12814	0.450084	29	419	9	144	0.0647321	0.0588235
NC_000012.12:112727119	ENSG00000089169.15	RPH3A	enh	7.26452	0.0207665	nan	nan	6	442	1	152	0.0133929	0.00653595
NC_000007.14:108103032	ENSG00000091128.13	LAMB4	enh	5.04789	0.000137953	-1.62663	0.304318	22	426	10	143	0.0491071	0.0653595
NC_000001.11:93835042	ENSG00000137936.18	BCAR3	up	-2.25897	2.18319e-05	-0.677098	0.261631	220	228	73	80	0.491071	0.477124
NC_000001.11:93835042	ENSG00000137936.18	BCAR3	body	-2.25897	2.18319e-05	-0.677098	0.261631	220	228	73	80	0.491071	0.477124
NC_000014.9:91390465	ENSG00000015133.20	CCDC88C	dn	-1.44101	0.0172845	0.260582	0.709112	150	298	50	103	0.334821	0.326797
NC_000014.9:91390465	ENSG00000015133.20	CCDC88C	body	-1.51963	0.0115994	0.339047	0.625609	152	296	51	102	0.339286	0.333333
NC_000011.10:26605830	ENSG00000169550.14	MUC15	dn	-0.695178	0.0172687	-0.0223322	0.946537	168	280	59	94	0.375	0.385621
NC_000020.11:45690233	ENSG00000168634.5	WFDC13	dn	0.316925	0.071936	0.0202801	0.919084	207	241	70	83	0.462054	0.457516
NC_000006.12:169573635	ENSG00000285733.1	ENSG00000285733	dn	0.369764	0.380772	0.59686	0.216232	235	213	73	80	0.524554	0.477124
NC_000012.12:112544835	ENSG00000089169.15	RPH3A	enh	1.22341	0.60294	nan	nan	6	442	1	152	0.0133929	0.00653595
NC_000010.11:75468936	ENSG00000148655.16	LRMDA	enh	2.75465	0.0196905	0.267323	0.847003	26	422	10	143	0.0580357	0.0653595
NC_000019.10:36283693	ENSG00000196357.12	ZNF565	up	-0.672901	0.13479	-0.535642	0.299003	81	367	26	127	0.180804	0.169935
NC_000019.10:36283693	ENSG00000196357.12	ZNF565	dn	-1.34169	0.166532	-0.561073	0.598418	61	387	14	139	0.136161	0.0915033
NC_000007.14:100956290	ENSG00000169894.18	MUC3A	body	-5.69516	1.04531e-18	1.82343	0.0100227	89	359	26	127	0.198661	0.169935
NC_000009.12:131859907	ENSG00000107263.19	RAPGEF1	up	4.81473	0.00311453	-2.55348	0.152052	25	423	5	148	0.0558036	0.0326797
NC_000009.12:113081924	ENSG00000136866.14	ZFP37	dn	0.200457	0.232698	0.297163	0.126401	350	98	119	34	0.78125	0.777778
NC_000012.12:48550971	ENSG00000198678.5	OR5BS1P	up	0.327932	0.0955937	0.186013	0.418871	178	270	64	89	0.397321	0.418301
NC_000003.12:75690678	ENSG00000172969.8	FRG2C	dn	-0.449847	0.114746	-0.0183928	0.953268	340	108	79	74	0.758929	0.51634
NC_000020.11:31230767	ENSG00000215547.1	DEFB115	up	0.632825	0.00028746	-0.0249055	0.900544	114	334	41	112	0.254464	0.267974
NC_000012.12:112544957	ENSG00000089169.15	RPH3A	enh	-1.98647	0.32492	nan	nan	6	442	1	152	0.0133929	0.00653595
NC_000020.11:31054457	ENSG00000215547.1	DEFB115	up	0.0930618	0.00214283	-0.0370661	0.28532	114	334	41	112	0.254464	0.267974
NC_000008.11:23910970	ENSG00000159167.12	STC1	dn	-1.10418	0.0192979	-0.0273176	0.959254	250	198	101	52	0.558036	0.660131
NC_000018.10:22934396	ENSG00000101773.19	RBBP8	body	-0.453502	0.302011	-0.858002	0.103821	106	342	43	110	0.236607	0.281046
NC_000001.11:205563655	ENSG00000174514.13	MFSD4A	up	0.53519	0.137565	0.20033	0.625855	86	362	21	132	0.191964	0.137255
NC_000006.12:7437906	ENSG00000124784.9	RIOK1	dn	-5.31193	3.09546e-14	0.821835	0.272487	101	347	35	118	0.225446	0.228758
NC_000020.11:31214970	ENSG00000215547.1	DEFB115	up	0.223563	0.0731097	0.034289	0.810573	114	334	41	112	0.254464	0.267974
NC_000004.12:7779495	ENSG00000196526.11	AFAP1	up	-1.43995	0.00379746	0.699985	0.188109	70	378	18	135	0.15625	0.117647
NC_000010.11:80546805	ENSG00000178217.15	SH2D4B	up	2.39018	0.00887973	-0.759228	0.447484	41	407	8	145	0.0915179	0.0522876
NC_000007.14:65095198	ENSG00000213462.5	ERV3-1	up	2.93108	4.39825e-08	-1.26797	0.0369111	101	347	36	117	0.225446	0.235294
NC_000003.12:126703692	ENSG00000159685.11	CHCHD6	body	0.719893	0.00864503	0.0549903	0.861955	91	357	25	128	0.203125	0.163399
NC_000003.12:126703692	ENSG00000159685.11	CHCHD6	enh	1.52891	0.0237233	-0.104112	0.889941	38	410	9	144	0.0848214	0.0588235
NC_000001.11:227812244	ENSG00000185888.6	PRSS38	body	0.314594	0.277649	0.447041	0.188153	147	301	62	91	0.328125	0.405229
NC_000005.10:56908057	ENSG00000155542.12	SETD9	up	-1.06182	0.0414274	-0.700799	0.250204	114	334	45	108	0.254464	0.294118
NC_000020.11:62607440	ENSG00000101187.16	SLCO4A1	up	-0.138865	0.4987	-0.427326	0.0712397	339	109	120	33	0.756696	0.784314
NC_000001.11:179462473	ENSG00000162779.22	AXDND1	body	1.56095	0.0179873	-0.302498	0.685248	109	339	29	124	0.243304	0.189542
NC_000009.12:113085614	ENSG00000136866.14	ZFP37	dn	-0.281728	0.0954189	-0.0929367	0.634136	350	98	119	34	0.78125	0.777778
NC_000001.11:779477	ENSG00000284662.2	OR4F16	prom	5.92717	0.000134956	nan	nan	1	447	3	150	0.00223214	0.0196078
NC_000012.12:130422532	ENSG00000125207.7	PIWIL1	up	-1.81638	0.00135933	0.955952	0.133807	77	371	24	129	0.171875	0.156863
NC_000004.12:7080092	ENSG00000109519.14	GRPEL1	up	2.41829	0.00144939	-1.20491	0.170535	71	377	22	131	0.158482	0.143791
NC_000009.12:93612946	ENSG00000197724.12	PHF2	body	1.67796	0.00939459	-0.0857044	0.903275	84	364	17	136	0.1875	0.111111
NC_000007.14:35720461	ENSG00000122557.11	HERPUD2	dn	0.907163	0.0196019	-0.0880822	0.846209	101	347	39	114	0.225446	0.254902
NC_000007.14:35720461	ENSG00000122557.11	HERPUD2	body	0.907163	0.0196019	-0.0880822	0.846209	101	347	39	114	0.225446	0.254902
NC_000010.11:38802417	ENSG00000283930.1	PLD5P1	dn	0.412653	0.00063693	-0.248415	0.0670195	152	296	52	101	0.339286	0.339869
NC_000005.10:845145	ENSG00000188818.13	ZDHHC11	up	0.644056	4.35202e-07	-0.369896	0.0106092	340	108	100	53	0.758929	0.653595
NC_000005.10:845145	ENSG00000188818.13	ZDHHC11	dn	0.655127	3.60109e-07	-0.379554	0.00923563	339	109	100	53	0.756696	0.653595
NC_000005.10:845145	ENSG00000188818.13	ZDHHC11	body	0.655141	3.59867e-07	-0.379087	0.00934714	339	109	100	53	0.756696	0.653595
NC_000006.12:150508484	ENSG00000120278.17	PLEKHG1	up	-2.17724	0.0211928	0.618777	0.546089	88	360	16	137	0.196429	0.104575
NC_000010.11:133609029	ENSG00000225899.8	FRG2B	up	2.07896	5.98935e-05	0.177942	0.757225	173	275	54	99	0.386161	0.352941
NC_000010.11:133609029	ENSG00000225899.8	FRG2B	dn	0.801715	0.102552	0.558239	0.327688	229	219	71	82	0.511161	0.464052
NC_000001.11:2680267	ENSG00000142606.16	MMEL1	dn	-0.546173	0.000989322	0.258908	0.165901	187	261	70	83	0.417411	0.457516
NC_000009.12:113084327	ENSG00000136866.14	ZFP37	dn	0.108217	0.396306	0.205857	0.16337	350	98	119	34	0.78125	0.777778
NC_000011.10:92875840	ENSG00000134640.3	MTNR1B	up	0.590594	0.136536	0.43967	0.341017	154	294	58	95	0.34375	0.379085
NC_000011.10:92875840	ENSG00000134640.3	MTNR1B	prom	0.602027	0.13046	0.428208	0.354993	154	294	57	96	0.34375	0.372549
NC_000010.11:35521	ENSG00000261456.6	TUBB8	dn	-0.340971	0.260862	-0.628328	0.0647025	246	202	69	84	0.549107	0.45098
NC_000010.11:46886350	ENSG00000204179.11	PTPN20	up	0.686064	0.00821499	0.269863	0.369189	157	291	49	104	0.350446	0.320261
NC_000014.9:90222590	ENSG00000100764.14	PSMC1	up	1.80295	0.00138245	0.272149	0.680221	78	370	31	122	0.174107	0.202614
NC_000013.11:19344408	ENSG00000198033.13	TUBA3C	dn	0.633663	0.0807185	0.229019	0.59301	263	185	91	62	0.587054	0.594771
NC_000010.11:25896499	ENSG00000095777.17	MYO3A	up	0.887964	0.00041115	-0.491516	0.0927796	185	263	61	92	0.412946	0.398693
NC_000014.9:52255742	ENSG00000168229.4	PTGDR	up	1.03814	0.093502	0.294917	0.67914	95	353	35	118	0.212054	0.228758
NC_000011.10:5896172	ENSG00000277932.2	OR52E5	up	1.36059	1.09974e-05	-0.66071	0.0720699	166	282	60	93	0.370536	0.392157
NC_000014.9:21777825	ENSG00000276240.4	OR4E1	dn	-2.6353	3.16269e-05	0.0123365	0.98602	207	241	39	114	0.462054	0.254902
NC_000001.11:2672138	ENSG00000142606.16	MMEL1	up	-0.489984	0.000420357	0.102859	0.535473	102	346	45	108	0.227679	0.294118
NC_000001.11:2672138	ENSG00000142606.16	MMEL1	dn	-0.27077	0.000501284	0.0998176	0.254548	187	261	70	83	0.417411	0.457516
NC_000001.11:2672138	ENSG00000142606.16	MMEL1	body	-0.489984	0.000420357	0.102859	0.535473	102	346	45	108	0.227679	0.294118
NC_000020.11:2376505	ENSG00000166948.10	TGM6	up	-1.27994	2.23818e-05	0.730207	0.0369581	86	362	26	127	0.191964	0.169935
NC_000008.11:103125222	ENSG00000164929.17	BAALC	up	-1.68984	0.129115	-1.04268	0.386971	76	372	12	141	0.169643	0.0784314
NC_000007.14:29809719	ENSG00000122574.12	WIPF3	up	0.819244	0.133743	0.481201	0.443673	274	174	53	100	0.611607	0.346405
NC_000018.10:76405679	ENSG00000101493.11	ZNF516	up	-1.40338	0.000741501	0.653808	0.184519	66	382	28	125	0.147321	0.183007
NC_000003.12:39000806	ENSG00000114742.14	WDR48	up	-1.01966	0.179188	-0.446871	0.597881	94	354	27	126	0.209821	0.176471
NC_000012.12:5918111	ENSG00000047617.18	ANO2	up	-1.13329	0.00932409	0.135665	0.783622	295	153	94	59	0.658482	0.614379
NC_000002.12:113397631	ENSG00000136682.16	ZNG1B	body	-0.287435	0.333351	-0.489587	0.151413	95	353	37	116	0.212054	0.24183
NC_000001.11:730904	ENSG00000284662.2	OR4F16	prom	-3.38003	0.00795946	nan	nan	1	447	3	150	0.00223214	0.0196078
NC_000003.12:122186448	ENSG00000036828.17	CASR	enh	-10.0783	6.70229e-09	nan	nan	2	446	1	152	0.00446429	0.00653595
NC_000022.11:49761730	ENSG00000100425.19	BRD1	up	-0.543875	0.467213	-0.706076	0.37883	48	400	10	143	0.107143	0.0653595
NC_000022.11:49761730	ENSG00000100425.19	BRD1	enh	-2.42824	0.0920075	0.100726	0.948219	33	415	5	148	0.0736607	0.0326797
NC_000006.12:4020455	ENSG00000112739.17	PRPF4B	body	1.39964	0.0252663	-0.254437	0.721811	185	263	50	103	0.412946	0.326797
NC_000005.10:131809470	ENSG00000217128.13	FNIP1	up	1.76045	0.00167065	-0.524516	0.423003	77	371	30	123	0.171875	0.196078
NC_000005.10:131809470	ENSG00000217128.13	FNIP1	body	1.75922	0.00169782	-0.582159	0.373117	79	369	30	123	0.176339	0.196078
NC_000001.11:2672496	ENSG00000142606.16	MMEL1	up	-0.296122	0.0348501	-0.0796847	0.635733	102	346	45	108	0.227679	0.294118
NC_000001.11:2672496	ENSG00000142606.16	MMEL1	dn	-0.188748	0.0159117	0.00404549	0.963473	187	261	70	83	0.417411	0.457516
NC_000001.11:2672496	ENSG00000142606.16	MMEL1	body	-0.296122	0.0348501	-0.0796847	0.635733	102	346	45	108	0.227679	0.294118
NC_000010.11:98264025	ENSG00000138131.4	LOXL4	up	-1.56397	0.0114518	-0.0625301	0.937226	23	425	16	137	0.0513393	0.104575
NC_000010.11:98264025	ENSG00000138131.4	LOXL4	body	-1.56397	0.0114518	-0.0625301	0.937226	23	425	16	137	0.0513393	0.104575
NC_000014.9:20987529	ENSG00000165792.18	METTL17	dn	-0.872245	0.45246	3.45871	0.00671564	24	424	6	147	0.0535714	0.0392157
NC_000014.9:20987529	ENSG00000165792.18	METTL17	enh	-0.864645	0.454687	4.22703	0.00132815	21	427	6	147	0.046875	0.0392157
NC_000008.11:103125589	ENSG00000164929.17	BAALC	up	-1.05978	0.194833	-0.573591	0.516875	76	372	12	141	0.169643	0.0784314
NC_000007.14:141759526	ENSG00000127362.2	TAS2R3	up	3.36876	6.39804e-05	-1.3834	0.155789	158	290	51	102	0.352679	0.333333
NC_000007.14:141759526	ENSG00000127362.2	TAS2R3	dn	5.87177	5.63017e-06	0.956418	0.520526	41	407	12	141	0.0915179	0.0784314
NC_000016.10:78351004	ENSG00000186153.19	WWOX	body	-0.570404	0.00642957	0.183789	0.452917	327	121	117	36	0.729911	0.764706
NC_000012.12:48542843	ENSG00000198678.5	OR5BS1P	up	0.632626	0.0123392	-0.101592	0.730696	178	270	64	89	0.397321	0.418301
NC_000008.11:66387709	ENSG00000179041.4	RRS1	up	-0.35496	0.373566	-0.462601	0.297368	132	316	42	111	0.294643	0.27451
NC_000003.12:41640786	ENSG00000168038.11	ULK4	dn	-0.363638	0.387923	-0.308421	0.495148	68	380	18	135	0.151786	0.117647
NC_000013.11:24050812	ENSG00000182957.16	SPATA13	body	2.09889	0.000437078	-1.14388	0.0976687	124	324	43	110	0.276786	0.281046
NC_000007.14:100996841	ENSG00000169876.14	MUC17	up	-0.452903	0.0290572	0.019434	0.936553	249	199	91	62	0.555804	0.594771
NC_000004.12:56635840	ENSG00000171476.23	HOPX	up	3.46283	5.04378e-09	-0.400578	0.55707	153	295	50	103	0.341518	0.326797
NC_000004.12:56635840	ENSG00000171476.23	HOPX	enh	1.64227	0.000346403	-0.430451	0.417385	248	200	76	77	0.553571	0.496732
NC_000001.11:121020120	ENSG00000263353.4	PPIAL4A	up	-1.58831	0.00673666	0.501228	0.455792	181	267	58	95	0.404018	0.379085
NC_000006.12:159298961	ENSG00000164694.17	FNDC1	body	-0.631105	0.115637	-0.274492	0.550133	164	284	53	100	0.366071	0.346405
NC_000019.10:21577820	ENSG00000197013.11	ZNF429	dn	-0.367834	0.0270815	-0.18145	0.335286	132	316	51	102	0.294643	0.333333
NC_000019.10:21577820	ENSG00000197013.11	ZNF429	enh	-2.89928	0.0331865	0.0907131	0.952472	28	420	7	146	0.0625	0.0457516
NC_000008.11:66377597	ENSG00000179041.4	RRS1	up	-0.713477	0.0543067	0.0534247	0.896799	132	316	42	111	0.294643	0.27451
NC_000010.11:105278155	ENSG00000156395.14	SORCS3	body	1.55384	0.0293527	-0.250846	0.75386	47	401	9	144	0.104911	0.0588235
NC_000020.11:31191846	ENSG00000215547.1	DEFB115	up	0.168178	0.0236798	-0.0234963	0.78268	114	334	41	112	0.254464	0.267974
NC_000004.12:61160608	ENSG00000150471.17	ADGRL3	up	-2.02329	0.00319145	0.259407	0.745385	101	347	42	111	0.225446	0.27451
NC_000005.10:838422	ENSG00000188818.13	ZDHHC11	up	-0.089047	0.478698	-0.203522	0.157536	340	108	100	53	0.758929	0.653595
NC_000011.10:8978399	ENSG00000175348.11	TMEM9B	dn	1.18174	0.11365	0.75575	0.37581	76	372	29	124	0.169643	0.189542
NC_000009.12:113081810	ENSG00000136866.14	ZFP37	dn	0.68701	0.000517039	0.0961861	0.672883	350	98	119	34	0.78125	0.777778
NC_000001.11:121659713	ENSG00000188610.12	FAM72B	up	0.095245	0.868016	1.37766	0.0334556	26	422	7	146	0.0580357	0.0457516
NC_000005.10:841225	ENSG00000188818.13	ZDHHC11	up	-0.486085	0.00615037	0.178228	0.378887	340	108	100	53	0.758929	0.653595
NC_000005.10:841225	ENSG00000188818.13	ZDHHC11	dn	-0.491764	0.00609188	0.188595	0.355549	339	109	100	53	0.756696	0.653595
NC_000005.10:841225	ENSG00000188818.13	ZDHHC11	body	-0.49178	0.00608976	0.187929	0.357417	339	109	100	53	0.756696	0.653595
NC_000020.11:31054342	ENSG00000215547.1	DEFB115	up	0.083737	0.015197	-0.0202391	0.608521	114	334	41	112	0.254464	0.267974
NC_000003.12:14209963	ENSG00000170860.4	LSM3	up	-0.890188	0.0223196	-0.104484	0.815137	154	294	56	97	0.34375	0.366013
NC_000003.12:31707264	ENSG00000163527.10	STT3B	enh	1.80205	2.58633e-05	nan	nan	4	444	0	153	0.00892857	0
NC_000012.12:109515525	ENSG00000151148.14	UBE3B	up	1.22211	0.159915	0.431646	0.63839	123	325	20	133	0.274554	0.130719
NC_000001.11:152218691	ENSG00000197915.7	HRNR	dn	-1.23505	0.0144858	0.227339	0.68817	86	362	24	129	0.191964	0.156863
NC_000008.11:272124	ENSG00000172748.14	ZNF596	dn	-0.353046	0.0468635	-0.177853	0.387506	356	92	114	39	0.794643	0.745098
NC_000001.11:121020488	ENSG00000263353.4	PPIAL4A	up	-1.32639	0.0435979	-0.334705	0.657338	181	267	58	95	0.404018	0.379085
NC_000001.11:167484011	ENSG00000198821.12	CD247	enh	-2.73294	0.0947736	-1.51817	0.401108	9	439	2	151	0.0200893	0.0130719
NC_000009.12:138175440	ENSG00000148408.15	CACNA1B	prom	-2.65518	0.0101142	-0.111312	0.926028	39	409	14	139	0.0870536	0.0915033
NC_000011.10:128552721	ENSG00000134954.14	ETS1	dn	2.57234	0.0200436	2.19178	0.0834818	29	419	9	144	0.0647321	0.0588235
NC_000011.10:128552721	ENSG00000134954.14	ETS1	enh	4.90955	0.000280912	-0.0763171	0.960092	21	427	6	147	0.046875	0.0392157
NC_000014.9:55510179	ENSG00000126777.18	KTN1	up	3.02909	0.00885873	-0.505498	0.68792	66	382	12	141	0.147321	0.0784314
NC_000010.11:46882436	ENSG00000204179.11	PTPN20	up	1.26995	3.66403e-05	-0.475523	0.180217	157	291	49	104	0.350446	0.320261
NC_000001.11:733661	ENSG00000284662.2	OR4F16	dn	-0.483076	0.00161065	0.125517	0.501559	128	320	51	102	0.285714	0.333333
NC_000019.10:36288564	ENSG00000196357.12	ZNF565	up	-0.5936	0.00538276	0.104041	0.669574	81	367	26	127	0.180804	0.169935
NC_000004.12:72127894	ENSG00000056291.19	NPFFR2	body	2.04366	0.0171836	-0.227901	0.818382	26	422	9	144	0.0580357	0.0588235
NC_000001.11:115367244	ENSG00000134259.6	NGF	up	0.519171	0.221051	0.633321	0.198816	116	332	41	112	0.258929	0.267974
NC_000002.12:74954364	ENSG00000115350.12	POLE4	dn	-0.826278	0.273569	-0.498234	0.52718	92	356	7	146	0.205357	0.0457516
NC_000018.10:58727460	ENSG00000172175.16	MALT1	dn	-1.23762	0.00513115	0.115491	0.821494	154	294	55	98	0.34375	0.359477
NC_000001.11:248828333	ENSG00000175137.11	SH3BP5L	dn	1.5893	0.000535665	-0.954375	0.0503207	118	330	21	132	0.263393	0.137255
NC_000006.12:160632078	ENSG00000198670.13	LPA	dn	-0.159328	0.510367	-0.540768	0.0443285	95	353	26	127	0.212054	0.169935
NC_000014.9:56211768	ENSG00000139946.11	PELI2	body	-0.516032	0.194325	-1.42309	0.00240581	96	352	33	120	0.214286	0.215686
NC_000003.12:133889734	ENSG00000154917.11	RAB6B	up	-2.04231	0.0402731	-0.0416775	0.96883	97	351	13	140	0.216518	0.0849673
NC_000003.12:133889734	ENSG00000154917.11	RAB6B	dn	-2.04231	0.0402731	-0.0416775	0.96883	97	351	13	140	0.216518	0.0849673
NC_000003.12:133889734	ENSG00000154917.11	RAB6B	body	-2.04231	0.0402731	-0.0416775	0.96883	97	351	13	140	0.216518	0.0849673
NC_000012.12:112565850	ENSG00000089169.15	RPH3A	enh	2.28731	0.270755	nan	nan	6	442	1	152	0.0133929	0.00653595
NC_000008.11:66365538	ENSG00000179041.4	RRS1	up	-1.16144	0.00810582	0.194227	0.689838	132	316	42	111	0.294643	0.27451
NC_000018.10:106343	ENSG00000173213.11	TUBB8B	dn	-0.906129	1.74923e-13	0.439634	0.00100616	150	298	47	106	0.334821	0.30719
NC_000012.12:5046876	ENSG00000130037.5	KCNA5	enh	-5.96071	7.50407e-08	4.54729	0.000223251	12	436	3	150	0.0267857	0.0196078
NC_000012.12:42021847	ENSG00000151233.11	GXYLT1	up	-1.74151	0.0096391	-0.493366	0.520484	59	389	19	134	0.131696	0.124183
NC_000012.12:42021847	ENSG00000151233.11	GXYLT1	dn	-1.74151	0.0095583	-0.578154	0.452989	60	388	19	134	0.133929	0.124183
NC_000012.12:42021847	ENSG00000151233.11	GXYLT1	body	-1.74146	0.00982684	-0.452979	0.558682	59	389	19	134	0.131696	0.124183
NC_000020.11:45437716	ENSG00000124155.19	PIGT	body	0.610888	0.32312	0.792338	0.258813	240	208	48	105	0.535714	0.313725
NC_000007.14:97498870	ENSG00000006128.12	TAC1	up	0.32235	0.0357133	0.0017639	0.992025	289	159	92	61	0.645089	0.601307
NC_000017.11:21734652	ENSG00000260458.3	KCNJ18	dn	-2.49543	0.064583	-0.28042	0.847336	31	417	5	148	0.0691964	0.0326797
NC_000004.12:77309852	ENSG00000138764.15	CCNG2	body	0.986544	1.85728e-05	-0.421339	0.109169	304	144	103	50	0.678571	0.673203
NC_000002.12:613730	ENSG00000151353.15	TMEM18	enh	-2.13986	0.00446943	0.61154	0.462747	116	332	29	124	0.258929	0.189542
NC_000004.12:53330218	ENSG00000184178.17	SCFD2	up	1.18613	0.0163534	-0.177994	0.756056	182	266	70	83	0.40625	0.457516
NC_000007.14:32661844	ENSG00000105778.20	AVL9	up	-0.521868	0.0227891	0.0498473	0.853601	211	237	78	75	0.470982	0.509804
NC_000007.14:32661844	ENSG00000105778.20	AVL9	body	-0.407562	0.148573	-0.344758	0.300533	161	287	68	85	0.359375	0.444444
NC_000010.11:79684928	ENSG00000188199.11	NUTM2B	up	1.23933	0.0355656	0.284968	0.67993	108	340	34	119	0.241071	0.222222
NC_000009.12:113087099	ENSG00000136866.14	ZFP37	dn	1.07414	0.00133034	0.0382237	0.921034	350	98	119	34	0.78125	0.777778
NC_000001.11:2658933	ENSG00000142606.16	MMEL1	up	-0.67019	0.000713834	0.120815	0.60976	102	346	45	108	0.227679	0.294118
NC_000001.11:2658933	ENSG00000142606.16	MMEL1	dn	-0.488703	8.64492e-06	0.200306	0.104444	187	261	70	83	0.417411	0.457516
NC_000001.11:2658933	ENSG00000142606.16	MMEL1	body	-0.67019	0.000713834	0.120815	0.60976	102	346	45	108	0.227679	0.294118
NC_000020.11:31231825	ENSG00000215547.1	DEFB115	up	1.05431	4.75992e-08	-0.281597	0.198741	114	334	41	112	0.254464	0.267974
NC_000005.10:119433137	ENSG00000133835.18	HSD17B4	up	-1.06569	0.00585077	-0.26616	0.548118	331	117	112	41	0.738839	0.732026
NC_000010.11:46879405	ENSG00000204179.11	PTPN20	up	0.388414	0.040482	0.140556	0.522347	157	291	49	104	0.350446	0.320261
NC_000006.12:166613753	ENSG00000235272.3	RAMACL	dn	1.40451	0.0102476	0.123893	0.845109	47	401	18	135	0.104911	0.117647
NC_000006.12:166613753	ENSG00000235272.3	RAMACL	enh	1.57175	0.0129622	0.0859676	0.906409	38	410	13	140	0.0848214	0.0849673
NC_000002.12:101945496	ENSG00000115590.14	IL1R2	body	1.17172	0.0317858	-0.0758168	0.904224	187	261	62	91	0.417411	0.405229
NC_000006.12:86945469	ENSG00000168830.8	HTR1E	up	1.1888	0.0195133	-0.143229	0.811382	55	393	22	131	0.122768	0.143791
NC_000001.11:211495902	ENSG00000198570.7	RD3	up	-2.00314	0.0249002	-0.546805	0.605235	36	412	16	137	0.0803571	0.104575
NC_000020.11:31231941	ENSG00000215547.1	DEFB115	up	0.448096	0.00651832	0.0148581	0.937191	114	334	41	112	0.254464	0.267974
NC_000010.11:3063664	ENSG00000067057.19	PFKP	up	-0.406074	0.0213935	0.0933455	0.63854	214	234	69	84	0.477679	0.45098
NC_000004.12:77308686	ENSG00000138764.15	CCNG2	body	0.815509	0.00431747	-0.183209	0.575589	304	144	103	50	0.678571	0.673203
NC_000001.11:732020	ENSG00000284662.2	OR4F16	dn	-0.240664	0.412114	-0.860458	0.0168416	128	320	51	102	0.285714	0.333333
NC_000006.12:168229462	ENSG00000164488.12	DACT2	up	-0.374306	0.00252978	0.0710246	0.629484	320	128	92	61	0.714286	0.601307
NC_000005.10:103039215	ENSG00000145723.17	GIN1	up	2.62266	0.00651716	-0.371109	0.721181	66	382	13	140	0.147321	0.0849673
NC_000005.10:103039215	ENSG00000145723.17	GIN1	dn	4.35768	0.000301327	-1.90448	0.134888	64	384	8	145	0.142857	0.0522876
NC_000005.10:103039215	ENSG00000145723.17	GIN1	body	4.35768	0.000301327	-1.90448	0.134888	64	384	8	145	0.142857	0.0522876
NC_000015.10:53688098	ENSG00000166415.15	WDR72	up	-2.28022	0.217364	-0.820739	0.674778	28	420	4	149	0.0625	0.0261438
NC_000009.12:138176853	ENSG00000148408.15	CACNA1B	prom	-2.47411	0.0128605	-0.24998	0.828685	39	409	14	139	0.0870536	0.0915033
NC_000016.10:57255002	ENSG00000102931.8	ARL2BP	up	-0.794673	0.00745778	0.308494	0.346218	244	204	71	82	0.544643	0.464052
NC_000010.11:38833901	ENSG00000283930.1	PLD5P1	up	-2.74243	1.59574e-05	0.387057	0.595092	79	369	32	121	0.176339	0.20915
NC_000010.11:38833901	ENSG00000283930.1	PLD5P1	dn	-1.23415	0.00123334	-0.13872	0.746093	152	296	52	101	0.339286	0.339869
NC_000010.11:38833901	ENSG00000283930.1	PLD5P1	body	-1.50878	0.000428728	-0.147851	0.762525	127	321	46	107	0.283482	0.300654
NC_000005.10:10630058	ENSG00000164236.12	ANKRD33B	body	-1.08252	0.0132743	0.169277	0.728391	178	270	48	105	0.397321	0.313725
NC_000020.11:31055871	ENSG00000215547.1	DEFB115	up	0.0772262	0.0192677	0.00123506	0.973939	114	334	41	112	0.254464	0.267974
NC_000001.11:201347336	ENSG00000118194.22	TNNT2	up	3.03591	0.00058682	-0.0720391	0.947127	34	414	19	134	0.0758929	0.124183
NC_000001.11:201347336	ENSG00000118194.22	TNNT2	enh	3.38973	0.000253624	-0.4012	0.721505	33	415	17	136	0.0736607	0.111111
NC_000015.10:43679009	ENSG00000166762.19	CATSPER2	up	1.35685	0.111407	0.633391	0.528919	28	420	12	141	0.0625	0.0784314
NC_000001.11:115258825	ENSG00000134259.6	NGF	up	2.09287	0.000464188	-0.557548	0.419842	116	332	41	112	0.258929	0.267974
NC_000001.11:2664017	ENSG00000142606.16	MMEL1	dn	-0.150224	0.0897569	-0.0377718	0.705733	187	261	70	83	0.417411	0.457516
NC_000020.11:30294352	ENSG00000215547.1	DEFB115	up	0.182084	0.119471	0.0829685	0.536338	114	334	41	112	0.254464	0.267974
NC_000012.12:41374080	ENSG00000165966.16	PDZRN4	body	0.669854	0.00417566	-0.194118	0.472451	309	139	113	40	0.689732	0.738562
NC_000009.12:113088149	ENSG00000136866.14	ZFP37	dn	0.388785	0.0710651	0.197605	0.42732	350	98	119	34	0.78125	0.777778
NC_000004.12:55157999	ENSG00000128052.10	KDR	dn	1.97625	0.0128467	-0.249351	0.780236	63	385	17	136	0.140625	0.111111
NC_000010.11:52745231	ENSG00000165471.7	MBL2	dn	0.626955	0.0764394	0.164883	0.678511	163	285	48	105	0.363839	0.313725
NC_000020.11:31062128	ENSG00000215547.1	DEFB115	up	0.0954097	0.00232652	-0.0133362	0.709831	114	334	41	112	0.254464	0.267974
NC_000022.11:47370649	ENSG00000054611.14	TBC1D22A	enh	-3.58232	0.00115534	1.50736	0.260942	10	438	5	148	0.0223214	0.0326797
NC_000006.12:157311936	ENSG00000215712.11	TMEM242	up	0.25355	0.000208109	-0.133134	0.0837442	258	190	76	77	0.575893	0.496732
NC_000011.10:71687153	ENSG00000204571.7	KRTAP5-11	dn	-0.423089	0.596213	-1.40449	0.116713	41	407	11	142	0.0915179	0.0718954
NC_000001.11:68120098	ENSG00000162595.8	DIRAS3	dn	-1.26314	0.0226954	0.246896	0.693643	252	196	66	87	0.5625	0.431373
NC_000011.10:100662631	ENSG00000165895.19	ARHGAP42	up	-3.17185	8.51797e-07	0.416447	0.562086	140	308	33	120	0.3125	0.215686
NC_000011.10:100662631	ENSG00000165895.19	ARHGAP42	body	-1.2749	0.0332166	-0.373351	0.579597	171	277	50	103	0.381696	0.326797
NC_000013.11:40874284	ENSG00000102743.16	SLC25A15	dn	-0.828155	0.00746165	0.275528	0.434124	152	296	31	122	0.339286	0.202614
NC_000003.12:100124901	ENSG00000168386.19	FILIP1L	dn	-4.44731	3.23853e-07	0.30058	0.750418	45	403	10	143	0.100446	0.0653595
NC_000003.12:100124901	ENSG00000168386.19	FILIP1L	body	-2.90981	2.35655e-09	0.984671	0.0575112	80	368	23	130	0.178571	0.150327
NC_000009.12:23704141	ENSG00000107105.15	ELAVL2	dn	-1.63202	0.0580668	-0.0979371	0.921151	28	420	9	144	0.0625	0.0588235
NC_000009.12:23704141	ENSG00000107105.15	ELAVL2	body	-1.63202	0.0580668	-0.0979371	0.921151	28	420	9	144	0.0625	0.0588235
NC_000019.10:36296348	ENSG00000196357.12	ZNF565	up	-0.666587	0.152706	-0.531196	0.320139	81	367	26	127	0.180804	0.169935
NC_000019.10:36296348	ENSG00000196357.12	ZNF565	dn	-0.312203	0.755877	-1.63036	0.140017	61	387	14	139	0.136161	0.0915033
NC_000008.11:91210082	ENSG00000147606.9	SLC26A7	up	0.466152	0.200192	0.700531	0.124768	89	359	40	113	0.198661	0.261438
NC_000002.12:235792501	ENSG00000157985.20	AGAP1	body	-0.264447	0.126287	-0.11199	0.568345	311	137	108	45	0.694196	0.705882
NC_000005.10:36792442	ENSG00000164190.19	NIPBL	up	-1.75293	0.00657384	0.544874	0.459368	172	276	48	105	0.383929	0.313725
NC_000013.11:72203014	ENSG00000276644.5	DACH1	up	1.17123	0.033042	0.254959	0.696529	23	425	8	145	0.0513393	0.0522876
NC_000003.12:142985589	ENSG00000163714.18	U2SURP	body	1.98725	0.0386526	-0.43247	0.676506	44	404	7	146	0.0982143	0.0457516
NC_000003.12:159092514	ENSG00000214216.11	IQCJ	dn	-2.71704	0.000216473	1.67364	0.0407152	71	377	17	136	0.158482	0.111111
NC_000004.12:112428072	ENSG00000178403.4	NEUROG2	up	-0.586734	0.254267	-0.643564	0.281992	172	276	63	90	0.383929	0.411765
NC_000003.12:125990864	ENSG00000114547.10	ROPN1B	dn	-2.44477	0.00247972	-0.382836	0.668179	197	251	33	120	0.439732	0.215686
NC_000006.12:107781383	ENSG00000146285.15	SCML4	up	-2.33452	0.105418	0.236935	0.877783	43	405	8	145	0.0959821	0.0522876
NC_000006.12:107781383	ENSG00000146285.15	SCML4	body	-2.33452	0.105418	0.236935	0.877783	43	405	8	145	0.0959821	0.0522876
NC_000010.11:46890690	ENSG00000204179.11	PTPN20	up	0.458027	0.114126	0.238983	0.47723	157	291	49	104	0.350446	0.320261
NC_000001.11:2660444	ENSG00000142606.16	MMEL1	dn	-0.0866719	0.343782	-0.139449	0.178261	187	261	70	83	0.417411	0.457516
NC_000002.12:74930852	ENSG00000115350.12	POLE4	dn	-1.78011	0.16561	-0.530152	0.692375	92	356	7	146	0.205357	0.0457516
NC_000006.12:169586880	ENSG00000285733.1	ENSG00000285733	dn	0.743884	0.0685401	0.100893	0.828756	235	213	73	80	0.524554	0.477124
NC_000010.11:46845898	ENSG00000204179.11	PTPN20	up	0.445357	0.0130371	-0.0861473	0.678307	157	291	49	104	0.350446	0.320261
NC_000001.11:47991997	ENSG00000269113.4	TRABD2B	dn	-2.36489	0.078522	0.419906	0.767878	34	414	4	149	0.0758929	0.0261438
NC_000009.12:113081941	ENSG00000136866.14	ZFP37	dn	0.625422	0.000526778	0.065363	0.752987	350	98	119	34	0.78125	0.777778
NC_000009.12:113081945	ENSG00000136866.14	ZFP37	dn	0.377127	0.0389705	0.25568	0.22586	350	98	119	34	0.78125	0.777778
NC_000019.10:36280958	ENSG00000196357.12	ZNF565	up	-0.891597	0.00320568	-0.110829	0.748495	81	367	26	127	0.180804	0.169935
NC_000019.10:36280958	ENSG00000196357.12	ZNF565	body	-1.46205	0.0397328	0.166337	0.835106	45	403	12	141	0.100446	0.0784314
NC_000001.11:161456678	ENSG00000143226.16	FCGR2A	up	0.356608	0.382741	0.523012	0.258584	110	338	40	113	0.245536	0.261438
NC_000008.11:66327344	ENSG00000179041.4	RRS1	up	-1.11559	0.000315787	0.681173	0.0472353	132	316	42	111	0.294643	0.27451
NC_000022.11:16522804	ENSG00000198445.4	CCT8L2	dn	-1.22934	0.113526	-0.514402	0.57172	36	412	16	137	0.0803571	0.104575
NC_000009.12:121813440	ENSG00000136848.19	DAB2IP	dn	0.0104362	0.979375	-1.04693	0.0209089	135	313	34	119	0.301339	0.222222
NC_000001.11:179429039	ENSG00000162779.22	AXDND1	dn	0.305783	0.47163	0.722223	0.138735	84	364	29	124	0.1875	0.189542
NC_000007.14:37962827	ENSG00000086289.13	EPDR1	dn	0.548262	0.00919181	-0.142388	0.553293	204	244	63	90	0.455357	0.411765
NC_000020.11:23346724	ENSG00000132661.4	NXT1	up	-2.93401	1.23972e-05	0.447965	0.550654	177	271	64	89	0.395089	0.418301
NC_000020.11:23346724	ENSG00000132661.4	NXT1	enh	-4.30448	5.99566e-06	0.296598	0.787055	154	294	58	95	0.34375	0.379085
NC_000009.12:113059131	ENSG00000136866.14	ZFP37	dn	-0.617147	0.031072	-0.0219349	0.94709	350	98	119	34	0.78125	0.777778
NC_000003.12:195623141	ENSG00000189058.9	APOD	dn	-1.49669	0.000740788	0.609573	0.212831	153	295	42	111	0.341518	0.27451
NC_000004.12:47931945	ENSG00000170448.12	NFXL1	dn	1.3846	0.00790375	-0.404869	0.497689	103	345	32	121	0.229911	0.20915
NC_000020.11:31169280	ENSG00000215547.1	DEFB115	up	0.825315	3.83707e-07	-0.249121	0.177637	114	334	41	112	0.254464	0.267974
NC_000018.10:78876403	ENSG00000256463.10	SALL3	dn	0.592863	0.0944229	0.0655251	0.867522	94	354	25	128	0.209821	0.163399
NC_000010.11:99160485	ENSG00000172987.14	HPSE2	body	-0.402401	0.118565	-0.196503	0.505603	208	240	65	88	0.464286	0.424837
NC_000002.12:1170166	ENSG00000115705.22	TPO	up	0.34494	0.0463395	0.0416956	0.825895	132	316	40	113	0.294643	0.261438
NC_000004.12:49864918	ENSG00000109182.12	CWH43	up	0.620889	0.311267	1.26956	0.0848227	76	372	37	116	0.169643	0.24183
NC_000006.12:168229239	ENSG00000164488.12	DACT2	up	-0.314199	0.0102391	-0.0115914	0.936492	320	128	92	61	0.714286	0.601307
NC_000010.11:38831570	ENSG00000283930.1	PLD5P1	up	-1.94147	1.66276e-05	0.489165	0.343891	79	369	32	121	0.176339	0.20915
NC_000010.11:38831570	ENSG00000283930.1	PLD5P1	dn	-0.535011	0.0514484	-0.166241	0.590554	152	296	52	101	0.339286	0.339869
NC_000010.11:38831570	ENSG00000283930.1	PLD5P1	body	-0.887016	0.0041533	0.167791	0.635595	127	321	46	107	0.283482	0.300654
NC_000019.10:23892142	ENSG00000213967.12	ZNF726	dn	-0.519728	0.00586105	0.0866855	0.679362	261	187	77	76	0.582589	0.503268
NC_000001.11:2658942	ENSG00000142606.16	MMEL1	dn	-0.273981	0.0103944	0.0772361	0.521991	187	261	70	83	0.417411	0.457516
NC_000005.10:843936	ENSG00000188818.13	ZDHHC11	up	0.245387	0.281102	0.398388	0.126561	340	108	100	53	0.758929	0.653595
NC_000005.10:843936	ENSG00000188818.13	ZDHHC11	dn	0.246609	0.283725	0.393862	0.133913	339	109	100	53	0.756696	0.653595
NC_000005.10:843936	ENSG00000188818.13	ZDHHC11	body	0.246641	0.283627	0.39596	0.131969	339	109	100	53	0.756696	0.653595
NC_000020.11:31231831	ENSG00000215547.1	DEFB115	up	0.387035	0.00166807	-0.0811202	0.564537	114	334	41	112	0.254464	0.267974
NC_000003.12:172850696	ENSG00000114346.14	ECT2	up	-1.68085	0.129773	-0.616784	0.62608	23	425	7	146	0.0513393	0.0457516
NC_000020.11:31187538	ENSG00000215547.1	DEFB115	up	0.271293	0.0132607	-0.0357422	0.775738	114	334	41	112	0.254464	0.267974
NC_000019.10:40120661	ENSG00000197782.15	ZNF780A	dn	-0.856082	0.0423723	-0.454349	0.334113	73	375	15	138	0.162946	0.0980392
NC_000003.12:98165304	ENSG00000233412.6	OR5H15	dn	0.584164	0.00128927	-0.314763	0.126851	198	250	51	102	0.441964	0.333333
NC_000019.10:21567482	ENSG00000197013.11	ZNF429	dn	-0.427521	0.00335945	-0.0274334	0.867665	132	316	51	102	0.294643	0.333333
NC_000019.10:21567482	ENSG00000197013.11	ZNF429	enh	-1.97625	0.0978408	-0.28413	0.831551	28	420	7	146	0.0625	0.0457516
NC_000001.11:2679716	ENSG00000142606.16	MMEL1	up	-1.57914	4.51015e-07	1.10908	0.00295924	102	346	45	108	0.227679	0.294118
NC_000001.11:2679716	ENSG00000142606.16	MMEL1	body	-1.57914	4.51015e-07	1.10908	0.00295924	102	346	45	108	0.227679	0.294118
NC_000007.14:98942861	ENSG00000196367.15	TRRAP	dn	1.45916	0.00930443	-0.559097	0.375287	102	346	25	128	0.227679	0.163399
NC_000012.12:108836003	ENSG00000084112.15	SSH1	up	1.54159	0.00303796	-0.116967	0.84795	66	382	26	127	0.147321	0.169935
NC_000012.12:108836003	ENSG00000084112.15	SSH1	dn	1.54277	0.00302907	-0.187436	0.756444	68	380	26	127	0.151786	0.169935
NC_000012.12:108836003	ENSG00000084112.15	SSH1	body	1.54159	0.00303796	-0.116967	0.84795	66	382	26	127	0.147321	0.169935
NC_000004.12:77308694	ENSG00000138764.15	CCNG2	body	0.86172	0.000393782	-0.154535	0.578204	304	144	103	50	0.678571	0.673203
NC_000010.11:38510261	ENSG00000283930.1	PLD5P1	up	-1.92748	4.91064e-05	1.2877	0.0182965	79	369	32	121	0.176339	0.20915
NC_000010.11:38510261	ENSG00000283930.1	PLD5P1	body	-1.10122	0.000586436	0.523596	0.152817	127	321	46	107	0.283482	0.300654
NC_000017.11:11971868	ENSG00000154957.14	ZNF18	up	-1.3482	0.0811826	-0.260503	0.768998	83	365	26	127	0.185268	0.169935
NC_000014.9:34672924	ENSG00000165410.15	CFL2	up	2.29862	0.00152168	-0.785182	0.334548	70	378	20	133	0.15625	0.130719
NC_000016.10:49944776	ENSG00000205423.12	CNEP1R1	up	0.560115	0.0164196	-0.186008	0.470682	165	283	44	109	0.368304	0.287582
NC_000010.11:133541612	ENSG00000130649.10	CYP2E1	body	-1.49522	0.00122992	0.502422	0.337191	43	405	19	134	0.0959821	0.124183
NC_000010.11:79957579	ENSG00000133661.17	SFTPD	up	0.74449	0.0946284	0.402744	0.457805	73	375	35	118	0.162946	0.228758
NC_000010.11:79957579	ENSG00000133661.17	SFTPD	body	1.28979	0.0140178	0.392449	0.538827	48	400	25	128	0.107143	0.163399
NC_000006.12:157311701	ENSG00000215712.11	TMEM242	up	0.538807	0.00370875	-0.0671517	0.748342	258	190	76	77	0.575893	0.496732
NC_000006.12:157311701	ENSG00000215712.11	TMEM242	dn	1.32439	0.0266516	-0.323163	0.610766	156	292	15	138	0.348214	0.0980392
NC_000001.11:208007086	ENSG00000174059.17	CD34	up	-1.23279	0.083977	-0.353625	0.669851	69	379	25	128	0.154018	0.163399
NC_000010.11:113561367	ENSG00000148702.15	HABP2	up	-0.646597	0.0736096	-0.162558	0.691069	212	236	62	91	0.473214	0.405229
NC_000006.12:46490081	ENSG00000172348.16	RCAN2	body	1.56424	0.0496772	0.266307	0.779038	48	400	21	132	0.107143	0.137255
NC_000005.10:16744804	ENSG00000154153.15	RETREG1	up	-0.20144	0.694658	-0.806915	0.157962	223	225	56	97	0.497768	0.366013
NC_000005.10:16744804	ENSG00000154153.15	RETREG1	dn	-0.20144	0.694658	-0.806915	0.157962	223	225	56	97	0.497768	0.366013
NC_000005.10:16744804	ENSG00000154153.15	RETREG1	body	-0.20144	0.694658	-0.806915	0.157962	223	225	56	97	0.497768	0.366013
NC_000010.11:79945998	ENSG00000133661.17	SFTPD	dn	-0.465587	0.112291	-0.227437	0.512925	118	330	51	102	0.263393	0.333333
NC_000010.11:79945998	ENSG00000133661.17	SFTPD	body	-1.41434	0.00108358	0.457272	0.384196	48	400	25	128	0.107143	0.163399
NC_000001.11:2677136	ENSG00000142606.16	MMEL1	up	-1.08108	4.01839e-06	0.499905	0.0736387	102	346	45	108	0.227679	0.294118
NC_000001.11:2677136	ENSG00000142606.16	MMEL1	dn	-0.635974	1.10062e-06	0.328376	0.0249643	187	261	70	83	0.417411	0.457516
NC_000001.11:2677136	ENSG00000142606.16	MMEL1	body	-1.08108	4.01839e-06	0.499905	0.0736387	102	346	45	108	0.227679	0.294118
NC_000006.12:160626532	ENSG00000198670.13	LPA	dn	-0.140714	0.448973	-0.258693	0.209756	95	353	26	127	0.212054	0.169935
NC_000007.14:152109182	ENSG00000178234.13	GALNT11	enh	-0.377675	0.454038	-0.880713	0.12814	254	194	97	56	0.566964	0.633987
NC_000009.12:113088158	ENSG00000136866.14	ZFP37	dn	0.359225	0.0762505	0.201497	0.389613	350	98	119	34	0.78125	0.777778
NC_000009.12:17072	ENSG00000181404.18	WASHC1	dn	-0.996596	0.00763314	0.263399	0.5457	108	340	45	108	0.241071	0.294118
NC_000014.9:18661671	ENSG00000257115.2	OR11H12	up	-1.69007	0.00258948	0.803824	0.186772	52	396	12	141	0.116071	0.0784314
NC_000017.11:57062399	ENSG00000121057.13	AKAP1	up	-0.831729	0.0165815	0.132423	0.745719	214	234	86	67	0.477679	0.562092
NC_000015.10:46749895	ENSG00000137872.17	SEMA6D	body	1.00648	0.00510414	-0.409527	0.311331	309	139	114	39	0.689732	0.745098
NC_000001.11:2664266	ENSG00000142606.16	MMEL1	up	-0.458608	0.0069948	0.105075	0.605786	102	346	45	108	0.227679	0.294118
NC_000001.11:2664266	ENSG00000142606.16	MMEL1	body	-0.458608	0.0069948	0.105075	0.605786	102	346	45	108	0.227679	0.294118
NC_000003.12:125990517	ENSG00000114547.10	ROPN1B	dn	-2.01839	0.000786877	0.223655	0.736217	197	251	33	120	0.439732	0.215686
NC_000001.11:2661508	ENSG00000142606.16	MMEL1	dn	-0.307079	0.00425858	0.0983395	0.416896	187	261	70	83	0.417411	0.457516
NC_000013.11:31780199	ENSG00000133105.8	RXFP2	body	1.78259	0.0153351	-0.348878	0.684193	107	341	41	112	0.238839	0.267974
NC_000003.12:125990639	ENSG00000114547.10	ROPN1B	dn	-1.18365	0.0522951	-0.447418	0.507928	197	251	33	120	0.439732	0.215686
NC_000021.9:12710249	ENSG00000166351.11	POTED	dn	1.0387	0.00249672	-0.254557	0.513955	77	371	22	131	0.171875	0.143791
NC_000017.11:21307570	ENSG00000034152.20	MAP2K3	body	-1.95208	0.000306512	0.150363	0.806993	75	373	23	130	0.167411	0.150327
NC_000011.10:63196407	ENSG00000196600.13	SLC22A25	up	-0.587107	0.0379581	-0.0952242	0.772651	114	334	45	108	0.254464	0.294118
NC_000011.10:63196407	ENSG00000196600.13	SLC22A25	body	-0.587107	0.0379581	-0.0952242	0.772651	114	334	45	108	0.254464	0.294118
NC_000020.11:31062493	ENSG00000215547.1	DEFB115	up	0.112427	0.00405187	-0.0438615	0.327352	114	334	41	112	0.254464	0.267974
NC_000011.10:13325619	ENSG00000133794.20	BMAL1	up	2.49264	0.021898	-0.507897	0.664889	58	390	9	144	0.129464	0.0588235
NC_000020.11:31191741	ENSG00000215547.1	DEFB115	up	-0.230442	0.0543146	-0.0485713	0.723531	114	334	41	112	0.254464	0.267974
NC_000002.12:236266600	ENSG00000182177.15	ASB18	up	0.651018	0.226646	0.589024	0.334893	226	222	45	108	0.504464	0.294118
NC_000002.12:236266600	ENSG00000182177.15	ASB18	dn	0.651018	0.226646	0.589024	0.334893	226	222	45	108	0.504464	0.294118
NC_000002.12:236266600	ENSG00000182177.15	ASB18	body	0.651018	0.226646	0.589024	0.334893	226	222	45	108	0.504464	0.294118
NC_000020.11:31236701	ENSG00000215547.1	DEFB115	up	0.15975	0.0521852	0.00266642	0.977449	114	334	41	112	0.254464	0.267974
NC_000020.11:31236705	ENSG00000215547.1	DEFB115	up	1.0988	8.57449e-08	-0.168717	0.468736	114	334	41	112	0.254464	0.267974
NC_000019.10:36306267	ENSG00000196357.12	ZNF565	up	-0.730903	0.0225087	-0.0510434	0.889251	81	367	26	127	0.180804	0.169935
NC_000005.10:127122477	ENSG00000164241.14	C5orf63	dn	2.64068	0.00372123	-0.531633	0.618203	39	409	15	138	0.0870536	0.0980392
NC_000004.12:9094903	ENSG00000229924.3	FAM90A26	up	2.10326	0.0951632	0.218421	0.875817	23	425	6	147	0.0513393	0.0392157
NC_000009.12:113081830	ENSG00000136866.14	ZFP37	dn	0.074338	0.700044	0.530733	0.0177052	350	98	119	34	0.78125	0.777778
NC_000008.11:272027	ENSG00000172748.14	ZNF596	dn	-0.890525	3.91215e-05	0.213084	0.393125	356	92	114	39	0.794643	0.745098
NC_000008.11:66315538	ENSG00000179041.4	RRS1	up	-1.05911	0.00533542	0.262355	0.533822	132	316	42	111	0.294643	0.27451
NC_000019.10:40945335	ENSG00000197408.10	CYP2B6	up	-2.82977	0.00687985	0.888121	0.452329	55	393	17	136	0.122768	0.111111
NC_000006.12:52064587	ENSG00000170927.15	PKHD1	up	0.874548	0.00961147	0.0185026	0.96125	151	297	45	108	0.337054	0.294118
NC_000009.12:6639394	ENSG00000178445.10	GLDC	up	-1.58419	0.154471	-1.30762	0.308024	73	375	24	129	0.162946	0.156863
NC_000009.12:6639394	ENSG00000178445.10	GLDC	dn	-1.58507	0.153695	-1.45155	0.25857	71	377	24	129	0.158482	0.156863
NC_000009.12:6639394	ENSG00000178445.10	GLDC	body	-1.58419	0.154471	-1.30762	0.308024	73	375	24	129	0.162946	0.156863
NC_000009.12:6639394	ENSG00000178445.10	GLDC	enh	-1.58507	0.153695	-1.45155	0.25857	71	377	24	129	0.158482	0.156863
NC_000015.10:101784422	ENSG00000184140.6	OR4F6	up	-0.558448	0.0182786	-0.316337	0.303782	72	376	23	130	0.160714	0.150327
NC_000015.10:101784422	ENSG00000184140.6	OR4F6	prom	-0.29733	0.886414	-7.40689	0.00272423	5	443	2	151	0.0111607	0.0130719
NC_000009.12:113081954	ENSG00000136866.14	ZFP37	dn	0.427599	0.0160253	0.0413908	0.839943	350	98	119	34	0.78125	0.777778
NC_000008.11:272141	ENSG00000172748.14	ZNF596	dn	-0.430975	0.000104949	0.157027	0.220548	356	92	114	39	0.794643	0.745098
NC_000003.12:10690350	ENSG00000157087.20	ATP2B2	up	-0.662674	0.145078	-0.530882	0.312642	78	370	26	127	0.174107	0.169935
NC_000010.11:46870756	ENSG00000204179.11	PTPN20	up	0.613152	0.0354323	0.519165	0.124631	157	291	49	104	0.350446	0.320261
NC_000007.14:47778293	ENSG00000158683.10	PKD1L1	dn	-0.898007	0.00201338	0.420875	0.210499	207	241	81	72	0.462054	0.529412
NC_000007.14:47778293	ENSG00000158683.10	PKD1L1	body	-0.852462	0.00259875	0.34121	0.289847	213	235	81	72	0.475446	0.529412
NC_000005.10:34181808	ENSG00000273294.1	C1QTNF3-AMACR	up	2.81182	1.29757e-06	-0.553262	0.413808	68	380	27	126	0.151786	0.176471
NC_000005.10:34181808	ENSG00000273294.1	C1QTNF3-AMACR	body	2.81182	1.29757e-06	-0.553262	0.413808	68	380	27	126	0.151786	0.176471
NC_000017.11:21722610	ENSG00000260458.3	KCNJ18	dn	-2.38159	0.0604751	0.537652	0.694419	31	417	5	148	0.0691964	0.0326797
NC_000009.12:113086814	ENSG00000136866.14	ZFP37	dn	1.4529	3.87126e-07	-0.230918	0.481062	350	98	119	34	0.78125	0.777778
NC_000004.12:2321250	ENSG00000123933.17	MXD4	enh	1.75668	4.76098e-05	nan	nan	4	444	0	153	0.00892857	0
NC_000006.12:169564007	ENSG00000285733.1	ENSG00000285733	dn	0.776701	0.0232841	-0.161556	0.679261	235	213	73	80	0.524554	0.477124
NC_000010.11:46875612	ENSG00000204179.11	PTPN20	up	1.13543	0.000148322	0.272305	0.430464	157	291	49	104	0.350446	0.320261
NC_000005.10:158886270	ENSG00000164330.18	EBF1	body	-1.17397	0.172386	-0.29792	0.748337	78	370	13	140	0.174107	0.0849673
NC_000021.9:43664950	ENSG00000160208.13	RRP1B	up	2.1918	1.37272e-05	-0.840099	0.150743	106	342	38	115	0.236607	0.248366
NC_000021.9:43664950	ENSG00000160208.13	RRP1B	enh	3.702	0.0049913	0.0250061	0.987943	15	433	9	144	0.0334821	0.0588235
NC_000012.12:112576043	ENSG00000089169.15	RPH3A	enh	2.08768	0.368351	nan	nan	6	442	1	152	0.0133929	0.00653595
NC_000005.10:56908087	ENSG00000155542.12	SETD9	up	-1.66568	0.00198155	0.070546	0.910639	114	334	45	108	0.254464	0.294118
NC_000015.10:80632330	ENSG00000136379.12	ABHD17C	enh	8.28059	2.20691e-05	-4.58198	0.045865	5	443	2	151	0.0111607	0.0130719
NC_000001.11:115326782	ENSG00000134259.6	NGF	up	1.14752	0.00789058	-0.335686	0.50231	116	332	41	112	0.258929	0.267974
NC_000003.12:87234993	ENSG00000083937.10	CHMP2B	dn	3.4903	0.00319906	-0.647928	0.621803	71	377	16	137	0.158482	0.104575
NC_000010.11:38831461	ENSG00000283930.1	PLD5P1	dn	-0.504131	0.0251619	0.0851118	0.736693	152	296	52	101	0.339286	0.339869
NC_000003.12:140628923	ENSG00000155890.4	TRIM42	dn	-3.70579	3.30041e-11	2.34102	0.000233867	90	358	34	119	0.200893	0.222222
NC_000009.12:32703040	ENSG00000122728.6	TAF1L	dn	0.944033	0.284661	1.25153	0.207921	39	409	12	141	0.0870536	0.0784314
NC_000020.11:31221373	ENSG00000215547.1	DEFB115	up	0.215541	0.0251716	-0.0324833	0.768433	114	334	41	112	0.254464	0.267974
NC_000001.11:2673330	ENSG00000142606.16	MMEL1	dn	-0.312522	0.00130085	0.157405	0.150739	187	261	70	83	0.417411	0.457516
NC_000005.10:34188371	ENSG00000273294.1	C1QTNF3-AMACR	up	-2.69579	1.00926e-05	-0.310049	0.663488	68	380	27	126	0.151786	0.176471
NC_000005.10:34188371	ENSG00000273294.1	C1QTNF3-AMACR	body	-2.69579	1.00926e-05	-0.310049	0.663488	68	380	27	126	0.151786	0.176471
NC_000001.11:2658952	ENSG00000142606.16	MMEL1	dn	-0.364867	0.000814574	0.196214	0.110162	187	261	70	83	0.417411	0.457516
NC_000008.11:52878542	ENSG00000288611.1	NPBWR1	up	-0.388188	0.374538	-0.903222	0.0782649	153	295	67	86	0.341518	0.437908
NC_000004.12:4344468	ENSG00000168824.15	NSG1	enh	1.69471	0.162597	nan	nan	1	447	2	151	0.00223214	0.0130719
NC_000007.14:121433171	ENSG00000196937.11	FAM3C	dn	5.12152	6.34523e-06	0.751128	0.58082	41	407	20	133	0.0915179	0.130719
NC_000007.14:121433171	ENSG00000196937.11	FAM3C	enh	5.12458	5.66515e-06	1.16794	0.391797	39	409	20	133	0.0870536	0.130719
NC_000006.12:168229366	ENSG00000164488.12	DACT2	up	-0.341085	0.00730331	0.0824919	0.585183	320	128	92	61	0.714286	0.601307
NC_000020.11:31070031	ENSG00000215547.1	DEFB115	up	0.0786882	0.0846618	0.0190111	0.716448	114	334	41	112	0.254464	0.267974
NC_000001.11:2672049	ENSG00000142606.16	MMEL1	up	-0.731311	0.00682586	0.0654848	0.839655	102	346	45	108	0.227679	0.294118
NC_000001.11:2672049	ENSG00000142606.16	MMEL1	dn	-0.348738	0.0212394	0.044611	0.794009	187	261	70	83	0.417411	0.457516
NC_000001.11:2672049	ENSG00000142606.16	MMEL1	body	-0.731311	0.00682586	0.0654848	0.839655	102	346	45	108	0.227679	0.294118
NC_000020.11:54015191	ENSG00000064787.14	BCAS1	up	-1.42391	0.0684149	-0.120722	0.89047	35	413	9	144	0.078125	0.0588235
NC_000020.11:54015191	ENSG00000064787.14	BCAS1	dn	-1.42391	0.0684149	-0.120722	0.89047	35	413	9	144	0.078125	0.0588235
NC_000020.11:54015191	ENSG00000064787.14	BCAS1	body	-1.42391	0.0684149	-0.120722	0.89047	35	413	9	144	0.078125	0.0588235
NC_000004.12:90133578	ENSG00000184305.16	CCSER1	up	0.774913	0.0367997	-0.143603	0.72758	87	361	19	134	0.194196	0.124183
NC_000001.11:121658334	ENSG00000188610.12	FAM72B	dn	0.885323	0.151195	0.182359	0.784795	36	412	6	147	0.0803571	0.0392157
NC_000019.10:36303752	ENSG00000196357.12	ZNF565	up	-0.666308	0.0136212	0.0586927	0.84932	81	367	26	127	0.180804	0.169935
NC_000002.12:68980232	ENSG00000169605.7	GKN1	body	0.460758	0.488908	1.17861	0.125411	176	272	57	96	0.392857	0.372549
NC_000001.11:2670934	ENSG00000142606.16	MMEL1	dn	-0.201098	0.00986176	0.0540199	0.538891	187	261	70	83	0.417411	0.457516
NC_000011.10:11279598	ENSG00000254598.3	CSNK2A3	up	-1.79664	0.0267133	-0.182292	0.845362	33	415	11	142	0.0736607	0.0718954
NC_000006.12:157287481	ENSG00000215712.11	TMEM242	up	-0.573973	0.0173839	0.112559	0.67941	258	190	76	77	0.575893	0.496732
NC_000002.12:71160971	ENSG00000124383.11	MPHOSPH10	up	0.897276	0.00782505	-0.159038	0.685652	85	363	28	125	0.189732	0.183007
NC_000007.14:57838778	ENSG00000182111.9	ZNF716	up	-3.3903	4.29271e-06	1.78656	0.0268801	37	411	9	144	0.0825893	0.0588235
NC_000007.14:57838778	ENSG00000182111.9	ZNF716	dn	-1.32956	0.00716975	0.232653	0.669025	115	333	28	125	0.256696	0.183007
NC_000001.11:116191720	ENSG00000173212.5	MAB21L3	dn	0.865785	0.0212966	-0.0497801	0.908221	223	225	86	67	0.497768	0.562092
NC_000006.12:159277866	ENSG00000164694.17	FNDC1	dn	-0.284791	0.732622	-2.0852	0.0279287	35	413	10	143	0.078125	0.0653595
NC_000011.10:102601720	ENSG00000137674.4	MMP20	up	-3.01304	0.00112439	1.12483	0.276165	72	376	18	135	0.160714	0.117647
NC_000011.10:102601720	ENSG00000137674.4	MMP20	dn	-1.76912	0.00300681	0.621127	0.362304	109	339	28	125	0.243304	0.183007
NC_000011.10:102601720	ENSG00000137674.4	MMP20	body	-3.01304	0.00112439	1.12483	0.276165	72	376	18	135	0.160714	0.117647
NC_000011.10:102601720	ENSG00000137674.4	MMP20	enh	-3.01304	0.00112439	1.12483	0.276165	72	376	18	135	0.160714	0.117647
NC_000007.14:100958554	ENSG00000169894.18	MUC3A	body	0.239956	0.071007	0.0251634	0.866956	89	359	26	127	0.198661	0.169935
NC_000010.11:128826279	ENSG00000170430.10	MGMT	up	1.49766	0.178559	0.426217	0.725129	72	376	13	140	0.160714	0.0849673
NC_000002.12:74950227	ENSG00000115350.12	POLE4	dn	-0.590045	0.640961	-1.53448	0.245784	92	356	7	146	0.205357	0.0457516
NC_000002.12:135821159	ENSG00000115850.10	LCT	up	1.21087	0.0844732	0.32431	0.687649	36	412	14	139	0.0803571	0.0915033
NC_000002.12:135821159	ENSG00000115850.10	LCT	body	1.21087	0.0844732	0.32431	0.687649	36	412	14	139	0.0803571	0.0915033
NC_000009.12:130869802	ENSG00000188710.3	QRFP	dn	-4.87228	2.75886e-05	3.3598	0.0118524	24	424	8	145	0.0535714	0.0522876
NC_000009.12:32823233	ENSG00000188133.6	TMEM215	up	0.158766	0.82203	1.4562	0.0673254	39	409	12	141	0.0870536	0.0784314
NC_000001.11:2669013	ENSG00000142606.16	MMEL1	dn	-0.150769	0.109327	-0.0733894	0.490393	187	261	70	83	0.417411	0.457516
NC_000020.11:16609356	ENSG00000089177.20	KIF16B	up	-0.735134	0.00717149	0.149885	0.648586	60	388	29	124	0.133929	0.189542
NC_000001.11:152218243	ENSG00000197915.7	HRNR	dn	-1.0621	0.0270788	-0.210398	0.696319	86	362	24	129	0.191964	0.156863
NC_000009.12:39550199	ENSG00000204849.10	SPATA31A1	dn	-2.12157	0.0037522	0.95974	0.225631	29	419	5	148	0.0647321	0.0326797
NC_000007.14:86981963	ENSG00000164659.15	ELAPOR2	up	-2.26906	0.0439541	-0.355546	0.786218	22	426	8	145	0.0491071	0.0522876
NC_000011.10:2296833	ENSG00000064201.16	TSPAN32	up	-0.533534	0.0823484	-0.174013	0.620498	299	149	105	48	0.667411	0.686275
NC_000009.12:113081609	ENSG00000136866.14	ZFP37	dn	0.577624	0.00443695	0.313845	0.180359	350	98	119	34	0.78125	0.777778
NC_000006.12:159298991	ENSG00000164694.17	FNDC1	body	-0.537612	0.167692	-0.328604	0.461641	164	284	53	100	0.366071	0.346405
NC_000014.9:65795521	ENSG00000033170.17	FUT8	up	-2.0899	0.00496456	0.87697	0.294531	49	399	25	128	0.109375	0.163399
NC_000014.9:65795521	ENSG00000033170.17	FUT8	enh	-2.13872	0.00607584	-0.00353828	0.996984	43	405	22	131	0.0959821	0.143791
NC_000008.11:11033271	ENSG00000171044.11	XKR6	body	-0.827401	0.367875	-0.873086	0.381142	63	385	7	146	0.140625	0.0457516
NC_000019.10:36283495	ENSG00000196357.12	ZNF565	up	-0.795017	0.00413579	-0.0403203	0.898735	81	367	26	127	0.180804	0.169935
NC_000019.10:36283495	ENSG00000196357.12	ZNF565	dn	-1.30723	0.0303478	0.306353	0.643678	61	387	14	139	0.136161	0.0915033
NC_000019.10:36283495	ENSG00000196357.12	ZNF565	body	-1.30689	0.0437114	0.0878647	0.903984	45	403	12	141	0.100446	0.0784314
NC_000009.12:120200968	ENSG00000136861.19	CDK5RAP2	up	0.249291	0.681342	1.4799	0.0351135	33	415	11	142	0.0736607	0.0718954
NC_000009.12:120200968	ENSG00000136861.19	CDK5RAP2	body	0.249291	0.681342	1.4799	0.0351135	33	415	11	142	0.0736607	0.0718954
NC_000009.12:113081727	ENSG00000136866.14	ZFP37	dn	0.866029	0.00151492	0.635848	0.043618	350	98	119	34	0.78125	0.777778
NC_000012.12:11378041	ENSG00000251655.7	PRB1	up	-0.0366744	0.923421	-1.31321	0.00469491	80	368	33	120	0.178571	0.215686
NC_000004.12:72101348	ENSG00000056291.19	NPFFR2	body	3.1979	0.00461413	-1.16478	0.37225	26	422	9	144	0.0580357	0.0588235
NC_000004.12:151509825	ENSG00000164142.16	FHIP1A	body	0.587858	0.0683856	0.0970839	0.791361	200	248	57	96	0.446429	0.372549
NC_000009.12:113081845	ENSG00000136866.14	ZFP37	dn	0.969475	1.69005e-06	-0.312635	0.178248	350	98	119	34	0.78125	0.777778
NC_000004.12:153153891	ENSG00000288637.1	ENSG00000288637	up	-0.0456376	0.935197	1.5062	0.0158709	168	280	42	111	0.375	0.27451
NC_000008.11:272031	ENSG00000172748.14	ZNF596	dn	-0.421642	0.031013	-0.225383	0.319611	356	92	114	39	0.794643	0.745098
NC_000009.12:39535228	ENSG00000204849.10	SPATA31A1	dn	-0.361947	0.713348	-1.49707	0.161783	29	419	5	148	0.0647321	0.0326797
NC_000003.12:98324556	ENSG00000232535.2	OR5H8	up	-1.10272	0.000778785	0.118768	0.757903	112	336	32	121	0.25	0.20915
NC_000002.12:74930873	ENSG00000115350.12	POLE4	dn	-2.17153	0.0477974	0.272293	0.811884	92	356	7	146	0.205357	0.0457516
NC_000006.12:169577001	ENSG00000285733.1	ENSG00000285733	dn	0.970416	0.0194709	-0.0870698	0.854242	235	213	73	80	0.524554	0.477124
NC_000009.12:138153295	ENSG00000148408.15	CACNA1B	prom	-1.28949	0.0288048	0.0543356	0.936825	39	409	14	139	0.0870536	0.0915033
NC_000020.11:54153514	ENSG00000019186.10	CYP24A1	up	-0.503265	0.288634	-0.492162	0.344685	239	209	75	78	0.533482	0.490196
NC_000018.10:107540	ENSG00000173213.11	TUBB8B	dn	-0.099012	0.00218505	0.0400685	0.261044	150	298	47	106	0.334821	0.30719
NC_000008.11:102538782	ENSG00000155087.4	ODF1	up	1.40352	0.029005	-0.102523	0.889546	100	348	32	121	0.223214	0.20915
NC_000008.11:66339066	ENSG00000179041.4	RRS1	up	-0.696357	0.0364397	0.098822	0.789238	132	316	42	111	0.294643	0.27451
NC_000005.10:34183167	ENSG00000273294.1	C1QTNF3-AMACR	up	1.70142	0.00161194	0.276942	0.661327	68	380	27	126	0.151786	0.176471
NC_000005.10:34183167	ENSG00000273294.1	C1QTNF3-AMACR	body	1.70142	0.00161194	0.276942	0.661327	68	380	27	126	0.151786	0.176471
NC_000003.12:194399962	ENSG00000178732.6	GP5	dn	-1.91202	0.11353	-0.709356	0.605338	31	417	9	144	0.0691964	0.0588235
NC_000002.12:115208301	ENSG00000175497.17	DPP10	dn	1.39905	0.098595	0.313389	0.733352	42	406	9	144	0.09375	0.0588235
NC_000021.9:42687700	ENSG00000160191.18	PDE9A	body	0.219516	0.42898	0.459161	0.153472	223	225	75	78	0.497768	0.490196
NC_000008.11:130576758	ENSG00000153317.15	ASAP1	body	1.38016	0.0847019	0.109923	0.902495	40	408	6	147	0.0892857	0.0392157
NC_000001.11:121646992	ENSG00000188610.12	FAM72B	up	1.54714	0.0921894	0.419559	0.685304	26	422	7	146	0.0580357	0.0457516
NC_000010.11:69238772	ENSG00000156510.13	HKDC1	body	1.72054	0.00477415	0.210656	0.791303	21	427	16	137	0.046875	0.104575
NC_000005.10:34189558	ENSG00000273294.1	C1QTNF3-AMACR	up	1.7287	0.0144556	0.0590244	0.943277	68	380	27	126	0.151786	0.176471
NC_000005.10:34189558	ENSG00000273294.1	C1QTNF3-AMACR	body	1.7287	0.0144556	0.0590244	0.943277	68	380	27	126	0.151786	0.176471
NC_000014.9:18656074	ENSG00000257115.2	OR11H12	up	-1.49496	0.0159981	0.0510599	0.939612	52	396	12	141	0.116071	0.0784314
NC_000003.12:195988946	ENSG00000061938.21	TNK2	enh	-4.40105	2.70867e-06	nan	nan	1	447	2	151	0.00223214	0.0130719
NC_000001.11:61391144	ENSG00000162604.13	TM2D1	up	-0.156522	0.762395	1.87286	0.00248232	33	415	14	139	0.0736607	0.0915033
NC_000007.14:158917168	ENSG00000126870.16	DYNC2I1	enh	-0.151211	0.146601	-0.0527413	0.653307	270	178	88	65	0.602679	0.575163
NC_000010.11:46886031	ENSG00000204179.11	PTPN20	up	0.823644	0.00571616	0.0239796	0.944561	157	291	49	104	0.350446	0.320261
NC_000007.14:65080892	ENSG00000213462.5	ERV3-1	up	-1.84766	0.021559	-0.526339	0.567414	101	347	36	117	0.225446	0.235294
NC_000001.11:64033159	ENSG00000177414.14	UBE2U	body	0.957718	0.0859329	0.435068	0.501492	179	269	67	86	0.399554	0.437908
NC_000002.12:227601517	ENSG00000284643.1	SCYGR2	body	1.12706	0.0100036	-0.235912	0.631846	107	341	27	126	0.238839	0.176471
NC_000001.11:2673224	ENSG00000142606.16	MMEL1	up	-0.766298	0.00764417	-0.0962296	0.779663	102	346	45	108	0.227679	0.294118
NC_000001.11:2673224	ENSG00000142606.16	MMEL1	dn	-0.569186	0.000411326	0.233692	0.19769	187	261	70	83	0.417411	0.457516
NC_000001.11:2673224	ENSG00000142606.16	MMEL1	body	-0.766298	0.00764417	-0.0962296	0.779663	102	346	45	108	0.227679	0.294118
NC_000002.12:64936480	ENSG00000115902.11	SLC1A4	up	1.51149	0.00157142	-0.712907	0.200482	110	338	42	111	0.245536	0.27451
NC_000001.11:220823575	ENSG00000286231.1	ENSG00000286231	body	-0.565567	0.0816142	-0.21987	0.552802	171	277	60	93	0.381696	0.392157
NC_000005.10:843835	ENSG00000188818.13	ZDHHC11	up	-0.143338	0.355392	-0.218746	0.218083	340	108	100	53	0.758929	0.653595
NC_000005.10:843835	ENSG00000188818.13	ZDHHC11	dn	-0.144736	0.355679	-0.216233	0.226941	339	109	100	53	0.756696	0.653595
NC_000005.10:843835	ENSG00000188818.13	ZDHHC11	body	-0.144755	0.355598	-0.217301	0.224807	339	109	100	53	0.756696	0.653595
NC_000022.11:49762707	ENSG00000100425.19	BRD1	enh	-2.13067	0.121314	-0.00448397	0.997583	33	415	5	148	0.0736607	0.0326797
NC_000007.14:155738344	ENSG00000164690.8	SHH	up	-1.01912	0.0462743	-0.0086093	0.988353	51	397	17	136	0.113839	0.111111
NC_000020.11:19664624	ENSG00000132669.14	RIN2	up	-1.87784	0.0721119	0.037613	0.973275	34	414	4	149	0.0758929	0.0261438
NC_000001.11:2673343	ENSG00000142606.16	MMEL1	up	-0.667672	0.00057404	-0.0960076	0.678603	102	346	45	108	0.227679	0.294118
NC_000001.11:2673343	ENSG00000142606.16	MMEL1	dn	-0.454498	2.10481e-05	0.0460664	0.700952	187	261	70	83	0.417411	0.457516
NC_000001.11:2673343	ENSG00000142606.16	MMEL1	body	-0.667672	0.00057404	-0.0960076	0.678603	102	346	45	108	0.227679	0.294118
NC_000011.10:122439904	ENSG00000154127.10	UBASH3B	up	1.52791	0.0200675	0.0686062	0.928895	103	345	42	111	0.229911	0.27451
NC_000010.11:43701979	ENSG00000169740.14	ZNF32	dn	-0.731021	0.0469261	-0.152159	0.716964	282	166	92	61	0.629464	0.601307
NC_000017.11:11534078	ENSG00000007174.18	DNAH9	up	-0.533772	0.288403	-0.672535	0.246977	141	307	51	102	0.314732	0.333333
NC_000001.11:48003248	ENSG00000269113.4	TRABD2B	up	-0.567087	0.48502	-1.01848	0.24926	46	402	8	145	0.102679	0.0522876
NC_000012.12:107821675	ENSG00000187855.6	ASCL4	dn	-0.617729	0.275863	-0.746444	0.238314	70	378	16	137	0.15625	0.104575
NC_000017.11:21687869	ENSG00000260458.3	KCNJ18	dn	0.962397	0.122435	0.021159	0.974897	31	417	5	148	0.0691964	0.0326797
NC_000004.12:163544441	ENSG00000198498.10	TMA16	up	-1.4398	0.0964072	-0.452403	0.635787	86	362	18	135	0.191964	0.117647
NC_000011.10:27637546	ENSG00000176697.20	BDNF	up	-1.43786	0.0755185	-0.692347	0.481296	48	400	25	128	0.107143	0.163399
NC_000003.12:12003917	ENSG00000157152.17	SYN2	body	0.156584	0.790041	1.37631	0.0439941	193	255	74	79	0.430804	0.48366
NC_000001.11:2679858	ENSG00000142606.16	MMEL1	up	-1.27618	0.000346152	0.381965	0.370093	102	346	45	108	0.227679	0.294118
NC_000001.11:2679858	ENSG00000142606.16	MMEL1	dn	-0.728762	0.000248956	0.27601	0.217658	187	261	70	83	0.417411	0.457516
NC_000001.11:2679858	ENSG00000142606.16	MMEL1	body	-1.27618	0.000346152	0.381965	0.370093	102	346	45	108	0.227679	0.294118
NC_000010.11:38836575	ENSG00000283930.1	PLD5P1	up	-2.71492	8.60514e-06	-0.00958495	0.989055	79	369	32	121	0.176339	0.20915
NC_000010.11:38836575	ENSG00000283930.1	PLD5P1	dn	-1.15468	0.00186588	-0.22665	0.586318	152	296	52	101	0.339286	0.339869
NC_000010.11:38836575	ENSG00000283930.1	PLD5P1	body	-1.11126	0.00816243	-0.411966	0.391751	127	321	46	107	0.283482	0.300654
NC_000009.12:94025614	ENSG00000158079.16	PTPDC1	up	-2.46054	0.000111726	-1.1525	0.11585	136	312	45	108	0.303571	0.294118
NC_000001.11:153007023	ENSG00000163209.15	SPRR3	dn	1.02641	0.00357474	-0.220323	0.599333	85	363	34	119	0.189732	0.222222
NC_000007.14:65189806	ENSG00000213462.5	ERV3-1	up	1.01618	0.0571019	0.076697	0.900233	101	347	36	117	0.225446	0.235294
NC_000002.12:118148846	ENSG00000125629.16	INSIG2	dn	0.573517	0.122059	0.278813	0.510324	106	342	33	120	0.236607	0.215686
NC_000002.12:23431708	ENSG00000119771.15	KLHL29	body	-1.32385	0.0075832	-0.1333	0.816282	131	317	57	96	0.292411	0.372549
NC_000003.12:122480288	ENSG00000114030.13	KPNA1	up	-5.15198	3.56168e-14	0.0291694	0.970237	153	295	59	94	0.341518	0.385621
NC_000003.12:122480288	ENSG00000114030.13	KPNA1	body	-3.1315	0.0683609	-0.79246	0.69788	26	422	11	142	0.0580357	0.0718954
NC_000009.12:115948813	ENSG00000182752.10	PAPPA	body	0.112317	0.895651	-3.04006	0.00349927	21	427	10	143	0.046875	0.0653595
NC_000004.12:138708761	ENSG00000151014.6	NOCT	body	-1.3366	0.000317229	0.742878	0.0813962	216	232	87	66	0.482143	0.568627
NC_000009.12:32733360	ENSG00000188133.6	TMEM215	up	1.19273	0.108923	0.330358	0.69308	39	409	12	141	0.0870536	0.0784314
NC_000017.11:21307355	ENSG00000034152.20	MAP2K3	body	-2.15006	0.00105071	-1.28399	0.0862419	75	373	23	130	0.167411	0.150327
NC_000020.11:31215716	ENSG00000215547.1	DEFB115	up	0.340418	0.0102417	-0.104368	0.49191	114	334	41	112	0.254464	0.267974
NC_000013.11:31830666	ENSG00000073910.23	FRY	up	1.13063	0.0787168	0.258232	0.729905	107	341	41	112	0.238839	0.267974
NC_000011.10:102601971	ENSG00000137674.4	MMP20	up	-1.85297	0.0118276	-1.09041	0.185563	72	376	18	135	0.160714	0.117647
NC_000011.10:102601971	ENSG00000137674.4	MMP20	dn	-0.836779	0.0828533	-0.800027	0.148231	109	339	28	125	0.243304	0.183007
NC_000011.10:102601971	ENSG00000137674.4	MMP20	body	-1.85297	0.0118276	-1.09041	0.185563	72	376	18	135	0.160714	0.117647
NC_000011.10:102601971	ENSG00000137674.4	MMP20	enh	-1.85297	0.0118276	-1.09041	0.185563	72	376	18	135	0.160714	0.117647
NC_000003.12:125990536	ENSG00000114547.10	ROPN1B	dn	-1.93947	0.00185877	0.0123076	0.985742	197	251	33	120	0.439732	0.215686
NC_000002.12:113205052	ENSG00000125637.16	PSD4	dn	-2.74967	0.000378365	0.932236	0.316785	48	400	17	136	0.107143	0.111111
NC_000015.10:37864359	ENSG00000166069.14	TMCO5A	up	2.12444	0.0394332	-0.134395	0.909512	28	420	9	144	0.0625	0.0588235
NC_000017.11:26818993	ENSG00000109046.15	WSB1	up	-0.937018	0.00050649	0.402113	0.227793	50	398	24	129	0.111607	0.156863
NC_000004.12:190121071	ENSG00000260596.5	DUX4	up	0.84423	0.288337	1.0982	0.229879	20	428	7	146	0.0446429	0.0457516
NC_000002.12:26178974	ENSG00000157833.13	GAREM2	body	2.50288	0.0447247	1.91605	0.15381	54	394	8	145	0.120536	0.0522876
NC_000002.12:26178974	ENSG00000157833.13	GAREM2	prom	2.50288	0.0447247	1.91605	0.15381	54	394	8	145	0.120536	0.0522876
NC_000020.11:31214425	ENSG00000215547.1	DEFB115	up	0.302875	0.050379	0.0328065	0.853333	114	334	41	112	0.254464	0.267974
NC_000002.12:200687794	ENSG00000138356.14	AOX1	dn	0.577372	0.0280224	0.0803969	0.787573	274	174	93	60	0.611607	0.607843
NC_000010.11:3084102	ENSG00000067057.19	PFKP	up	-0.549586	0.0431757	0.0360262	0.906334	214	234	69	84	0.477679	0.45098
NC_000003.12:50661880	ENSG00000088538.13	DOCK3	body	0.595212	0.00711967	-0.200001	0.423284	187	261	53	100	0.417411	0.346405
NC_000009.12:104634436	ENSG00000136839.1	OR13C9	dn	1.00175	0.0296075	-0.119768	0.82024	157	291	48	105	0.350446	0.313725
NC_000017.11:26790639	ENSG00000109046.15	WSB1	up	-0.778922	0.0155072	-0.06107	0.878353	50	398	24	129	0.111607	0.156863
NC_000009.12:113065829	ENSG00000136866.14	ZFP37	dn	0.40948	0.0650087	0.224241	0.381966	350	98	119	34	0.78125	0.777778
NC_000007.14:25882921	ENSG00000050344.9	NFE2L3	enh	5.6931	1.51521e-05	-3.44886	0.0366945	5	443	3	150	0.0111607	0.0196078
NC_000018.10:74163586	ENSG00000075336.12	TIMM21	up	-2.12137	4.28815e-05	1.161	0.0511824	40	408	11	142	0.0892857	0.0718954
NC_000003.12:125990896	ENSG00000114547.10	ROPN1B	dn	-3.55933	3.54904e-06	0.462328	0.583964	197	251	33	120	0.439732	0.215686
NC_000003.12:125990899	ENSG00000114547.10	ROPN1B	dn	-3.1715	6.87949e-05	0.211263	0.809898	197	251	33	120	0.439732	0.215686
NC_000001.11:60350068	ENSG00000162598.13	C1orf87	up	0.335846	0.325224	0.504549	0.206834	160	288	57	96	0.357143	0.372549
NC_000001.11:60350068	ENSG00000162598.13	C1orf87	body	0.335846	0.325224	0.504549	0.206834	160	288	57	96	0.357143	0.372549
NC_000008.11:272046	ENSG00000172748.14	ZNF596	dn	-0.676411	3.886e-05	0.324429	0.087111	356	92	114	39	0.794643	0.745098
NC_000009.12:32828469	ENSG00000188133.6	TMEM215	up	1.42847	0.21467	0.893614	0.490448	39	409	12	141	0.0870536	0.0784314
NC_000011.10:86786528	ENSG00000150687.12	PRSS23	up	-0.619389	0.198901	-0.368032	0.494676	96	352	23	130	0.214286	0.150327
NC_000018.10:14542867	ENSG00000183206.18	POTEC	dn	-1.4628	0.0113887	0.251883	0.715997	72	376	35	118	0.160714	0.228758
NC_000009.12:113081974	ENSG00000136866.14	ZFP37	dn	0.943559	5.8202e-05	-0.318141	0.238502	350	98	119	34	0.78125	0.777778
NC_000009.12:113081977	ENSG00000136866.14	ZFP37	dn	0.805126	3.46954e-05	-0.162854	0.466092	350	98	119	34	0.78125	0.777778
NC_000008.11:134588948	ENSG00000066827.16	ZFAT	dn	-0.856713	0.129747	-0.225688	0.716415	139	309	35	118	0.310268	0.228758
NC_000008.11:134588948	ENSG00000066827.16	ZFAT	body	-0.856713	0.129747	-0.225688	0.716415	139	309	35	118	0.310268	0.228758
NC_000004.12:99265451	ENSG00000187758.8	ADH1A	up	-0.646806	0.117141	-0.361519	0.455752	310	138	94	59	0.691964	0.614379
NC_000011.10:32309683	ENSG00000184937.16	WT1	up	-0.448562	0.320649	-0.693621	0.188554	57	391	20	133	0.127232	0.130719
NC_000007.14:65080549	ENSG00000213462.5	ERV3-1	up	-1.29124	0.0677534	-0.510743	0.528286	101	347	36	117	0.225446	0.235294
NC_000019.10:21569850	ENSG00000197013.11	ZNF429	dn	0.275491	0.0348717	0.0284133	0.847484	132	316	51	102	0.294643	0.333333
NC_000011.10:69321888	ENSG00000172927.9	MYEOV	body	-1.27407	0.066941	-0.119809	0.880168	26	422	8	145	0.0580357	0.0522876
NC_000011.10:69321888	ENSG00000172927.9	MYEOV	enh	-1.27407	0.066941	-0.119809	0.880168	26	422	8	145	0.0580357	0.0522876
NC_000020.11:31092466	ENSG00000215547.1	DEFB115	up	-0.395202	0.0252096	-0.00301045	0.988129	114	334	41	112	0.254464	0.267974
NC_000020.11:31053097	ENSG00000215547.1	DEFB115	up	0.0954045	0.0231496	0.00949329	0.843662	114	334	41	112	0.254464	0.267974
NC_000005.10:151370051	ENSG00000186335.9	SLC36A2	dn	-1.38161	0.042798	0.160897	0.827225	87	361	17	136	0.194196	0.111111
NC_000006.12:162553264	ENSG00000112530.13	PACRG	enh	0.749742	0.115994	0.340947	0.534113	160	288	52	101	0.357143	0.339869
NC_000020.11:5528811	ENSG00000125772.14	GPCPD1	enh	-0.287625	0.658974	-1.07926	0.137404	55	393	10	143	0.122768	0.0653595
NC_000010.11:68190224	ENSG00000179774.9	ATOH7	up	0.168585	0.641317	0.613054	0.124977	143	305	29	124	0.319196	0.189542
NC_000007.14:158917054	ENSG00000126870.16	DYNC2I1	body	-0.495966	0.0063686	0.0602582	0.774291	291	157	82	71	0.649554	0.535948
NC_000007.14:65080784	ENSG00000213462.5	ERV3-1	up	-1.8851	0.017132	-0.339776	0.707336	101	347	36	117	0.225446	0.235294
NC_000020.11:31182465	ENSG00000215547.1	DEFB115	up	-0.229837	0.000328089	0.119412	0.102629	114	334	41	112	0.254464	0.267974
NC_000002.12:216809293	ENSG00000118245.2	TNP1	up	0.767672	0.165308	0.424061	0.494146	153	295	36	117	0.341518	0.235294
NC_000004.12:119444240	ENSG00000145384.4	FABP2	dn	0.382348	0.0463656	0.0936921	0.669633	145	303	43	110	0.323661	0.281046
NC_000006.12:169593285	ENSG00000285733.1	ENSG00000285733	dn	0.363221	0.132332	0.176729	0.521685	235	213	73	80	0.524554	0.477124
NC_000020.11:31058074	ENSG00000215547.1	DEFB115	up	0.0873265	0.00843332	-0.0168859	0.656439	114	334	41	112	0.254464	0.267974
NC_000008.11:108090162	ENSG00000147655.12	RSPO2	up	-3.20495	0.0145379	0.830696	0.560053	51	397	9	144	0.113839	0.0588235
NC_000008.11:108090162	ENSG00000147655.12	RSPO2	body	-3.20495	0.0145379	0.830696	0.560053	51	397	9	144	0.113839	0.0588235
NC_000003.12:114185040	ENSG00000151577.14	DRD3	up	-4.57562	2.58777e-06	1.30793	0.268966	27	421	14	139	0.0602679	0.0915033
NC_000003.12:114185040	ENSG00000151577.14	DRD3	dn	-4.48195	2.01093e-06	1.12068	0.33607	26	422	15	138	0.0580357	0.0980392
NC_000003.12:114185040	ENSG00000151577.14	DRD3	body	-4.57611	2.55598e-06	1.21521	0.306859	26	422	14	139	0.0580357	0.0915033
NC_000002.12:106913493	ENSG00000144057.16	ST6GAL2	up	-1.13891	0.410831	-2.02291	0.189481	30	418	7	146	0.0669643	0.0457516
NC_000001.11:2673352	ENSG00000142606.16	MMEL1	up	-0.471809	0.00216591	0.199645	0.278246	102	346	45	108	0.227679	0.294118
NC_000001.11:2673352	ENSG00000142606.16	MMEL1	dn	-0.34512	5.81376e-05	0.218112	0.0240241	187	261	70	83	0.417411	0.457516
NC_000001.11:2673352	ENSG00000142606.16	MMEL1	body	-0.471809	0.00216591	0.199645	0.278246	102	346	45	108	0.227679	0.294118
NC_000005.10:127116826	ENSG00000164241.14	C5orf63	dn	3.18019	0.00110495	-0.759732	0.50562	39	409	15	138	0.0870536	0.0980392
NC_000003.12:22746141	ENSG00000151789.13	ZNF385D	up	0.702265	0.284064	1.99124	0.0156323	17	431	10	143	0.0379464	0.0653595
NC_000005.10:32801610	ENSG00000113389.16	NPR3	body	-2.5759	0.0030688	-0.665065	0.518133	84	364	34	119	0.1875	0.222222
NC_000010.11:46886288	ENSG00000204179.11	PTPN20	up	1.0916	0.0010804	-0.482839	0.211169	157	291	49	104	0.350446	0.320261
NC_000002.12:68687742	ENSG00000163219.12	ARHGAP25	body	-1.42088	0.0467056	-0.0680938	0.93347	116	332	34	119	0.258929	0.222222
NC_000005.10:842554	ENSG00000188818.13	ZDHHC11	up	-0.527123	0.00345984	0.177055	0.389445	340	108	100	53	0.758929	0.653595
NC_000005.10:842554	ENSG00000188818.13	ZDHHC11	dn	-0.560667	0.00206996	0.206369	0.31901	339	109	100	53	0.756696	0.653595
NC_000005.10:842554	ENSG00000188818.13	ZDHHC11	body	-0.560686	0.00206989	0.206333	0.319285	339	109	100	53	0.756696	0.653595
NC_000022.11:49761421	ENSG00000100425.19	BRD1	up	-1.17453	0.0969188	-0.0122049	0.987152	48	400	10	143	0.107143	0.0653595
NC_000022.11:49761421	ENSG00000100425.19	BRD1	enh	-3.03771	0.0254546	0.624905	0.669036	33	415	5	148	0.0736607	0.0326797
NC_000011.10:5905954	ENSG00000277932.2	OR52E5	up	0.662375	0.00363863	-0.171739	0.526712	166	282	60	93	0.370536	0.392157
NC_000017.11:27861118	ENSG00000266202.1	ENSG00000266202	enh	-1.89859	5.85206e-05	nan	nan	4	444	0	153	0.00892857	0
NC_000003.12:122924509	ENSG00000082684.16	SEMA5B	up	-0.610878	0.435881	-2.3155	0.00902624	26	422	7	146	0.0580357	0.0457516
NC_000003.12:122924509	ENSG00000082684.16	SEMA5B	dn	-0.610878	0.435881	-2.3155	0.00902624	26	422	7	146	0.0580357	0.0457516
NC_000003.12:122924509	ENSG00000082684.16	SEMA5B	body	-0.610878	0.435881	-2.3155	0.00902624	26	422	7	146	0.0580357	0.0457516
NC_000022.11:15531658	ENSG00000130538.6	OR11H1	up	0.466847	0.267457	0.287587	0.535874	211	237	42	111	0.470982	0.27451
NC_000020.11:31174571	ENSG00000215547.1	DEFB115	up	0.552044	3.23185e-05	-0.197145	0.193207	114	334	41	112	0.254464	0.267974
NC_000010.11:6056731	ENSG00000134460.19	IL2RA	up	0.358042	0.0563933	0.0237691	0.911902	268	180	89	64	0.598214	0.581699
NC_000010.11:6056731	ENSG00000134460.19	IL2RA	dn	0.395037	0.0958296	0.155218	0.5709	240	208	83	70	0.535714	0.542484
NC_000010.11:6056731	ENSG00000134460.19	IL2RA	body	0.396793	0.0989609	0.161631	0.559812	240	208	83	70	0.535714	0.542484
NC_000010.11:38861437	ENSG00000283930.1	PLD5P1	dn	0.410416	0.111559	0.0820558	0.777405	152	296	52	101	0.339286	0.339869
NC_000011.10:5925310	ENSG00000132256.20	TRIM5	up	0.421274	0.0562268	0.178083	0.489225	157	291	54	99	0.350446	0.352941
NC_000011.10:5925310	ENSG00000132256.20	TRIM5	body	0.288504	0.0725169	0.13109	0.487536	218	230	75	78	0.486607	0.490196
NC_000012.12:27971403	ENSG00000087494.16	PTHLH	dn	1.0544	0.0651667	0.16544	0.801405	131	317	45	108	0.292411	0.294118
NC_000012.12:27971403	ENSG00000087494.16	PTHLH	body	1.75532	0.00624171	-0.0376858	0.959512	109	339	38	115	0.243304	0.248366
NC_000001.11:2670953	ENSG00000142606.16	MMEL1	up	-1.07169	1.69928e-05	0.7215	0.015344	102	346	45	108	0.227679	0.294118
NC_000001.11:2670953	ENSG00000142606.16	MMEL1	dn	-0.586097	2.60056e-05	0.403614	0.0100932	187	261	70	83	0.417411	0.457516
NC_000001.11:2670953	ENSG00000142606.16	MMEL1	body	-1.07169	1.69928e-05	0.7215	0.015344	102	346	45	108	0.227679	0.294118
NC_000017.11:21431518	ENSG00000184185.10	KCNJ12	up	-1.21712	0.00582341	0.443278	0.378768	75	373	23	130	0.167411	0.150327
NC_000011.10:134046268	ENSG00000166086.13	JAM3	up	0.905015	0.0110663	-0.0942899	0.819312	232	216	72	81	0.517857	0.470588
NC_000012.12:112708744	ENSG00000089169.15	RPH3A	enh	0.526299	0.816591	nan	nan	6	442	1	152	0.0133929	0.00653595
NC_000001.11:121748356	ENSG00000188610.12	FAM72B	dn	0.933576	0.191703	0.464441	0.548675	36	412	6	147	0.0803571	0.0392157
NC_000004.12:42313263	ENSG00000178343.5	SHISA3	up	0.972218	0.0442522	-0.0521179	0.924737	178	270	52	101	0.397321	0.339869
NC_000002.12:87022840	ENSG00000183281.15	PLGLB1	up	1.25815	0.00457058	-0.422832	0.414946	118	330	48	105	0.263393	0.313725
NC_000013.11:112745708	ENSG00000068650.19	ATP11A	body	-0.460278	0.00774778	0.161815	0.397207	358	90	114	39	0.799107	0.745098
NC_000010.11:127575343	ENSG00000214285.3	NPS	dn	2.83144	0.0167256	-0.480574	0.716244	49	399	12	141	0.109375	0.0784314
NC_000003.12:125990306	ENSG00000114547.10	ROPN1B	dn	-1.6843	0.0182199	-0.397754	0.614504	197	251	33	120	0.439732	0.215686
NC_000016.10:88068445	ENSG00000172530.22	BANP	body	0.182654	0.026537	-0.0399215	0.668153	289	159	76	77	0.645089	0.496732
NC_000011.10:58402670	ENSG00000172769.4	OR5B3	dn	-0.712102	0.0964935	-0.256788	0.609572	74	374	31	122	0.165179	0.202614
NC_000005.10:181173603	ENSG00000182613.3	OR2V2	dn	-0.471636	0.0319109	-0.0088898	0.971473	286	162	97	56	0.638393	0.633987
NC_000005.10:181173603	ENSG00000182613.3	OR2V2	prom	-1.0563	0.0626519	-0.312405	0.635153	119	329	42	111	0.265625	0.27451
NC_000002.12:74951772	ENSG00000115350.12	POLE4	dn	-0.46665	0.694418	-1.69686	0.171691	92	356	7	146	0.205357	0.0457516
NC_000010.11:1126175	ENSG00000047056.18	WDR37	enh	-5.2615	2.83954e-11	nan	nan	5	443	0	153	0.0111607	0
NC_000008.11:135637480	ENSG00000131773.15	KHDRBS3	body	0.295173	0.0989526	0.119873	0.563125	285	163	83	70	0.636161	0.542484
NC_000018.10:5015504	ENSG00000231824.4	AKAIN1	dn	-1.14252	0.266124	-1.10424	0.334741	22	426	6	147	0.0491071	0.0392157
NC_000020.11:31192944	ENSG00000215547.1	DEFB115	up	0.573955	0.000185616	-0.130618	0.456294	114	334	41	112	0.254464	0.267974
NC_000005.10:43598230	ENSG00000112992.18	NNT	up	-3.64348	7.11504e-08	1.04447	0.167476	35	413	10	143	0.078125	0.0653595
NC_000002.12:74951890	ENSG00000115350.12	POLE4	dn	-1.03477	0.198512	-0.108626	0.897102	92	356	7	146	0.205357	0.0457516
NC_000011.10:102601987	ENSG00000137674.4	MMP20	up	-1.73231	0.0189348	-1.41919	0.0860253	72	376	18	135	0.160714	0.117647
NC_000011.10:102601987	ENSG00000137674.4	MMP20	dn	-0.805666	0.0956741	-1.02276	0.0653201	109	339	28	125	0.243304	0.183007
NC_000011.10:102601987	ENSG00000137674.4	MMP20	body	-1.73231	0.0189348	-1.41919	0.0860253	72	376	18	135	0.160714	0.117647
NC_000011.10:102601987	ENSG00000137674.4	MMP20	enh	-1.73231	0.0189348	-1.41919	0.0860253	72	376	18	135	0.160714	0.117647
NC_000003.12:125990546	ENSG00000114547.10	ROPN1B	dn	-2.35926	0.000337788	0.202532	0.780385	197	251	33	120	0.439732	0.215686
NC_000019.10:36293627	ENSG00000196357.12	ZNF565	up	-0.635167	0.0131374	-0.0389463	0.894236	81	367	26	127	0.180804	0.169935
NC_000019.10:36293627	ENSG00000196357.12	ZNF565	dn	-0.946463	0.0877854	0.0111036	0.985445	61	387	14	139	0.136161	0.0915033
NC_000020.11:30421854	ENSG00000215547.1	DEFB115	up	0.142516	0.145422	0.0804476	0.473892	114	334	41	112	0.254464	0.267974
NC_000002.12:148641701	ENSG00000135999.12	EPC2	body	-0.874716	0.105256	-0.482239	0.457575	80	368	37	116	0.178571	0.24183
NC_000002.12:3181224	ENSG00000032389.13	EIPR1	up	-0.181313	0.208846	-0.100047	0.536873	174	274	47	106	0.388393	0.30719
NC_000011.10:124209643	ENSG00000255425.6	OR8G3P	up	-2.84764	5.69859e-05	1.56279	0.0585217	26	422	10	143	0.0580357	0.0653595
NC_000008.11:130901000	ENSG00000155897.10	ADCY8	dn	0.315197	0.608581	0.992655	0.143732	62	386	16	137	0.138393	0.104575
NC_000008.11:130901000	ENSG00000155897.10	ADCY8	body	0.315197	0.608581	0.992655	0.143732	62	386	16	137	0.138393	0.104575
NC_000014.9:62754838	ENSG00000140015.20	KCNH5	dn	0.996375	0.00145727	-0.320254	0.399125	106	342	42	111	0.236607	0.27451
NC_000013.11:43929749	ENSG00000281883.1	ENSG00000281883	prom	-2.76992	0.00707007	1.04907	0.367314	14	434	4	149	0.03125	0.0261438
NC_000001.11:727805	ENSG00000284662.2	OR4F16	dn	-1.1624	0.00510759	-0.681619	0.178759	128	320	51	102	0.285714	0.333333
NC_000009.12:113081629	ENSG00000136866.14	ZFP37	dn	0.746257	0.00100673	0.153109	0.55807	350	98	119	34	0.78125	0.777778
NC_000009.12:113065719	ENSG00000136866.14	ZFP37	dn	0.472746	0.0841141	0.131351	0.677944	350	98	119	34	0.78125	0.777778
NC_000004.12:184964178	ENSG00000187821.9	HELT	up	-0.549393	0.129659	-0.161174	0.692076	275	173	84	69	0.613839	0.54902
NC_000013.11:39782177	ENSG00000133103.17	COG6	up	-1.07006	0.175946	-0.360433	0.679824	57	391	15	138	0.127232	0.0980392
NC_000020.11:31052807	ENSG00000215547.1	DEFB115	up	0.0765852	0.0217184	0.00923371	0.809152	114	334	41	112	0.254464	0.267974
NC_000011.10:110507580	ENSG00000137714.3	FDX1	dn	-1.80732	0.000581098	0.315889	0.604615	161	287	64	89	0.359375	0.418301
NC_000017.11:16525877	ENSG00000181350.12	LRRC75A	enh	7.54983	0.00930747	nan	nan	4	444	1	152	0.00892857	0.00653595
NC_000009.12:113081745	ENSG00000136866.14	ZFP37	dn	0.716422	0.00777385	0.644248	0.0383485	350	98	119	34	0.78125	0.777778
NC_000009.12:4814109	ENSG00000120158.12	RCL1	body	-1.15984	0.0260324	0.0689853	0.908864	202	246	76	77	0.450893	0.496732
NC_000008.11:139973657	ENSG00000169427.8	KCNK9	up	-1.80245	0.00486678	0.694211	0.348215	122	326	44	109	0.272321	0.287582
NC_000008.11:139973657	ENSG00000169427.8	KCNK9	dn	-1.80245	0.00486678	0.694211	0.348215	122	326	44	109	0.272321	0.287582
NC_000008.11:139973657	ENSG00000169427.8	KCNK9	body	-1.80245	0.00486678	0.694211	0.348215	122	326	44	109	0.272321	0.287582
NC_000002.12:49031484	ENSG00000170820.12	FSHR	up	-0.836184	0.2719	-0.698971	0.412719	65	383	16	137	0.145089	0.104575
NC_000001.11:212279587	ENSG00000066027.12	PPP2R5A	body	0.311492	0.32514	0.503725	0.163223	143	305	52	101	0.319196	0.339869
NC_000001.11:2669398	ENSG00000142606.16	MMEL1	up	-0.597715	0.0574856	-0.134575	0.721339	102	346	45	108	0.227679	0.294118
NC_000001.11:2669398	ENSG00000142606.16	MMEL1	dn	-0.227696	0.195089	-0.145706	0.463334	187	261	70	83	0.417411	0.457516
NC_000001.11:2669398	ENSG00000142606.16	MMEL1	body	-0.597715	0.0574856	-0.134575	0.721339	102	346	45	108	0.227679	0.294118
NC_000007.14:156930702	ENSG00000146909.8	NOM1	up	-0.303855	0.366047	-0.370318	0.323032	128	320	44	109	0.285714	0.287582
NC_000009.12:113081861	ENSG00000136866.14	ZFP37	dn	0.592948	0.00595495	0.25523	0.304923	350	98	119	34	0.78125	0.777778
NC_000009.12:113081865	ENSG00000136866.14	ZFP37	dn	0.910659	0.000306687	-0.21053	0.468448	350	98	119	34	0.78125	0.777778
NC_000006.12:167234273	ENSG00000112494.10	UNC93A	up	-0.420327	0.147076	-0.298301	0.36612	273	175	91	62	0.609375	0.594771
NC_000003.12:31607719	ENSG00000163527.10	STT3B	up	0.408236	0.113304	0.0489761	0.864748	245	203	81	72	0.546875	0.529412
NC_000009.12:113065959	ENSG00000136866.14	ZFP37	dn	0.807319	0.000702583	-0.0814704	0.766499	350	98	119	34	0.78125	0.777778
NC_000002.12:3949508	ENSG00000214866.9	DCDC2C	dn	1.12904	0.112173	0.433392	0.592653	55	393	16	137	0.122768	0.104575
NC_000012.12:91261496	ENSG00000011465.18	DCN	enh	3.29341	1.05786e-06	nan	nan	3	445	0	153	0.00669643	0
NC_000009.12:113081981	ENSG00000136866.14	ZFP37	dn	0.448271	0.00425476	-0.145567	0.420925	350	98	119	34	0.78125	0.777778
NC_000007.14:76996543	ENSG00000186645.11	SPDYE17	up	-0.727869	0.00920817	0.11885	0.704171	175	273	68	85	0.390625	0.444444
NC_000012.12:112549756	ENSG00000089169.15	RPH3A	enh	-0.166083	0.944048	nan	nan	6	442	1	152	0.0133929	0.00653595
NC_000018.10:76406302	ENSG00000101493.11	ZNF516	up	-2.79879	1.54613e-05	1.86354	0.0149826	66	382	28	125	0.147321	0.183007
NC_000018.10:76406302	ENSG00000101493.11	ZNF516	dn	-1.57595	0.000243636	0.942607	0.0560768	189	259	60	93	0.421875	0.392157
NC_000018.10:76406302	ENSG00000101493.11	ZNF516	body	-1.66891	4.24301e-05	1.07606	0.0224468	193	255	64	89	0.430804	0.418301
NC_000002.12:200339828	ENSG00000196141.14	SPATS2L	body	1.50504	0.00643711	-0.54338	0.391474	192	256	74	79	0.428571	0.48366
NC_000013.11:36254555	ENSG00000120669.16	SOHLH2	dn	0.749826	0.003297	-0.220463	0.459621	98	350	33	120	0.21875	0.215686
NC_000006.12:19940364	ENSG00000172201.12	ID4	dn	-3.72583	0.000128969	-0.102018	0.924244	52	396	15	138	0.116071	0.0980392
NC_000005.10:199298	ENSG00000185028.4	LRRC14B	dn	-1.26323	1.41538e-05	0.644629	0.0490486	144	304	55	98	0.321429	0.359477
NC_000007.14:150548036	ENSG00000133574.10	GIMAP4	up	0.834792	0.112781	0.167922	0.776911	154	294	41	112	0.34375	0.267974
NC_000009.12:113086960	ENSG00000136866.14	ZFP37	dn	1.07221	2.00716e-06	-0.227511	0.379063	350	98	119	34	0.78125	0.777778
NC_000009.12:113086962	ENSG00000136866.14	ZFP37	dn	0.572579	0.00782472	-0.143207	0.564269	350	98	119	34	0.78125	0.777778
NC_000010.11:49281923	ENSG00000177354.12	C10orf71	body	1.38028	0.159052	0.0524383	0.960396	32	416	5	148	0.0714286	0.0326797
NC_000005.10:838001	ENSG00000188818.13	ZDHHC11	up	-0.307199	0.109819	-0.136705	0.533858	340	108	100	53	0.758929	0.653595
NC_000005.10:838001	ENSG00000188818.13	ZDHHC11	dn	-0.333195	0.0859625	-0.11172	0.613675	339	109	100	53	0.756696	0.653595
NC_000005.10:838001	ENSG00000188818.13	ZDHHC11	body	-0.333218	0.0859385	-0.112517	0.611275	339	109	100	53	0.756696	0.653595
NC_000003.12:189552542	ENSG00000073282.14	TP63	body	0.726577	0.00535499	-0.140174	0.647536	161	287	50	103	0.359375	0.326797
NC_000002.12:148804877	ENSG00000168280.18	KIF5C	up	-4.58885	0.000256158	2.58105	0.0574975	56	392	8	145	0.125	0.0522876
NC_000011.10:74911139	ENSG00000166435.17	XRRA1	dn	-0.70584	0.172979	-0.702008	0.242833	43	405	15	138	0.0959821	0.0980392
NC_000011.10:74911139	ENSG00000166435.17	XRRA1	body	-0.706249	0.172505	-0.708043	0.237338	44	404	15	138	0.0982143	0.0980392
NC_000006.12:169569010	ENSG00000285733.1	ENSG00000285733	dn	0.86204	0.0301014	0.108268	0.811397	235	213	73	80	0.524554	0.477124
NC_000016.10:58379890	ENSG00000103034.15	NDRG4	up	-1.93286	3.77091e-05	0.749097	0.16926	96	352	35	118	0.214286	0.228758
NC_000006.12:58227167	ENSG00000146143.19	PRIM2	dn	-2.1146	0.0566094	-0.519157	0.684963	18	430	6	147	0.0401786	0.0392157
NC_000002.12:222580005	ENSG00000116120.11	FARSB	dn	-1.19556	0.0474098	-0.337254	0.632064	79	369	29	124	0.176339	0.189542
NC_000002.12:222580005	ENSG00000116120.11	FARSB	body	-1.19556	0.0474098	-0.337254	0.632064	79	369	29	124	0.176339	0.189542
NC_000004.12:72046411	ENSG00000056291.19	NPFFR2	body	2.52039	0.00696273	-0.721306	0.504287	26	422	9	144	0.0580357	0.0588235
NC_000001.11:59265965	ENSG00000172456.18	FGGY	up	0.679522	0.336403	0.765868	0.324797	55	393	13	140	0.122768	0.0849673
NC_000015.10:33768338	ENSG00000184984.10	CHRM5	prom	-1.08842	0.470665	nan	nan	4	444	1	152	0.00892857	0.00653595
NC_000013.11:94597204	ENSG00000088451.11	TGDS	up	-1.97431	0.00256168	0.825557	0.279151	112	336	43	110	0.25	0.281046
NC_000013.11:94597204	ENSG00000088451.11	TGDS	dn	-3.46351	2.62438e-08	0.815815	0.268641	86	362	45	108	0.191964	0.294118
NC_000016.10:49945982	ENSG00000205423.12	CNEP1R1	up	1.02	0.00116208	0.0726206	0.833813	165	283	44	109	0.368304	0.287582
NC_000020.11:31056970	ENSG00000215547.1	DEFB115	up	-0.123161	0.00416044	0.0264915	0.590172	114	334	41	112	0.254464	0.267974
NC_000020.11:13086100	ENSG00000172296.13	SPTLC3	up	-1.40034	0.0239645	0.207171	0.770201	113	335	34	119	0.252232	0.222222
NC_000009.12:138176545	ENSG00000148408.15	CACNA1B	prom	-1.5842	0.0963964	-0.979924	0.376786	39	409	14	139	0.0870536	0.0915033
NC_000002.12:201824766	ENSG00000138395.17	CDK15	up	0.88305	0.126016	0.38364	0.55259	97	351	23	130	0.216518	0.150327
NC_000017.11:21919204	ENSG00000260458.3	KCNJ18	dn	2.68629	0.0675617	-0.415401	0.79331	31	417	5	148	0.0691964	0.0326797
NC_000011.10:63224958	ENSG00000196600.13	SLC22A25	up	-2.29381	1.90869e-09	1.70384	0.000115067	114	334	45	108	0.254464	0.294118
NC_000011.10:63224958	ENSG00000196600.13	SLC22A25	body	-2.29381	1.90869e-09	1.70384	0.000115067	114	334	45	108	0.254464	0.294118
NC_000008.11:15498328	ENSG00000104723.21	TUSC3	enh	0.361832	0.830981	-3.6464	0.0483848	11	437	2	151	0.0245536	0.0130719
NC_000006.12:169570823	ENSG00000285733.1	ENSG00000285733	dn	0.941562	0.0165239	-0.24229	0.588798	235	213	73	80	0.524554	0.477124
NC_000020.11:31089441	ENSG00000215547.1	DEFB115	up	0.168217	0.223571	0.17578	0.268005	114	334	41	112	0.254464	0.267974
NC_000002.12:156128588	ENSG00000153234.16	NR4A2	up	-3.52902	0.00129797	1.96254	0.0899157	45	403	5	148	0.100446	0.0326797
NC_000002.12:102195481	ENSG00000115598.10	IL1RL2	body	0.881964	0.118296	0.563254	0.391606	61	387	22	131	0.136161	0.143791
NC_000005.10:140710436	ENSG00000146007.11	ZMAT2	dn	2.76929	0.00196644	-0.856757	0.413976	58	390	23	130	0.129464	0.150327
NC_000004.12:22430977	ENSG00000152990.14	ADGRA3	up	1.63873	7.99477e-05	-0.267498	0.567609	87	361	24	129	0.194196	0.156863
NC_000004.12:22430977	ENSG00000152990.14	ADGRA3	dn	2.92887	2.80279e-05	-0.777077	0.315804	60	388	14	139	0.133929	0.0915033
NC_000004.12:22430977	ENSG00000152990.14	ADGRA3	body	1.63876	8.11042e-05	-0.307688	0.509839	90	358	24	129	0.200893	0.156863
NC_000013.11:26171978	ENSG00000127870.17	RNF6	up	1.13122	0.0426823	-0.0671145	0.913653	133	315	33	120	0.296875	0.215686
NC_000013.11:26171978	ENSG00000127870.17	RNF6	dn	1.13122	0.0426823	-0.0671145	0.913653	133	315	33	120	0.296875	0.215686
NC_000013.11:26171978	ENSG00000127870.17	RNF6	body	1.13122	0.0426823	-0.0671145	0.913653	133	315	33	120	0.296875	0.215686
NC_000006.12:122275095	ENSG00000025156.13	HSF2	up	1.50175	0.0200099	-0.279491	0.704271	76	372	24	129	0.169643	0.156863
NC_000003.12:41289031	ENSG00000168036.19	CTNNB1	dn	2.64107	2.61057e-06	-1.91555	0.00130347	49	399	17	136	0.109375	0.111111
NC_000005.10:103039268	ENSG00000145723.17	GIN1	up	1.61922	0.0494552	-0.214345	0.80975	66	382	13	140	0.147321	0.0849673
NC_000005.10:103039268	ENSG00000145723.17	GIN1	dn	1.76347	0.0878151	-0.184047	0.866526	64	384	8	145	0.142857	0.0522876
NC_000005.10:103039268	ENSG00000145723.17	GIN1	body	1.76347	0.0878151	-0.184047	0.866526	64	384	8	145	0.142857	0.0522876
NC_000012.12:48542425	ENSG00000284723.2	OR8S1	up	0.725707	0.00783122	0.142291	0.657017	168	280	57	96	0.375	0.372549
NC_000021.9:27819810	ENSG00000154736.6	ADAMTS5	up	2.38714	0.00650295	-0.337055	0.751644	24	424	12	141	0.0535714	0.0784314
NC_000010.11:79957492	ENSG00000133661.17	SFTPD	up	0.9754	0.0552189	0.320497	0.604802	73	375	35	118	0.162946	0.228758
NC_000010.11:79957492	ENSG00000133661.17	SFTPD	body	1.40536	0.0195137	0.341869	0.640485	48	400	25	128	0.107143	0.163399
NC_000005.10:179109578	ENSG00000177932.7	ZNF354C	dn	-0.942853	0.00621576	0.0608628	0.87669	214	234	76	77	0.477679	0.496732
NC_000005.10:109968944	ENSG00000112893.10	MAN2A1	dn	-0.294945	0.550328	-1.02561	0.0634467	50	398	10	143	0.111607	0.0653595
NC_000011.10:8489832	ENSG00000130413.16	STK33	body	0.203805	0.389032	0.359972	0.177952	158	290	55	98	0.352679	0.359477
NC_000006.12:157284634	ENSG00000215712.11	TMEM242	up	-0.327483	0.101438	-0.12435	0.582091	258	190	76	77	0.575893	0.496732
NC_000006.12:139001615	ENSG00000135597.19	REPS1	dn	2.45098	0.0272839	0.260588	0.845685	19	429	9	144	0.0424107	0.0588235
NC_000010.11:113476267	ENSG00000148702.15	HABP2	up	0.847935	0.0232542	-0.0701671	0.868108	212	236	62	91	0.473214	0.405229
NC_000001.11:2670960	ENSG00000142606.16	MMEL1	up	-0.325996	0.089768	-0.136068	0.554975	102	346	45	108	0.227679	0.294118
NC_000001.11:2670960	ENSG00000142606.16	MMEL1	dn	-0.302357	0.00482668	0.0911896	0.450958	187	261	70	83	0.417411	0.457516
NC_000001.11:2670960	ENSG00000142606.16	MMEL1	body	-0.325996	0.089768	-0.136068	0.554975	102	346	45	108	0.227679	0.294118
NC_000010.11:35708049	ENSG00000177283.8	FZD8	dn	-0.557837	0.138329	-0.152862	0.715918	95	353	29	124	0.212054	0.189542
NC_000012.12:48542545	ENSG00000284723.2	OR8S1	up	1.20321	7.47437e-05	-0.46409	0.191933	168	280	57	96	0.375	0.372549
NC_000011.10:74890930	ENSG00000166435.17	XRRA1	dn	-1.94454	0.00677865	0.562834	0.498311	43	405	15	138	0.0959821	0.0980392
NC_000011.10:74890930	ENSG00000166435.17	XRRA1	body	-1.94492	0.00675943	0.565142	0.495359	44	404	15	138	0.0982143	0.0980392
NC_000001.11:94390851	ENSG00000117528.14	ABCD3	up	-1.20511	0.187375	-0.801743	0.416492	74	374	11	142	0.165179	0.0718954
NC_000001.11:2678588	ENSG00000142606.16	MMEL1	up	-0.473837	0.00477243	0.125375	0.532778	102	346	45	108	0.227679	0.294118
NC_000001.11:2678588	ENSG00000142606.16	MMEL1	dn	-0.294088	0.00167801	0.108565	0.303358	187	261	70	83	0.417411	0.457516
NC_000001.11:2678588	ENSG00000142606.16	MMEL1	body	-0.473837	0.00477243	0.125375	0.532778	102	346	45	108	0.227679	0.294118
NC_000019.10:36296150	ENSG00000196357.12	ZNF565	up	-0.711204	0.00505593	0.130068	0.653772	81	367	26	127	0.180804	0.169935
NC_000017.11:15485299	ENSG00000239704.12	CDRT4	enh	1.59533	0.00470415	-0.424041	0.519104	133	315	52	101	0.296875	0.339869
NC_000013.11:99108361	ENSG00000088387.22	DOCK9	up	-1.77998	0.0298092	-0.205275	0.836704	45	403	23	130	0.100446	0.150327
NC_000012.12:112609219	ENSG00000089169.15	RPH3A	enh	0.159056	0.941933	nan	nan	6	442	1	152	0.0133929	0.00653595
NC_000006.12:169502791	ENSG00000285733.1	ENSG00000285733	dn	0.44318	0.138654	0.264865	0.43874	235	213	73	80	0.524554	0.477124
NC_000002.12:117871974	ENSG00000088205.13	DDX18	dn	1.13691	0.00731093	-0.461097	0.331735	146	302	39	114	0.325893	0.254902
NC_000001.11:2661306	ENSG00000142606.16	MMEL1	up	-0.790656	1.90889e-05	0.570554	0.00983256	102	346	45	108	0.227679	0.294118
NC_000001.11:2661306	ENSG00000142606.16	MMEL1	dn	-0.38309	0.00021271	0.242349	0.0375725	187	261	70	83	0.417411	0.457516
NC_000001.11:2661306	ENSG00000142606.16	MMEL1	body	-0.790656	1.90889e-05	0.570554	0.00983256	102	346	45	108	0.227679	0.294118
NC_000009.12:94592636	ENSG00000130957.5	FBP2	dn	-1.38868	0.0307565	0.139798	0.849945	59	389	19	134	0.131696	0.124183
NC_000006.12:159231720	ENSG00000164694.17	FNDC1	body	-0.398749	0.22803	-0.374275	0.323474	164	284	53	100	0.366071	0.346405
NC_000001.11:152219685	ENSG00000197915.7	HRNR	dn	-0.874264	0.0602046	0.0042557	0.993497	86	362	24	129	0.191964	0.156863
NC_000020.11:41495084	ENSG00000124177.16	CHD6	up	0.965975	0.056607	0.606698	0.323373	42	406	21	132	0.09375	0.137255
NC_000001.11:153129814	ENSG00000244094.2	SPRR2F	dn	1.92816	6.34166e-05	-0.830956	0.146253	63	385	28	125	0.140625	0.183007
NC_000006.12:87533288	ENSG00000146282.19	RARS2	up	-7.77966	2.20576e-09	2.12918	0.147065	52	396	16	137	0.116071	0.104575
NC_000006.12:87533288	ENSG00000146282.19	RARS2	dn	-7.76871	1.74865e-09	1.6601	0.255516	51	397	16	137	0.113839	0.104575
NC_000006.12:87533288	ENSG00000146282.19	RARS2	body	-7.77286	1.86347e-09	1.72867	0.2384	50	398	16	137	0.111607	0.104575
NC_000018.10:79726686	ENSG00000060069.18	CTDP1	body	-0.298195	0.095547	-0.00615577	0.974688	259	189	70	83	0.578125	0.457516
NC_000009.12:113081514	ENSG00000136866.14	ZFP37	dn	0.667064	0.000549741	0.159766	0.472347	350	98	119	34	0.78125	0.777778
NC_000009.12:113081516	ENSG00000136866.14	ZFP37	dn	0.384411	0.0495347	0.28062	0.21487	350	98	119	34	0.78125	0.777778
NC_000001.11:121745969	ENSG00000188610.12	FAM72B	dn	0.316589	0.654137	1.20517	0.115839	36	412	6	147	0.0803571	0.0392157
NC_000009.12:113065605	ENSG00000136866.14	ZFP37	dn	0.709276	0.00118165	-0.134357	0.593853	350	98	119	34	0.78125	0.777778
NC_000009.12:113065609	ENSG00000136866.14	ZFP37	dn	0.295194	0.169908	0.445722	0.0734422	350	98	119	34	0.78125	0.777778
NC_000001.11:121117621	ENSG00000171943.12	SRGAP2C	up	0.863416	0.511926	2.38102	0.109224	26	422	7	146	0.0580357	0.0457516
NC_000001.11:121117621	ENSG00000171943.12	SRGAP2C	body	2.84736	0.00680008	-1.15319	0.303905	45	403	8	145	0.100446	0.0522876
NC_000020.11:31054041	ENSG00000215547.1	DEFB115	up	-0.140982	0.000975703	-0.010601	0.828279	114	334	41	112	0.254464	0.267974
NC_000003.12:10662426	ENSG00000157087.20	ATP2B2	up	1.47295	0.00371923	-0.577502	0.32392	78	370	26	127	0.174107	0.169935
NC_000005.10:168015975	ENSG00000113645.15	WWC1	enh	0.892436	0.099361	0.26147	0.67044	104	344	28	125	0.232143	0.183007
NC_000005.10:66665097	ENSG00000069020.19	MAST4	up	-0.512172	0.184829	-0.381309	0.392915	157	291	54	99	0.350446	0.352941
NC_000004.12:119360926	ENSG00000145384.4	FABP2	dn	0.376765	0.0169296	-0.0655624	0.716224	145	303	43	110	0.323661	0.281046
NC_000014.9:20705085	ENSG00000259171.1	ENSG00000259171	enh	-0.783733	0.227638	-1.24915	0.123713	14	434	8	145	0.03125	0.0522876
NC_000004.12:120906648	ENSG00000138738.11	PRDM5	up	-2.13155	0.00549266	0.439886	0.626577	54	394	22	131	0.120536	0.143791
NC_000004.12:120906648	ENSG00000138738.11	PRDM5	body	-2.1324	0.00554301	0.58911	0.513481	56	392	22	131	0.125	0.143791
NC_000001.11:183149041	ENSG00000058085.15	LAMC2	up	1.25486	0.00317422	-0.459756	0.342576	175	273	61	92	0.390625	0.398693
NC_000009.12:113081753	ENSG00000136866.14	ZFP37	dn	1.18793	2.65071e-07	0.00677443	0.979536	350	98	119	34	0.78125	0.777778
NC_000008.11:109185882	ENSG00000174417.3	TRHR	up	0.796856	0.0116905	-0.308442	0.375912	81	367	17	136	0.180804	0.111111
NC_000008.11:66366523	ENSG00000179041.4	RRS1	up	-0.202428	0.570783	-0.574328	0.148606	132	316	42	111	0.294643	0.27451
NC_000009.12:138175266	ENSG00000148408.15	CACNA1B	prom	-1.71782	0.0986314	-1.57996	0.191919	39	409	14	139	0.0870536	0.0915033
NC_000018.10:14542767	ENSG00000183206.18	POTEC	dn	-1.41759	0.0285616	-0.0828843	0.914933	72	376	35	118	0.160714	0.228758
NC_000012.12:47237611	ENSG00000139211.7	AMIGO2	dn	0.492428	0.530309	0.674676	0.420397	43	405	6	147	0.0959821	0.0392157
NC_000006.12:116608002	ENSG00000111834.13	RSPH4A	up	-0.210633	0.540318	-0.662089	0.0949981	230	218	73	80	0.513393	0.477124
NC_000009.12:113065961	ENSG00000136866.14	ZFP37	dn	0.556827	0.0327718	0.304647	0.312033	350	98	119	34	0.78125	0.777778
NC_000003.12:111268462	ENSG00000153283.13	CD96	up	0.868973	0.468338	1.88196	0.153201	40	408	8	145	0.0892857	0.0522876
NC_000010.11:133759221	ENSG00000225899.8	FRG2B	dn	0.355263	0.0372483	-0.00613118	0.97528	229	219	71	82	0.511161	0.464052
NC_000012.12:71272948	ENSG00000139292.13	LGR5	up	0.555148	0.032013	0.0263229	0.929139	160	288	58	95	0.357143	0.379085
NC_000001.11:726647	ENSG00000284662.2	OR4F16	up	-0.652707	0.0233886	0.0578819	0.864998	187	261	79	74	0.417411	0.51634
NC_000002.12:3538206	ENSG00000182551.14	ADI1	dn	-0.498404	0.194961	-0.262452	0.545609	261	187	75	78	0.582589	0.490196
NC_000010.11:46882371	ENSG00000204179.11	PTPN20	up	1.10015	5.10457e-06	0.202715	0.465314	157	291	49	104	0.350446	0.320261
NC_000002.12:217462834	ENSG00000079308.21	TNS1	dn	0.459525	0.071822	0.0597685	0.838586	275	173	88	65	0.613839	0.575163
NC_000002.12:217462834	ENSG00000079308.21	TNS1	body	0.459525	0.071822	0.0597685	0.838586	275	173	88	65	0.613839	0.575163
NC_000006.12:75347697	ENSG00000112697.17	TMEM30A	dn	-1.96476	0.0294313	-0.755063	0.470442	60	388	21	132	0.133929	0.137255
NC_000017.11:21853139	ENSG00000260458.3	KCNJ18	dn	-0.6804	0.251252	-0.256758	0.688443	31	417	5	148	0.0691964	0.0326797
NC_000010.11:95016705	ENSG00000138115.15	CYP2C8	up	-2.52701	6.40469e-05	1.45959	0.0367296	34	414	11	142	0.0758929	0.0718954
NC_000008.11:25203971	ENSG00000147459.18	DOCK5	body	-0.545174	0.154496	-0.473257	0.279515	197	251	84	69	0.439732	0.54902
NC_000009.12:74940738	ENSG00000135045.7	C9orf40	dn	1.7522	0.00663023	-0.362938	0.640508	72	376	36	117	0.160714	0.235294
NC_000010.11:46887475	ENSG00000204179.11	PTPN20	up	0.526727	0.0954714	0.356851	0.330146	157	291	49	104	0.350446	0.320261
NC_000006.12:90593618	ENSG00000135341.19	MAP3K7	up	0.926233	0.0108685	-0.175167	0.685527	89	359	41	112	0.198661	0.267974
NC_000006.12:90593618	ENSG00000135341.19	MAP3K7	dn	0.926233	0.0108685	-0.175167	0.685527	89	359	41	112	0.198661	0.267974
NC_000006.12:90593618	ENSG00000135341.19	MAP3K7	body	0.926233	0.0108685	-0.175167	0.685527	89	359	41	112	0.198661	0.267974
NC_000011.10:56536066	ENSG00000255223.5	OR5M11	up	0.466672	0.174628	0.358029	0.371069	195	253	71	82	0.435268	0.464052
NC_000009.12:113082802	ENSG00000136866.14	ZFP37	dn	0.181482	0.372691	0.409712	0.0822612	350	98	119	34	0.78125	0.777778
NC_000001.11:56354337	ENSG00000284686.1	ENSG00000284686	body	-1.45631	0.0448217	-0.00988126	0.990584	83	365	25	128	0.185268	0.163399
NC_000003.12:133875270	ENSG00000154917.11	RAB6B	up	-0.1103	0.887141	-1.50762	0.0710045	97	351	13	140	0.216518	0.0849673
NC_000003.12:133875270	ENSG00000154917.11	RAB6B	dn	-0.1103	0.887141	-1.50762	0.0710045	97	351	13	140	0.216518	0.0849673
NC_000003.12:133875270	ENSG00000154917.11	RAB6B	body	-0.1103	0.887141	-1.50762	0.0710045	97	351	13	140	0.216518	0.0849673
NC_000010.11:49242685	ENSG00000204161.15	TMEM273	dn	2.61753	0.000507667	-1.09083	0.181399	87	361	20	133	0.194196	0.130719
NC_000005.10:842339	ENSG00000188818.13	ZDHHC11	up	-0.261589	0.0669349	-0.0248131	0.879174	340	108	100	53	0.758929	0.653595
NC_000005.10:842339	ENSG00000188818.13	ZDHHC11	dn	-0.269057	0.0622454	-0.011668	0.943459	339	109	100	53	0.756696	0.653595
NC_000005.10:842339	ENSG00000188818.13	ZDHHC11	body	-0.269069	0.06219	-0.0143393	0.930557	339	109	100	53	0.756696	0.653595
NC_000009.12:113078846	ENSG00000136866.14	ZFP37	dn	0.439069	0.0407417	0.0149066	0.952041	350	98	119	34	0.78125	0.777778
NC_000006.12:169556034	ENSG00000285733.1	ENSG00000285733	dn	0.980309	0.010972	0.264277	0.547777	235	213	73	80	0.524554	0.477124
NC_000008.11:135626618	ENSG00000131773.15	KHDRBS3	body	-0.746139	0.00169271	0.196379	0.474551	285	163	83	70	0.636161	0.542484
NC_000004.12:125317535	ENSG00000196159.14	FAT4	dn	0.389619	0.451839	0.826271	0.164681	158	290	50	103	0.352679	0.326797
NC_000022.11:47424842	ENSG00000054611.14	TBC1D22A	enh	-2.80477	0.0297779	-0.689346	0.661241	10	438	5	148	0.0223214	0.0326797
NC_000004.12:126196	ENSG00000250312.8	ZNF718	body	0.748959	0.00345086	-0.243214	0.411563	274	174	84	69	0.611607	0.54902
NC_000022.11:49762853	ENSG00000100425.19	BRD1	up	-1.78822	0.0310084	0.521432	0.556819	48	400	10	143	0.107143	0.0653595
NC_000022.11:49762853	ENSG00000100425.19	BRD1	enh	-3.59756	0.0238148	0.874124	0.609556	33	415	5	148	0.0736607	0.0326797
NC_000008.11:135626734	ENSG00000131773.15	KHDRBS3	body	-0.980545	0.000456976	0.0310244	0.923451	285	163	83	70	0.636161	0.542484
NC_000001.11:2672085	ENSG00000142606.16	MMEL1	up	-0.681891	3.8524e-05	0.124905	0.527233	102	346	45	108	0.227679	0.294118
NC_000001.11:2672085	ENSG00000142606.16	MMEL1	dn	-0.337029	0.000248631	0.0384723	0.710036	187	261	70	83	0.417411	0.457516
NC_000001.11:2672085	ENSG00000142606.16	MMEL1	body	-0.681891	3.8524e-05	0.124905	0.527233	102	346	45	108	0.227679	0.294118
NC_000001.11:153000840	ENSG00000163209.15	SPRR3	dn	0.991114	0.000879346	-0.375272	0.289656	85	363	34	119	0.189732	0.222222
NC_000004.12:123003202	ENSG00000145375.9	AFG2A	up	0.989057	0.0592931	0.281355	0.648988	93	355	39	114	0.207589	0.254902
NC_000002.12:237655916	ENSG00000124831.20	LRRFIP1	body	0.849933	0.0363864	-0.205603	0.645179	176	272	43	110	0.392857	0.281046
NC_000009.12:113376216	ENSG00000119431.10	HDHD3	up	1.05732	0.10616	0.501816	0.503894	171	277	60	93	0.381696	0.392157
NC_000009.12:113376216	ENSG00000119431.10	HDHD3	dn	0.602297	0.087098	0.215691	0.598946	213	235	73	80	0.475446	0.477124
NC_000009.12:113376216	ENSG00000119431.10	HDHD3	body	1.33144	0.0491889	0.233107	0.766168	168	280	59	94	0.375	0.385621
NC_000009.12:113376216	ENSG00000119431.10	HDHD3	prom	1.33144	0.0491889	0.233107	0.766168	168	280	59	94	0.375	0.385621
NC_000019.10:36297459	ENSG00000196357.12	ZNF565	up	-0.35209	0.114132	-0.168865	0.508408	81	367	26	127	0.180804	0.169935
NC_000019.10:36297459	ENSG00000196357.12	ZNF565	body	-0.959707	0.0623562	-0.0251277	0.965382	45	403	12	141	0.100446	0.0784314
NC_000005.10:73771312	ENSG00000214944.10	ARHGEF28	dn	-1.84989	0.00092497	0.966659	0.123511	79	369	24	129	0.176339	0.156863
NC_000008.11:22921969	ENSG00000008853.18	RHOBTB2	up	-1.24514	0.044882	-0.891006	0.211923	81	367	26	127	0.180804	0.169935
NC_000008.11:22921969	ENSG00000008853.18	RHOBTB2	enh	-1.24514	0.044882	-0.891006	0.211923	81	367	26	127	0.180804	0.169935
NC_000011.10:130529629	ENSG00000166106.4	ADAMTS15	dn	0.891937	0.015436	-0.151791	0.72141	238	210	77	76	0.53125	0.503268
NC_000003.12:149253014	ENSG00000047457.14	CP	enh	-2.65204	1.49943e-05	nan	nan	9	439	0	153	0.0200893	0
NC_000015.10:27826751	ENSG00000104044.16	OCA2	dn	0.490988	0.2012	0.566509	0.210464	129	319	51	102	0.287946	0.333333
NC_000015.10:27826751	ENSG00000104044.16	OCA2	body	0.160589	0.252663	0.215263	0.186946	249	199	100	53	0.555804	0.653595
NC_000007.14:158926025	ENSG00000126870.16	DYNC2I1	prom	-0.0304107	0.9177	-0.760575	0.0237579	301	147	72	81	0.671875	0.470588
NC_000011.10:126803156	ENSG00000149571.12	KIRREL3	body	-0.362767	0.260933	-0.474244	0.205723	148	300	49	104	0.330357	0.320261
NC_000011.10:123322912	ENSG00000023171.20	GRAMD1B	up	-1.6612	0.00339013	0.710625	0.265306	178	270	72	81	0.397321	0.470588
NC_000011.10:123322912	ENSG00000023171.20	GRAMD1B	prom	-2.95467	1.72648e-05	0.56131	0.474807	120	328	38	115	0.267857	0.248366
NC_000011.10:113268833	ENSG00000149292.17	TTC12	prom	4.15697	6.95151e-06	nan	nan	2	446	0	153	0.00446429	0
NC_000001.11:121117516	ENSG00000171943.12	SRGAP2C	up	0.60063	0.653301	2.66849	0.0772724	26	422	7	146	0.0580357	0.0457516
NC_000001.11:121117516	ENSG00000171943.12	SRGAP2C	body	0.0531354	0.960228	1.95569	0.0863712	45	403	8	145	0.100446	0.0522876
NC_000015.10:25134299	ENSG00000214265.11	ENSG00000214265	up	0.386841	0.270819	0.255858	0.50591	229	219	63	90	0.511161	0.411765
NC_000003.12:125990564	ENSG00000114547.10	ROPN1B	dn	-2.6055	0.00105937	-0.339128	0.699643	197	251	33	120	0.439732	0.215686
NC_000010.11:113493110	ENSG00000148702.15	HABP2	up	-0.421853	0.0838171	-0.136001	0.622411	212	236	62	91	0.473214	0.405229
NC_000001.11:233206452	ENSG00000135749.20	PCNX2	up	-1.5832	0.00511378	-0.212434	0.746711	159	289	63	90	0.354911	0.411765
NC_000001.11:233206452	ENSG00000135749.20	PCNX2	body	-1.5832	0.00511378	-0.212434	0.746711	159	289	63	90	0.354911	0.411765
NC_000009.12:113065618	ENSG00000136866.14	ZFP37	dn	0.740191	0.000299258	-0.354988	0.13217	350	98	119	34	0.78125	0.777778
NC_000001.11:121647847	ENSG00000188610.12	FAM72B	up	1.15734	0.0334058	0.172955	0.777713	26	422	7	146	0.0580357	0.0457516
NC_000016.10:84134589	ENSG00000103160.12	HSDL1	up	-0.790967	0.0463549	-0.068618	0.880587	213	235	66	87	0.475446	0.431373
NC_000014.9:51197500	ENSG00000139921.13	TMX1	up	0.787586	0.0250175	0.185098	0.657173	131	317	58	95	0.292411	0.379085
NC_000007.14:141784681	ENSG00000127366.5	TAS2R5	dn	2.68167	0.001456	-1.02293	0.288086	35	413	11	142	0.078125	0.0718954
NC_000014.9:70437037	ENSG00000139985.8	ADAM21	up	1.39055	0.00367451	-0.483728	0.386636	154	294	57	96	0.34375	0.372549
NC_000009.12:113081764	ENSG00000136866.14	ZFP37	dn	0.89186	0.000245276	0.121556	0.66401	350	98	119	34	0.78125	0.777778
NC_000009.12:113081767	ENSG00000136866.14	ZFP37	dn	0.600474	0.0198864	0.627987	0.0352487	350	98	119	34	0.78125	0.777778
NC_000014.9:56139445	ENSG00000139946.11	PELI2	body	-1.19569	0.0131991	0.00241319	0.996596	96	352	33	120	0.214286	0.215686
NC_000005.10:841175	ENSG00000188818.13	ZDHHC11	up	-0.368412	0.015837	0.0453953	0.794624	340	108	100	53	0.758929	0.653595
NC_000005.10:841175	ENSG00000188818.13	ZDHHC11	dn	-0.374085	0.0152682	0.0456474	0.794933	339	109	100	53	0.756696	0.653595
NC_000005.10:841175	ENSG00000188818.13	ZDHHC11	body	-0.374102	0.0152639	0.0451871	0.797028	339	109	100	53	0.756696	0.653595
NC_000009.12:113065853	ENSG00000136866.14	ZFP37	dn	0.229105	0.410078	0.69095	0.0320662	350	98	119	34	0.78125	0.777778
NC_000012.12:131143439	ENSG00000111452.13	ADGRD1	dn	-1.99143	0.00587685	0.860702	0.275411	87	361	16	137	0.194196	0.104575
NC_000015.10:51172403	ENSG00000183578.8	TNFAIP8L3	dn	0.947236	0.155806	0.496531	0.51768	91	357	29	124	0.203125	0.189542
NC_000007.14:65186087	ENSG00000213462.5	ERV3-1	up	1.02777	0.0439283	-0.00326432	0.995542	101	347	36	117	0.225446	0.235294
NC_000009.12:113081887	ENSG00000136866.14	ZFP37	dn	0.378381	0.0422373	0.299803	0.163866	350	98	119	34	0.78125	0.777778
NC_000021.9:44059022	ENSG00000160218.13	TRAPPC10	body	-0.494152	0.361464	-0.65839	0.25811	51	397	15	138	0.113839	0.0980392
NC_000021.9:44059022	ENSG00000160218.13	TRAPPC10	enh	-0.498672	0.469005	-1.18048	0.127477	43	405	11	142	0.0959821	0.0718954
NC_000020.11:31188408	ENSG00000215547.1	DEFB115	up	0.259469	0.0247859	-0.010733	0.935417	114	334	41	112	0.254464	0.267974
NC_000004.12:181242173	ENSG00000218336.9	TENM3	enh	7.03748	0.0016643	-4.24069	0.0788566	12	436	2	151	0.0267857	0.0130719
NC_000008.11:650326	ENSG00000198010.13	DLGAP2	up	-0.587013	6.782e-05	0.284176	0.0972386	370	78	124	29	0.825893	0.810458
NC_000008.11:650326	ENSG00000198010.13	DLGAP2	enh	-2.06053	3.4266e-05	0.598394	0.295819	118	330	39	114	0.263393	0.254902
NC_000002.12:74934241	ENSG00000115350.12	POLE4	dn	-1.32244	0.211163	-0.207564	0.850859	92	356	7	146	0.205357	0.0457516
NC_000019.10:21569887	ENSG00000197013.11	ZNF429	dn	0.228839	0.0549243	0.00136585	0.991923	132	316	51	102	0.294643	0.333333
NC_000004.12:77308037	ENSG00000138764.15	CCNG2	body	-0.383749	0.0517509	-0.0525838	0.816278	304	144	103	50	0.678571	0.673203
NC_000019.10:21555360	ENSG00000197013.11	ZNF429	dn	-0.167118	0.253132	-0.207873	0.209878	132	316	51	102	0.294643	0.333333
NC_000004.12:119438721	ENSG00000145384.4	FABP2	dn	0.799958	4.0741e-05	-0.199997	0.367451	145	303	43	110	0.323661	0.281046
NC_000002.12:85875878	ENSG00000115525.18	ST3GAL5	enh	-8.17746	2.16508e-06	nan	nan	1	447	2	151	0.00223214	0.0130719
NC_000010.11:38792584	ENSG00000283930.1	PLD5P1	up	-0.963746	0.0350926	-0.271659	0.60635	79	369	32	121	0.176339	0.20915
NC_000010.11:38792584	ENSG00000283930.1	PLD5P1	dn	-0.675879	0.0141869	0.0258409	0.933496	152	296	52	101	0.339286	0.339869
NC_000010.11:38792584	ENSG00000283930.1	PLD5P1	body	-0.841275	0.0065436	0.0743297	0.833731	127	321	46	107	0.283482	0.300654
NC_000007.14:152037365	ENSG00000178234.13	GALNT11	up	-0.753893	0.0917501	-0.276483	0.595821	267	181	99	54	0.595982	0.647059
NC_000020.11:5321577	ENSG00000101292.8	PROKR2	up	0.432837	0.10232	0.112456	0.700331	200	248	62	91	0.446429	0.405229
NC_000009.12:21270018	ENSG00000228083.3	IFNA14	dn	-0.866979	0.191698	-0.754814	0.335341	80	368	33	120	0.178571	0.215686
NC_000006.12:169564299	ENSG00000285733.1	ENSG00000285733	dn	0.311863	0.46604	0.744126	0.128608	235	213	73	80	0.524554	0.477124
NC_000005.10:115658489	ENSG00000134970.14	TMED7	dn	0.406922	0.30206	0.313685	0.467324	95	353	35	118	0.212054	0.228758
NC_000001.11:210001563	ENSG00000143469.21	SYT14	up	-1.04076	0.00124859	0.346423	0.36061	208	240	73	80	0.464286	0.477124
NC_000002.12:42785475	ENSG00000162882.15	HAAO	enh	4.17744	0.00105609	-2.09631	0.140649	20	428	5	148	0.0446429	0.0326797
NC_000009.12:138176443	ENSG00000148408.15	CACNA1B	prom	-1.77292	0.0184158	-0.413953	0.635743	39	409	14	139	0.0870536	0.0915033
NC_000002.12:156128360	ENSG00000153234.16	NR4A2	up	-0.971769	0.474816	-0.988948	0.491838	45	403	5	148	0.100446	0.0326797
NC_000006.12:157285702	ENSG00000215712.11	TMEM242	up	-0.333239	0.0253568	0.00465354	0.977934	258	190	76	77	0.575893	0.496732
NC_000011.10:122564156	ENSG00000154127.10	UBASH3B	up	0.780614	0.101599	0.45479	0.415586	103	345	42	111	0.229911	0.27451
NC_000001.11:223021815	ENSG00000187554.15	TLR5	enh	-0.983134	0.693563	nan	nan	5	443	1	152	0.0111607	0.00653595
NC_000003.12:117588007	ENSG00000185565.13	LSAMP	body	0.423377	0.0710454	0.0601352	0.823033	370	78	112	41	0.825893	0.732026
NC_000001.11:2673383	ENSG00000142606.16	MMEL1	up	-0.343776	0.0176853	-0.0502298	0.772357	102	346	45	108	0.227679	0.294118
NC_000001.11:2673383	ENSG00000142606.16	MMEL1	dn	-0.229291	0.00464565	0.0500705	0.583518	187	261	70	83	0.417411	0.457516
NC_000001.11:2673383	ENSG00000142606.16	MMEL1	body	-0.343776	0.0176853	-0.0502298	0.772357	102	346	45	108	0.227679	0.294118
NC_000008.11:123642369	ENSG00000175946.9	KLHL38	up	-0.9791	0.0104053	0.152469	0.739459	172	276	69	84	0.383929	0.45098
NC_000022.11:35252583	ENSG00000100281.14	HMGXB4	up	0.627105	0.0310982	-0.0438227	0.8915	137	311	36	117	0.305804	0.235294
NC_000022.11:18996572	ENSG00000286025.2	FAM246C	up	2.45936	0.000558175	-0.479093	0.552503	102	346	31	122	0.227679	0.202614
NC_000006.12:408689	ENSG00000137265.16	IRF4	dn	0.412569	0.110941	0.258139	0.392255	265	183	85	68	0.591518	0.555556
NC_000011.10:48650190	ENSG00000237388.3	OR4A47	dn	0.751455	0.0644768	0.267578	0.589482	91	357	31	122	0.203125	0.202614
NC_000006.12:160626110	ENSG00000198670.13	LPA	dn	-0.193922	0.294955	-0.202914	0.323183	95	353	26	127	0.212054	0.169935
NC_000010.11:47332713	ENSG00000263761.3	GDF2	dn	-0.877114	0.0548194	-0.0710394	0.893432	171	277	54	99	0.381696	0.352941
NC_000012.12:112553629	ENSG00000089169.15	RPH3A	enh	0.443605	0.870424	nan	nan	6	442	1	152	0.0133929	0.00653595
NC_000004.12:82482261	ENSG00000145293.17	ENOPH1	dn	-1.23774	0.0261349	-0.334943	0.599777	119	329	37	116	0.265625	0.24183
NC_000017.11:21674672	ENSG00000260458.3	KCNJ18	dn	3.19485	0.0570677	0.861065	0.634506	31	417	5	148	0.0691964	0.0326797
NC_000001.11:2670740	ENSG00000142606.16	MMEL1	up	-0.316091	0.0144046	-0.0323153	0.834572	102	346	45	108	0.227679	0.294118
NC_000001.11:2670740	ENSG00000142606.16	MMEL1	dn	-0.180399	0.0125054	0.0191828	0.813895	187	261	70	83	0.417411	0.457516
NC_000001.11:2670740	ENSG00000142606.16	MMEL1	body	-0.316091	0.0144046	-0.0323153	0.834572	102	346	45	108	0.227679	0.294118
NC_000002.12:100476055	ENSG00000204640.1	NMS	up	2.01231	0.00142005	0.0163827	0.982062	126	322	44	109	0.28125	0.287582
NC_000002.12:100476055	ENSG00000204640.1	NMS	dn	2.22438	0.00601795	-0.69411	0.438529	103	345	23	130	0.229911	0.150327
NC_000011.10:101619371	ENSG00000137672.13	TRPC6	dn	0.899679	0.0204665	-0.0837409	0.8516	98	350	43	110	0.21875	0.281046
NC_000011.10:101619371	ENSG00000137672.13	TRPC6	body	1.00862	0.00217603	-0.50094	0.169013	155	293	47	106	0.345982	0.30719
NC_000007.14:104217150	ENSG00000164815.11	ORC5	dn	1.94631	0.0014193	-0.78139	0.285598	76	372	29	124	0.169643	0.189542
NC_000006.12:123602894	ENSG00000186439.16	TRDN	up	1.25873	0.0450324	0.212445	0.77479	126	322	60	93	0.28125	0.392157
NC_000011.10:27637584	ENSG00000176697.20	BDNF	up	-1.07861	0.0736527	-0.713868	0.330044	48	400	25	128	0.107143	0.163399
NC_000010.11:121825550	ENSG00000107669.19	ATE1	up	0.764701	0.0794212	0.756998	0.169539	17	431	10	143	0.0379464	0.0653595
NC_000007.14:155775174	ENSG00000164690.8	SHH	up	0.886936	0.194457	0.78177	0.322027	51	397	17	136	0.113839	0.111111
NC_000006.12:169531591	ENSG00000285733.1	ENSG00000285733	dn	0.422064	0.0668114	0.0409249	0.876337	235	213	73	80	0.524554	0.477124
NC_000017.11:21673387	ENSG00000260458.3	KCNJ18	dn	3.31254	0.0288733	1.71933	0.293018	31	417	5	148	0.0691964	0.0326797
NC_000017.11:21750039	ENSG00000260458.3	KCNJ18	dn	-0.82468	0.406306	-1.2097	0.259619	31	417	5	148	0.0691964	0.0326797
NC_000014.9:52248980	ENSG00000168229.4	PTGDR	up	0.876026	0.112629	0.436893	0.492265	95	353	35	118	0.212054	0.228758
NC_000005.10:66693715	ENSG00000069020.19	MAST4	body	0.683202	0.0160069	-0.0905284	0.777787	193	255	52	101	0.430804	0.339869
NC_000003.12:14011597	ENSG00000163528.13	CHCHD4	dn	-2.0823	1.09457e-06	0.903815	0.0634395	154	294	56	97	0.34375	0.366013
NC_000005.10:35613868	ENSG00000152582.14	SPEF2	up	-0.896676	0.0878251	-0.291962	0.63004	63	385	21	132	0.140625	0.137255
NC_000014.9:18661497	ENSG00000257115.2	OR11H12	up	-3.4013	2.18956e-08	1.17343	0.0727302	52	396	12	141	0.116071	0.0784314
NC_000004.12:190120819	ENSG00000260596.5	DUX4	up	0.470916	0.465762	1.08926	0.142694	20	428	7	146	0.0446429	0.0457516
NC_000006.12:169574415	ENSG00000285733.1	ENSG00000285733	dn	0.754538	0.0106202	0.169196	0.615489	235	213	73	80	0.524554	0.477124
NC_000003.12:126405576	ENSG00000163885.12	CFAP100	enh	-0.694175	0.691204	3.49661	0.0591504	17	431	2	151	0.0379464	0.0130719
NC_000012.12:103899226	ENSG00000166598.16	HSP90B1	up	-1.8799	0.000459298	0.178623	0.771414	95	353	32	121	0.212054	0.20915
NC_000001.11:193310691	ENSG00000162630.6	B3GALT2	dn	-0.387545	0.321455	-0.418865	0.336313	85	363	19	134	0.189732	0.124183
NC_000011.10:5834178	ENSG00000205409.3	OR52E6	dn	0.994415	0.00210349	-0.246257	0.513033	157	291	54	99	0.350446	0.352941
NC_000002.12:676222	ENSG00000151353.15	TMEM18	body	1.36179	0.000204617	-0.711927	0.093665	253	195	65	88	0.564732	0.424837
NC_000002.12:74944726	ENSG00000115350.12	POLE4	dn	-2.19053	0.0355795	0.152929	0.888072	92	356	7	146	0.205357	0.0457516
NC_000008.11:66337889	ENSG00000179041.4	RRS1	up	-0.748076	0.0408222	-0.0193545	0.962001	132	316	42	111	0.294643	0.27451
NC_000010.11:46901120	ENSG00000204179.11	PTPN20	up	0.376777	0.0200686	0.0499006	0.790334	157	291	49	104	0.350446	0.320261
NC_000002.12:26178655	ENSG00000157833.13	GAREM2	body	2.29694	0.086073	1.24288	0.388615	54	394	8	145	0.120536	0.0522876
NC_000002.12:26178655	ENSG00000157833.13	GAREM2	prom	2.29694	0.086073	1.24288	0.388615	54	394	8	145	0.120536	0.0522876
NC_000003.12:102236771	ENSG00000170044.9	ZPLD1	body	0.582794	0.167504	0.432383	0.38908	113	335	57	96	0.252232	0.372549
NC_000004.12:112427848	ENSG00000178403.4	NEUROG2	up	-0.284112	0.488195	-0.736997	0.122172	172	276	63	90	0.383929	0.411765
NC_000007.14:65188559	ENSG00000213462.5	ERV3-1	up	1.32726	0.00557139	-0.174612	0.749788	101	347	36	117	0.225446	0.235294
NC_000020.11:43103987	ENSG00000196090.14	PTPRT	up	-1.93985	0.0205462	-0.569537	0.559652	30	418	11	142	0.0669643	0.0718954
NC_000009.12:113065509	ENSG00000136866.14	ZFP37	dn	0.86674	0.0015664	0.229675	0.467188	350	98	119	34	0.78125	0.777778
NC_000002.12:17847736	ENSG00000170745.12	KCNS3	body	0.144317	0.252368	0.126276	0.376616	364	84	125	28	0.8125	0.816993
NC_000008.11:66362971	ENSG00000179041.4	RRS1	up	-1.18485	0.0146401	0.0837851	0.876402	132	316	42	111	0.294643	0.27451
NC_000001.11:121117528	ENSG00000171943.12	SRGAP2C	up	1.05808	0.409991	2.02224	0.163005	26	422	7	146	0.0580357	0.0457516
NC_000001.11:121117528	ENSG00000171943.12	SRGAP2C	body	0.318431	0.756658	1.37918	0.209583	45	403	8	145	0.100446	0.0522876
NC_000011.10:110611817	ENSG00000137727.13	ARHGAP20	up	1.92606	8.67203e-05	-0.624925	0.281118	112	336	50	103	0.25	0.326797
NC_000011.10:110611817	ENSG00000137727.13	ARHGAP20	dn	1.92614	8.6923e-05	-0.618769	0.287556	111	337	50	103	0.247768	0.326797
NC_000011.10:110611817	ENSG00000137727.13	ARHGAP20	body	1.92606	8.67203e-05	-0.624925	0.281118	112	336	50	103	0.25	0.326797
NC_000002.12:14539549	ENSG00000162981.14	LRATD1	up	-0.130473	0.869931	1.95936	0.027191	28	420	4	149	0.0625	0.0261438
NC_000002.12:74955256	ENSG00000115350.12	POLE4	dn	-3.07024	0.0259599	1.16516	0.417608	92	356	7	146	0.205357	0.0457516
NC_000002.12:119661198	ENSG00000144120.13	TMEM177	up	0.868088	0.148644	0.841376	0.24051	30	418	13	140	0.0669643	0.0849673
NC_000006.12:169578101	ENSG00000285733.1	ENSG00000285733	dn	1.15195	0.0015549	-0.45859	0.268953	235	213	73	80	0.524554	0.477124
NC_000020.11:30504803	ENSG00000215547.1	DEFB115	up	0.167981	0.27853	0.20468	0.250243	114	334	41	112	0.254464	0.267974
NC_000006.12:688491	ENSG00000112685.14	EXOC2	up	0.868484	0.00130369	-0.393561	0.209243	331	117	113	40	0.738839	0.738562
NC_000012.12:91324845	ENSG00000011465.18	DCN	enh	3.47436	3.91922e-05	nan	nan	3	445	0	153	0.00669643	0
NC_000002.12:158926732	ENSG00000115183.15	TANC1	up	2.30941	0.122478	0.289868	0.856474	42	406	6	147	0.09375	0.0392157
NC_000002.12:204365595	ENSG00000116117.20	PARD3B	body	0.623589	0.0320244	-0.113634	0.725574	315	133	108	45	0.703125	0.705882
NC_000005.10:415254	ENSG00000180104.16	EXOC3	dn	-0.257586	0.0259771	-0.0608241	0.642595	358	90	132	21	0.799107	0.862745
NC_000005.10:415254	ENSG00000180104.16	EXOC3	body	-2.44793	7.61281e-05	1.13031	0.116947	87	361	39	114	0.194196	0.254902
NC_000005.10:415254	ENSG00000180104.16	EXOC3	prom	-2.32668	0.000514312	0.506994	0.525362	59	389	31	122	0.131696	0.202614
NC_000001.11:2661681	ENSG00000142606.16	MMEL1	dn	-0.502476	0.000228656	0.294493	0.055189	187	261	70	83	0.417411	0.457516
NC_000009.12:113081653	ENSG00000136866.14	ZFP37	dn	1.15974	0.000117254	-0.0847341	0.806658	350	98	119	34	0.78125	0.777778
NC_000003.12:111268248	ENSG00000153283.13	CD96	up	1.37168	0.269975	0.989605	0.468793	40	408	8	145	0.0892857	0.0522876
NC_000005.10:270930	ENSG00000249915.9	PDCD6	up	0.82071	0.000750127	-0.339748	0.230647	154	294	60	93	0.34375	0.392157
NC_000005.10:270930	ENSG00000249915.9	PDCD6	body	2.7232	0.00104417	-1.65806	0.0607165	46	402	17	136	0.102679	0.111111
NC_000009.12:113081779	ENSG00000136866.14	ZFP37	dn	0.733117	0.00305737	0.131163	0.645775	350	98	119	34	0.78125	0.777778
NC_000010.11:46883682	ENSG00000204179.11	PTPN20	up	0.529563	0.0193842	0.280183	0.285688	157	291	49	104	0.350446	0.320261
NC_000009.12:113065866	ENSG00000136866.14	ZFP37	dn	0.350683	0.282066	0.610967	0.105511	350	98	119	34	0.78125	0.777778
NC_000013.11:24133939	ENSG00000182957.16	SPATA13	body	-0.494055	0.0919166	-0.205568	0.545709	124	324	43	110	0.276786	0.281046
NC_000006.12:86992449	ENSG00000168830.8	HTR1E	up	2.00215	0.00770604	-0.415948	0.638513	55	393	22	131	0.122768	0.143791
NC_000010.11:122969993	ENSG00000179988.15	PSTK	body	1.05884	0.0131089	-0.0693843	0.889012	66	382	26	127	0.147321	0.169935
NC_000009.12:113081891	ENSG00000136866.14	ZFP37	dn	0.583802	0.000878235	0.0642988	0.750378	350	98	119	34	0.78125	0.777778
NC_000002.12:197912493	ENSG00000115896.17	PLCL1	body	0.34945	0.0644808	0.0736516	0.72428	196	252	64	89	0.4375	0.418301
NC_000010.11:133759244	ENSG00000225899.8	FRG2B	dn	0.352787	0.00663428	-0.0807595	0.591773	229	219	71	82	0.511161	0.464052
NC_000010.11:124289002	ENSG00000065154.12	OAT	enh	1.87975	4.13948e-05	nan	nan	3	445	0	153	0.00669643	0
NC_000001.11:121645275	ENSG00000188610.12	FAM72B	up	2.14963	0.00241427	-0.415242	0.602071	26	422	7	146	0.0580357	0.0457516
NC_000001.11:115326485	ENSG00000134259.6	NGF	up	1.49812	0.016295	-0.235041	0.745029	116	332	41	112	0.258929	0.267974
NC_000010.11:1660382	ENSG00000185736.16	ADARB2	up	0.500948	0.0566456	0.00271322	0.992566	236	212	58	95	0.526786	0.379085
NC_000009.12:1028575	ENSG00000173253.16	DMRT2	up	-0.794798	0.0788807	0.0878874	0.859293	161	287	44	109	0.359375	0.287582
NC_000018.10:76406330	ENSG00000101493.11	ZNF516	up	-1.77681	0.00560451	-0.347232	0.647951	66	382	28	125	0.147321	0.183007
NC_000018.10:76406330	ENSG00000101493.11	ZNF516	dn	-0.999195	0.0203467	0.159659	0.747374	189	259	60	93	0.421875	0.392157
NC_000018.10:76406330	ENSG00000101493.11	ZNF516	body	-0.994131	0.0150202	0.146529	0.757141	193	255	64	89	0.430804	0.418301
NC_000020.11:31097246	ENSG00000215547.1	DEFB115	up	-0.61143	0.000459419	0.203046	0.308704	114	334	41	112	0.254464	0.267974
NC_000022.11:50106014	ENSG00000073146.17	MOV10L1	enh	0.644491	0.0501048	0.171482	0.657157	249	199	88	65	0.555804	0.575163
NC_000007.14:37178191	ENSG00000155849.16	ELMO1	up	1.16289	0.041907	-0.0587732	0.92661	140	308	30	123	0.3125	0.196078
NC_000009.12:113085465	ENSG00000136866.14	ZFP37	dn	-0.792343	1.95778e-06	0.53798	0.0049651	350	98	119	34	0.78125	0.777778
NC_000006.12:130322613	ENSG00000164483.17	SAMD3	up	0.68096	0.00850684	-0.182325	0.535838	237	211	72	81	0.529018	0.470588
NC_000006.12:130322613	ENSG00000164483.17	SAMD3	body	0.443271	0.0163368	0.0166613	0.937884	252	196	88	65	0.5625	0.575163
NC_000005.10:115663862	ENSG00000134970.14	TMED7	up	0.188463	0.817691	1.02972	0.236125	50	398	6	147	0.111607	0.0392157
NC_000005.10:115663862	ENSG00000134970.14	TMED7	dn	0.24002	0.352237	0.238507	0.39844	95	353	35	118	0.212054	0.228758
NC_000005.10:115663862	ENSG00000134970.14	TMED7	body	0.188463	0.817691	1.02972	0.236125	50	398	6	147	0.111607	0.0392157
NC_000009.12:113082703	ENSG00000136866.14	ZFP37	dn	0.439952	0.0186544	0.0183194	0.932379	350	98	119	34	0.78125	0.777778
NC_000009.12:113086994	ENSG00000136866.14	ZFP37	dn	1.54469	6.75094e-07	-0.41259	0.246757	350	98	119	34	0.78125	0.777778
NC_000001.11:2679303	ENSG00000142606.16	MMEL1	up	-1.59964	5.61848e-08	0.660923	0.0588992	102	346	45	108	0.227679	0.294118
NC_000001.11:2679303	ENSG00000142606.16	MMEL1	dn	-0.903638	4.76017e-08	0.529303	0.00432451	187	261	70	83	0.417411	0.457516
NC_000001.11:2679303	ENSG00000142606.16	MMEL1	body	-1.59964	5.61848e-08	0.660923	0.0588992	102	346	45	108	0.227679	0.294118
NC_000017.11:34133244	ENSG00000108684.15	ASIC2	up	0.123715	0.74027	0.876307	0.0366819	241	207	92	61	0.537946	0.601307
NC_000006.12:149136821	ENSG00000055208.20	TAB2	up	-2.4452	0.00254501	1.04605	0.252339	64	384	16	137	0.142857	0.104575
NC_000020.11:61488591	ENSG00000179242.16	CDH4	up	2.39882	0.000208451	-1.53811	0.0323932	145	303	44	109	0.323661	0.287582
NC_000005.10:72809799	ENSG00000083312.19	TNPO1	up	0.975675	0.0316429	-0.1743	0.731811	196	252	41	112	0.4375	0.267974
NC_000006.12:159670663	ENSG00000146457.16	WTAP	up	-0.621409	0.0405803	-0.0801026	0.822024	267	181	91	62	0.595982	0.594771
NC_000007.14:87209820	ENSG00000135185.12	TMEM243	up	-1.01269	0.0667586	-0.671293	0.300588	159	289	50	103	0.354911	0.326797
NC_000007.14:87209820	ENSG00000135185.12	TMEM243	dn	-1.01269	0.0667586	-0.671293	0.300588	159	289	50	103	0.354911	0.326797
NC_000007.14:87209820	ENSG00000135185.12	TMEM243	body	-1.01269	0.0667586	-0.671293	0.300588	159	289	50	103	0.354911	0.326797
NC_000016.10:88293288	ENSG00000225614.4	ZNF469	dn	-0.210109	0.336637	-0.29809	0.223317	209	239	68	85	0.466518	0.444444
NC_000002.12:65370327	ENSG00000198369.10	SPRED2	up	2.48671	0.000173305	0.0645589	0.931843	46	402	18	135	0.102679	0.117647
NC_000002.12:65370327	ENSG00000198369.10	SPRED2	dn	2.48671	0.000173305	0.0645589	0.931843	46	402	18	135	0.102679	0.117647
NC_000002.12:65370327	ENSG00000198369.10	SPRED2	body	2.48671	0.000173305	0.0645589	0.931843	46	402	18	135	0.102679	0.117647
NC_000020.11:31231780	ENSG00000215547.1	DEFB115	up	0.202291	0.0373497	-0.0107971	0.92277	114	334	41	112	0.254464	0.267974
NC_000003.12:119703511	ENSG00000285585.1	ENSG00000285585	up	-4.29555	0.000540477	1.52285	0.296099	23	425	9	144	0.0513393	0.0588235
NC_000014.9:76750727	ENSG00000071246.11	VASH1	up	-1.25259	0.0200944	0.213739	0.722623	112	336	25	128	0.25	0.163399
NC_000004.12:54716763	ENSG00000157404.17	KIT	up	-0.266847	0.429656	-0.37214	0.313694	185	263	33	120	0.412946	0.215686
NC_000006.12:6274343	ENSG00000124491.16	F13A1	up	0.668076	0.12065	0.381339	0.440129	124	324	38	115	0.276786	0.248366
NC_000012.12:112566744	ENSG00000089169.15	RPH3A	enh	-0.784151	0.698353	nan	nan	6	442	1	152	0.0133929	0.00653595
NC_000002.12:3374250	ENSG00000032389.13	EIPR1	up	-0.755439	1.36735e-08	0.383937	0.00943002	174	274	47	106	0.388393	0.30719
NC_000002.12:3374250	ENSG00000032389.13	EIPR1	dn	-0.341242	0.132078	-0.0796397	0.749791	202	246	51	102	0.450893	0.333333
NC_000002.12:3374250	ENSG00000032389.13	EIPR1	body	-0.548907	1.16905e-06	0.237865	0.0573165	264	184	70	83	0.589286	0.457516
NC_000012.12:39752235	ENSG00000180116.15	REDIC1	body	1.19842	3.43769e-06	-0.713977	0.0164377	113	335	33	120	0.252232	0.215686
NC_000001.11:93137625	ENSG00000122483.18	CCDC18	dn	-3.62766	4.65491e-14	0.44114	0.430966	168	280	54	99	0.375	0.352941
NC_000001.11:93137625	ENSG00000122483.18	CCDC18	prom	-4.93917	5.19187e-09	0.861247	0.381066	102	346	43	110	0.227679	0.281046
NC_000011.10:5925116	ENSG00000132256.20	TRIM5	body	0.648451	0.000790673	-0.324833	0.15152	218	230	75	78	0.486607	0.490196
NC_000010.11:46879486	ENSG00000204179.11	PTPN20	up	0.463455	0.0715208	0.0748957	0.801635	157	291	49	104	0.350446	0.320261
NC_000005.10:168685754	ENSG00000120137.7	PANK3	dn	0.455385	0.221285	0.377294	0.374581	109	339	28	125	0.243304	0.183007
NC_000006.12:139001401	ENSG00000135597.19	REPS1	dn	1.46475	0.0325658	0.47867	0.562525	19	429	9	144	0.0424107	0.0588235
NC_000003.12:12031450	ENSG00000157152.17	SYN2	body	-0.735695	0.0133873	-0.159996	0.642042	193	255	74	79	0.430804	0.48366
NC_000009.12:138156623	ENSG00000148408.15	CACNA1B	prom	-1.37549	0.057367	-0.404701	0.630625	39	409	14	139	0.0870536	0.0915033
NC_000011.10:5905994	ENSG00000277932.2	OR52E5	up	0.783987	0.000747516	-0.215596	0.43577	166	282	60	93	0.370536	0.392157
NC_000002.12:169927706	ENSG00000144357.18	UBR3	prom	0.943475	0.531531	nan	nan	4	444	1	152	0.00892857	0.00653595
NC_000010.11:46878074	ENSG00000204179.11	PTPN20	up	0.767966	0.0101284	0.331791	0.337373	157	291	49	104	0.350446	0.320261
NC_000020.11:45676401	ENSG00000180083.11	WFDC11	dn	0.384371	0.013704	-0.0338921	0.85006	171	277	57	96	0.381696	0.372549
NC_000010.11:98265169	ENSG00000138131.4	LOXL4	up	-2.21298	0.0144865	-0.504031	0.664502	23	425	16	137	0.0513393	0.104575
NC_000010.11:98265169	ENSG00000138131.4	LOXL4	body	-2.21298	0.0144865	-0.504031	0.664502	23	425	16	137	0.0513393	0.104575
NC_000001.11:220769962	ENSG00000186205.14	MTARC1	enh	0.158276	0.911692	1.86297	0.216701	47	401	5	148	0.104911	0.0326797
NC_000001.11:2675616	ENSG00000142606.16	MMEL1	up	-0.538313	0.0167521	-0.0967674	0.719656	102	346	45	108	0.227679	0.294118
NC_000001.11:2675616	ENSG00000142606.16	MMEL1	dn	-0.302415	0.0158567	-0.022649	0.872797	187	261	70	83	0.417411	0.457516
NC_000001.11:2675616	ENSG00000142606.16	MMEL1	body	-0.538313	0.0167521	-0.0967674	0.719656	102	346	45	108	0.227679	0.294118
NC_000010.11:122977532	ENSG00000179988.15	PSTK	body	1.59362	0.0129039	-0.221279	0.766943	66	382	26	127	0.147321	0.169935
NC_000007.14:95499903	ENSG00000005981.13	ASB4	up	1.59065	0.0302723	-0.251946	0.762924	55	393	16	137	0.122768	0.104575
NC_000001.11:30725817	ENSG00000162510.6	MATN1	dn	-0.223203	0.19975	-0.107671	0.579727	250	198	86	67	0.558036	0.562092
NC_000009.12:90452160	ENSG00000165023.7	DIRAS2	up	5.24556	0.000470468	-1.26522	0.446304	30	418	7	146	0.0669643	0.0457516
NC_000001.11:152219357	ENSG00000197915.7	HRNR	dn	-0.757985	0.0449791	-0.0304339	0.942817	86	362	24	129	0.191964	0.156863
NC_000020.11:31167895	ENSG00000215547.1	DEFB115	up	0.542193	0.000867073	-0.132304	0.477159	114	334	41	112	0.254464	0.267974
NC_000011.10:26625282	ENSG00000169550.14	MUC15	dn	-0.887826	0.00986628	0.125825	0.748406	168	280	59	94	0.375	0.385621
NC_000008.11:377300	ENSG00000147364.17	FBXO25	up	0.63943	0.0279362	0.244548	0.451591	303	145	107	46	0.676339	0.699346
NC_000002.12:23431753	ENSG00000119771.15	KLHL29	body	-1.15818	0.0199274	-0.273909	0.634546	131	317	57	96	0.292411	0.372549
NC_000010.11:38860184	ENSG00000283930.1	PLD5P1	dn	0.686452	0.00617736	-0.235046	0.4039	152	296	52	101	0.339286	0.339869
NC_000007.14:58088775	ENSG00000182111.9	ZNF716	up	-0.052301	0.911143	-1.00689	0.0515829	37	411	9	144	0.0825893	0.0588235
NC_000012.12:129066748	ENSG00000151948.12	GLT1D1	dn	-0.380869	0.382315	1.40654	0.00330652	110	338	24	129	0.245536	0.156863
NC_000010.11:129371480	ENSG00000170430.10	MGMT	up	-0.00730982	0.991611	1.3607	0.0728382	72	376	13	140	0.160714	0.0849673
NC_000011.10:86804010	ENSG00000150687.12	PRSS23	up	-1.19024	0.00602086	0.343266	0.477459	96	352	23	130	0.214286	0.150327
NC_000007.14:86986520	ENSG00000164659.15	ELAPOR2	up	-0.85385	0.366703	-1.97475	0.0736206	22	426	8	145	0.0491071	0.0522876
NC_000007.14:86986520	ENSG00000164659.15	ELAPOR2	body	-0.849829	0.370878	-1.58755	0.147622	24	424	8	145	0.0535714	0.0522876
NC_000018.10:80032970	ENSG00000141759.15	TXNL4A	up	1.08859	0.0123944	0.314718	0.518556	236	212	67	86	0.526786	0.437908
NC_000018.10:80032970	ENSG00000141759.15	TXNL4A	dn	2.26055	0.0227409	0.451636	0.670991	91	357	12	141	0.203125	0.0784314
NC_000018.10:80032970	ENSG00000141759.15	TXNL4A	body	2.26055	0.0227409	0.451636	0.670991	91	357	12	141	0.203125	0.0784314
NC_000018.10:80032970	ENSG00000141759.15	TXNL4A	enh	1.08859	0.0123944	0.314718	0.518556	236	212	67	86	0.526786	0.437908
NC_000016.10:74834319	ENSG00000103089.9	FA2H	dn	2.62432	0.0332522	0.138202	0.925582	22	426	10	143	0.0491071	0.0653595
NC_000007.14:108102951	ENSG00000091128.13	LAMB4	enh	3.6509	0.0074063	-0.6742	0.680012	22	426	10	143	0.0491071	0.0653595
NC_000009.12:113081548	ENSG00000136866.14	ZFP37	dn	0.875713	0.000436327	0.0821171	0.774487	350	98	119	34	0.78125	0.777778
NC_000017.11:21309506	ENSG00000034152.20	MAP2K3	body	-1.40228	0.0171293	-1.45863	0.0301696	75	373	23	130	0.167411	0.150327
NC_000007.14:100953155	ENSG00000169894.18	MUC3A	body	2.92693	0.000102654	-0.584988	0.490061	89	359	26	127	0.198661	0.169935
NC_000009.12:113087815	ENSG00000136866.14	ZFP37	dn	0.56826	0.0095702	-0.127805	0.613561	350	98	119	34	0.78125	0.777778
NC_000009.12:113081660	ENSG00000136866.14	ZFP37	dn	0.744194	0.0135742	0.374535	0.28199	350	98	119	34	0.78125	0.777778
NC_000009.12:113081663	ENSG00000136866.14	ZFP37	dn	0.713538	0.018275	0.233313	0.503903	350	98	119	34	0.78125	0.777778
NC_000010.11:38490702	ENSG00000283930.1	PLD5P1	up	-0.560394	0.206916	-0.798417	0.119563	79	369	32	121	0.176339	0.20915
NC_000009.12:113065752	ENSG00000136866.14	ZFP37	dn	0.661988	0.00496276	0.0396524	0.883983	350	98	119	34	0.78125	0.777778
NC_000010.11:38859979	ENSG00000283930.1	PLD5P1	dn	0.812142	0.000216785	-0.500898	0.0420386	152	296	52	101	0.339286	0.339869
NC_000004.12:182070575	ENSG00000218336.9	TENM3	enh	3.71686	0.092906	-0.286394	0.90458	12	436	2	151	0.0267857	0.0130719
NC_000012.12:112656636	ENSG00000089169.15	RPH3A	enh	0.483133	0.844658	nan	nan	6	442	1	152	0.0133929	0.00653595
NC_000009.12:113081782	ENSG00000136866.14	ZFP37	dn	0.856857	0.000207917	0.122715	0.644275	350	98	119	34	0.78125	0.777778
NC_000003.12:133745630	ENSG00000091513.16	TF	body	0.240566	0.550318	1.07384	0.0297134	66	382	37	116	0.147321	0.24183
NC_000006.12:149981728	ENSG00000111981.5	ULBP1	dn	-1.16081	0.0149863	-0.893251	0.104151	85	363	31	122	0.189732	0.202614
NC_000006.12:149981728	ENSG00000111981.5	ULBP1	body	1.52342	0.0133734	0.0548841	0.939294	70	378	27	126	0.15625	0.176471
NC_000004.12:120887222	ENSG00000138738.11	PRDM5	up	-3.37607	6.17315e-05	2.13735	0.0309979	54	394	22	131	0.120536	0.143791
NC_000008.11:142390589	ENSG00000171045.16	TSNARE1	up	-0.183412	0.50808	-0.449521	0.145151	223	225	61	92	0.497768	0.398693
NC_000002.12:3539640	ENSG00000171865.10	RNASEH1	up	-0.531956	0.219648	-0.314149	0.518177	274	174	56	97	0.611607	0.366013
NC_000018.10:107486	ENSG00000173213.11	TUBB8B	dn	-0.11196	0.0308921	-0.00111703	0.984448	150	298	47	106	0.334821	0.30719
NC_000019.10:36298883	ENSG00000196357.12	ZNF565	up	-0.48418	0.26932	-0.674403	0.179802	81	367	26	127	0.180804	0.169935
NC_000019.10:36298883	ENSG00000196357.12	ZNF565	dn	-1.07	0.257737	-0.691333	0.505751	61	387	14	139	0.136161	0.0915033
NC_000019.10:36298883	ENSG00000196357.12	ZNF565	body	-1.23079	0.22562	-0.818713	0.473912	45	403	12	141	0.100446	0.0784314
NC_000007.14:101004597	ENSG00000169876.14	MUC17	up	-0.395734	0.000625836	0.18273	0.178576	249	199	91	62	0.555804	0.594771
NC_000003.12:195617550	ENSG00000189058.9	APOD	dn	-0.902441	0.024873	0.075121	0.865831	153	295	42	111	0.341518	0.27451
NC_000002.12:102219113	ENSG00000115598.10	IL1RL2	body	0.957878	0.0148322	0.165699	0.716906	61	387	22	131	0.136161	0.143791
NC_000006.12:52066755	ENSG00000170927.15	PKHD1	up	0.626021	0.126421	0.453947	0.326776	151	297	45	108	0.337054	0.294118
NC_000008.11:691184	ENSG00000198010.13	DLGAP2	up	-1.1164	3.8516e-12	0.364222	0.048432	370	78	124	29	0.825893	0.810458
NC_000008.11:691184	ENSG00000198010.13	DLGAP2	enh	-3.58238	4.3438e-11	0.811738	0.189516	118	330	39	114	0.263393	0.254902
NC_000012.12:42084461	ENSG00000151233.11	GXYLT1	up	4.85552	2.68674e-06	-0.213153	0.855781	59	389	19	134	0.131696	0.124183
NC_000012.12:42084461	ENSG00000151233.11	GXYLT1	dn	4.85551	2.60173e-06	-0.0647125	0.956132	60	388	19	134	0.133929	0.124183
NC_000012.12:42084461	ENSG00000151233.11	GXYLT1	body	4.8553	2.6548e-06	-0.0653262	0.955833	59	389	19	134	0.131696	0.124183
NC_000008.11:143323853	ENSG00000185730.8	ZNF696	up	-0.459796	0.0144015	0.0417701	0.842124	370	78	114	39	0.825893	0.745098
NC_000001.11:247461375	ENSG00000177535.10	OR2B11	dn	2.65996	0.000662017	0.0574957	0.945572	113	335	30	123	0.252232	0.196078
NC_000007.14:155776004	ENSG00000164690.8	SHH	up	2.49688	0.000292019	-1.1825	0.135745	51	397	17	136	0.113839	0.111111
NC_000009.12:113082712	ENSG00000136866.14	ZFP37	dn	0.334068	0.0414868	0.0122925	0.948218	350	98	119	34	0.78125	0.777778
NC_000019.10:21567080	ENSG00000197013.11	ZNF429	dn	-0.313279	0.00262353	-0.0346526	0.768214	132	316	51	102	0.294643	0.333333
NC_000022.11:25201743	ENSG00000100053.10	CRYBB3	up	2.30195	0.000239541	0.318936	0.65918	111	337	44	109	0.247768	0.287582
NC_000001.11:2679314	ENSG00000142606.16	MMEL1	up	-0.857676	0.000567738	0.135432	0.648803	102	346	45	108	0.227679	0.294118
NC_000001.11:2679314	ENSG00000142606.16	MMEL1	dn	-0.492392	0.00040542	0.167233	0.285976	187	261	70	83	0.417411	0.457516
NC_000001.11:2679314	ENSG00000142606.16	MMEL1	body	-0.857676	0.000567738	0.135432	0.648803	102	346	45	108	0.227679	0.294118
NC_000007.14:49853052	ENSG00000188730.5	VWC2	body	1.70039	0.0837023	-0.0658566	0.950273	42	406	4	149	0.09375	0.0261438
NC_000006.12:110061841	ENSG00000146360.9	GPR6	enh	-2.76985	8.86752e-07	nan	nan	5	443	0	153	0.0111607	0
NC_000005.10:31498636	ENSG00000113360.17	DROSHA	up	-6.15145	2.04081e-05	3.61623	0.0205143	47	401	8	145	0.104911	0.0522876
NC_000005.10:31498636	ENSG00000113360.17	DROSHA	dn	-6.15145	2.04081e-05	3.61623	0.0205143	47	401	8	145	0.104911	0.0522876
NC_000005.10:31498636	ENSG00000113360.17	DROSHA	body	-6.15145	2.04081e-05	3.61623	0.0205143	47	401	8	145	0.104911	0.0522876
NC_000020.11:2643728	ENSG00000101361.17	NOP56	dn	-0.621653	0.0518733	-0.163852	0.657012	195	253	70	83	0.435268	0.457516
NC_000005.10:843778	ENSG00000188818.13	ZDHHC11	up	-0.421824	0.0109411	0.0892689	0.637195	340	108	100	53	0.758929	0.653595
NC_000005.10:843778	ENSG00000188818.13	ZDHHC11	dn	-0.427706	0.0106773	0.0998339	0.600749	339	109	100	53	0.756696	0.653595
NC_000005.10:843778	ENSG00000188818.13	ZDHHC11	body	-0.427722	0.0106699	0.0984444	0.605935	339	109	100	53	0.756696	0.653595
NC_000003.12:122129322	ENSG00000036828.17	CASR	enh	8.37432	4.6727e-05	nan	nan	2	446	1	152	0.00446429	0.00653595
NC_000005.10:153606687	ENSG00000155511.19	GRIA1	body	0.902792	0.0450018	0.205077	0.692626	161	287	54	99	0.359375	0.352941
NC_000007.14:158915993	ENSG00000126870.16	DYNC2I1	body	-0.245497	0.199558	-0.261923	0.237782	291	157	82	71	0.649554	0.535948
NC_000004.12:72039619	ENSG00000056291.19	NPFFR2	body	-3.02936	0.0189918	-0.72743	0.62648	26	422	9	144	0.0580357	0.0588235
NC_000013.11:94597248	ENSG00000088451.11	TGDS	up	-2.03589	0.00238114	0.0900009	0.908196	112	336	43	110	0.25	0.281046
NC_000013.11:94597248	ENSG00000088451.11	TGDS	dn	-3.86714	1.40757e-09	0.850024	0.260236	86	362	45	108	0.191964	0.294118
NC_000006.12:116429560	ENSG00000285446.1	ENSG00000285446	body	-1.06185	0.0600894	-0.907861	0.172922	79	369	32	121	0.176339	0.20915
NC_000010.11:46879379	ENSG00000204179.11	PTPN20	up	0.616585	0.0050042	-0.151137	0.552124	157	291	49	104	0.350446	0.320261
NC_000008.11:66356089	ENSG00000179041.4	RRS1	up	-1.27287	0.0151362	0.26288	0.651303	132	316	42	111	0.294643	0.27451
NC_000004.12:82482289	ENSG00000145293.17	ENOPH1	dn	-1.26574	0.0465455	-0.507296	0.486984	119	329	37	116	0.265625	0.24183
NC_000011.10:45293616	ENSG00000019505.8	SYT13	dn	5.0167	2.56022e-07	0.16567	0.892948	21	427	14	139	0.046875	0.0915033
NC_000019.10:22633933	ENSG00000229676.3	ZNF492	up	2.7388	0.0122382	-0.636076	0.619249	27	421	7	146	0.0602679	0.0457516
NC_000019.10:22633933	ENSG00000229676.3	ZNF492	dn	0.887846	0.0407737	0.324095	0.514095	49	399	14	139	0.109375	0.0915033
NC_000019.10:22633933	ENSG00000229676.3	ZNF492	body	2.74096	0.0247409	-0.105466	0.938246	23	425	8	145	0.0513393	0.0522876
NC_000019.10:22633933	ENSG00000229676.3	ZNF492	prom	4.13762	0.00292512	0.593289	0.722832	13	435	6	147	0.0290179	0.0392157
NC_000011.10:77552693	ENSG00000178301.4	AQP11	dn	0.6423	0.00800222	-0.215445	0.438723	87	361	32	121	0.194196	0.20915
NC_000011.10:27636077	ENSG00000176697.20	BDNF	up	2.29556	0.00265558	0.953921	0.303074	48	400	25	128	0.107143	0.163399
NC_000001.11:164902226	ENSG00000185630.20	PBX1	body	0.851266	0.126504	0.27103	0.664431	83	365	22	131	0.185268	0.143791
NC_000008.11:706197	ENSG00000198010.13	DLGAP2	up	0.565985	7.82416e-05	-0.0986565	0.553482	370	78	124	29	0.825893	0.810458
NC_000003.12:178704821	ENSG00000275163.1	ENSG00000275163	body	0.436694	0.0845357	0.197521	0.516701	259	189	100	53	0.578125	0.653595
NC_000006.12:17206897	ENSG00000112183.15	RBM24	dn	1.4966	0.00444545	-0.550808	0.36917	101	347	39	114	0.225446	0.254902
NC_000001.11:115271703	ENSG00000134259.6	NGF	up	0.766001	0.0179932	-0.137732	0.713611	116	332	41	112	0.258929	0.267974
NC_000011.10:5925246	ENSG00000132256.20	TRIM5	up	0.444494	0.181741	0.565959	0.145738	157	291	54	99	0.350446	0.352941
NC_000011.10:5925246	ENSG00000132256.20	TRIM5	body	0.333575	0.170551	0.290241	0.310746	218	230	75	78	0.486607	0.490196
NC_000002.12:74944503	ENSG00000115350.12	POLE4	dn	-2.02896	0.160972	-0.174031	0.908273	92	356	7	146	0.205357	0.0457516
NC_000007.14:40309788	ENSG00000175600.16	SUGCT	body	0.420946	0.0340408	0.0445914	0.846938	210	238	73	80	0.46875	0.477124
NC_000001.11:152219245	ENSG00000197915.7	HRNR	dn	-1.00287	0.0213332	0.0547826	0.910733	86	362	24	129	0.191964	0.156863
NC_000009.12:113376249	ENSG00000119431.10	HDHD3	up	1.12981	0.072202	0.238241	0.740973	171	277	60	93	0.381696	0.392157
NC_000009.12:113376249	ENSG00000119431.10	HDHD3	dn	0.576637	0.0874032	0.205114	0.601755	213	235	73	80	0.475446	0.477124
NC_000009.12:113376249	ENSG00000119431.10	HDHD3	body	1.13655	0.0793262	0.458873	0.540874	168	280	59	94	0.375	0.385621
NC_000009.12:113376249	ENSG00000119431.10	HDHD3	prom	1.13655	0.0793262	0.458873	0.540874	168	280	59	94	0.375	0.385621
NC_000017.11:21750054	ENSG00000260458.3	KCNJ18	dn	0.103618	0.9152	-1.83602	0.0811068	31	417	5	148	0.0691964	0.0326797
NC_000020.11:31068124	ENSG00000215547.1	DEFB115	up	0.0986802	0.0161636	-0.0170286	0.717125	114	334	41	112	0.254464	0.267974
NC_000001.11:182069069	ENSG00000179930.6	ZNF648	dn	2.4481	0.00401039	-1.12874	0.215813	108	340	15	138	0.241071	0.0980392
NC_000007.14:100996349	ENSG00000169876.14	MUC17	up	0.287549	0.000188913	-0.143698	0.111799	249	199	91	62	0.555804	0.594771
NC_000016.10:19344251	ENSG00000261210.8	CLEC19A	body	1.33107	0.0214121	0.354848	0.612042	34	414	13	140	0.0758929	0.0849673
NC_000007.14:65103385	ENSG00000213462.5	ERV3-1	up	0.863736	0.0328475	-0.00420293	0.992764	101	347	36	117	0.225446	0.235294
NC_000004.12:82474156	ENSG00000145293.17	ENOPH1	dn	-1.81394	0.00567644	0.0819006	0.913196	119	329	37	116	0.265625	0.24183
NC_000021.9:39822817	ENSG00000183036.11	PCP4	body	-1.00772	0.286262	-1.31518	0.225331	19	429	6	147	0.0424107	0.0392157
NC_000006.12:164966	ENSG00000112679.15	DUSP22	up	-0.440384	0.417653	-1.15441	0.0658986	39	409	13	140	0.0870536	0.0849673
NC_000010.11:38336136	ENSG00000283930.1	PLD5P1	up	-0.538755	0.367442	-1.04872	0.128937	79	369	32	121	0.176339	0.20915
NC_000006.12:157311786	ENSG00000215712.11	TMEM242	up	0.375844	0.00424469	-0.0578729	0.69615	258	190	76	77	0.575893	0.496732
NC_000007.14:158704041	ENSG00000146918.20	NCAPG2	prom	2.95818	0.241913	2.03156	0.472043	8	440	2	151	0.0178571	0.0130719
NC_000001.11:121021159	ENSG00000263353.4	PPIAL4A	up	-1.48323	0.0266764	-0.0532421	0.944726	181	267	58	95	0.404018	0.379085
NC_000006.12:2972145	ENSG00000124570.21	SERPINB6	dn	-0.839878	0.0942044	-0.483471	0.402299	153	295	66	87	0.341518	0.431373
NC_000006.12:2972145	ENSG00000124570.21	SERPINB6	prom	-0.839584	0.0942681	-0.584425	0.320019	150	298	66	87	0.334821	0.431373
NC_000009.12:138156995	ENSG00000148408.15	CACNA1B	prom	-0.986334	0.0832923	-0.558881	0.398956	39	409	14	139	0.0870536	0.0915033
NC_000010.11:46883109	ENSG00000204179.11	PTPN20	up	0.91326	0.000427049	0.352243	0.239603	157	291	49	104	0.350446	0.320261
NC_000008.11:108312651	ENSG00000104408.11	EIF3E	up	0.762694	0.209308	0.756483	0.268095	99	349	25	128	0.220982	0.163399
NC_000008.11:108312651	ENSG00000104408.11	EIF3E	body	0.763421	0.207617	0.854224	0.209573	100	348	25	128	0.223214	0.163399
NC_000003.12:13667678	ENSG00000163520.14	FBLN2	dn	0.874444	0.0522885	0.144742	0.781922	196	252	61	92	0.4375	0.398693
NC_000010.11:46883223	ENSG00000204179.11	PTPN20	up	1.17226	6.70035e-05	0.32475	0.338329	157	291	49	104	0.350446	0.320261
NC_000009.12:113065409	ENSG00000136866.14	ZFP37	dn	1.57926	1.09487e-06	-0.273534	0.461284	350	98	119	34	0.78125	0.777778
NC_000006.12:169587780	ENSG00000285733.1	ENSG00000285733	dn	0.527808	0.0410112	-0.0280783	0.924146	235	213	73	80	0.524554	0.477124
NC_000020.11:31093211	ENSG00000215547.1	DEFB115	up	-0.177717	0.257338	-0.216749	0.228988	114	334	41	112	0.254464	0.267974
NC_000012.12:15352135	ENSG00000134533.6	RERG	dn	2.4627	0.0404836	-0.351537	0.782482	30	418	4	149	0.0669643	0.0261438
NC_000012.12:15352135	ENSG00000134533.6	RERG	body	2.46524	0.0409764	-0.710868	0.574336	34	414	4	149	0.0758929	0.0261438
NC_000017.11:21303127	ENSG00000034152.20	MAP2K3	body	-2.19392	2.88585e-06	0.305822	0.565196	75	373	23	130	0.167411	0.150327
NC_000004.12:8630200	ENSG00000109625.19	CPZ	body	-0.86451	0.14742	-0.371416	0.57426	100	348	21	132	0.223214	0.137255
NC_000015.10:37864293	ENSG00000166069.14	TMCO5A	up	-2.27047	0.031882	-0.366867	0.762281	28	420	9	144	0.0625	0.0588235
NC_000006.12:6697132	ENSG00000112799.9	LY86	up	1.82161	0.0224399	-0.70807	0.414571	130	318	23	130	0.290179	0.150327
NC_000014.9:66723406	ENSG00000171723.16	GPHN	body	-0.377579	0.0143187	0.103772	0.554458	168	280	61	92	0.375	0.398693
NC_000003.12:35667381	ENSG00000172995.17	ARPP21	body	0.490346	0.659386	1.34633	0.258491	79	369	11	142	0.176339	0.0718954
NC_000010.11:47096854	ENSG00000204179.11	PTPN20	up	-0.522014	0.0375288	0.00379738	0.989581	157	291	49	104	0.350446	0.320261
NC_000002.12:3329107	ENSG00000032389.13	EIPR1	up	-0.721065	3.4756e-05	0.186607	0.336991	174	274	47	106	0.388393	0.30719
NC_000002.12:3329107	ENSG00000032389.13	EIPR1	dn	-0.902192	0.00223451	0.331493	0.306828	202	246	51	102	0.450893	0.333333
NC_000002.12:3329107	ENSG00000032389.13	EIPR1	body	-0.618859	2.58646e-05	0.165063	0.311912	264	184	70	83	0.589286	0.457516
NC_000004.12:186844531	ENSG00000083857.15	FAT1	up	-1.02378	0.069966	0.0956292	0.877394	57	391	18	135	0.127232	0.117647
NC_000012.12:63678874	ENSG00000177990.12	DPY19L2	up	2.65868	0.00144544	-1.45811	0.11256	28	420	6	147	0.0625	0.0392157
NC_000012.12:63678874	ENSG00000177990.12	DPY19L2	dn	2.65868	0.00144544	-1.45811	0.11256	28	420	6	147	0.0625	0.0392157
NC_000012.12:63678874	ENSG00000177990.12	DPY19L2	body	2.65868	0.00144544	-1.45811	0.11256	28	420	6	147	0.0625	0.0392157
NC_000009.12:138172300	ENSG00000148408.15	CACNA1B	prom	-0.716368	0.273278	-1.29803	0.0884959	39	409	14	139	0.0870536	0.0915033
NC_000005.10:167861115	ENSG00000113645.15	WWC1	up	1.10997	0.0382099	-0.145803	0.807418	135	313	48	105	0.301339	0.313725
NC_000009.12:113081675	ENSG00000136866.14	ZFP37	dn	0.226839	0.398362	0.694292	0.0257436	350	98	119	34	0.78125	0.777778
NC_000007.14:128121237	ENSG00000128594.8	LRRC4	up	-1.23396	0.110645	-0.846192	0.362973	55	393	24	129	0.122768	0.156863
NC_000007.14:128121237	ENSG00000128594.8	LRRC4	dn	-1.94187	0.00182327	0.476049	0.513909	130	318	55	98	0.290179	0.359477
NC_000006.12:169566662	ENSG00000285733.1	ENSG00000285733	dn	1.77058	2.9952e-07	-0.35819	0.359637	235	213	73	80	0.524554	0.477124
NC_000009.12:113081793	ENSG00000136866.14	ZFP37	dn	0.672938	0.000698182	-0.000805414	0.997188	350	98	119	34	0.78125	0.777778
NC_000020.11:31176612	ENSG00000215547.1	DEFB115	up	-0.182664	0.0784257	-0.0414767	0.727513	114	334	41	112	0.254464	0.267974
NC_000010.11:46882298	ENSG00000204179.11	PTPN20	up	0.81508	0.000488514	0.118437	0.660874	157	291	49	104	0.350446	0.320261
NC_000020.11:2359171	ENSG00000166948.10	TGM6	up	-2.01637	6.35489e-07	1.47393	0.00167986	86	362	26	127	0.191964	0.169935
NC_000015.10:77778156	ENSG00000169783.13	LINGO1	up	-1.04713	0.00198883	0.323522	0.408061	173	275	67	86	0.386161	0.437908
NC_000015.10:77778156	ENSG00000169783.13	LINGO1	body	-0.860934	0.00558178	0.159457	0.65716	181	267	70	83	0.404018	0.457516
NC_000019.10:21565501	ENSG00000197013.11	ZNF429	dn	-0.597496	0.000255493	0.0498308	0.786733	132	316	51	102	0.294643	0.333333
NC_000019.10:21565501	ENSG00000197013.11	ZNF429	enh	-2.37153	0.0780737	-0.182711	0.903418	28	420	7	146	0.0625	0.0457516
NC_000017.11:21732926	ENSG00000260458.3	KCNJ18	dn	-2.34296	0.075949	-1.41525	0.320603	31	417	5	148	0.0691964	0.0326797
NC_000005.10:56907981	ENSG00000155542.12	SETD9	up	-1.05955	0.0155275	0.169271	0.740885	114	334	45	108	0.254464	0.294118
NC_000008.11:56438417	ENSG00000181195.11	PENK	up	-1.39113	0.0181605	0.087337	0.898378	113	335	41	112	0.252232	0.267974
NC_000001.11:2658430	ENSG00000142606.16	MMEL1	dn	-0.457288	0.000802397	0.264958	0.0848827	187	261	70	83	0.417411	0.457516
NC_000001.11:2658438	ENSG00000142606.16	MMEL1	dn	-0.134174	0.153106	-0.0859865	0.417994	187	261	70	83	0.417411	0.457516
NC_000014.9:55500558	ENSG00000182521.6	TBPL2	up	-1.10436	0.159313	-1.56884	0.0998763	42	406	21	132	0.09375	0.137255
NC_000014.9:55500558	ENSG00000182521.6	TBPL2	body	-1.10436	0.159313	-1.56884	0.0998763	42	406	21	132	0.09375	0.137255
NC_000021.9:13848977	ENSG00000166351.11	POTED	dn	-0.379454	0.536369	-1.06678	0.127454	77	371	22	131	0.171875	0.143791
NC_000009.12:138176116	ENSG00000148408.15	CACNA1B	prom	-1.5224	0.0114273	0.108889	0.876218	39	409	14	139	0.0870536	0.0915033
NC_000020.11:2389000	ENSG00000166948.10	TGM6	up	-0.809348	0.0581239	-0.256815	0.605625	86	362	26	127	0.191964	0.169935
NC_000002.12:234544958	ENSG00000188042.8	ARL4C	dn	0.882342	0.0488747	0.118929	0.809129	123	325	38	115	0.274554	0.248366
NC_000006.12:157286901	ENSG00000215712.11	TMEM242	up	-0.809079	0.00336537	0.228058	0.463495	258	190	76	77	0.575893	0.496732
NC_000017.11:19178314	ENSG00000072134.16	EPN2	body	-1.5505	0.00618562	0.391599	0.550142	161	287	57	96	0.359375	0.372549
NC_000013.11:102640523	ENSG00000134900.13	TPP2	body	-0.457036	0.766974	-1.77656	0.275768	27	421	3	150	0.0602679	0.0196078
NC_000001.11:2679324	ENSG00000142606.16	MMEL1	up	-0.949896	2.96391e-06	0.57466	0.0177672	102	346	45	108	0.227679	0.294118
NC_000001.11:2679324	ENSG00000142606.16	MMEL1	dn	-0.460204	5.26293e-05	0.266809	0.0372403	187	261	70	83	0.417411	0.457516
NC_000001.11:2679324	ENSG00000142606.16	MMEL1	body	-0.949896	2.96391e-06	0.57466	0.0177672	102	346	45	108	0.227679	0.294118
NC_000010.11:11741974	ENSG00000134463.15	ECHDC3	up	1.26039	0.0198219	-0.0489825	0.936084	193	255	73	80	0.430804	0.477124
NC_000010.11:11741974	ENSG00000134463.15	ECHDC3	prom	1.45668	0.0130579	-0.122361	0.857494	174	274	68	85	0.388393	0.444444
NC_000005.10:151843697	ENSG00000177556.12	ATOX1	up	-0.685013	0.528699	2.94827	0.0130144	39	409	7	146	0.0870536	0.0457516
NC_000015.10:59436857	ENSG00000157483.9	MYO1E	body	1.14613	0.059195	-0.277125	0.670449	147	301	24	129	0.328125	0.156863
NC_000006.12:52906834	ENSG00000174156.15	GSTA3	dn	1.10387	0.00618723	-0.306586	0.510193	133	315	49	104	0.296875	0.320261
NC_000005.10:73061022	ENSG00000157111.13	TMEM171	up	1.56708	0.0196924	0.660748	0.419997	33	415	17	136	0.0736607	0.111111
NC_000017.11:65275503	ENSG00000108370.17	RGS9	dn	1.00294	0.136875	0.337779	0.656184	83	365	27	126	0.185268	0.176471
NC_000001.11:2670538	ENSG00000142606.16	MMEL1	up	-0.353802	0.00150521	0.0730947	0.583525	102	346	45	108	0.227679	0.294118
NC_000001.11:2670538	ENSG00000142606.16	MMEL1	dn	-0.231859	0.000184401	0.0834024	0.231885	187	261	70	83	0.417411	0.457516
NC_000001.11:2670538	ENSG00000142606.16	MMEL1	body	-0.353802	0.00150521	0.0730947	0.583525	102	346	45	108	0.227679	0.294118
NC_000019.10:22633705	ENSG00000229676.3	ZNF492	dn	0.872986	0.0668217	0.387257	0.477643	49	399	14	139	0.109375	0.0915033
NC_000019.10:22633705	ENSG00000229676.3	ZNF492	body	2.01068	0.130947	1.31299	0.377181	23	425	8	145	0.0513393	0.0522876
NC_000019.10:22633705	ENSG00000229676.3	ZNF492	prom	3.84828	0.0119893	0.68685	0.70961	13	435	6	147	0.0290179	0.0392157
NC_000006.12:157285738	ENSG00000215712.11	TMEM242	up	-0.22712	0.155315	-0.146209	0.418455	258	190	76	77	0.575893	0.496732
NC_000002.12:69120097	ENSG00000169604.21	ANTXR1	body	2.51624	7.81427e-05	-1.53644	0.0356708	46	402	15	138	0.102679	0.0980392
NC_000017.11:27936311	ENSG00000232859.10	LYRM9	enh	-3.32495	3.24749e-05	nan	nan	4	444	0	153	0.00892857	0
NC_000022.11:16518214	ENSG00000198445.4	CCT8L2	up	1.33805	0.00031076	-0.194524	0.637871	215	233	62	91	0.479911	0.405229
NC_000004.12:147488545	ENSG00000151617.17	EDNRA	up	-2.00434	0.000442316	0.745744	0.249304	105	343	32	121	0.234375	0.20915
NC_000017.11:19202907	ENSG00000072134.16	EPN2	body	-0.589277	0.0170776	0.043131	0.880161	161	287	57	96	0.359375	0.372549
NC_000011.10:27637378	ENSG00000176697.20	BDNF	up	-2.1989	0.00153493	0.791062	0.347011	48	400	25	128	0.107143	0.163399
NC_000012.12:30878974	ENSG00000110900.16	TSPAN11	up	-1.29888	0.0321166	-0.475184	0.498846	69	379	24	129	0.154018	0.156863
NC_000011.10:86599744	ENSG00000151376.19	ME3	body	1.52703	0.0175328	-0.387857	0.595803	97	351	30	123	0.216518	0.196078
NC_000009.12:113064367	ENSG00000136866.14	ZFP37	dn	-0.7431	0.000211143	0.455161	0.0488811	350	98	119	34	0.78125	0.777778
NC_000012.12:9943431	ENSG00000172322.14	CLEC12A	body	-3.62334	0.000176777	0.803298	0.446276	68	380	13	140	0.151786	0.0849673
NC_000002.12:71682415	ENSG00000135636.16	DYSF	enh	-1.06328	0.0324019	0.023495	0.967387	209	239	81	72	0.466518	0.529412
NC_000019.10:22633947	ENSG00000229676.3	ZNF492	dn	-0.0174367	0.959717	0.923334	0.0199226	49	399	14	139	0.109375	0.0915033
NC_000019.10:22633947	ENSG00000229676.3	ZNF492	body	1.31177	0.176754	0.587987	0.587716	23	425	8	145	0.0513393	0.0522876
NC_000019.10:22633947	ENSG00000229676.3	ZNF492	prom	1.67493	0.130762	1.77186	0.185402	13	435	6	147	0.0290179	0.0392157
NC_000020.11:60115683	ENSG00000124215.17	CDH26	dn	0.155855	0.595554	0.595368	0.0793809	107	341	38	115	0.238839	0.248366
NC_000020.11:60115683	ENSG00000124215.17	CDH26	enh	0.761059	0.0450711	0.257693	0.570813	57	391	26	127	0.127232	0.169935
NC_000018.10:79374260	ENSG00000131196.18	NFATC1	up	0.329132	0.078053	0.0561802	0.788604	302	146	105	48	0.674107	0.686275
NC_000001.11:2674100	ENSG00000142606.16	MMEL1	dn	-0.234884	0.00160975	0.113681	0.175665	187	261	70	83	0.417411	0.457516
NC_000015.10:38449154	ENSG00000171262.11	FAM98B	dn	0.359712	0.466724	0.618119	0.257218	76	372	15	138	0.169643	0.0980392
NC_000018.10:50055599	ENSG00000167306.21	MYO5B	body	1.9528	2.7218e-05	-1.29789	0.0154568	203	245	75	78	0.453125	0.490196
NC_000001.11:152219254	ENSG00000197915.7	HRNR	dn	-1.17927	0.0334012	-0.357009	0.566039	86	362	24	129	0.191964	0.156863
NC_000002.12:26178443	ENSG00000157833.13	GAREM2	body	0.267025	0.784105	1.5316	0.145376	54	394	8	145	0.120536	0.0522876
NC_000002.12:26178443	ENSG00000157833.13	GAREM2	prom	0.267025	0.784105	1.5316	0.145376	54	394	8	145	0.120536	0.0522876
NC_000001.11:209969110	ENSG00000143469.21	SYT14	enh	-1.16598	0.0744872	-1.1519	0.166735	20	428	13	140	0.0446429	0.0849673
NC_000006.12:87317235	ENSG00000111850.11	SMIM8	body	0.671799	0.183248	0.408845	0.47763	76	372	22	131	0.169643	0.143791
NC_000005.10:66693744	ENSG00000069020.19	MAST4	body	0.770504	0.0565268	0.070728	0.87711	193	255	52	101	0.430804	0.339869
NC_000006.12:159218260	ENSG00000164694.17	FNDC1	body	-0.254321	0.386068	-0.493629	0.142396	164	284	53	100	0.366071	0.346405
NC_000010.11:38832470	ENSG00000283930.1	PLD5P1	up	-1.72819	0.00281412	0.415659	0.532337	79	369	32	121	0.176339	0.20915
NC_000010.11:38832470	ENSG00000283930.1	PLD5P1	body	-0.772842	0.0454288	-0.475664	0.282888	127	321	46	107	0.283482	0.300654
NC_000002.12:3896356	ENSG00000214866.9	DCDC2C	dn	0.583481	0.565053	1.75214	0.130226	55	393	16	137	0.122768	0.104575
NC_000001.11:180970585	ENSG00000135823.14	STX6	up	-3.13362	0.00216556	0.649429	0.578986	50	398	16	137	0.111607	0.104575
NC_000001.11:180970585	ENSG00000135823.14	STX6	dn	-3.13362	0.00216556	0.649429	0.578986	50	398	16	137	0.111607	0.104575
NC_000001.11:180970585	ENSG00000135823.14	STX6	body	-3.13362	0.00216556	0.649429	0.578986	50	398	16	137	0.111607	0.104575
NC_000001.11:180970585	ENSG00000135823.14	STX6	prom	-3.13362	0.00216556	0.649429	0.578986	50	398	16	137	0.111607	0.104575
NC_000006.12:157311799	ENSG00000215712.11	TMEM242	up	0.174031	0.0594958	-0.00224531	0.982827	258	190	76	77	0.575893	0.496732
NC_000006.12:157311799	ENSG00000215712.11	TMEM242	dn	0.46449	0.116568	-0.0591023	0.851083	156	292	15	138	0.348214	0.0980392
NC_000004.12:151530708	ENSG00000164142.16	FHIP1A	body	0.720857	0.00363975	-0.0696592	0.80451	200	248	57	96	0.446429	0.372549
NC_000002.12:74944756	ENSG00000115350.12	POLE4	dn	-1.80354	0.200296	-0.988243	0.501435	92	356	7	146	0.205357	0.0457516
NC_000006.12:87009038	ENSG00000168830.8	HTR1E	up	0.328932	0.537524	1.14524	0.0696475	55	393	22	131	0.122768	0.143791
NC_000018.10:12061119	ENSG00000181626.12	ANKRD62	dn	-1.63413	0.051328	-1.18056	0.20857	41	407	12	141	0.0915179	0.0784314
NC_000001.11:748985	ENSG00000284662.2	OR4F16	dn	-1.09618	0.0108539	0.069139	0.895307	128	320	51	102	0.285714	0.333333
NC_000010.11:14049972	ENSG00000151474.23	FRMD4A	up	1.68301	0.00477217	-0.624847	0.344287	80	368	21	132	0.178571	0.137255
NC_000003.12:125616471	ENSG00000144909.8	OSBPL11	prom	-4.07686	1.79632e-06	nan	nan	3	445	0	153	0.00669643	0
NC_000018.10:103576	ENSG00000173213.11	TUBB8B	dn	0.262097	0.0266208	-0.0681909	0.6016	150	298	47	106	0.334821	0.30719
NC_000020.11:30599148	ENSG00000215547.1	DEFB115	up	0.232547	0.0510878	0.010092	0.941136	114	334	41	112	0.254464	0.267974
NC_000018.10:14543742	ENSG00000183206.18	POTEC	dn	-2.02129	0.00133391	-0.175694	0.815568	72	376	35	118	0.160714	0.228758
NC_000006.12:169567726	ENSG00000285733.1	ENSG00000285733	dn	0.728214	0.083875	0.468866	0.330067	235	213	73	80	0.524554	0.477124
NC_000006.12:160634280	ENSG00000198670.13	LPA	up	0.780132	0.00453972	-0.349633	0.253831	132	316	41	112	0.294643	0.267974
NC_000006.12:160634280	ENSG00000198670.13	LPA	dn	1.07347	0.000438895	-0.363892	0.280431	95	353	26	127	0.212054	0.169935
NC_000006.12:160634280	ENSG00000198670.13	LPA	body	0.780132	0.00453972	-0.349633	0.253831	132	316	41	112	0.294643	0.267974
NC_000003.12:125990481	ENSG00000114547.10	ROPN1B	up	-1.83812	0.0133658	0.804245	0.315311	140	308	24	129	0.3125	0.156863
NC_000003.12:125990481	ENSG00000114547.10	ROPN1B	dn	-2.04059	0.00277011	-0.108043	0.886038	197	251	33	120	0.439732	0.215686
NC_000014.9:80944354	ENSG00000165409.18	TSHR	body	0.717553	0.0125232	-0.205711	0.526981	136	312	41	112	0.303571	0.267974
NC_000020.11:31215781	ENSG00000215547.1	DEFB115	up	0.458032	0.00773626	-0.143172	0.46723	114	334	41	112	0.254464	0.267974
NC_000018.10:76397500	ENSG00000101493.11	ZNF516	dn	0.31833	0.484428	0.778324	0.138571	189	259	60	93	0.421875	0.392157
NC_000001.11:2661472	ENSG00000142606.16	MMEL1	up	-1.06265	0.00027536	0.416852	0.232436	102	346	45	108	0.227679	0.294118
NC_000001.11:2661472	ENSG00000142606.16	MMEL1	dn	-0.577064	0.000394014	0.223137	0.22352	187	261	70	83	0.417411	0.457516
NC_000001.11:2661472	ENSG00000142606.16	MMEL1	body	-1.06265	0.00027536	0.416852	0.232436	102	346	45	108	0.227679	0.294118
NC_000020.11:5530266	ENSG00000125772.14	GPCPD1	enh	-2.38847	0.0235598	0.493253	0.673983	55	393	10	143	0.122768	0.0653595
NC_000007.14:65081544	ENSG00000213462.5	ERV3-1	up	-1.49563	0.0341366	-0.169869	0.83356	101	347	36	117	0.225446	0.235294
NC_000011.10:20358953	ENSG00000109854.14	HTATIP2	dn	1.92022	0.00034754	-1.03928	0.0810156	28	420	8	145	0.0625	0.0522876
NC_000018.10:495672	ENSG00000158270.12	COLEC12	dn	-1.34063	0.0196406	0.126473	0.84812	207	241	60	93	0.462054	0.392157
NC_000018.10:495672	ENSG00000158270.12	COLEC12	body	-1.34	0.01963	0.108369	0.869302	207	241	60	93	0.462054	0.392157
NC_000003.12:111268155	ENSG00000153283.13	CD96	up	1.44999	0.12049	0.258799	0.800697	40	408	8	145	0.0892857	0.0522876
NC_000003.12:133784905	ENSG00000144867.13	SRPRB	body	0.980339	0.0381842	0.188542	0.744253	66	382	37	116	0.147321	0.24183
NC_000006.12:160630232	ENSG00000198670.13	LPA	up	-1.11671	0.0242275	-0.215923	0.696081	132	316	41	112	0.294643	0.267974
NC_000006.12:160630232	ENSG00000198670.13	LPA	dn	-2.07338	0.000116118	-0.0959418	0.871482	95	353	26	127	0.212054	0.169935
NC_000006.12:160630232	ENSG00000198670.13	LPA	body	-1.11671	0.0242275	-0.215923	0.696081	132	316	41	112	0.294643	0.267974
NC_000009.12:121813067	ENSG00000136848.19	DAB2IP	dn	-0.0714981	0.835246	-0.730116	0.0583792	135	313	34	119	0.301339	0.222222
NC_000011.10:96507265	ENSG00000183340.7	JRKL	body	1.85603	8.8383e-05	-1.04753	0.0463133	161	287	49	104	0.359375	0.320261
NC_000009.12:113081685	ENSG00000136866.14	ZFP37	dn	0.644379	0.0130665	0.347768	0.246043	350	98	119	34	0.78125	0.777778
NC_000006.12:85442180	ENSG00000135318.12	NT5E	dn	-1.13568	0.304231	-1.1455	0.346576	54	394	11	142	0.120536	0.0718954
NC_000009.12:113065776	ENSG00000136866.14	ZFP37	dn	0.581468	0.0154336	0.0769816	0.781161	350	98	119	34	0.78125	0.777778
NC_000020.11:31057606	ENSG00000215547.1	DEFB115	up	0.140772	0.00410457	-0.0251086	0.654659	114	334	41	112	0.254464	0.267974
NC_000010.11:109831893	ENSG00000108039.18	XPNPEP1	up	-1.09791	0.1485	-0.317556	0.702774	138	310	23	130	0.308036	0.150327
NC_000017.11:21689802	ENSG00000260458.3	KCNJ18	dn	1.4513	0.380364	3.43342	0.0550209	31	417	5	148	0.0691964	0.0326797
NC_000006.12:148444680	ENSG00000111961.19	SASH1	up	-0.44685	0.210934	-0.411414	0.325793	112	336	41	112	0.25	0.267974
NC_000001.11:121750915	ENSG00000188610.12	FAM72B	up	0.544771	0.299013	0.540526	0.360989	26	422	7	146	0.0580357	0.0457516
NC_000014.9:54348992	ENSG00000100526.21	CDKN3	up	-0.34765	0.0498142	-0.0145877	0.943333	230	218	89	64	0.513393	0.581699
NC_000006.12:169565144	ENSG00000285733.1	ENSG00000285733	dn	0.512323	0.0616123	0.15228	0.626675	235	213	73	80	0.524554	0.477124
NC_000012.12:62460590	ENSG00000061987.16	MON2	body	1.0289	0.0302621	0.389795	0.483072	185	263	63	90	0.412946	0.411765
NC_000017.11:21722347	ENSG00000260458.3	KCNJ18	dn	-4.11529	0.00278154	1.58125	0.285837	31	417	5	148	0.0691964	0.0326797
NC_000009.12:113065891	ENSG00000136866.14	ZFP37	dn	0.542415	0.0459359	0.311519	0.321211	350	98	119	34	0.78125	0.777778
NC_000005.10:26795	ENSG00000153404.15	PLEKHG4B	up	0.857111	0.0302656	-0.107475	0.809858	171	277	57	96	0.381696	0.372549
NC_000008.11:109536270	ENSG00000147654.16	EBAG9	up	-2.4992	1.24917e-05	1.51059	0.0245745	47	401	19	134	0.104911	0.124183
NC_000010.11:46880950	ENSG00000204179.11	PTPN20	up	0.805426	0.000759148	0.211496	0.444157	157	291	49	104	0.350446	0.320261
NC_000011.10:5829942	ENSG00000205409.3	OR52E6	dn	1.06581	0.000669106	-0.568358	0.119161	157	291	54	99	0.350446	0.352941
NC_000008.11:66346622	ENSG00000179041.4	RRS1	up	-1.02352	0.0152102	0.257485	0.582253	132	316	42	111	0.294643	0.27451
NC_000008.11:66311339	ENSG00000179041.4	RRS1	up	-0.534992	0.169804	-0.194223	0.653979	132	316	42	111	0.294643	0.27451
NC_000020.11:31176748	ENSG00000215547.1	DEFB115	up	0.814363	1.02408e-05	-0.096954	0.644688	114	334	41	112	0.254464	0.267974
NC_000019.10:21565512	ENSG00000197013.11	ZNF429	dn	-0.578954	0.000446974	0.010588	0.954596	132	316	51	102	0.294643	0.333333
NC_000019.10:21565512	ENSG00000197013.11	ZNF429	enh	-2.48995	0.0663669	-0.385838	0.799241	28	420	7	146	0.0625	0.0457516
NC_000001.11:2370113	ENSG00000116151.14	MORN1	enh	1.91447	2.99515e-05	nan	nan	5	443	0	153	0.0111607	0
NC_000008.11:24957856	ENSG00000277586.4	NEFL	up	-1.95508	0.0145332	-0.139009	0.884842	51	397	24	129	0.113839	0.156863
NC_000020.11:61623978	ENSG00000179242.16	CDH4	up	0.716538	0.0497154	-0.0746155	0.854443	145	303	44	109	0.323661	0.287582
NC_000012.12:13173813	ENSG00000134531.10	EMP1	up	0.481829	0.234487	0.514603	0.274219	178	270	65	88	0.397321	0.424837
NC_000009.12:74940660	ENSG00000135045.7	C9orf40	dn	1.93101	0.000737448	-0.635758	0.355407	72	376	36	117	0.160714	0.235294
NC_000009.12:113085490	ENSG00000136866.14	ZFP37	dn	-0.568543	0.00508958	0.148745	0.525173	350	98	119	34	0.78125	0.777778
NC_000010.11:46879039	ENSG00000204179.11	PTPN20	up	0.886209	0.0101302	0.0483184	0.903601	157	291	49	104	0.350446	0.320261
NC_000001.11:56668853	ENSG00000162409.12	PRKAA2	up	2.21483	0.12107	0.16986	0.913348	36	412	8	145	0.0803571	0.0522876
NC_000009.12:138176241	ENSG00000148408.15	CACNA1B	prom	-1.38899	0.108662	-1.28835	0.20116	39	409	14	139	0.0870536	0.0915033
NC_000013.11:110200488	ENSG00000134871.20	COL4A2	enh	-0.805359	0.00161695	0.356466	0.218953	391	57	131	22	0.872768	0.856209
NC_000019.10:21578985	ENSG00000197013.11	ZNF429	dn	-0.386453	0.0243963	-0.150609	0.438143	132	316	51	102	0.294643	0.333333
NC_000019.10:21578985	ENSG00000197013.11	ZNF429	enh	-1.9589	0.162103	-0.971535	0.535653	28	420	7	146	0.0625	0.0457516
NC_000005.10:843671	ENSG00000188818.13	ZDHHC11	up	-0.282911	0.0720685	-0.125316	0.485954	340	108	100	53	0.758929	0.653595
NC_000005.10:843671	ENSG00000188818.13	ZDHHC11	dn	-0.283191	0.0745764	-0.130699	0.47056	339	109	100	53	0.756696	0.653595
NC_000005.10:843671	ENSG00000188818.13	ZDHHC11	body	-0.283214	0.0745697	-0.130726	0.470657	339	109	100	53	0.756696	0.653595
NC_000010.11:124555460	ENSG00000107902.14	LHPP	body	-1.61373	0.000579182	0.870386	0.107899	167	281	64	89	0.372768	0.418301
NC_000007.14:155103754	ENSG00000157219.5	HTR5A	dn	-0.165611	0.344445	-0.247273	0.205561	388	60	120	33	0.866071	0.784314
NC_000006.12:165825786	ENSG00000112541.19	PDE10A	body	0.502994	0.0838024	0.108339	0.746821	331	117	110	43	0.738839	0.718954
NC_000008.11:135626540	ENSG00000131773.15	KHDRBS3	body	-0.761632	0.00545747	-0.0622081	0.84439	285	163	83	70	0.636161	0.542484
NC_000010.11:38789112	ENSG00000283930.1	PLD5P1	up	-2.06115	0.000767175	0.251165	0.721318	79	369	32	121	0.176339	0.20915
NC_000010.11:38789112	ENSG00000283930.1	PLD5P1	dn	-0.953359	0.0104642	0.149875	0.720168	152	296	52	101	0.339286	0.339869
NC_000010.11:38789112	ENSG00000283930.1	PLD5P1	body	-0.87208	0.0346474	-0.468207	0.322496	127	321	46	107	0.283482	0.300654
NC_000013.11:30471184	ENSG00000236444.5	UBE2L5	dn	-1.56695	0.0145108	0.23148	0.752438	155	293	46	107	0.345982	0.300654
NC_000020.11:31224857	ENSG00000215547.1	DEFB115	up	0.30791	0.00556448	-0.0331094	0.794521	114	334	41	112	0.254464	0.267974
NC_000004.12:36800	ENSG00000272602.6	ZNF595	dn	-0.368406	0.224406	-0.363955	0.300887	274	174	84	69	0.611607	0.54902
NC_000011.10:27637389	ENSG00000176697.20	BDNF	up	-1.50184	0.00742467	0.00218649	0.997436	48	400	25	128	0.107143	0.163399
NC_000020.11:61203245	ENSG00000179242.16	CDH4	up	1.84143	0.00233653	-0.814044	0.226292	145	303	44	109	0.323661	0.287582
NC_000012.12:30878984	ENSG00000110900.16	TSPAN11	up	-1.73876	0.00151909	0.0581271	0.926956	69	379	24	129	0.154018	0.156863
NC_000019.10:22633830	ENSG00000229676.3	ZNF492	up	1.37894	0.0907704	0.614331	0.520497	27	421	7	146	0.0602679	0.0457516
NC_000019.10:22633830	ENSG00000229676.3	ZNF492	dn	0.330749	0.307849	0.632953	0.0889461	49	399	14	139	0.109375	0.0915033
NC_000019.10:22633830	ENSG00000229676.3	ZNF492	body	2.98356	0.00109304	-1.17585	0.247645	23	425	8	145	0.0513393	0.0522876
NC_000019.10:22633830	ENSG00000229676.3	ZNF492	prom	2.63187	0.0106941	1.6766	0.177192	13	435	6	147	0.0290179	0.0392157
NC_000019.10:22633832	ENSG00000229676.3	ZNF492	up	0.975279	0.106034	0.737652	0.297366	27	421	7	146	0.0602679	0.0457516
NC_000019.10:22633832	ENSG00000229676.3	ZNF492	prom	1.77663	0.0218362	0.858304	0.357939	13	435	6	147	0.0290179	0.0392157
NC_000001.11:2679692	ENSG00000142606.16	MMEL1	up	-0.594471	0.00154157	0.250704	0.26433	102	346	45	108	0.227679	0.294118
NC_000001.11:2679692	ENSG00000142606.16	MMEL1	body	-0.594471	0.00154157	0.250704	0.26433	102	346	45	108	0.227679	0.294118
NC_000015.10:51574690	ENSG00000104093.14	DMXL2	up	1.91978	0.000991129	-1.00107	0.133054	103	345	33	120	0.229911	0.215686
NC_000015.10:51574690	ENSG00000104093.14	DMXL2	body	1.91978	0.000991129	-1.00107	0.133054	103	345	33	120	0.229911	0.215686
NC_000008.11:66349146	ENSG00000179041.4	RRS1	up	-1.35501	0.000196118	0.2727	0.498164	132	316	42	111	0.294643	0.27451
NC_000001.11:179570483	ENSG00000116218.13	NPHS2	dn	0.147063	0.778224	1.16148	0.0529487	84	364	29	124	0.1875	0.189542
NC_000018.10:46489109	ENSG00000141622.14	ARK2C	enh	-2.85868	2.42407e-05	nan	nan	3	445	0	153	0.00669643	0
NC_000004.12:72077837	ENSG00000056291.19	NPFFR2	body	2.92053	0.016227	-0.616291	0.661137	26	422	9	144	0.0580357	0.0588235
NC_000013.11:27426196	ENSG00000122034.17	GTF3A	dn	-1.16234	0.00143085	0.55325	0.19163	174	274	63	90	0.388393	0.411765
NC_000004.12:99261125	ENSG00000187758.8	ADH1A	up	-1.48396	0.00174831	0.661689	0.233325	310	138	94	59	0.691964	0.614379
NC_000008.11:17463955	ENSG00000003989.18	SLC7A2	up	-1.39494	0.00333351	0.505821	0.363926	156	292	60	93	0.348214	0.392157
NC_000012.12:107598387	ENSG00000136045.12	PWP1	up	-0.236698	0.502194	-0.853529	0.0402665	109	339	45	108	0.243304	0.294118
NC_000001.11:109972331	ENSG00000168710.18	AHCYL1	dn	-1.29191	0.0304941	0.0890141	0.896623	227	221	58	95	0.506696	0.379085
NC_000010.11:38832365	ENSG00000283930.1	PLD5P1	up	-0.870702	0.0677755	-0.435509	0.42834	79	369	32	121	0.176339	0.20915
NC_000010.11:38832365	ENSG00000283930.1	PLD5P1	body	-0.69895	0.0304456	-0.0946541	0.798113	127	321	46	107	0.283482	0.300654
NC_000010.11:444734	ENSG00000151240.18	DIP2C	up	-0.692803	0.266655	-0.385988	0.568939	79	369	21	132	0.176339	0.137255
NC_000001.11:121021057	ENSG00000263353.4	PPIAL4A	up	-0.883573	0.067807	-0.202913	0.714921	181	267	58	95	0.404018	0.379085
NC_000001.11:2674232	ENSG00000142606.16	MMEL1	up	-1.39239	1.4256e-07	0.983621	0.00181525	102	346	45	108	0.227679	0.294118
NC_000001.11:2674232	ENSG00000142606.16	MMEL1	dn	-0.838397	1.36963e-08	0.632081	0.000137639	187	261	70	83	0.417411	0.457516
NC_000001.11:2674232	ENSG00000142606.16	MMEL1	body	-1.39239	1.4256e-07	0.983621	0.00181525	102	346	45	108	0.227679	0.294118
NC_000003.12:4174620	ENSG00000170364.13	SETMAR	up	1.13374	0.0335274	-0.0952719	0.875911	151	297	50	103	0.337054	0.326797
NC_000018.10:14543512	ENSG00000183206.18	POTEC	dn	-2.60403	0.000112532	-0.79924	0.320787	72	376	35	118	0.160714	0.228758
NC_000018.10:14543519	ENSG00000183206.18	POTEC	up	-2.23926	0.00865509	0.848333	0.364627	111	337	23	130	0.247768	0.150327
NC_000018.10:14543519	ENSG00000183206.18	POTEC	dn	-2.57135	0.000237987	-0.996061	0.233472	72	376	35	118	0.160714	0.228758
NC_000006.12:169561226	ENSG00000285733.1	ENSG00000285733	dn	1.06756	0.00930014	-0.299611	0.52223	235	213	73	80	0.524554	0.477124
NC_000020.11:31060648	ENSG00000215547.1	DEFB115	up	0.0786625	0.0277675	0.0141876	0.729104	114	334	41	112	0.254464	0.267974
NC_000011.10:5922624	ENSG00000132256.20	TRIM5	up	1.01543	0.0135273	-0.20935	0.662288	157	291	54	99	0.350446	0.352941
NC_000002.12:74956349	ENSG00000115350.12	POLE4	dn	-0.955293	0.490616	-0.881172	0.542647	92	356	7	146	0.205357	0.0457516
NC_000020.11:31244570	ENSG00000215547.1	DEFB115	up	-0.320686	0.0240575	-0.0131261	0.935765	114	334	41	112	0.254464	0.267974
NC_000001.11:2668922	ENSG00000142606.16	MMEL1	dn	-0.150213	0.0844459	-0.0189166	0.847476	187	261	70	83	0.417411	0.457516
NC_000007.14:116264509	ENSG00000105971.15	CAV2	up	1.00089	0.0117655	0.205749	0.651405	130	318	40	113	0.290179	0.261438
NC_000014.9:18654690	ENSG00000257115.2	OR11H12	up	-1.49262	0.00991368	0.244073	0.697731	52	396	12	141	0.116071	0.0784314
NC_000014.9:18654697	ENSG00000257115.2	OR11H12	up	-0.630995	0.369507	-0.704318	0.357552	52	396	12	141	0.116071	0.0784314
NC_000002.12:38285939	ENSG00000119787.14	ATL2	up	-0.286718	0.774932	2.90599	0.00905845	32	416	7	146	0.0714286	0.0457516
NC_000002.12:38285939	ENSG00000119787.14	ATL2	dn	-0.51615	0.583711	2.83682	0.00632103	33	415	8	145	0.0736607	0.0522876
NC_000002.12:38285939	ENSG00000119787.14	ATL2	body	-0.286718	0.774932	2.90599	0.00905845	32	416	7	146	0.0714286	0.0457516
NC_000009.12:113081214	ENSG00000136866.14	ZFP37	dn	0.283359	0.287172	0.339097	0.270994	350	98	119	34	0.78125	0.777778
NC_000005.10:137680686	ENSG00000146021.15	KLHL3	up	-1.62326	0.00417756	0.475952	0.462218	79	369	28	125	0.176339	0.183007
NC_000005.10:137680686	ENSG00000146021.15	KLHL3	dn	-1.62326	0.00417756	0.475952	0.462218	79	369	28	125	0.176339	0.183007
NC_000005.10:137680686	ENSG00000146021.15	KLHL3	body	-1.62326	0.00417756	0.475952	0.462218	79	369	28	125	0.176339	0.183007
NC_000006.12:131265961	ENSG00000118507.19	AKAP7	body	-3.86054	8.13133e-08	2.19866	0.00936575	36	412	15	138	0.0803571	0.0980392
NC_000012.12:42000112	ENSG00000151233.11	GXYLT1	dn	-0.576824	0.399066	-1.20895	0.124376	60	388	19	134	0.133929	0.124183
NC_000012.12:42000112	ENSG00000151233.11	GXYLT1	body	-0.576826	0.400654	-1.04249	0.187307	59	389	19	134	0.131696	0.124183
NC_000003.12:98149027	ENSG00000236032.3	OR5H14	dn	0.368575	0.00271935	-0.166468	0.233368	198	250	51	102	0.441964	0.333333
NC_000010.11:122695746	ENSG00000183559.12	C10orf120	up	-0.513353	0.00209749	0.0767684	0.688652	324	124	107	46	0.723214	0.699346
NC_000013.11:27960014	ENSG00000165556.10	CDX2	dn	-0.107501	0.7745	-0.941291	0.0330511	119	329	50	103	0.265625	0.326797
NC_000006.12:6659077	ENSG00000112799.9	LY86	dn	-0.416005	0.173705	-0.253192	0.45944	154	294	35	118	0.34375	0.228758
NC_000006.12:6659077	ENSG00000112799.9	LY86	enh	-0.373317	0.22647	-0.328098	0.342627	153	295	34	119	0.341518	0.222222
NC_000007.14:22725790	ENSG00000136244.12	IL6	dn	0.320845	0.193272	0.334626	0.244762	319	129	109	44	0.712054	0.712418
NC_000012.12:112532663	ENSG00000089169.15	RPH3A	enh	-0.413828	0.855618	nan	nan	6	442	1	152	0.0133929	0.00653595
NC_000009.12:113087608	ENSG00000136866.14	ZFP37	dn	0.784366	0.000201304	-0.268339	0.269177	350	98	119	34	0.78125	0.777778
NC_000010.11:34496884	ENSG00000148498.17	PARD3	body	0.72548	0.00525001	-0.389353	0.179561	293	155	62	91	0.654018	0.405229
NC_000006.12:15414543	ENSG00000008083.14	JARID2	body	1.7925	0.00012067	0.148372	0.780108	208	240	65	88	0.464286	0.424837
NC_000001.11:247531206	ENSG00000196242.10	OR2C3	up	0.626131	0.182886	0.245019	0.630204	113	335	30	123	0.252232	0.196078
NC_000006.12:149107845	ENSG00000055208.20	TAB2	up	-2.06836	0.000692482	0.875652	0.202476	64	384	16	137	0.142857	0.104575
NC_000002.12:136121756	ENSG00000121966.8	CXCR4	dn	1.67603	0.000956034	-0.273039	0.643007	44	404	16	137	0.0982143	0.104575
NC_000009.12:113087721	ENSG00000136866.14	ZFP37	dn	0.480009	0.0249331	0.285176	0.248831	350	98	119	34	0.78125	0.777778
NC_000012.12:13202391	ENSG00000134531.10	EMP1	up	-0.990736	0.0114157	0.233077	0.607426	178	270	65	88	0.397321	0.424837
NC_000001.11:192893516	ENSG00000116741.8	RGS2	dn	0.65339	0.530802	0.637647	0.555375	29	419	3	150	0.0647321	0.0196078
NC_000005.10:10425955	ENSG00000145491.12	ROPN1L	body	-1.26067	0.00412557	0.0550854	0.913391	149	299	52	101	0.332589	0.339869
NC_000005.10:10425955	ENSG00000145491.12	ROPN1L	enh	-1.12913	0.0192386	-0.171309	0.75671	152	296	52	101	0.339286	0.339869
NC_000006.12:72806226	ENSG00000185760.18	KCNQ5	body	-0.718268	0.258734	-0.931386	0.211123	42	406	13	140	0.09375	0.0849673
NC_000009.12:113081576	ENSG00000136866.14	ZFP37	dn	0.558179	0.0181981	0.526586	0.053981	350	98	119	34	0.78125	0.777778
NC_000009.12:113065668	ENSG00000136866.14	ZFP37	dn	0.438441	0.035213	-0.0219794	0.927167	350	98	119	34	0.78125	0.777778
NC_000006.12:157312738	ENSG00000215712.11	TMEM242	dn	0.445272	0.0269754	-0.144178	0.500365	156	292	15	138	0.348214	0.0980392
NC_000011.10:5929194	ENSG00000132256.20	TRIM5	up	1.26913	0.00266806	-0.485897	0.32348	157	291	54	99	0.350446	0.352941
NC_000019.10:21561958	ENSG00000197013.11	ZNF429	dn	-0.435203	0.00186844	-0.0093946	0.952573	132	316	51	102	0.294643	0.333333
NC_000007.14:158916712	ENSG00000126870.16	DYNC2I1	body	-0.303273	0.118174	-0.129705	0.564032	291	157	82	71	0.649554	0.535948
NC_000009.12:113081695	ENSG00000136866.14	ZFP37	dn	1.0484	0.00010647	0.114846	0.711979	350	98	119	34	0.78125	0.777778
NC_000010.11:46880841	ENSG00000204179.11	PTPN20	up	0.599224	0.0100896	0.415416	0.123735	157	291	49	104	0.350446	0.320261
NC_000007.14:151923081	ENSG00000106648.15	GALNTL5	body	0.762316	0.0567276	0.0752577	0.871769	267	181	99	54	0.595982	0.647059
NC_000020.11:31398406	ENSG00000180483.7	DEFB119	dn	-0.12654	0.663016	-0.612686	0.0664468	136	312	50	103	0.303571	0.326797
NC_000004.12:72132434	ENSG00000056291.19	NPFFR2	body	2.2967	0.00277601	-0.848108	0.339266	26	422	9	144	0.0580357	0.0588235
NC_000006.12:75306790	ENSG00000112697.17	TMEM30A	dn	-1.6479	0.0263451	-0.237352	0.782567	60	388	21	132	0.133929	0.137255
NC_000019.10:36284151	ENSG00000196357.12	ZNF565	up	-0.211055	0.239883	-0.231298	0.261348	81	367	26	127	0.180804	0.169935
NC_000009.12:36008626	ENSG00000243641.3	OR13C7	dn	1.41754	0.0478557	-0.0304851	0.969799	129	319	38	115	0.287946	0.248366
NC_000008.11:17081789	ENSG00000155970.12	MICU3	body	1.36629	0.0855195	1.17393	0.23462	49	399	29	124	0.109375	0.189542
NC_000002.12:112388607	ENSG00000169629.12	RGPD8	dn	1.12312	0.156394	0.7905	0.392221	19	429	7	146	0.0424107	0.0457516
NC_000002.12:112388607	ENSG00000169629.12	RGPD8	prom	1.28125	0.133427	0.633291	0.516487	19	429	6	147	0.0424107	0.0392157
NC_000011.10:107152001	ENSG00000152402.11	GUCY1A2	body	0.752075	0.0136938	-0.189861	0.584878	234	214	87	66	0.522321	0.568627
NC_000009.12:113086792	ENSG00000136866.14	ZFP37	dn	0.685237	0.0107237	0.428651	0.166926	350	98	119	34	0.78125	0.777778
NC_000009.12:113086799	ENSG00000136866.14	ZFP37	dn	0.3987	0.0579474	0.26389	0.2776	350	98	119	34	0.78125	0.777778
NC_000010.11:38831086	ENSG00000283930.1	PLD5P1	dn	-0.571854	0.00533016	0.219007	0.342104	152	296	52	101	0.339286	0.339869
NC_000010.11:113509581	ENSG00000148702.15	HABP2	up	-0.370417	0.136725	-0.205753	0.465435	212	236	62	91	0.473214	0.405229
NC_000011.10:5919951	ENSG00000132256.20	TRIM5	up	1.06838	0.0037133	-0.387655	0.366125	157	291	54	99	0.350446	0.352941
NC_000022.11:49762316	ENSG00000100425.19	BRD1	up	-0.0562275	0.906241	-0.993468	0.0526766	48	400	10	143	0.107143	0.0653595
NC_000022.11:49762316	ENSG00000100425.19	BRD1	enh	0.55655	0.542568	-2.82589	0.00423426	33	415	5	148	0.0736607	0.0326797
NC_000014.9:56209549	ENSG00000139946.11	PELI2	body	-0.761691	0.0546448	-0.324102	0.486135	96	352	33	120	0.214286	0.215686
NC_000007.14:118442905	ENSG00000106013.15	ANKRD7	body	-0.903173	0.0198244	0.0377358	0.932705	169	279	61	92	0.377232	0.398693
NC_000005.10:127115014	ENSG00000164241.14	C5orf63	dn	1.68177	0.00848629	-0.315818	0.673343	39	409	15	138	0.0870536	0.0980392
NC_000011.10:19361082	ENSG00000166833.23	NAV2	enh	1.40429	0.000836502	0.294514	0.559517	74	374	37	116	0.165179	0.24183
NC_000019.10:21617686	ENSG00000197013.11	ZNF429	dn	-0.412781	0.000339014	0.18393	0.15703	132	316	51	102	0.294643	0.333333
NC_000019.10:21564350	ENSG00000197013.11	ZNF429	dn	-0.602189	0.000320156	-0.0162204	0.931485	132	316	51	102	0.294643	0.333333
NC_000019.10:21564350	ENSG00000197013.11	ZNF429	enh	-2.46836	0.073984	-0.596035	0.699755	28	420	7	146	0.0625	0.0457516
NC_000002.12:74931772	ENSG00000115350.12	POLE4	dn	-2.78165	0.0482396	0.68137	0.642669	92	356	7	146	0.205357	0.0457516
NC_000014.9:18655511	ENSG00000257115.2	OR11H12	up	-1.77226	0.0036797	0.511478	0.439848	52	396	12	141	0.116071	0.0784314
NC_000005.10:38334008	ENSG00000164318.18	EGFLAM	body	1.97164	0.00129665	-0.886803	0.208434	287	161	101	52	0.640625	0.660131
NC_000020.11:25775420	ENSG00000130684.14	ZNF337	up	-0.600938	0.0364355	0.0628942	0.847515	63	385	22	131	0.140625	0.143791
NC_000017.11:26825088	ENSG00000109046.15	WSB1	up	-0.21455	0.249889	-0.393875	0.0894168	50	398	24	129	0.111607	0.156863
NC_000019.10:23883946	ENSG00000213967.12	ZNF726	dn	-0.393616	0.0259392	0.0456565	0.81647	261	187	77	76	0.582589	0.503268
NC_000007.14:78144788	ENSG00000006576.17	PHTF2	up	-3.58855	0.000308425	1.61095	0.182341	22	426	11	142	0.0491071	0.0718954
NC_000001.11:736827	ENSG00000284662.2	OR4F16	dn	-0.895573	0.00382083	-0.125165	0.740378	128	320	51	102	0.285714	0.333333
NC_000013.11:94597397	ENSG00000088451.11	TGDS	dn	-1.155	0.0283528	-0.207512	0.742215	86	362	45	108	0.191964	0.294118
NC_000006.12:163956653	ENSG00000112531.17	QKI	up	1.15558	0.00010268	-0.695227	0.0391299	201	247	66	87	0.448661	0.431373
NC_000006.12:163956653	ENSG00000112531.17	QKI	enh	1.56411	0.00260213	-0.490392	0.410292	160	288	52	101	0.357143	0.339869
NC_000012.12:112636715	ENSG00000089169.15	RPH3A	enh	1.19482	0.610733	nan	nan	6	442	1	152	0.0133929	0.00653595
NC_000001.11:2675772	ENSG00000142606.16	MMEL1	up	-0.897695	1.68901e-05	0.495594	0.046579	102	346	45	108	0.227679	0.294118
NC_000001.11:2675772	ENSG00000142606.16	MMEL1	dn	-0.532318	5.20335e-06	0.367928	0.00511861	187	261	70	83	0.417411	0.457516
NC_000001.11:2675772	ENSG00000142606.16	MMEL1	body	-0.897695	1.68901e-05	0.495594	0.046579	102	346	45	108	0.227679	0.294118
NC_000010.11:38832499	ENSG00000283930.1	PLD5P1	dn	-0.765338	0.0147796	0.0359405	0.918856	152	296	52	101	0.339286	0.339869
NC_000003.12:87305835	ENSG00000064835.12	POU1F1	dn	2.63412	0.00528563	0.202384	0.846874	71	377	16	137	0.158482	0.104575
NC_000009.12:113060454	ENSG00000136866.14	ZFP37	dn	0.795536	0.00446905	-0.261698	0.417477	350	98	119	34	0.78125	0.777778
NC_000004.12:190120865	ENSG00000260596.5	DUX4	up	0.384043	0.609755	1.90832	0.0277452	20	428	7	146	0.0446429	0.0457516
NC_000013.11:19093712	ENSG00000198033.13	TUBA3C	dn	0.882336	0.0121242	-0.0196836	0.962152	263	185	91	62	0.587054	0.594771
NC_000005.10:137680698	ENSG00000146021.15	KLHL3	up	-1.3589	0.0106714	0.0572593	0.925004	79	369	28	125	0.176339	0.183007
NC_000005.10:137680698	ENSG00000146021.15	KLHL3	dn	-1.3589	0.0106714	0.0572593	0.925004	79	369	28	125	0.176339	0.183007
NC_000005.10:137680698	ENSG00000146021.15	KLHL3	body	-1.3589	0.0106714	0.0572593	0.925004	79	369	28	125	0.176339	0.183007
NC_000009.12:113065317	ENSG00000136866.14	ZFP37	dn	1.1208	0.000992022	-0.355696	0.364428	350	98	119	34	0.78125	0.777778
NC_000002.12:74936403	ENSG00000115350.12	POLE4	dn	-1.9123	0.0819114	-0.0465439	0.967621	92	356	7	146	0.205357	0.0457516
NC_000020.11:31215680	ENSG00000215547.1	DEFB115	up	0.355845	0.0167592	-0.0811946	0.633798	114	334	41	112	0.254464	0.267974
NC_000002.12:30445039	ENSG00000172954.14	LCLAT1	prom	-1.20187	0.0190057	0.297489	0.606789	148	300	36	117	0.330357	0.235294
NC_000009.12:113081346	ENSG00000136866.14	ZFP37	dn	0.42222	0.0269595	0.239254	0.277902	350	98	119	34	0.78125	0.777778
NC_000010.11:46883253	ENSG00000204179.11	PTPN20	up	1.00188	0.00148653	0.48795	0.180968	157	291	49	104	0.350446	0.320261
NC_000009.12:113065431	ENSG00000136866.14	ZFP37	dn	1.22104	9.50051e-05	0.0610735	0.865166	350	98	119	34	0.78125	0.777778
NC_000014.9:18611165	ENSG00000257115.2	OR11H12	up	-1.62977	1.32364e-10	1.37778	5.09763e-07	52	396	12	141	0.116071	0.0784314
NC_000009.12:101515397	ENSG00000165152.9	PGAP4	dn	-2.76773	0.00788067	0.988255	0.39586	49	399	12	141	0.109375	0.0784314
NC_000018.10:14001977	ENSG00000185231.5	MC2R	up	1.13025	0.127678	0.14179	0.860002	127	321	17	136	0.283482	0.111111
NC_000009.12:113087611	ENSG00000136866.14	ZFP37	dn	0.683573	0.00406478	0.0214022	0.937817	350	98	119	34	0.78125	0.777778
NC_000009.12:113087614	ENSG00000136866.14	ZFP37	dn	0.533586	0.00992993	0.223564	0.349333	350	98	119	34	0.78125	0.777778
NC_000009.12:113087617	ENSG00000136866.14	ZFP37	dn	0.260234	0.25897	0.466929	0.0802607	350	98	119	34	0.78125	0.777778
NC_000007.14:48996135	ENSG00000218305.5	CDC14C	dn	3.17423	6.74694e-07	-1.08085	0.138877	130	318	42	111	0.290179	0.27451
NC_000008.11:66333888	ENSG00000179041.4	RRS1	up	-0.713073	0.177883	-0.523259	0.374039	132	316	42	111	0.294643	0.27451
NC_000007.14:102653864	ENSG00000173678.15	SPDYE2B	up	-1.45186	0.00154635	0.12494	0.815319	103	345	44	109	0.229911	0.287582
NC_000020.11:31065757	ENSG00000215547.1	DEFB115	up	-0.0501348	0.0915611	-0.0555582	0.103444	114	334	41	112	0.254464	0.267974
NC_000016.10:57723377	ENSG00000140854.13	KATNB1	up	-1.63467	3.49254e-05	1.01337	0.0270226	124	324	32	121	0.276786	0.20915
NC_000012.12:199405	ENSG00000111181.13	SLC6A12	up	0.73617	0.0397774	0.0193488	0.962814	239	209	81	72	0.533482	0.529412
NC_000009.12:113065551	ENSG00000136866.14	ZFP37	dn	0.800655	0.00207278	-0.0903408	0.763031	350	98	119	34	0.78125	0.777778
NC_000009.12:113065555	ENSG00000136866.14	ZFP37	dn	0.706979	0.00132689	-0.307395	0.225979	350	98	119	34	0.78125	0.777778
NC_000011.10:16907364	ENSG00000166689.18	PLEKHA7	body	1.11435	0.00238725	0.723632	0.0935939	227	221	76	77	0.506696	0.496732
NC_000012.12:9853334	ENSG00000110852.5	CLEC2B	dn	-1.87595	0.0506666	0.342056	0.744964	36	412	7	146	0.0803571	0.0457516
NC_000012.12:9853334	ENSG00000110852.5	CLEC2B	body	-1.87595	0.0506666	0.342056	0.744964	36	412	7	146	0.0803571	0.0457516
NC_000002.12:3181182	ENSG00000032389.13	EIPR1	up	-0.262737	0.0710424	-0.0635147	0.697325	174	274	47	106	0.388393	0.30719
NC_000002.12:3181182	ENSG00000032389.13	EIPR1	body	-0.226387	0.0669229	-0.0141691	0.918154	264	184	70	83	0.589286	0.457516
NC_000006.12:149981403	ENSG00000111981.5	ULBP1	dn	-1.18396	0.0613519	-0.683023	0.348909	85	363	31	122	0.189732	0.202614
NC_000006.12:157312627	ENSG00000215712.11	TMEM242	up	0.227954	0.217723	0.215789	0.302239	258	190	76	77	0.575893	0.496732
NC_000006.12:169554750	ENSG00000285733.1	ENSG00000285733	dn	0.374708	0.0967824	0.111098	0.66649	235	213	73	80	0.524554	0.477124
NC_000009.12:113081589	ENSG00000136866.14	ZFP37	dn	0.85236	0.00240053	0.318424	0.325358	350	98	119	34	0.78125	0.777778
NC_000009.12:113065670	ENSG00000136866.14	ZFP37	dn	0.872812	0.00245454	-0.364112	0.273204	350	98	119	34	0.78125	0.777778
NC_000010.11:122804618	ENSG00000138161.14	CUZD1	up	0.748916	0.0383779	0.237175	0.561412	96	352	28	125	0.214286	0.183007
NC_000011.10:5919604	ENSG00000132256.20	TRIM5	up	0.802869	0.00184323	-0.287297	0.338494	157	291	54	99	0.350446	0.352941
NC_000002.12:102732560	ENSG00000135953.11	MFSD9	up	-1.34069	0.308539	-1.9595	0.202372	22	426	8	145	0.0491071	0.0522876
NC_000019.10:36298685	ENSG00000196357.12	ZNF565	up	-0.366938	0.0605841	-0.0412861	0.853712	81	367	26	127	0.180804	0.169935
NC_000005.10:115637177	ENSG00000134970.14	TMED7	up	-0.587223	0.433582	-0.685958	0.389301	50	398	6	147	0.111607	0.0392157
NC_000005.10:115637177	ENSG00000134970.14	TMED7	dn	-0.561621	0.0162067	-0.067974	0.789907	95	353	35	118	0.212054	0.228758
NC_000005.10:115637177	ENSG00000134970.14	TMED7	body	-0.587223	0.433582	-0.685958	0.389301	50	398	6	147	0.111607	0.0392157
NC_000018.10:45764364	ENSG00000197046.12	SIGLEC15	up	-2.25983	0.000940176	0.705251	0.3777	92	356	36	117	0.205357	0.235294
NC_000003.12:101467297	ENSG00000138468.16	SENP7	up	-1.05854	0.00012926	0.343916	0.268803	126	322	49	104	0.28125	0.320261
NC_000003.12:101467297	ENSG00000138468.16	SENP7	body	-1.05914	0.000130301	0.403057	0.190115	130	318	49	104	0.290179	0.320261
NC_000004.12:119393461	ENSG00000145384.4	FABP2	dn	0.347913	0.00986856	-0.0885047	0.565731	145	303	43	110	0.323661	0.281046
NC_000003.12:190607020	ENSG00000196083.11	IL1RAP	dn	-0.787027	0.0230312	0.128819	0.74454	121	327	37	116	0.270089	0.24183
NC_000005.10:850176	ENSG00000188818.13	ZDHHC11	up	-0.325748	0.00929277	0.00934649	0.947874	340	108	100	53	0.758929	0.653595
NC_000005.10:850176	ENSG00000188818.13	ZDHHC11	dn	-0.335195	0.00809959	0.0248785	0.862937	339	109	100	53	0.756696	0.653595
NC_000005.10:850176	ENSG00000188818.13	ZDHHC11	body	-0.335206	0.00806991	0.0203647	0.887612	339	109	100	53	0.756696	0.653595
NC_000003.12:194079685	ENSG00000114315.4	HES1	up	-1.76052	0.00715223	0.585924	0.425428	126	322	36	117	0.28125	0.235294
NC_000003.12:194079685	ENSG00000114315.4	HES1	enh	-1.78883	0.00970283	0.607035	0.432951	119	329	35	118	0.265625	0.228758
NC_000002.12:74931309	ENSG00000115350.12	POLE4	dn	-2.19929	0.0713847	-0.265308	0.834815	92	356	7	146	0.205357	0.0457516
NC_000003.12:13683257	ENSG00000163520.14	FBLN2	dn	-1.429	0.0106252	0.346496	0.593084	196	252	61	92	0.4375	0.398693
NC_000001.11:221349647	ENSG00000143507.18	DUSP10	up	0.769304	0.0187792	-0.177715	0.633224	181	267	55	98	0.404018	0.359477
NC_000017.11:21967834	ENSG00000260458.3	KCNJ18	dn	2.4694	0.0474392	-0.498152	0.71081	31	417	5	148	0.0691964	0.0326797
NC_000008.11:205911	ENSG00000172748.14	ZNF596	dn	-0.383441	0.0172022	0.00440667	0.981128	356	92	114	39	0.794643	0.745098
NC_000009.12:113083924	ENSG00000136866.14	ZFP37	dn	-0.0628174	0.652954	0.549227	0.000720084	350	98	119	34	0.78125	0.777778
NC_000011.10:103423064	ENSG00000187240.17	DYNC2H1	body	-3.2539	7.05182e-06	0.645995	0.439827	95	353	38	115	0.212054	0.248366
NC_000010.11:133320417	ENSG00000130640.15	TUBGCP2	body	-1.0094	0.0172215	0.268608	0.574591	171	277	54	99	0.381696	0.352941
NC_000007.14:99658073	ENSG00000106258.16	CYP3A5	up	0.511039	0.236754	0.876039	0.0972864	31	417	16	137	0.0691964	0.104575
NC_000017.11:43360601	ENSG00000175906.5	ARL4D	up	3.68856	0.000907365	0.485529	0.708885	34	414	11	142	0.0758929	0.0718954
NC_000017.11:43360601	ENSG00000175906.5	ARL4D	prom	5.88407	5.35107e-05	-0.121605	0.943698	19	429	8	145	0.0424107	0.0522876
NC_000017.11:43360601	ENSG00000175906.5	ARL4D	enh	2.47636	0.000282872	-0.759038	0.349184	88	360	28	125	0.196429	0.183007
NC_000001.11:209895283	ENSG00000143469.21	SYT14	up	-0.487558	0.102092	-0.285195	0.417269	208	240	73	80	0.464286	0.477124
NC_000009.12:74280375	ENSG00000198963.11	RORB	body	-0.801802	0.0215342	0.168611	0.670781	195	253	68	85	0.435268	0.444444
NC_000010.11:113966401	ENSG00000043591.6	ADRB1	up	-4.10919	0.000453721	2.49868	0.0483329	49	399	8	145	0.109375	0.0522876
NC_000009.12:32702979	ENSG00000122728.6	TAF1L	dn	1.56655	0.0618309	0.230021	0.807348	39	409	12	141	0.0870536	0.0784314
NC_000001.11:171147122	ENSG00000094963.14	FMO2	up	-1.06316	0.113703	-0.0880782	0.904033	81	367	15	138	0.180804	0.0980392
NC_000009.12:113088903	ENSG00000136866.14	ZFP37	dn	0.373123	0.145162	0.281391	0.342099	350	98	119	34	0.78125	0.777778
NC_000010.11:87741550	ENSG00000198682.13	PAPSS2	dn	-0.549938	0.213799	-0.63716	0.211772	79	369	26	127	0.176339	0.169935
NC_000016.10:57179172	ENSG00000172775.18	PSME3IP1	dn	0.693583	0.0276699	-0.160075	0.645131	244	204	71	82	0.544643	0.464052
NC_000007.14:100998605	ENSG00000169876.14	MUC17	dn	-0.0820519	0.751568	0.741011	0.0119716	65	383	17	136	0.145089	0.111111
NC_000007.14:87209636	ENSG00000135185.12	TMEM243	up	-0.411215	0.462194	-1.33962	0.0418279	159	289	50	103	0.354911	0.326797
NC_000007.14:87209636	ENSG00000135185.12	TMEM243	dn	-0.411215	0.462194	-1.33962	0.0418279	159	289	50	103	0.354911	0.326797
NC_000007.14:87209636	ENSG00000135185.12	TMEM243	body	-0.411215	0.462194	-1.33962	0.0418279	159	289	50	103	0.354911	0.326797
NC_000008.11:389172	ENSG00000147364.17	FBXO25	up	0.958765	0.000727185	-0.449062	0.155539	303	145	107	46	0.676339	0.699346
NC_000003.12:169131987	ENSG00000085276.19	MECOM	body	0.469114	0.163055	0.131688	0.720812	287	161	93	60	0.640625	0.607843
NC_000001.11:2679350	ENSG00000142606.16	MMEL1	up	-0.609745	0.00667238	0.0235396	0.93029	102	346	45	108	0.227679	0.294118
NC_000001.11:2679350	ENSG00000142606.16	MMEL1	dn	-0.384453	0.00212431	0.079582	0.572477	187	261	70	83	0.417411	0.457516
NC_000001.11:2679350	ENSG00000142606.16	MMEL1	body	-0.609745	0.00667238	0.0235396	0.93029	102	346	45	108	0.227679	0.294118
NC_000017.11:73177440	ENSG00000180616.9	SSTR2	dn	0.423001	0.023971	0.0293553	0.892192	218	230	100	53	0.486607	0.653595
NC_000017.11:73177440	ENSG00000180616.9	SSTR2	prom	0.53167	0.00870022	-0.0974352	0.682888	190	258	87	66	0.424107	0.568627
NC_000002.12:73191342	ENSG00000214513.4	NOTO	up	-1.41428	0.103192	-0.63837	0.530056	52	396	21	132	0.116071	0.137255
NC_000006.12:163323106	ENSG00000112531.17	QKI	up	-0.114002	0.734775	-0.763504	0.0465322	201	247	66	87	0.448661	0.431373
NC_000006.12:163323106	ENSG00000112531.17	QKI	enh	0.0978721	0.86796	-1.69014	0.0128253	160	288	52	101	0.357143	0.339869
NC_000011.10:134045936	ENSG00000166086.13	JAM3	up	0.762382	0.00328445	-0.295745	0.324776	232	216	72	81	0.517857	0.470588
NC_000010.11:62344708	ENSG00000138311.18	ZNF365	body	1.4505	0.228765	1.20113	0.381233	24	424	7	146	0.0535714	0.0457516
NC_000010.11:38794746	ENSG00000283930.1	PLD5P1	up	-1.07419	0.0785769	-0.422916	0.548236	79	369	32	121	0.176339	0.20915
NC_000010.11:38794746	ENSG00000283930.1	PLD5P1	dn	-0.897745	0.0140509	-0.0395529	0.923285	152	296	52	101	0.339286	0.339869
NC_000010.11:38794746	ENSG00000283930.1	PLD5P1	body	-1.43283	0.000471695	0.342638	0.464253	127	321	46	107	0.283482	0.300654
NC_000003.12:41288938	ENSG00000168036.19	CTNNB1	dn	1.46971	0.0251667	-0.635814	0.362432	49	399	17	136	0.109375	0.111111
NC_000011.10:19351619	ENSG00000166833.23	NAV2	enh	-0.567112	0.211365	-0.72907	0.182796	74	374	37	116	0.165179	0.24183
NC_000015.10:51972677	ENSG00000166477.13	LEO1	dn	-4.66501	4.55326e-10	1.46876	0.0862256	103	345	36	117	0.229911	0.235294
NC_000015.10:51972677	ENSG00000166477.13	LEO1	enh	-4.66501	4.55326e-10	1.46876	0.0862256	103	345	36	117	0.229911	0.235294
NC_000001.11:193316421	ENSG00000162630.6	B3GALT2	dn	-3.77343	0.000179104	0.902221	0.418912	85	363	19	134	0.189732	0.124183
NC_000002.12:206954405	ENSG00000144410.5	CPO	body	-5.97732	0.000113077	3.69766	0.0340097	25	423	7	146	0.0558036	0.0457516
NC_000010.11:127804478	ENSG00000186766.8	FOXI2	dn	-1.52089	0.146135	-1.13198	0.345628	22	426	8	145	0.0491071	0.0522876
NC_000020.11:31193728	ENSG00000215547.1	DEFB115	up	-0.502745	0.000479788	0.0458263	0.780558	114	334	41	112	0.254464	0.267974
NC_000001.11:7371161	ENSG00000049245.13	VAMP3	dn	-0.645366	0.028245	-0.0401464	0.905857	261	187	95	58	0.582589	0.620915
NC_000009.12:113060106	ENSG00000136866.14	ZFP37	dn	0.533485	0.0217279	0.0215671	0.935946	350	98	119	34	0.78125	0.777778
NC_000001.11:735426	ENSG00000284662.2	OR4F16	dn	-0.440225	0.125681	-0.446398	0.204532	128	320	51	102	0.285714	0.333333
NC_000011.10:26645805	ENSG00000169550.14	MUC15	dn	-0.485767	0.23701	-1.01769	0.0304844	168	280	59	94	0.375	0.385621
NC_000012.12:112639365	ENSG00000089169.15	RPH3A	enh	1.08258	0.626273	nan	nan	6	442	1	152	0.0133929	0.00653595
NC_000007.14:100958186	ENSG00000169894.18	MUC3A	body	-1.71688	7.22865e-05	0.493417	0.310538	89	359	26	127	0.198661	0.169935
NC_000006.12:149025873	ENSG00000055208.20	TAB2	enh	1.77327	0.205066	0.349229	0.814438	32	416	4	149	0.0714286	0.0261438
NC_000005.10:416001	ENSG00000180104.16	EXOC3	up	-1.26033	2.22957e-06	0.90297	0.00230018	264	184	89	64	0.589286	0.581699
NC_000005.10:416001	ENSG00000180104.16	EXOC3	body	-2.2861	0.000209677	0.841516	0.241737	87	361	39	114	0.194196	0.254902
NC_000005.10:416001	ENSG00000180104.16	EXOC3	prom	-3.81554	8.16848e-09	1.92217	0.0141573	59	389	31	122	0.131696	0.202614
NC_000005.10:66138590	ENSG00000153914.16	SREK1	up	1.52722	0.0137727	0.337973	0.637304	144	304	52	101	0.321429	0.339869
NC_000002.12:208604054	ENSG00000144407.10	PTH2R	body	0.40563	0.0955041	0.0126791	0.962394	197	251	53	100	0.439732	0.346405
NC_000009.12:113060221	ENSG00000136866.14	ZFP37	dn	1.10453	0.000494547	-0.20163	0.580701	350	98	119	34	0.78125	0.777778
NC_000001.11:164821329	ENSG00000185630.20	PBX1	body	-3.20526	0.000705366	0.940408	0.373787	83	365	22	131	0.185268	0.143791
NC_000004.12:38802920	ENSG00000174123.11	TLR10	dn	-1.40054	0.0120191	0.317375	0.618492	255	193	91	62	0.569196	0.594771
NC_000010.11:46891276	ENSG00000204179.11	PTPN20	up	0.554157	0.00693599	-0.0176772	0.940674	157	291	49	104	0.350446	0.320261
NC_000021.9:45841579	ENSG00000142156.16	COL6A1	up	0.246047	0.147957	0.0132496	0.942189	176	272	50	103	0.392857	0.326797
NC_000001.11:121021079	ENSG00000263353.4	PPIAL4A	up	-1.45272	0.0280498	-0.371038	0.62493	181	267	58	95	0.404018	0.379085
NC_000001.11:110296824	ENSG00000162775.17	RBM15	up	-0.654428	0.114736	-0.33863	0.484673	90	358	34	119	0.200893	0.222222
NC_000002.12:192130973	ENSG00000144339.12	TMEFF2	up	0.373509	0.133281	0.272197	0.351741	254	194	83	70	0.566964	0.542484
NC_000019.10:36280120	ENSG00000196357.12	ZNF565	up	-0.652599	0.0293324	-0.0194992	0.954635	81	367	26	127	0.180804	0.169935
NC_000006.12:169574474	ENSG00000285733.1	ENSG00000285733	dn	1.51774	8.94499e-05	-0.579084	0.188707	235	213	73	80	0.524554	0.477124
NC_000003.12:125990276	ENSG00000114547.10	ROPN1B	dn	-1.86072	0.0109245	-0.362139	0.65444	197	251	33	120	0.439732	0.215686
NC_000009.12:32699277	ENSG00000122728.6	TAF1L	dn	0.451786	0.491038	1.16601	0.114807	39	409	12	141	0.0870536	0.0784314
NC_000002.12:15387105	ENSG00000151779.14	NBAS	up	-1.6135	0.00518994	0.588209	0.377216	163	285	62	91	0.363839	0.405229
NC_000002.12:15387105	ENSG00000151779.14	NBAS	body	-1.3476	9.49346e-05	0.675255	0.0943831	259	189	90	63	0.578125	0.588235
NC_000020.11:31207202	ENSG00000215547.1	DEFB115	up	0.284958	0.145167	0.182175	0.417046	114	334	41	112	0.254464	0.267974
NC_000004.12:190120996	ENSG00000260596.5	DUX4	up	0.847446	0.275755	0.966511	0.279818	20	428	7	146	0.0446429	0.0457516
NC_000009.12:113087501	ENSG00000136866.14	ZFP37	dn	1.27512	4.45722e-07	-0.506344	0.080291	350	98	119	34	0.78125	0.777778
NC_000009.12:113087508	ENSG00000136866.14	ZFP37	dn	0.568364	0.00840387	0.226345	0.363142	350	98	119	34	0.78125	0.777778
NC_000014.9:20709605	ENSG00000259171.1	ENSG00000259171	enh	-0.259855	0.786583	-3.25438	0.0067836	14	434	8	145	0.03125	0.0522876
NC_000001.11:2674493	ENSG00000142606.16	MMEL1	up	-0.485641	0.000384296	0.195837	0.230948	102	346	45	108	0.227679	0.294118
NC_000001.11:2674493	ENSG00000142606.16	MMEL1	dn	-0.236177	0.00204104	0.0978712	0.256855	187	261	70	83	0.417411	0.457516
NC_000001.11:2674493	ENSG00000142606.16	MMEL1	body	-0.485641	0.000384296	0.195837	0.230948	102	346	45	108	0.227679	0.294118
NC_000019.10:21561613	ENSG00000197013.11	ZNF429	dn	-0.278223	0.0166458	-0.0205032	0.875998	132	316	51	102	0.294643	0.333333
NC_000001.11:2666124	ENSG00000142606.16	MMEL1	up	-0.821882	0.000367886	-0.0414314	0.880506	102	346	45	108	0.227679	0.294118
NC_000001.11:2666124	ENSG00000142606.16	MMEL1	dn	-0.576975	5.76016e-06	0.114858	0.420903	187	261	70	83	0.417411	0.457516
NC_000001.11:2666124	ENSG00000142606.16	MMEL1	body	-0.821882	0.000367886	-0.0414314	0.880506	102	346	45	108	0.227679	0.294118
NC_000009.12:113081353	ENSG00000136866.14	ZFP37	dn	0.749755	2.78495e-05	-0.363735	0.0771156	350	98	119	34	0.78125	0.777778
NC_000009.12:113065443	ENSG00000136866.14	ZFP37	dn	0.887193	0.00455176	-0.0771392	0.830612	350	98	119	34	0.78125	0.777778
NC_000020.11:23995008	ENSG00000149435.12	GGTLC1	dn	1.67645	0.00374131	-0.680248	0.301093	240	208	51	102	0.535714	0.333333
NC_000007.14:22807325	ENSG00000196683.12	TOMM7	up	0.986673	0.00102884	0.0164316	0.961978	247	201	84	69	0.551339	0.54902
NC_000007.14:22807325	ENSG00000196683.12	TOMM7	dn	1.12346	0.00024985	-0.304421	0.389145	276	172	101	52	0.616071	0.660131
NC_000007.14:22807325	ENSG00000196683.12	TOMM7	body	1.98135	3.29427e-05	-0.493534	0.37035	180	268	63	90	0.401786	0.411765
NC_000012.12:112583877	ENSG00000089169.15	RPH3A	enh	1.02509	0.543517	nan	nan	6	442	1	152	0.0133929	0.00653595
NC_000006.12:149981411	ENSG00000111981.5	ULBP1	dn	-0.961243	0.132625	-0.89586	0.224217	85	363	31	122	0.189732	0.202614
NC_000020.11:2393483	ENSG00000166948.10	TGM6	up	-1.09678	0.0092038	0.166301	0.734151	86	362	26	127	0.191964	0.169935
NC_000017.11:21702898	ENSG00000260458.3	KCNJ18	dn	-0.198801	0.831161	-1.71227	0.0895302	31	417	5	148	0.0691964	0.0326797
NC_000009.12:113087741	ENSG00000136866.14	ZFP37	dn	0.912178	0.000894346	0.276433	0.382235	350	98	119	34	0.78125	0.777778
NC_000009.12:113087743	ENSG00000136866.14	ZFP37	dn	0.681295	0.0249878	0.122356	0.727355	350	98	119	34	0.78125	0.777778
NC_000001.11:34779938	ENSG00000188910.8	GJB3	up	1.07614	0.0356805	-0.00853543	0.988459	182	266	57	96	0.40625	0.372549
NC_000008.11:66354663	ENSG00000179041.4	RRS1	up	-1.06634	0.0236991	0.269063	0.607248	132	316	42	111	0.294643	0.27451
NC_000013.11:50951249	ENSG00000136104.22	RNASEH2B	body	-2.03773	0.0142239	0.748365	0.41469	91	357	20	133	0.203125	0.130719
NC_000013.11:50951249	ENSG00000136104.22	RNASEH2B	enh	-2.03728	0.0140608	0.568281	0.537516	91	357	20	133	0.203125	0.130719
NC_000012.12:42080586	ENSG00000151233.11	GXYLT1	up	1.40528	0.173449	1.33698	0.25759	59	389	19	134	0.131696	0.124183
NC_000012.12:42080586	ENSG00000151233.11	GXYLT1	dn	1.40518	0.171764	1.66605	0.158653	60	388	19	134	0.133929	0.124183
NC_000012.12:42080586	ENSG00000151233.11	GXYLT1	body	1.4051	0.172712	1.54202	0.193707	59	389	19	134	0.131696	0.124183
NC_000004.12:77302949	ENSG00000138764.15	CCNG2	body	-0.624637	0.00446309	0.0860549	0.732302	304	144	103	50	0.678571	0.673203
NC_000004.12:16389616	ENSG00000169762.17	TAPT1	up	-1.13988	0.210603	-0.493273	0.62205	135	313	23	130	0.301339	0.150327
NC_000009.12:113065680	ENSG00000136866.14	ZFP37	dn	0.53376	0.0276687	0.102198	0.715038	350	98	119	34	0.78125	0.777778
NC_000004.12:119360882	ENSG00000145384.4	FABP2	dn	0.699996	0.00874057	-0.118938	0.696627	145	303	43	110	0.323661	0.281046
NC_000005.10:181289207	ENSG00000183718.6	TRIM52	dn	0.551407	0.0410433	0.256318	0.401665	205	243	73	80	0.457589	0.477124
NC_000003.12:155125066	ENSG00000196549.13	MME	enh	2.28459	0.0017501	-1.09562	0.188519	117	331	35	118	0.261161	0.228758
NC_000013.11:79582482	ENSG00000102471.16	NDFIP2	dn	2.81081	0.000157812	-0.651681	0.4548	76	372	29	124	0.169643	0.189542
NC_000013.11:79582482	ENSG00000102471.16	NDFIP2	body	1.39804	0.0346919	0.0941354	0.902975	154	294	63	90	0.34375	0.411765
NC_000005.10:113098737	ENSG00000172795.17	DCP2	dn	0.974464	0.0327274	0.0198994	0.970072	220	228	68	85	0.491071	0.444444
NC_000014.9:55500234	ENSG00000182521.6	TBPL2	up	-0.757742	0.185224	-1.63552	0.0187512	42	406	21	132	0.09375	0.137255
NC_000014.9:55500234	ENSG00000182521.6	TBPL2	body	-0.757742	0.185224	-1.63552	0.0187512	42	406	21	132	0.09375	0.137255
NC_000002.12:200684307	ENSG00000138356.14	AOX1	dn	0.497784	0.0533848	0.00923424	0.974829	274	174	93	60	0.611607	0.607843
NC_000003.12:14809765	ENSG00000154783.12	FGD5	up	1.23402	0.020833	-0.457924	0.429138	131	317	23	130	0.292411	0.150327
NC_000004.12:41547219	ENSG00000064042.18	LIMCH1	body	0.359735	0.563444	0.654296	0.326664	84	364	16	137	0.1875	0.104575
NC_000001.11:247937288	ENSG00000279263.1	OR2L8	enh	-1.24896	0.000718866	0.358611	0.411773	125	323	48	105	0.279018	0.313725
NC_000019.10:36278622	ENSG00000196357.12	ZNF565	up	-0.708338	0.130488	-0.512074	0.340172	81	367	26	127	0.180804	0.169935
NC_000010.11:79946336	ENSG00000133661.17	SFTPD	up	-0.700171	0.244347	-1.14374	0.118908	73	375	35	118	0.162946	0.228758
NC_000001.11:719762	ENSG00000284662.2	OR4F16	prom	-3.80695	8.00048e-06	nan	nan	1	447	3	150	0.00223214	0.0196078
NC_000005.10:843343	ENSG00000188818.13	ZDHHC11	up	-0.164796	0.352043	-0.313191	0.1226	340	108	100	53	0.758929	0.653595
NC_000005.10:843343	ENSG00000188818.13	ZDHHC11	dn	-0.165163	0.355759	-0.315932	0.122063	339	109	100	53	0.756696	0.653595
NC_000005.10:843343	ENSG00000188818.13	ZDHHC11	body	-0.165188	0.355652	-0.317605	0.120208	339	109	100	53	0.756696	0.653595
NC_000002.12:71162951	ENSG00000124383.11	MPHOSPH10	up	1.13874	0.00165634	-0.486347	0.248315	85	363	28	125	0.189732	0.183007
NC_000017.11:73895313	ENSG00000069188.17	SDK2	up	0.539306	0.114133	0.228294	0.566491	323	125	105	48	0.720982	0.686275
NC_000003.12:161528663	ENSG00000182447.4	OTOL1	dn	-1.2065	0.0130514	0.171563	0.753436	114	334	34	119	0.254464	0.222222
NC_000007.14:156922540	ENSG00000146909.8	NOM1	up	1.3097	0.00647499	-0.289826	0.587706	128	320	44	109	0.285714	0.287582
NC_000007.14:133141910	ENSG00000106554.13	CHCHD3	up	-0.470741	0.311636	-0.693686	0.197801	111	337	39	114	0.247768	0.254902
NC_000007.14:158915689	ENSG00000126870.16	DYNC2I1	body	-0.470224	0.0038404	0.0648658	0.729981	291	157	82	71	0.649554	0.535948
NC_000002.12:156125316	ENSG00000153234.16	NR4A2	up	-1.5524	0.190352	-0.121173	0.922985	45	403	5	148	0.100446	0.0326797
NC_000017.11:21896030	ENSG00000260458.3	KCNJ18	dn	3.46736	0.0229986	-1.1766	0.474286	31	417	5	148	0.0691964	0.0326797
NC_000020.11:60116651	ENSG00000124215.17	CDH26	enh	1.54126	0.0328398	0.222592	0.796749	57	391	26	127	0.127232	0.169935
NC_000004.12:87686462	ENSG00000152592.15	DMP1	dn	-0.651562	0.407556	-1.08933	0.219096	42	406	11	142	0.09375	0.0718954
NC_000007.14:101000594	ENSG00000169876.14	MUC17	up	-0.325589	0.0009016	0.0656857	0.568258	249	199	91	62	0.555804	0.594771
NC_000020.11:31224642	ENSG00000215547.1	DEFB115	up	0.318619	0.00985781	-0.0685663	0.627707	114	334	41	112	0.254464	0.267974
NC_000008.11:142242245	ENSG00000171045.16	TSNARE1	dn	-0.184234	0.266654	-0.116586	0.527024	337	111	110	43	0.752232	0.718954
NC_000004.12:173437893	ENSG00000164106.8	SCRG1	up	1.73399	0.0330409	0.105108	0.909063	58	390	16	137	0.129464	0.104575
NC_000004.12:173437893	ENSG00000164106.8	SCRG1	dn	2.2771	0.00191199	-0.536731	0.510922	67	381	20	133	0.149554	0.130719
NC_000004.12:173437893	ENSG00000164106.8	SCRG1	body	1.73399	0.0330409	0.105108	0.909063	58	390	16	137	0.129464	0.104575
NC_000007.14:99893369	ENSG00000244623.2	OR2AE1	dn	-2.5183	0.0880907	-1.98118	0.217286	28	420	5	148	0.0625	0.0326797
NC_000021.9:44937247	ENSG00000160256.14	SLX9	body	0.730887	0.137486	0.340651	0.535679	44	404	18	135	0.0982143	0.117647
NC_000002.12:74953973	ENSG00000115350.12	POLE4	dn	-1.16813	0.122585	-0.176319	0.823258	92	356	7	146	0.205357	0.0457516
NC_000014.9:54344500	ENSG00000100526.21	CDKN3	up	-1.07069	8.88364e-05	0.632075	0.0450243	230	218	89	64	0.513393	0.581699
NC_000002.12:135833724	ENSG00000115850.10	LCT	up	1.26667	0.137662	0.984481	0.315759	36	412	14	139	0.0803571	0.0915033
NC_000002.12:135833724	ENSG00000115850.10	LCT	body	1.26667	0.137662	0.984481	0.315759	36	412	14	139	0.0803571	0.0915033
NC_000006.12:157285657	ENSG00000215712.11	TMEM242	up	-0.506747	0.00765198	0.0114689	0.957319	258	190	76	77	0.575893	0.496732
NC_000008.11:66376724	ENSG00000179041.4	RRS1	up	-1.10175	0.0161397	0.320103	0.528948	132	316	42	111	0.294643	0.27451
NC_000010.11:16748959	ENSG00000148484.18	RSU1	body	-0.464601	0.157878	-0.196547	0.597492	267	181	97	56	0.595982	0.633987
NC_000001.11:121020906	ENSG00000263353.4	PPIAL4A	up	-1.17266	0.0954886	-0.903878	0.263433	181	267	58	95	0.404018	0.379085
NC_000014.9:95939053	ENSG00000250366.4	TUNAR	dn	-2.13278	0.000620615	0.934931	0.235066	31	417	13	140	0.0691964	0.0849673
NC_000004.12:127622321	ENSG00000164066.13	INTU	body	2.97053	0.0311661	-0.826042	0.579342	30	418	5	148	0.0669643	0.0326797
NC_000012.12:97123655	ENSG00000139350.12	NEDD1	up	1.19266	0.180464	0.430076	0.657007	42	406	9	144	0.09375	0.0588235
NC_000002.12:47582219	ENSG00000184261.5	KCNK12	dn	0.502513	0.243146	0.492163	0.324224	256	192	83	70	0.571429	0.542484
NC_000008.11:66370697	ENSG00000179041.4	RRS1	up	-0.841586	0.0401591	0.0398725	0.930247	132	316	42	111	0.294643	0.27451
NC_000010.11:113701465	ENSG00000165806.21	CASP7	up	2.44778	6.98311e-05	-1.5595	0.0247367	232	216	73	80	0.517857	0.477124
NC_000004.12:174874124	ENSG00000168594.15	ADAM29	body	2.31695	0.00431143	-0.73459	0.414694	94	354	20	133	0.209821	0.130719
NC_000002.12:131129660	ENSG00000115762.17	PLEKHB2	body	-0.556024	0.201873	-0.628817	0.227434	190	258	72	81	0.424107	0.470588
NC_000002.12:131129660	ENSG00000115762.17	PLEKHB2	enh	-1.39689	0.00824334	-0.176657	0.772881	178	270	67	86	0.397321	0.437908
NC_000010.11:3051026	ENSG00000067057.19	PFKP	up	-0.245864	0.437355	-0.446918	0.211073	214	234	69	84	0.477679	0.45098
NC_000003.12:42478437	ENSG00000114812.13	VIPR1	up	-3.80877	0.0081448	1.9027	0.218512	47	401	7	146	0.104911	0.0457516
NC_000010.11:46851979	ENSG00000204179.11	PTPN20	up	1.25848	4.06007e-05	-0.195552	0.580111	157	291	49	104	0.350446	0.320261
NC_000011.10:112697625	ENSG00000149294.18	NCAM1	prom	2.44667	1.21456e-05	nan	nan	2	446	0	153	0.00446429	0
NC_000014.9:61763147	ENSG00000023608.5	SNAPC1	body	1.36518	0.0206143	-0.235498	0.730829	185	263	72	81	0.412946	0.470588
NC_000014.9:61763147	ENSG00000023608.5	SNAPC1	prom	1.36518	0.0206143	-0.235498	0.730829	185	263	72	81	0.412946	0.470588
NC_000007.14:100994924	ENSG00000169876.14	MUC17	up	1.08309	5.8539e-06	-0.52922	0.0585403	249	199	91	62	0.555804	0.594771
NC_000009.12:1031078	ENSG00000173253.16	DMRT2	up	-0.697172	0.161773	-0.192497	0.724639	161	287	44	109	0.359375	0.287582
NC_000002.12:131429739	ENSG00000075886.11	TUBA3D	prom	1.91911	0.311903	nan	nan	7	441	1	152	0.015625	0.00653595
NC_000002.12:131129781	ENSG00000115762.17	PLEKHB2	body	-0.791839	0.0607799	-0.321834	0.5234	190	258	72	81	0.424107	0.470588
NC_000002.12:131129781	ENSG00000115762.17	PLEKHB2	enh	-1.69134	0.000956507	0.197339	0.7388	178	270	67	86	0.397321	0.437908
NC_000020.11:1149892	ENSG00000125895.6	TMEM74B	up	-2.05428	0.00775678	-0.0234026	0.978922	57	391	26	127	0.127232	0.169935
NC_000009.12:999295	ENSG00000064218.5	DMRT3	dn	-0.929202	0.134416	-0.442136	0.528805	83	365	26	127	0.185268	0.169935
NC_000009.12:999295	ENSG00000064218.5	DMRT3	enh	-0.99753	0.129537	-0.577621	0.446794	78	370	26	127	0.174107	0.169935
NC_000009.12:39509713	ENSG00000204849.10	SPATA31A1	dn	-0.841867	0.377406	-0.812036	0.432678	29	419	5	148	0.0647321	0.0326797
NC_000003.12:155486802	ENSG00000240045.2	STRIT1	dn	-1.06511	0.0338381	-0.118139	0.84156	126	322	49	104	0.28125	0.320261
NC_000020.11:2369692	ENSG00000166948.10	TGM6	up	-0.672131	0.0995305	-0.274371	0.563802	86	362	26	127	0.191964	0.169935
NC_000010.11:90879911	ENSG00000148688.14	RPP30	dn	2.82132	0.00982527	-1.09465	0.360722	40	408	8	145	0.0892857	0.0522876
NC_000020.11:31216876	ENSG00000215547.1	DEFB115	up	0.336229	0.0229636	-0.0272218	0.872346	114	334	41	112	0.254464	0.267974
NC_000005.10:127121941	ENSG00000164241.14	C5orf63	dn	3.38686	0.00100177	-0.433454	0.719059	39	409	15	138	0.0870536	0.0980392
NC_000001.11:152219295	ENSG00000197915.7	HRNR	dn	-0.989681	0.0275796	0.161858	0.748075	86	362	24	129	0.191964	0.156863
NC_000002.12:74994214	ENSG00000115350.12	POLE4	dn	-1.28911	0.317049	-0.373021	0.781544	92	356	7	146	0.205357	0.0457516
NC_000020.11:31203760	ENSG00000215547.1	DEFB115	up	0.774495	0.000136541	-0.211994	0.360467	114	334	41	112	0.254464	0.267974
NC_000020.11:31053717	ENSG00000215547.1	DEFB115	up	-0.142766	0.0043714	-0.00512633	0.928745	114	334	41	112	0.254464	0.267974
NC_000003.12:195626555	ENSG00000189058.9	APOD	dn	-0.734917	0.0550998	0.0692204	0.870234	153	295	42	111	0.341518	0.27451
NC_000009.12:113065212	ENSG00000136866.14	ZFP37	dn	1.04794	0.00064506	-0.231847	0.512164	350	98	119	34	0.78125	0.777778
NC_000004.12:190120882	ENSG00000260596.5	DUX4	up	0.801507	0.305249	1.3006	0.148241	20	428	7	146	0.0446429	0.0457516
NC_000008.11:138142338	ENSG00000147724.12	FAM135B	body	0.189689	0.532427	0.411711	0.225083	257	191	60	93	0.573661	0.392157
NC_000014.9:55266937	ENSG00000178974.11	FBXO34	body	1.76747	8.20436e-05	-0.862321	0.110824	44	404	25	128	0.0982143	0.163399
NC_000005.10:34195611	ENSG00000273294.1	C1QTNF3-AMACR	up	2.06241	0.00737859	0.50794	0.573817	68	380	27	126	0.151786	0.176471
NC_000005.10:34195611	ENSG00000273294.1	C1QTNF3-AMACR	body	2.06241	0.00737859	0.50794	0.573817	68	380	27	126	0.151786	0.176471
NC_000002.12:177383404	ENSG00000018510.18	AGPS	body	-0.660942	0.17638	-0.554566	0.323984	123	325	54	99	0.274554	0.352941
NC_000015.10:48250591	ENSG00000074803.21	SLC12A1	body	1.90827	0.00551939	-0.189967	0.81295	85	363	27	126	0.189732	0.176471
NC_000010.11:46881929	ENSG00000204179.11	PTPN20	up	1.15813	0.00018473	0.120398	0.736247	157	291	49	104	0.350446	0.320261
NC_000003.12:137087093	ENSG00000174564.13	IL20RB	up	1.40396	0.0167864	-0.268984	0.691119	214	234	76	77	0.477679	0.496732
NC_000011.10:123322871	ENSG00000023171.20	GRAMD1B	body	-2.09382	4.10457e-06	1.46413	0.0031537	232	216	79	74	0.517857	0.51634
NC_000011.10:123322871	ENSG00000023171.20	GRAMD1B	prom	-2.88146	9.72391e-06	0.83536	0.261576	120	328	38	115	0.267857	0.248366
NC_000017.11:26791791	ENSG00000109046.15	WSB1	up	-1.4172	1.666e-06	1.17162	0.00135782	50	398	24	129	0.111607	0.156863
NC_000009.12:113081368	ENSG00000136866.14	ZFP37	dn	0.897915	0.000354987	0.0232272	0.936019	350	98	119	34	0.78125	0.777778
NC_000011.10:4392644	ENSG00000132109.10	TRIM21	up	-0.0727873	0.826535	-0.705603	0.06026	222	226	63	90	0.495536	0.411765
NC_000004.12:119327431	ENSG00000145384.4	FABP2	dn	0.89429	6.25546e-07	-0.37669	0.0645616	145	303	43	110	0.323661	0.281046
NC_000015.10:80282579	ENSG00000259417.3	CTXND1	dn	1.8915	0.00453228	-0.785819	0.282734	95	353	18	135	0.212054	0.117647
NC_000009.12:113087635	ENSG00000136866.14	ZFP37	dn	0.980915	0.000657992	-0.312052	0.346798	350	98	119	34	0.78125	0.777778
NC_000006.12:157312522	ENSG00000215712.11	TMEM242	up	0.606929	0.000141663	-0.0472235	0.792307	258	190	76	77	0.575893	0.496732
NC_000010.11:38498028	ENSG00000283930.1	PLD5P1	up	-0.994438	0.0620093	-0.108916	0.859303	79	369	32	121	0.176339	0.20915
NC_000001.11:10307510	ENSG00000142657.21	PGD	dn	-1.47748	0.0037965	0.580188	0.329278	83	365	31	122	0.185268	0.202614
NC_000012.12:16053773	ENSG00000023697.13	DERA	dn	-0.929538	0.008043	0.00190864	0.996319	130	318	47	106	0.290179	0.30719
NC_000003.12:28272591	ENSG00000187118.14	CMC1	body	-1.54401	0.034538	-0.355811	0.677293	78	370	30	123	0.174107	0.196078
NC_000007.14:159116906	ENSG00000106018.14	VIPR2	up	0.358197	0.195818	0.204311	0.497765	274	174	95	58	0.611607	0.620915
NC_000007.14:159116906	ENSG00000106018.14	VIPR2	dn	0.297051	0.439087	0.402182	0.326519	193	255	57	96	0.430804	0.372549
NC_000007.14:159116906	ENSG00000106018.14	VIPR2	body	0.379466	0.163535	0.179199	0.542605	279	169	95	58	0.622768	0.620915
NC_000019.10:36299994	ENSG00000196357.12	ZNF565	up	-0.316185	0.0821339	-0.0917268	0.659717	81	367	26	127	0.180804	0.169935
NC_000019.10:36299994	ENSG00000196357.12	ZNF565	dn	-0.629173	0.107955	-0.0287481	0.946669	61	387	14	139	0.136161	0.0915033
NC_000009.12:21833672	ENSG00000099810.21	MTAP	up	-1.69915	0.0184957	0.299468	0.716012	39	409	14	139	0.0870536	0.0915033
NC_000010.11:3043494	ENSG00000067057.19	PFKP	up	-0.247022	0.134107	-0.101965	0.583377	214	234	69	84	0.477679	0.45098
NC_000005.10:181289335	ENSG00000183718.6	TRIM52	up	0.515716	0.0335508	-0.00774657	0.977478	286	162	97	56	0.638393	0.633987
NC_000005.10:181289335	ENSG00000183718.6	TRIM52	dn	0.855727	0.00516042	0.198622	0.565817	205	243	73	80	0.457589	0.477124
NC_000005.10:181289335	ENSG00000183718.6	TRIM52	body	1.35505	0.0305135	0.236797	0.749571	94	354	42	111	0.209821	0.27451
NC_000005.10:181289335	ENSG00000183718.6	TRIM52	prom	0.703794	0.0539032	0.452452	0.291422	196	252	69	84	0.4375	0.45098
NC_000012.12:112626142	ENSG00000089169.15	RPH3A	enh	1.49786	0.429758	nan	nan	6	442	1	152	0.0133929	0.00653595
NC_000008.11:66340271	ENSG00000179041.4	RRS1	up	-0.638748	0.049276	-0.0517442	0.885988	132	316	42	111	0.294643	0.27451
NC_000004.12:87568625	ENSG00000152583.13	SPARCL1	dn	-2.22545	0.0152407	0.85347	0.394145	84	364	19	134	0.1875	0.124183
NC_000010.11:46888491	ENSG00000204179.11	PTPN20	up	0.65589	0.0171661	0.413327	0.194988	157	291	49	104	0.350446	0.320261
NC_000009.12:37749475	ENSG00000165275.10	TRMT10B	dn	-1.89123	0.0181854	-0.25467	0.787589	29	419	11	142	0.0647321	0.0718954
NC_000009.12:32702631	ENSG00000122728.6	TAF1L	dn	1.49455	0.174434	0.713471	0.564562	39	409	12	141	0.0870536	0.0784314
NC_000005.10:66480723	ENSG00000069020.19	MAST4	body	0.0398798	0.926805	1.03165	0.0364106	193	255	52	101	0.430804	0.339869
NC_000004.12:173438952	ENSG00000164106.8	SCRG1	dn	0.602098	0.401513	0.997205	0.213733	67	381	20	133	0.149554	0.130719
NC_000013.11:48622113	ENSG00000152207.8	CYSLTR2	up	3.41813	0.00504474	-1.37985	0.320567	33	415	10	143	0.0736607	0.0653595
NC_000010.11:49488	ENSG00000261456.6	TUBB8	dn	1.70998	0.000475325	-0.113466	0.835248	246	202	69	84	0.549107	0.45098
NC_000010.11:114767134	ENSG00000099204.22	ABLIM1	up	3.17097	0.00103709	-1.03455	0.331115	78	370	16	137	0.174107	0.104575
NC_000010.11:114767134	ENSG00000099204.22	ABLIM1	body	1.98735	0.0072298	-0.639034	0.437355	97	351	27	126	0.216518	0.176471
NC_000007.14:100952920	ENSG00000169894.18	MUC3A	body	0.301371	0.267207	0.34981	0.255138	89	359	26	127	0.198661	0.169935
NC_000008.11:66346782	ENSG00000179041.4	RRS1	up	-1.09355	0.0302734	0.166434	0.766529	132	316	42	111	0.294643	0.27451
NC_000001.11:2679130	ENSG00000142606.16	MMEL1	up	-0.881068	1.40261e-06	0.345506	0.111991	102	346	45	108	0.227679	0.294118
NC_000001.11:2679130	ENSG00000142606.16	MMEL1	dn	-0.466385	5.7259e-06	0.264123	0.0222579	187	261	70	83	0.417411	0.457516
NC_000001.11:2679130	ENSG00000142606.16	MMEL1	body	-0.881068	1.40261e-06	0.345506	0.111991	102	346	45	108	0.227679	0.294118
NC_000004.12:151489082	ENSG00000164142.16	FHIP1A	body	-0.689167	0.0355235	-0.0580251	0.876303	200	248	57	96	0.446429	0.372549
NC_000004.12:26437160	ENSG00000163394.6	CCKAR	up	-1.11647	0.0381538	-0.19291	0.760598	111	337	42	111	0.247768	0.27451
NC_000011.10:26634297	ENSG00000169550.14	MUC15	dn	-1.06998	0.0226729	-0.0905298	0.865791	168	280	59	94	0.375	0.385621
NC_000017.11:73177341	ENSG00000180616.9	SSTR2	dn	0.722902	0.0247312	0.0620408	0.867598	218	230	100	53	0.486607	0.653595
NC_000017.11:73177341	ENSG00000180616.9	SSTR2	prom	0.670259	0.0537182	0.20482	0.616939	190	258	87	66	0.424107	0.568627
NC_000019.10:36277586	ENSG00000196357.12	ZNF565	up	-0.420223	0.204345	-0.671581	0.0771043	81	367	26	127	0.180804	0.169935
NC_000006.12:110476302	ENSG00000004809.14	SLC22A16	up	1.03941	0.0874719	0.397577	0.566936	183	265	53	100	0.408482	0.346405
NC_000006.12:110476302	ENSG00000004809.14	SLC22A16	dn	1.04067	0.0875467	0.299088	0.665555	186	262	53	100	0.415179	0.346405
NC_000006.12:110476302	ENSG00000004809.14	SLC22A16	body	1.03941	0.0874719	0.397577	0.566936	183	265	53	100	0.408482	0.346405
NC_000012.12:106500506	ENSG00000111783.13	RFX4	up	-0.646504	0.292969	-0.78906	0.265967	137	311	51	102	0.305804	0.333333
NC_000006.12:157286950	ENSG00000215712.11	TMEM242	up	-0.433763	0.00174727	0.140002	0.37001	258	190	76	77	0.575893	0.496732
NC_000009.12:138176282	ENSG00000148408.15	CACNA1B	prom	-1.43011	0.0311365	0.0685518	0.929169	39	409	14	139	0.0870536	0.0915033
NC_000004.12:76169340	ENSG00000138750.16	NUP54	up	1.01498	0.157846	1.3834	0.0986427	69	379	23	130	0.154018	0.150327
NC_000004.12:76169340	ENSG00000138750.16	NUP54	dn	2.51093	2.07874e-06	0.0338098	0.955604	157	291	60	93	0.350446	0.392157
NC_000004.12:76169340	ENSG00000138750.16	NUP54	body	1.56399	0.258999	1.55738	0.320524	29	419	8	145	0.0647321	0.0522876
NC_000002.12:66431868	ENSG00000143995.20	MEIS1	up	-2.76135	0.00201681	-0.048765	0.961142	43	405	11	142	0.0959821	0.0718954
NC_000015.10:50877949	ENSG00000081014.11	AP4E1	up	-0.408565	0.0733846	-0.252736	0.350968	139	309	54	99	0.310268	0.352941
NC_000020.11:31229512	ENSG00000215547.1	DEFB115	up	0.160356	0.0441085	0.00724281	0.936782	114	334	41	112	0.254464	0.267974
NC_000012.12:19652974	ENSG00000139154.16	AEBP2	body	-0.51527	0.0441961	-0.327773	0.274361	181	267	49	104	0.404018	0.320261
NC_000001.11:2679498	ENSG00000142606.16	MMEL1	dn	-0.514505	0.00102338	0.269099	0.127523	187	261	70	83	0.417411	0.457516
NC_000012.12:16078595	ENSG00000023697.13	DERA	dn	-0.388435	0.215464	-0.438849	0.236861	130	318	47	106	0.290179	0.30719
NC_000010.11:38833453	ENSG00000283930.1	PLD5P1	dn	-0.56403	0.0169878	0.163461	0.538256	152	296	52	101	0.339286	0.339869
NC_000010.11:38833453	ENSG00000283930.1	PLD5P1	body	-0.240368	0.360907	-0.464713	0.124145	127	321	46	107	0.283482	0.300654
NC_000006.12:157311248	ENSG00000215712.11	TMEM242	up	0.150066	0.0170892	-0.0251073	0.723692	258	190	76	77	0.575893	0.496732
NC_000012.12:87908595	ENSG00000133641.18	RLIG1	up	-1.21618	0.0167463	-0.612317	0.287081	273	175	74	79	0.609375	0.48366
NC_000001.11:121020914	ENSG00000263353.4	PPIAL4A	up	-1.7127	0.0116586	0.36444	0.639788	181	267	58	95	0.404018	0.379085
NC_000011.10:26967073	ENSG00000176971.4	FIBIN	up	0.817636	0.605614	0.79571	0.626016	30	418	2	151	0.0669643	0.0130719
NC_000020.11:31060324	ENSG00000215547.1	DEFB115	up	0.06746	0.0361263	0.0044455	0.904106	114	334	41	112	0.254464	0.267974
NC_000001.11:2665093	ENSG00000142606.16	MMEL1	dn	-0.46527	3.53734e-05	0.298567	0.0183848	187	261	70	83	0.417411	0.457516
NC_000018.10:8434566	ENSG00000206418.5	RAB12	dn	-0.324444	0.713925	-1.4959	0.124841	26	422	6	147	0.0580357	0.0392157
NC_000001.11:93822617	ENSG00000137936.18	BCAR3	up	-1.6484	5.90644e-05	-0.394541	0.396665	220	228	73	80	0.491071	0.477124
NC_000001.11:93822617	ENSG00000137936.18	BCAR3	body	-1.6484	5.90644e-05	-0.394541	0.396665	220	228	73	80	0.491071	0.477124
NC_000001.11:152219065	ENSG00000197915.7	HRNR	dn	-1.32951	0.0253744	-0.0787965	0.905974	86	362	24	129	0.191964	0.156863
NC_000004.12:119330599	ENSG00000145384.4	FABP2	dn	0.0949035	0.652757	0.426091	0.0782925	145	303	43	110	0.323661	0.281046
NC_000009.12:70003865	ENSG00000165072.10	MAMDC2	up	1.34093	0.0528036	0.496418	0.521381	120	328	32	121	0.267857	0.20915
NC_000010.11:75469438	ENSG00000148655.16	LRMDA	enh	1.58392	0.0452557	0.614563	0.508107	26	422	10	143	0.0580357	0.0653595
NC_000001.11:2675569	ENSG00000142606.16	MMEL1	dn	-0.247002	0.115148	-0.17127	0.333829	187	261	70	83	0.417411	0.457516
NC_000002.12:74954919	ENSG00000115350.12	POLE4	dn	-0.957836	0.261435	-0.559553	0.529771	92	356	7	146	0.205357	0.0457516
NC_000011.10:58048456	ENSG00000279051.5	OR6Q1	up	-0.507022	0.186383	-0.479944	0.271305	96	352	34	119	0.214286	0.222222
NC_000020.11:61050713	ENSG00000179242.16	CDH4	up	1.70076	0.00996623	-0.648486	0.377315	145	303	44	109	0.323661	0.287582
NC_000010.11:46884458	ENSG00000204179.11	PTPN20	up	0.497844	0.0956918	0.68824	0.0473328	157	291	49	104	0.350446	0.320261
NC_000004.12:119361831	ENSG00000145384.4	FABP2	dn	0.849178	0.000182755	-0.486357	0.0603302	145	303	43	110	0.323661	0.281046
NC_000001.11:184967721	ENSG00000135842.17	NIBAN1	dn	-0.368781	0.238126	-0.374948	0.300883	96	352	37	116	0.214286	0.24183
NC_000001.11:178556110	ENSG00000240021.10	TEX35	body	-1.2828	0.0231263	0.127758	0.844813	77	371	26	127	0.171875	0.169935
NC_000004.12:119360421	ENSG00000145384.4	FABP2	dn	-0.562187	0.0466825	-0.403013	0.212902	145	303	43	110	0.323661	0.281046
NC_000009.12:113087400	ENSG00000136866.14	ZFP37	dn	0.561454	0.00624286	0.100885	0.670112	350	98	119	34	0.78125	0.777778
NC_000001.11:2674391	ENSG00000142606.16	MMEL1	up	-0.378835	0.0343888	-0.024905	0.907631	102	346	45	108	0.227679	0.294118
NC_000001.11:2674391	ENSG00000142606.16	MMEL1	body	-0.378835	0.0343888	-0.024905	0.907631	102	346	45	108	0.227679	0.294118
NC_000009.12:113087522	ENSG00000136866.14	ZFP37	dn	0.517706	0.0379352	0.0325199	0.910124	350	98	119	34	0.78125	0.777778
NC_000001.11:223058051	ENSG00000187554.15	TLR5	up	3.20494	6.2607e-08	-1.74301	0.00686279	63	385	15	138	0.140625	0.0980392
NC_000012.12:71285552	ENSG00000139292.13	LGR5	up	0.552162	0.127398	0.214435	0.604966	160	288	58	95	0.357143	0.379085
NC_000012.12:9614165	ENSG00000111796.4	KLRB1	up	-1.20156	0.18827	-0.452091	0.643746	83	365	12	141	0.185268	0.0784314
NC_000012.12:9614165	ENSG00000111796.4	KLRB1	dn	-1.20156	0.18827	-0.452091	0.643746	83	365	12	141	0.185268	0.0784314
NC_000012.12:9614165	ENSG00000111796.4	KLRB1	body	-1.20156	0.18827	-0.452091	0.643746	83	365	12	141	0.185268	0.0784314
NC_000009.12:113087648	ENSG00000136866.14	ZFP37	dn	0.793538	0.0192115	0.328969	0.400583	350	98	119	34	0.78125	0.777778
NC_000011.10:118679134	ENSG00000118094.12	TREH	dn	1.42827	0.0804275	0.51968	0.590726	54	394	24	129	0.120536	0.156863
NC_000009.12:1023194	ENSG00000173253.16	DMRT2	up	-0.731138	0.072516	0.0733511	0.86943	161	287	44	109	0.359375	0.287582
NC_000012.12:4631621	ENSG00000111254.8	AKAP3	up	3.45348	2.89887e-07	-0.280505	0.715624	121	327	41	112	0.270089	0.267974
NC_000012.12:4631621	ENSG00000111254.8	AKAP3	dn	2.36141	7.2751e-07	-1.03388	0.057629	199	249	57	96	0.444196	0.372549
NC_000012.12:4631621	ENSG00000111254.8	AKAP3	body	3.45348	2.89887e-07	-0.280505	0.715624	121	327	41	112	0.270089	0.267974
NC_000008.11:66313847	ENSG00000179041.4	RRS1	up	-0.320115	0.258148	-0.249744	0.427728	132	316	42	111	0.294643	0.27451
NC_000006.12:149981439	ENSG00000111981.5	ULBP1	dn	-1.11116	0.0453649	-0.6177	0.334209	85	363	31	122	0.189732	0.202614
NC_000006.12:149981439	ENSG00000111981.5	ULBP1	body	1.73795	0.0132961	0.0234719	0.977205	70	378	27	126	0.15625	0.176471
NC_000019.10:21573456	ENSG00000197013.11	ZNF429	dn	-0.574911	0.000375369	0.19851	0.27628	132	316	51	102	0.294643	0.333333
NC_000010.11:46889673	ENSG00000204179.11	PTPN20	up	0.968971	0.000393003	0.418967	0.184702	157	291	49	104	0.350446	0.320261
NC_000012.12:112565177	ENSG00000089169.15	RPH3A	enh	-1.71973	0.425092	nan	nan	6	442	1	152	0.0133929	0.00653595
NC_000019.10:21579721	ENSG00000197013.11	ZNF429	dn	-0.378199	0.0061029	0.0062164	0.968181	132	316	51	102	0.294643	0.333333
NC_000005.10:844415	ENSG00000188818.13	ZDHHC11	up	-0.320064	0.0538511	-0.0770451	0.684732	340	108	100	53	0.758929	0.653595
NC_000005.10:844415	ENSG00000188818.13	ZDHHC11	dn	-0.328376	0.0501289	-0.073638	0.699988	339	109	100	53	0.756696	0.653595
NC_000005.10:844415	ENSG00000188818.13	ZDHHC11	body	-0.328397	0.0501093	-0.0745472	0.696566	339	109	100	53	0.756696	0.653595
NC_000020.11:31233840	ENSG00000215547.1	DEFB115	up	0.936357	2.26446e-07	-0.244093	0.234946	114	334	41	112	0.254464	0.267974
NC_000006.12:96996639	ENSG00000186231.17	KLHL32	body	1.07277	0.157477	0.709396	0.423872	29	419	12	141	0.0647321	0.0784314
NC_000006.12:160539839	ENSG00000198670.13	LPA	dn	-0.65649	0.353214	-1.18136	0.132297	95	353	26	127	0.212054	0.169935
NC_000007.14:158916750	ENSG00000126870.16	DYNC2I1	body	-0.489354	0.00922852	0.082483	0.70429	291	157	82	71	0.649554	0.535948
NC_000013.11:111308511	ENSG00000153495.11	TEX29	up	-0.978583	0.00485264	-0.082239	0.835329	306	142	76	77	0.683036	0.496732
NC_000002.12:3141318	ENSG00000032389.13	EIPR1	up	-0.2333	0.0392013	0.0125305	0.921333	174	274	47	106	0.388393	0.30719
NC_000002.12:3141318	ENSG00000032389.13	EIPR1	body	-0.192455	0.04489	0.026876	0.80177	264	184	70	83	0.589286	0.457516
NC_000003.12:8681777	ENSG00000182533.7	CAV3	up	0.222651	0.381288	0.40441	0.166531	225	223	79	74	0.502232	0.51634
NC_000004.12:3413624	ENSG00000109758.9	HGFAC	up	-0.441706	0.061963	-0.197481	0.484428	249	199	77	76	0.555804	0.503268
NC_000007.14:158915346	ENSG00000126870.16	DYNC2I1	body	-1.11621	4.31242e-06	0.456022	0.102679	291	157	82	71	0.649554	0.535948
NC_000003.12:124768990	ENSG00000114491.14	UMPS	dn	2.1806	0.0156098	-0.704084	0.46356	52	396	11	142	0.116071	0.0718954
NC_000009.12:113083832	ENSG00000136866.14	ZFP37	dn	0.519609	0.0106537	-0.139884	0.551348	350	98	119	34	0.78125	0.777778
NC_000001.11:2671403	ENSG00000142606.16	MMEL1	up	-0.406647	0.00554389	0.0315153	0.857486	102	346	45	108	0.227679	0.294118
NC_000001.11:2671403	ENSG00000142606.16	MMEL1	dn	-0.215456	0.00883084	0.0631912	0.495999	187	261	70	83	0.417411	0.457516
NC_000001.11:2671403	ENSG00000142606.16	MMEL1	body	-0.406647	0.00554389	0.0315153	0.857486	102	346	45	108	0.227679	0.294118
NC_000018.10:43132749	ENSG00000152214.14	RIT2	up	0.783935	0.290817	0.437664	0.585711	94	354	14	139	0.209821	0.0915033
NC_000002.12:234530010	ENSG00000188042.8	ARL4C	dn	-0.346622	0.316957	-0.451396	0.236568	123	325	38	115	0.274554	0.248366
NC_000010.11:113548874	ENSG00000148702.15	HABP2	up	-0.359068	0.331726	-0.466525	0.265825	212	236	62	91	0.473214	0.405229
NC_000009.12:113082428	ENSG00000136866.14	ZFP37	dn	0.249319	0.193041	0.223832	0.312383	350	98	119	34	0.78125	0.777778
NC_000006.12:87277075	ENSG00000111850.11	SMIM8	body	-1.10211	0.00732284	0.357349	0.444798	76	372	22	131	0.169643	0.143791
NC_000008.11:205943	ENSG00000172748.14	ZNF596	dn	-0.193489	0.35521	-0.309924	0.201966	356	92	114	39	0.794643	0.745098
NC_000004.12:4329385	ENSG00000168824.15	NSG1	enh	5.025	0.00114041	nan	nan	1	447	2	151	0.00223214	0.0130719
NC_000010.11:4847533	ENSG00000165568.18	AKR1E2	body	-0.391862	0.261661	-0.376184	0.331373	256	192	89	64	0.571429	0.581699
NC_000009.12:113082544	ENSG00000136866.14	ZFP37	dn	0.501552	0.00763584	-0.128831	0.552565	350	98	119	34	0.78125	0.777778
NC_000002.12:74953631	ENSG00000115350.12	POLE4	dn	-1.32703	0.150461	0.161942	0.866465	92	356	7	146	0.205357	0.0457516
NC_000001.11:153016090	ENSG00000163209.15	SPRR3	dn	1.58922	0.00214928	-0.634046	0.303668	85	363	34	119	0.189732	0.222222
NC_000009.12:32714582	ENSG00000188133.6	TMEM215	up	0.709935	0.280325	0.765566	0.301213	39	409	12	141	0.0870536	0.0784314
NC_000002.12:126924508	ENSG00000237524.11	TEX51	dn	1.11109	0.0369223	0.107117	0.86324	257	191	82	71	0.573661	0.535948
NC_000020.11:31237659	ENSG00000215547.1	DEFB115	up	0.148289	0.124703	0.0570648	0.606573	114	334	41	112	0.254464	0.267974
NC_000010.11:105221016	ENSG00000156395.14	SORCS3	body	-3.19188	0.000114295	1.27502	0.167985	47	401	9	144	0.104911	0.0588235
NC_000003.12:179121600	ENSG00000121879.6	PIK3CA	up	-0.187037	0.677958	-0.993771	0.0581122	191	257	78	75	0.426339	0.509804
NC_000001.11:171123878	ENSG00000007933.13	FMO3	body	-2.06898	0.000987087	1.14694	0.0990508	69	379	15	138	0.154018	0.0980392
NC_000007.14:100998630	ENSG00000169876.14	MUC17	up	-0.342881	0.0439533	-0.0460435	0.818209	249	199	91	62	0.555804	0.594771
NC_000016.10:23783678	ENSG00000166869.3	CHP2	up	1.29301	0.01877	-0.112519	0.860306	33	415	11	142	0.0736607	0.0718954
NC_000008.11:61152778	ENSG00000177182.11	CLVS1	body	0.490577	0.200885	0.241531	0.570502	258	190	99	54	0.575893	0.647059
NC_000001.11:207912084	ENSG00000174059.17	CD34	enh	-8.72018	1.32421e-05	nan	nan	4	444	1	152	0.00892857	0.00653595
NC_000011.10:134031207	ENSG00000166086.13	JAM3	enh	-1.84851	1.53615e-05	nan	nan	5	443	0	153	0.0111607	0
NC_000001.11:2671889	ENSG00000142606.16	MMEL1	dn	-0.1647	0.0816459	-0.0246614	0.817479	187	261	70	83	0.417411	0.457516
NC_000020.11:31167256	ENSG00000215547.1	DEFB115	up	-0.387411	2.13156e-06	-0.0449528	0.628723	114	334	41	112	0.254464	0.267974
NC_000003.12:38081021	ENSG00000008226.20	DLEC1	body	1.12153	0.000181883	-0.451832	0.18761	221	227	59	94	0.493304	0.385621
NC_000004.12:72121820	ENSG00000056291.19	NPFFR2	body	2.4617	0.0454133	0.274877	0.84701	26	422	9	144	0.0580357	0.0588235
NC_000013.11:43656506	ENSG00000120658.14	ENOX1	body	0.168639	0.798402	1.23202	0.0889015	42	406	10	143	0.09375	0.0653595
NC_000001.11:121020807	ENSG00000263353.4	PPIAL4A	up	-1.24443	0.0848145	-0.748973	0.366562	181	267	58	95	0.404018	0.379085
NC_000003.12:41360872	ENSG00000168036.19	CTNNB1	dn	1.52083	0.00304668	-0.490911	0.367707	49	399	17	136	0.109375	0.111111
NC_000002.12:38151395	ENSG00000138061.13	CYP1B1	dn	-5.31307	0.000745912	2.26598	0.178952	31	417	6	147	0.0691964	0.0392157
NC_000001.11:121016728	ENSG00000263353.4	PPIAL4A	up	-1.44061	0.0239497	-0.294842	0.687134	181	267	58	95	0.404018	0.379085
NC_000005.10:36457128	ENSG00000079215.15	SLC1A3	body	-2.37654	0.0289256	0.546944	0.646336	57	391	11	142	0.127232	0.0718954
NC_000011.10:94355188	ENSG00000123901.9	GPR83	up	-1.59287	0.000527277	0.333699	0.523886	63	385	23	130	0.140625	0.150327
NC_000004.12:151517138	ENSG00000164142.16	FHIP1A	body	0.666736	0.0236258	-0.13332	0.690596	200	248	57	96	0.446429	0.372549
NC_000005.10:159818912	ENSG00000170214.5	ADRA1B	body	-0.193541	0.812608	-2.32542	0.0166245	27	421	12	141	0.0602679	0.0784314
NC_000009.12:32730011	ENSG00000188133.6	TMEM215	up	0.432141	0.643415	1.95862	0.0627977	39	409	12	141	0.0870536	0.0784314
NC_000013.11:94530372	ENSG00000080166.16	DCT	dn	-0.563181	0.2214	-0.598586	0.265522	114	334	43	110	0.254464	0.281046
NC_000005.10:116173292	ENSG00000145781.9	COMMD10	body	-0.821449	0.0123096	0.213447	0.566124	98	350	33	120	0.21875	0.215686
NC_000009.12:113376077	ENSG00000119431.10	HDHD3	up	1.73264	0.00622689	-0.267651	0.712032	171	277	60	93	0.381696	0.392157
NC_000009.12:113376077	ENSG00000119431.10	HDHD3	dn	0.752047	0.0270075	0.107477	0.78599	213	235	73	80	0.475446	0.477124
NC_000009.12:113376077	ENSG00000119431.10	HDHD3	body	1.89321	0.00375708	-0.26104	0.729562	168	280	59	94	0.375	0.385621
NC_000009.12:113376077	ENSG00000119431.10	HDHD3	prom	1.89321	0.00375708	-0.26104	0.729562	168	280	59	94	0.375	0.385621
NC_000009.12:113376077	ENSG00000119431.10	HDHD3	enh	1.69644	0.00980982	-0.112431	0.882969	152	296	58	95	0.339286	0.379085
NC_000017.11:16473115	ENSG00000181350.12	LRRC75A	enh	-1.15925	0.499384	nan	nan	4	444	1	152	0.00892857	0.00653595
NC_000004.12:76155072	ENSG00000138750.16	NUP54	dn	1.1671	7.13468e-05	-0.368568	0.27611	157	291	60	93	0.350446	0.392157
NC_000019.10:21621458	ENSG00000197013.11	ZNF429	dn	-0.489714	0.0013892	0.118614	0.49276	132	316	51	102	0.294643	0.333333
NC_000005.10:154221952	ENSG00000164574.16	GALNT10	up	1.38098	0.0629802	0.255652	0.76701	31	417	11	142	0.0691964	0.0718954
NC_000001.11:121655593	ENSG00000188610.12	FAM72B	dn	0.0406382	0.940989	1.02164	0.0862722	36	412	6	147	0.0803571	0.0392157
NC_000004.12:52806866	ENSG00000226887.8	ERVMER34-1	dn	2.12613	0.00613232	-0.702306	0.416415	34	414	9	144	0.0758929	0.0588235
NC_000001.11:115251701	ENSG00000134259.6	NGF	up	1.59875	0.00859622	0.357637	0.611869	116	332	41	112	0.258929	0.267974
NC_000002.12:88161469	ENSG00000144115.18	THNSL2	up	-1.38591	0.00750114	0.347758	0.560208	47	401	12	141	0.104911	0.0784314
NC_000002.12:102210043	ENSG00000115598.10	IL1RL2	body	-4.89543	2.65449e-10	-0.0231726	0.979177	61	387	22	131	0.136161	0.143791
NC_000020.11:31228594	ENSG00000215547.1	DEFB115	up	0.124036	0.111943	0.0384441	0.667594	114	334	41	112	0.254464	0.267974
NC_000003.12:125990181	ENSG00000114547.10	ROPN1B	dn	-0.494234	0.254483	-0.670842	0.163434	197	251	33	120	0.439732	0.215686
NC_000005.10:150973334	ENSG00000211445.13	GPX3	enh	9.47734	3.91486e-06	nan	nan	4	444	1	152	0.00892857	0.00653595
NC_000004.12:151530641	ENSG00000164142.16	FHIP1A	body	1.51909	0.000341627	-0.201829	0.674556	200	248	57	96	0.446429	0.372549
NC_000003.12:98183582	ENSG00000233412.6	OR5H15	dn	-0.441727	0.000467011	0.231481	0.106245	198	250	51	102	0.441964	0.333333
NC_000012.12:106225269	ENSG00000166046.11	TCP11L2	up	-2.08565	0.0116819	0.327016	0.725778	87	361	21	132	0.194196	0.137255
NC_000009.12:113060490	ENSG00000136866.14	ZFP37	dn	0.657258	0.00513645	-0.154774	0.567785	350	98	119	34	0.78125	0.777778
NC_000011.10:96508252	ENSG00000183340.7	JRKL	body	-0.229528	0.454391	-0.404796	0.237205	161	287	49	104	0.359375	0.320261
NC_000009.12:113087414	ENSG00000136866.14	ZFP37	dn	0.31881	0.154616	0.29516	0.254583	350	98	119	34	0.78125	0.777778
NC_000010.11:80583294	ENSG00000178217.15	SH2D4B	up	-4.30272	0.00052929	1.97234	0.14594	41	407	8	145	0.0915179	0.0522876
NC_000010.11:80583294	ENSG00000178217.15	SH2D4B	body	-2.32586	2.60349e-05	0.704601	0.264372	97	351	23	130	0.216518	0.150327
NC_000009.12:113079997	ENSG00000136866.14	ZFP37	dn	-0.67551	0.00190919	0.254805	0.309831	350	98	119	34	0.78125	0.777778
NC_000002.12:113238880	ENSG00000125618.18	PAX8	up	-2.40491	0.000886207	0.395469	0.651137	46	402	17	136	0.102679	0.111111
NC_000002.12:113238880	ENSG00000125618.18	PAX8	dn	-2.40512	0.000887966	0.438237	0.615041	48	400	17	136	0.107143	0.111111
NC_000002.12:113238880	ENSG00000125618.18	PAX8	body	-2.40491	0.000886207	0.395469	0.651137	46	402	17	136	0.102679	0.111111
NC_000002.12:113238880	ENSG00000125618.18	PAX8	enh	-2.7811	0.0109541	0.269527	0.832417	38	410	14	139	0.0848214	0.0915033
NC_000009.12:113087534	ENSG00000136866.14	ZFP37	dn	0.833333	0.000996369	0.0221	0.939588	350	98	119	34	0.78125	0.777778
NC_000010.11:46889444	ENSG00000204179.11	PTPN20	up	0.853481	0.0013292	-0.108011	0.725267	157	291	49	104	0.350446	0.320261
NC_000011.10:27634323	ENSG00000176697.20	BDNF	up	-1.82185	0.0173809	-0.534486	0.565387	48	400	25	128	0.107143	0.163399
NC_000001.11:2680717	ENSG00000142606.16	MMEL1	up	-0.311085	0.0856604	-0.229128	0.291432	102	346	45	108	0.227679	0.294118
NC_000001.11:2680717	ENSG00000142606.16	MMEL1	dn	-0.135383	0.183305	-0.0781409	0.496896	187	261	70	83	0.417411	0.457516
NC_000001.11:2680717	ENSG00000142606.16	MMEL1	body	-0.311085	0.0856604	-0.229128	0.291432	102	346	45	108	0.227679	0.294118
NC_000017.11:21740649	ENSG00000260458.3	KCNJ18	dn	-0.82019	0.335887	-0.629102	0.49436	31	417	5	148	0.0691964	0.0326797
NC_000016.10:70169349	ENSG00000157335.21	CLEC18C	up	0.712078	0.0101469	0.00427226	0.989266	170	278	70	83	0.379464	0.457516
NC_000004.12:26149	ENSG00000272602.6	ZNF595	dn	0.792909	0.0121477	0.236316	0.518455	274	174	84	69	0.611607	0.54902
NC_000009.12:113065474	ENSG00000136866.14	ZFP37	dn	0.831009	0.000850576	0.263998	0.357654	350	98	119	34	0.78125	0.777778
NC_000012.12:26735220	ENSG00000123104.12	ITPR2	up	0.401821	0.239029	0.494019	0.21496	176	272	68	85	0.392857	0.444444
NC_000001.11:2680837	ENSG00000142606.16	MMEL1	up	-0.393968	0.0348574	-0.123224	0.581959	102	346	45	108	0.227679	0.294118
NC_000001.11:2680837	ENSG00000142606.16	MMEL1	dn	-0.20654	0.0474016	-0.0510397	0.664398	187	261	70	83	0.417411	0.457516
NC_000001.11:2680837	ENSG00000142606.16	MMEL1	body	-0.393968	0.0348574	-0.123224	0.581959	102	346	45	108	0.227679	0.294118
NC_000004.12:49868288	ENSG00000109182.12	CWH43	up	0.770456	0.251323	1.19803	0.13744	76	372	37	116	0.169643	0.24183
NC_000002.12:3329050	ENSG00000032389.13	EIPR1	up	-0.374252	0.0220264	-0.0291185	0.873724	174	274	47	106	0.388393	0.30719
NC_000002.12:3329050	ENSG00000032389.13	EIPR1	body	-0.320879	0.0203066	-0.0132917	0.931296	264	184	70	83	0.589286	0.457516
NC_000021.9:45735461	ENSG00000183570.17	PCBP3	prom	-7.58059	0.00759176	nan	nan	3	445	1	152	0.00669643	0.00653595
NC_000007.14:158916522	ENSG00000126870.16	DYNC2I1	body	-0.498287	0.0108376	0.0274813	0.903274	291	157	82	71	0.649554	0.535948
NC_000014.9:51197366	ENSG00000139921.13	TMX1	up	1.01934	0.00113785	-0.406921	0.27278	131	317	58	95	0.292411	0.379085
NC_000010.11:133577981	ENSG00000171772.17	SYCE1	up	-1.2288	0.00670239	0.298564	0.574058	124	324	44	109	0.276786	0.287582
NC_000011.10:27631807	ENSG00000176697.20	BDNF	up	-1.86605	0.00941663	-0.223378	0.797794	48	400	25	128	0.107143	0.163399
NC_000004.12:7835710	ENSG00000196526.11	AFAP1	up	2.7288	0.00152869	-1.6477	0.0734262	70	378	18	135	0.15625	0.117647
NC_000015.10:40374647	ENSG00000128944.14	KNSTRN	up	-1.70438	0.024961	0.235159	0.788648	71	377	20	133	0.158482	0.130719
NC_000008.11:271999	ENSG00000172748.14	ZNF596	dn	-0.705876	1.15767e-05	0.228593	0.217492	356	92	114	39	0.794643	0.745098
NC_000001.11:217133420	ENSG00000196482.18	ESRRG	up	-1.21598	0.000717932	0.258472	0.536689	199	249	64	89	0.444196	0.418301
NC_000001.11:217133420	ENSG00000196482.18	ESRRG	body	-0.953584	0.00297131	0.303516	0.414949	222	226	69	84	0.495536	0.45098
NC_000003.12:17309884	ENSG00000154822.18	PLCL2	enh	4.16123	0.00858002	1.92066	0.438645	2	446	3	150	0.00446429	0.0196078
NC_000001.11:2659554	ENSG00000142606.16	MMEL1	dn	-0.307009	0.0184225	0.051863	0.724222	187	261	70	83	0.417411	0.457516
NC_000012.12:112562547	ENSG00000089169.15	RPH3A	enh	0.879699	0.686041	nan	nan	6	442	1	152	0.0133929	0.00653595
NC_000009.12:32847659	ENSG00000188133.6	TMEM215	up	1.39055	0.110276	0.358854	0.714118	39	409	12	141	0.0870536	0.0784314
NC_000011.10:35917592	ENSG00000179241.13	LDLRAD3	enh	-0.731815	0.372397	-0.563368	0.522775	20	428	3	150	0.0446429	0.0196078
NC_000006.12:149981683	ENSG00000111981.5	ULBP1	dn	-2.22462	1.69739e-05	-0.463916	0.433346	85	363	31	122	0.189732	0.202614
NC_000006.12:149981683	ENSG00000111981.5	ULBP1	body	2.09169	0.00223565	-0.508969	0.524495	70	378	27	126	0.15625	0.176471
NC_000003.12:187108385	ENSG00000163923.10	RPL39L	up	-0.610697	0.0147528	0.0298268	0.917666	258	190	103	50	0.575893	0.673203
NC_000017.11:73179946	ENSG00000166685.13	COG1	dn	0.46675	0.0491138	0.118368	0.663461	163	285	73	80	0.363839	0.477124
NC_000017.11:73179946	ENSG00000166685.13	COG1	prom	0.343539	0.0836109	0.343137	0.143011	190	258	87	66	0.424107	0.568627
NC_000007.14:120906811	ENSG00000071243.16	ING3	up	-1.85149	0.0148904	0.36962	0.675272	34	414	12	141	0.0758929	0.0784314
NC_000014.9:55500387	ENSG00000182521.6	TBPL2	up	-0.807787	0.376455	-2.22034	0.0456402	42	406	21	132	0.09375	0.137255
NC_000014.9:55500387	ENSG00000182521.6	TBPL2	body	-0.807787	0.376455	-2.22034	0.0456402	42	406	21	132	0.09375	0.137255
NC_000012.12:112680158	ENSG00000089169.15	RPH3A	enh	-0.329622	0.889541	nan	nan	6	442	1	152	0.0133929	0.00653595
NC_000020.11:25762592	ENSG00000130684.14	ZNF337	up	-2.00367	0.00349072	0.644588	0.408552	63	385	22	131	0.140625	0.143791
NC_000020.11:31238957	ENSG00000215547.1	DEFB115	up	0.951267	2.50282e-06	-0.109163	0.634895	114	334	41	112	0.254464	0.267974
NC_000017.11:43360523	ENSG00000175906.5	ARL4D	up	4.22647	0.000122297	-0.271128	0.832875	34	414	11	142	0.0758929	0.0718954
NC_000017.11:43360523	ENSG00000175906.5	ARL4D	prom	5.87072	5.23964e-05	-0.952656	0.578803	19	429	8	145	0.0424107	0.0522876
NC_000017.11:43360523	ENSG00000175906.5	ARL4D	enh	2.89307	1.8686e-05	-1.5391	0.0551803	88	360	28	125	0.196429	0.183007
NC_000002.12:106707755	ENSG00000144057.16	ST6GAL2	up	-1.65814	0.242613	-1.21974	0.439733	30	418	7	146	0.0669643	0.0457516
NC_000005.10:843377	ENSG00000188818.13	ZDHHC11	up	-0.224709	0.141707	-0.140394	0.422276	340	108	100	53	0.758929	0.653595
NC_000005.10:843377	ENSG00000188818.13	ZDHHC11	dn	-0.229696	0.13685	-0.141478	0.421942	339	109	100	53	0.756696	0.653595
NC_000005.10:843377	ENSG00000188818.13	ZDHHC11	body	-0.229716	0.136829	-0.141675	0.421481	339	109	100	53	0.756696	0.653595
NC_000001.11:732942	ENSG00000284662.2	OR4F16	dn	-0.463516	0.0307178	-0.043459	0.868317	128	320	51	102	0.285714	0.333333
NC_000009.12:36008793	ENSG00000243641.3	OR13C7	dn	1.58677	0.004294	0.0405981	0.948075	129	319	38	115	0.287946	0.248366
NC_000009.12:36008793	ENSG00000243641.3	OR13C7	enh	1.13949	0.00678457	-0.132896	0.78497	146	302	46	107	0.325893	0.300654
NC_000001.11:244438597	ENSG00000035687.10	ADSS2	body	-2.69874	0.0634853	0.923866	0.545738	72	376	7	146	0.160714	0.0457516
NC_000009.12:113082672	ENSG00000136866.14	ZFP37	dn	0.177344	0.235846	0.170282	0.325163	350	98	119	34	0.78125	0.777778
NC_000008.11:125793399	ENSG00000173334.4	TRIB1	enh	-1.73595	4.74407e-05	nan	nan	9	439	0	153	0.0200893	0
NC_000002.12:177386181	ENSG00000018510.18	AGPS	body	-1.18061	0.0143246	0.143873	0.794833	123	325	54	99	0.274554	0.352941
NC_000011.10:5921393	ENSG00000132256.20	TRIM5	up	1.11726	0.00953177	-0.28628	0.568731	157	291	54	99	0.350446	0.352941
NC_000006.12:110476327	ENSG00000004809.14	SLC22A16	up	1.52442	0.0129757	-0.163963	0.814659	183	265	53	100	0.408482	0.346405
NC_000006.12:110476327	ENSG00000004809.14	SLC22A16	dn	1.52572	0.0130462	-0.27534	0.692889	186	262	53	100	0.415179	0.346405
NC_000006.12:110476327	ENSG00000004809.14	SLC22A16	body	1.52442	0.0129757	-0.163963	0.814659	183	265	53	100	0.408482	0.346405
NC_000002.12:165422074	ENSG00000178662.16	CSRNP3	up	-1.18686	0.00969792	-0.354154	0.502585	176	272	56	97	0.392857	0.366013
NC_000009.12:113082799	ENSG00000136866.14	ZFP37	dn	0.402786	0.0185148	0.0077908	0.968522	350	98	119	34	0.78125	0.777778
NC_000017.11:73177480	ENSG00000180616.9	SSTR2	dn	0.336749	0.0663265	0.174	0.412253	218	230	100	53	0.486607	0.653595
NC_000017.11:73177480	ENSG00000180616.9	SSTR2	prom	0.364759	0.0660814	0.154771	0.508267	190	258	87	66	0.424107	0.568627
NC_000004.12:185055799	ENSG00000187821.9	HELT	dn	-1.3705	0.00200299	0.329762	0.506073	132	316	47	106	0.294643	0.30719
NC_000001.11:152218905	ENSG00000197915.7	HRNR	dn	-1.27208	0.0125603	0.196676	0.730713	86	362	24	129	0.191964	0.156863
NC_000009.12:4719963	ENSG00000147853.17	AK3	up	-2.18112	0.0752222	-1.63766	0.244111	87	361	27	126	0.194196	0.176471
NC_000009.12:4719963	ENSG00000147853.17	AK3	dn	-1.61595	0.137524	-1.90954	0.126211	97	351	28	125	0.216518	0.183007
NC_000009.12:4719963	ENSG00000147853.17	AK3	body	-2.18112	0.0752222	-1.63766	0.244111	87	361	27	126	0.194196	0.176471
NC_000002.12:241016474	ENSG00000162804.15	SNED1	body	-0.624449	0.00981058	0.139468	0.610509	219	229	82	71	0.488839	0.535948
NC_000003.12:15640855	ENSG00000131373.15	HACL1	up	1.61253	0.00454172	-0.457789	0.478832	145	303	67	86	0.323661	0.437908
NC_000003.12:15640855	ENSG00000131373.15	HACL1	dn	1.61271	0.00452262	-0.425769	0.511114	145	303	67	86	0.323661	0.437908
NC_000003.12:15640855	ENSG00000131373.15	HACL1	body	1.61271	0.00452262	-0.425769	0.511114	145	303	67	86	0.323661	0.437908
NC_000011.10:32357534	ENSG00000184937.16	WT1	up	-1.33468	0.0270188	-0.203114	0.772738	57	391	20	133	0.127232	0.130719
NC_000011.10:32357534	ENSG00000184937.16	WT1	dn	-1.82708	0.0976057	-0.419681	0.739755	32	416	10	143	0.0714286	0.0653595
NC_000011.10:32357534	ENSG00000184937.16	WT1	body	-1.82708	0.0976057	-0.419681	0.739755	32	416	10	143	0.0714286	0.0653595
NC_000006.12:3917079	ENSG00000145945.7	FAM50B	dn	0.859766	0.033603	-0.171392	0.702821	155	293	30	123	0.345982	0.196078
NC_000006.12:19948854	ENSG00000172201.12	ID4	dn	-1.75765	0.0425922	-0.407904	0.670884	52	396	15	138	0.116071	0.0980392
NC_000012.12:63661436	ENSG00000177990.12	DPY19L2	up	1.5917	0.0909061	-0.001565	0.998798	28	420	6	147	0.0625	0.0392157
NC_000012.12:63661436	ENSG00000177990.12	DPY19L2	dn	1.5917	0.0909061	-0.001565	0.998798	28	420	6	147	0.0625	0.0392157
NC_000012.12:63661436	ENSG00000177990.12	DPY19L2	body	1.5917	0.0909061	-0.001565	0.998798	28	420	6	147	0.0625	0.0392157
NC_000001.11:121020818	ENSG00000263353.4	PPIAL4A	up	-1.82441	0.00331954	-0.0697647	0.921921	181	267	58	95	0.404018	0.379085
NC_000002.12:3287730	ENSG00000032389.13	EIPR1	up	-0.424806	0.00894029	0.1505	0.408505	174	274	47	106	0.388393	0.30719
NC_000002.12:3287730	ENSG00000032389.13	EIPR1	body	-0.34136	0.0131274	0.122777	0.42363	264	184	70	83	0.589286	0.457516
NC_000006.12:157311384	ENSG00000215712.11	TMEM242	up	0.18505	0.0322191	-0.00858256	0.929896	258	190	76	77	0.575893	0.496732
NC_000017.11:26869367	ENSG00000109046.15	WSB1	up	-0.629265	0.0227084	-0.186154	0.586846	50	398	24	129	0.111607	0.156863
NC_000001.11:121016853	ENSG00000263353.4	PPIAL4A	up	-1.65288	0.0127299	-0.383078	0.614674	181	267	58	95	0.404018	0.379085
NC_000003.12:126703910	ENSG00000159685.11	CHCHD6	up	2.53691	0.00278152	-0.0769076	0.944239	29	419	22	131	0.0647321	0.143791
NC_000002.12:113387735	ENSG00000136682.16	ZNG1B	body	-0.601009	0.0551187	-0.049853	0.889619	95	353	37	116	0.212054	0.24183
NC_000009.12:113376085	ENSG00000119431.10	HDHD3	up	1.5052	0.01899	0.0506379	0.945086	171	277	60	93	0.381696	0.392157
NC_000009.12:113376085	ENSG00000119431.10	HDHD3	dn	0.597837	0.0832959	0.256254	0.524007	213	235	73	80	0.475446	0.477124
NC_000009.12:113376085	ENSG00000119431.10	HDHD3	body	1.39304	0.0353095	0.38083	0.619193	168	280	59	94	0.375	0.385621
NC_000009.12:113376085	ENSG00000119431.10	HDHD3	prom	1.39304	0.0353095	0.38083	0.619193	168	280	59	94	0.375	0.385621
NC_000006.12:169216176	ENSG00000186340.17	THBS2	up	-0.223073	0.139004	-0.134579	0.428978	321	127	111	42	0.716518	0.72549
NC_000018.10:78793800	ENSG00000256463.10	SALL3	dn	0.711827	0.0723373	0.132004	0.763598	94	354	25	128	0.209821	0.163399
NC_000001.11:121647117	ENSG00000188610.12	FAM72B	up	3.20694	3.58962e-07	-1.69817	0.0159877	26	422	7	146	0.0580357	0.0457516
NC_000010.11:133572530	ENSG00000171772.17	SYCE1	body	0.740141	0.164247	0.748867	0.242315	24	424	11	142	0.0535714	0.0718954
NC_000008.11:121236034	ENSG00000170961.7	HAS2	dn	0.552483	0.340714	1.07106	0.117797	27	421	6	147	0.0602679	0.0392157
NC_000008.11:66355510	ENSG00000179041.4	RRS1	up	-1.18227	0.0112471	0.290321	0.574874	132	316	42	111	0.294643	0.27451
NC_000008.11:66333454	ENSG00000179041.4	RRS1	up	-0.929175	0.00161993	0.329063	0.313887	132	316	42	111	0.294643	0.27451
NC_000022.11:16502651	ENSG00000198445.4	CCT8L2	up	0.751842	0.0239056	0.163463	0.660357	215	233	62	91	0.479911	0.405229
NC_000002.12:74943172	ENSG00000115350.12	POLE4	dn	-0.538458	0.542772	-0.762894	0.409083	92	356	7	146	0.205357	0.0457516
NC_000005.10:8065473	ENSG00000124279.12	FASTKD3	dn	-0.997606	0.0168238	0.0352305	0.943155	26	422	8	145	0.0580357	0.0522876
NC_000001.11:118226976	ENSG00000155761.14	SPAG17	body	0.238459	0.52856	0.887267	0.0458849	42	406	14	139	0.09375	0.0915033
NC_000007.14:22057054	ENSG00000164649.20	CDCA7L	up	-0.100694	0.844987	1.35358	0.0208023	107	341	30	123	0.238839	0.196078
NC_000017.11:21748030	ENSG00000260458.3	KCNJ18	dn	-1.0692	0.16834	-0.930002	0.267228	31	417	5	148	0.0691964	0.0326797
NC_000014.9:20709520	ENSG00000259171.1	ENSG00000259171	enh	-2.72171	0.0196895	-0.585551	0.687154	14	434	8	145	0.03125	0.0522876
NC_000002.12:129204186	ENSG00000222014.6	RAB6C	dn	0.301539	0.647655	0.777622	0.273719	35	413	7	146	0.078125	0.0457516
NC_000018.10:45765222	ENSG00000197046.12	SIGLEC15	up	0.972143	0.0692421	0.419488	0.504212	92	356	36	117	0.205357	0.235294
NC_000006.12:160637625	ENSG00000198670.13	LPA	dn	-0.403688	0.0332781	-0.00172486	0.993446	95	353	26	127	0.212054	0.169935
NC_000010.11:38829032	ENSG00000283930.1	PLD5P1	up	-1.04653	0.00815717	0.149362	0.74298	79	369	32	121	0.176339	0.20915
NC_000010.11:38829032	ENSG00000283930.1	PLD5P1	body	-0.46879	0.0793601	-0.175349	0.567139	127	321	46	107	0.283482	0.300654
NC_000009.12:113087543	ENSG00000136866.14	ZFP37	dn	0.420702	0.0347932	0.0117166	0.959405	350	98	119	34	0.78125	0.777778
NC_000007.14:54720645	ENSG00000132432.14	SEC61G	dn	0.96775	0.300813	0.998778	0.337239	53	395	12	141	0.118304	0.0784314
NC_000004.12:151530892	ENSG00000164142.16	FHIP1A	up	1.74233	0.000250331	-0.680076	0.233925	67	381	33	120	0.149554	0.215686
NC_000004.12:151530892	ENSG00000164142.16	FHIP1A	body	1.46915	2.17677e-06	-0.194518	0.578494	200	248	57	96	0.446429	0.372549
NC_000012.12:112622487	ENSG00000089169.15	RPH3A	enh	0.00773477	0.997021	nan	nan	6	442	1	152	0.0133929	0.00653595
NC_000005.10:173964129	ENSG00000185056.10	C5orf47	prom	7.43712	0.000129759	nan	nan	1	447	2	151	0.00223214	0.0130719
NC_000014.9:95424609	ENSG00000176438.13	SYNE3	up	0.928626	0.00190387	-0.36751	0.274853	201	247	69	84	0.448661	0.45098
NC_000014.9:95424609	ENSG00000176438.13	SYNE3	dn	0.928626	0.00190387	-0.36751	0.274853	201	247	69	84	0.448661	0.45098
NC_000014.9:95424609	ENSG00000176438.13	SYNE3	body	0.928626	0.00190387	-0.36751	0.274853	201	247	69	84	0.448661	0.45098
NC_000006.12:160643170	ENSG00000198670.13	LPA	up	0.0068813	0.973793	-0.476883	0.0420316	132	316	41	112	0.294643	0.267974
NC_000006.12:160643170	ENSG00000198670.13	LPA	dn	-0.309594	0.182057	-0.385125	0.134618	95	353	26	127	0.212054	0.169935
NC_000006.12:160643170	ENSG00000198670.13	LPA	body	0.0068813	0.973793	-0.476883	0.0420316	132	316	41	112	0.294643	0.267974
NC_000009.12:113087669	ENSG00000136866.14	ZFP37	dn	0.825246	0.00120158	0.0909868	0.756605	350	98	119	34	0.78125	0.777778
NC_000014.9:57943739	ENSG00000151812.15	SLC35F4	up	2.18306	0.0119236	-0.77554	0.417437	31	417	8	145	0.0691964	0.0522876
NC_000005.10:137678762	ENSG00000146021.15	KLHL3	up	-1.40606	0.0040941	0.282064	0.614122	79	369	28	125	0.176339	0.183007
NC_000005.10:137678762	ENSG00000146021.15	KLHL3	dn	-1.40606	0.0040941	0.282064	0.614122	79	369	28	125	0.176339	0.183007
NC_000005.10:137678762	ENSG00000146021.15	KLHL3	body	-1.40606	0.0040941	0.282064	0.614122	79	369	28	125	0.176339	0.183007
NC_000010.11:113502951	ENSG00000148702.15	HABP2	up	-0.433766	0.0347181	-0.183592	0.429554	212	236	62	91	0.473214	0.405229
NC_000009.12:113087783	ENSG00000136866.14	ZFP37	dn	0.350516	0.212119	0.364866	0.261575	350	98	119	34	0.78125	0.777778
NC_000007.14:39541228	ENSG00000241127.8	YAE1	up	1.25587	0.0174054	0.103817	0.859244	48	400	13	140	0.107143	0.0849673
NC_000020.11:31069133	ENSG00000215547.1	DEFB115	up	0.0905868	0.00874384	-0.0218737	0.580359	114	334	41	112	0.254464	0.267974
NC_000005.10:844436	ENSG00000188818.13	ZDHHC11	up	-0.136124	0.338662	-0.195242	0.230717	340	108	100	53	0.758929	0.653595
NC_000005.10:844436	ENSG00000188818.13	ZDHHC11	dn	-0.137039	0.340411	-0.193129	0.239381	339	109	100	53	0.756696	0.653595
NC_000005.10:844436	ENSG00000188818.13	ZDHHC11	body	-0.137056	0.340342	-0.193839	0.237824	339	109	100	53	0.756696	0.653595
NC_000019.10:36278424	ENSG00000196357.12	ZNF565	up	-0.675757	0.0318023	-0.347908	0.334378	81	367	26	127	0.180804	0.169935
NC_000019.10:36278424	ENSG00000196357.12	ZNF565	dn	-1.07346	0.11829	-0.0907349	0.904297	61	387	14	139	0.136161	0.0915033
NC_000019.10:36278424	ENSG00000196357.12	ZNF565	body	-1.22181	0.0972544	-0.249381	0.763461	45	403	12	141	0.100446	0.0784314
NC_000020.11:31188039	ENSG00000215547.1	DEFB115	up	0.49575	0.000437028	-0.109869	0.495166	114	334	41	112	0.254464	0.267974
NC_000010.11:80443286	ENSG00000108219.17	TSPAN14	enh	-1.95504	4.61176e-05	nan	nan	3	445	0	153	0.00669643	0
NC_000001.11:25523322	ENSG00000157978.12	LDLRAP1	up	1.36106	0.0979208	0.364149	0.688226	104	344	21	132	0.232143	0.137255
NC_000002.12:693162	ENSG00000151353.15	TMEM18	dn	-0.210108	0.168265	-0.119449	0.497328	356	92	96	57	0.794643	0.627451
NC_000009.12:113082202	ENSG00000136866.14	ZFP37	dn	0.733216	0.0041072	0.44294	0.13307	350	98	119	34	0.78125	0.777778
NC_000009.12:113082208	ENSG00000136866.14	ZFP37	dn	0.794086	0.00328751	0.135845	0.662729	350	98	119	34	0.78125	0.777778
NC_000009.12:113083736	ENSG00000136866.14	ZFP37	dn	1.11155	7.53565e-07	-0.756852	0.00338136	350	98	119	34	0.78125	0.777778
NC_000002.12:74931237	ENSG00000115350.12	POLE4	dn	-2.0196	0.0764662	-0.178983	0.880356	92	356	7	146	0.205357	0.0457516
NC_000005.10:127116122	ENSG00000164241.14	C5orf63	dn	2.06818	0.00499852	-0.338633	0.694933	39	409	15	138	0.0870536	0.0980392
NC_000019.10:20132848	ENSG00000256229.8	ZNF486	up	-1.77388	1.00934e-07	0.0951616	0.794567	252	196	79	74	0.5625	0.51634
NC_000019.10:20132848	ENSG00000256229.8	ZNF486	dn	-5.07246	6.79825e-07	0.465471	0.675156	70	378	14	139	0.15625	0.0915033
NC_000011.10:102597993	ENSG00000137674.4	MMP20	up	-5.59347	1.24772e-07	-0.0356472	0.975743	72	376	18	135	0.160714	0.117647
NC_000011.10:102597993	ENSG00000137674.4	MMP20	dn	-3.52285	3.29119e-07	-0.125892	0.87226	109	339	28	125	0.243304	0.183007
NC_000011.10:102597993	ENSG00000137674.4	MMP20	body	-5.59347	1.24772e-07	-0.0356472	0.975743	72	376	18	135	0.160714	0.117647
NC_000011.10:102597993	ENSG00000137674.4	MMP20	enh	-5.59347	1.24772e-07	-0.0356472	0.975743	72	376	18	135	0.160714	0.117647
NC_000007.14:93332603	ENSG00000004766.17	VPS50	body	1.33065	0.0239042	-0.00232027	0.997382	51	397	24	129	0.113839	0.156863
NC_000006.12:157286621	ENSG00000215712.11	TMEM242	up	-0.63583	0.00119357	0.342281	0.1218	258	190	76	77	0.575893	0.496732
NC_000001.11:152220652	ENSG00000197915.7	HRNR	dn	-0.65878	0.142971	-0.416067	0.410226	86	362	24	129	0.191964	0.156863
NC_000013.11:95209052	ENSG00000125257.16	ABCC4	body	-0.62281	0.276739	-0.588523	0.366245	290	158	95	58	0.647321	0.620915
NC_000004.12:87868729	ENSG00000152595.17	MEPE	dn	1.23892	0.000207881	-0.636691	0.104382	227	221	79	74	0.506696	0.51634
NC_000005.10:843386	ENSG00000188818.13	ZDHHC11	up	-0.40456	0.0222773	-0.11593	0.566445	340	108	100	53	0.758929	0.653595
NC_000005.10:843386	ENSG00000188818.13	ZDHHC11	dn	-0.409368	0.0220161	-0.1147	0.573323	339	109	100	53	0.756696	0.653595
NC_000005.10:843386	ENSG00000188818.13	ZDHHC11	body	-0.409394	0.0219952	-0.116551	0.567259	339	109	100	53	0.756696	0.653595
NC_000003.12:7080514	ENSG00000196277.17	GRM7	body	-0.0767804	0.646162	-0.344335	0.0745209	349	99	114	39	0.779018	0.745098
NC_000010.11:38487404	ENSG00000283930.1	PLD5P1	up	-0.703275	0.143529	-1.08114	0.0516574	79	369	32	121	0.176339	0.20915
NC_000010.11:38487404	ENSG00000283930.1	PLD5P1	body	-0.467682	0.159045	-0.239926	0.528876	127	321	46	107	0.283482	0.300654
NC_000006.12:25955640	ENSG00000112343.11	TRIM38	dn	-0.0223191	0.987167	-5.00952	0.00195423	23	425	8	145	0.0513393	0.0522876
NC_000006.12:157285218	ENSG00000215712.11	TMEM242	up	-0.615762	0.000334541	0.269335	0.163528	258	190	76	77	0.575893	0.496732
NC_000017.11:26831683	ENSG00000109046.15	WSB1	up	-0.810224	0.0935778	-0.848582	0.157497	50	398	24	129	0.111607	0.156863
NC_000002.12:157568211	ENSG00000123612.16	ACVR1C	up	1.25064	0.027056	0.00734697	0.991241	174	274	65	88	0.388393	0.424837
NC_000002.12:157568211	ENSG00000123612.16	ACVR1C	dn	1.25064	0.027056	0.00734697	0.991241	174	274	65	88	0.388393	0.424837
NC_000002.12:157568211	ENSG00000123612.16	ACVR1C	body	1.25064	0.027056	0.00734697	0.991241	174	274	65	88	0.388393	0.424837
NC_000005.10:150260864	ENSG00000070808.17	CAMK2A	up	1.11975	0.0315233	-0.0398523	0.947378	175	273	65	88	0.390625	0.424837
NC_000005.10:150260864	ENSG00000070808.17	CAMK2A	body	1.11975	0.0315233	-0.0398523	0.947378	175	273	65	88	0.390625	0.424837
NC_000011.10:74433298	ENSG00000175538.11	KCNE3	up	0.561939	0.227833	0.519532	0.337449	79	369	28	125	0.176339	0.183007
NC_000011.10:102602218	ENSG00000137674.4	MMP20	up	-2.57285	0.000632059	-0.712228	0.396588	72	376	18	135	0.160714	0.117647
NC_000011.10:102602218	ENSG00000137674.4	MMP20	dn	-1.33063	0.00706745	-0.569565	0.313661	109	339	28	125	0.243304	0.183007
NC_000011.10:102602218	ENSG00000137674.4	MMP20	body	-2.57285	0.000632059	-0.712228	0.396588	72	376	18	135	0.160714	0.117647
NC_000011.10:102602218	ENSG00000137674.4	MMP20	enh	-2.57285	0.000632059	-0.712228	0.396588	72	376	18	135	0.160714	0.117647
NC_000013.11:50400070	ENSG00000198553.9	KCNRG	prom	3.37533	6.95305e-05	nan	nan	3	445	0	153	0.00669643	0
NC_000011.10:5921285	ENSG00000132256.20	TRIM5	up	1.77426	4.58775e-07	-0.807708	0.0474511	157	291	54	99	0.350446	0.352941
NC_000011.10:5921285	ENSG00000132256.20	TRIM5	body	1.03479	6.09614e-05	-0.451893	0.134534	218	230	75	78	0.486607	0.490196
NC_000018.10:36378741	ENSG00000134775.16	FHOD3	body	-1.06056	0.222792	-0.998066	0.30089	86	362	18	135	0.191964	0.117647
NC_000002.12:113259427	ENSG00000125618.18	PAX8	up	-1.40188	0.000795715	0.386504	0.444336	46	402	17	136	0.102679	0.111111
NC_000002.12:113259427	ENSG00000125618.18	PAX8	dn	-1.40199	0.000796911	0.408377	0.417292	48	400	17	136	0.107143	0.111111
NC_000002.12:113259427	ENSG00000125618.18	PAX8	body	-1.40188	0.000795715	0.386504	0.444336	46	402	17	136	0.102679	0.111111
NC_000009.12:113082684	ENSG00000136866.14	ZFP37	dn	0.304082	0.053121	0.0410175	0.821351	350	98	119	34	0.78125	0.777778
NC_000006.12:167215026	ENSG00000112494.10	UNC93A	up	-0.510826	0.074905	-0.358279	0.272441	273	175	91	62	0.609375	0.594771
NC_000019.10:21609251	ENSG00000197013.11	ZNF429	dn	-0.463518	0.00631359	0.138357	0.470737	132	316	51	102	0.294643	0.333333
NC_000012.12:109407972	ENSG00000174527.11	MYO1H	body	0.583924	0.274404	0.471713	0.410302	193	255	45	108	0.430804	0.294118
NC_000001.11:121016504	ENSG00000263353.4	PPIAL4A	up	-1.16504	0.0943838	-0.632252	0.429402	181	267	58	95	0.404018	0.379085
NC_000020.11:31061523	ENSG00000215547.1	DEFB115	up	0.0850576	0.0130697	-0.0202115	0.606659	114	334	41	112	0.254464	0.267974
NC_000006.12:110476450	ENSG00000004809.14	SLC22A16	up	1.43591	0.0191776	-0.271881	0.697356	183	265	53	100	0.408482	0.346405
NC_000006.12:110476450	ENSG00000004809.14	SLC22A16	body	1.43591	0.0191776	-0.271881	0.697356	183	265	53	100	0.408482	0.346405
NC_000006.12:86961829	ENSG00000168830.8	HTR1E	up	0.572253	0.316041	0.86517	0.199741	55	393	22	131	0.122768	0.143791
NC_000020.11:31060114	ENSG00000215547.1	DEFB115	up	0.100889	0.00838006	-0.0160573	0.714026	114	334	41	112	0.254464	0.267974
NC_000011.10:36572471	ENSG00000166352.18	IFTAP	up	1.34732	0.0630638	0.233116	0.783618	62	386	25	128	0.138393	0.163399
NC_000021.9:35866770	ENSG00000159216.20	RUNX1	body	0.226159	0.0877329	0.0678115	0.638987	347	101	116	37	0.774554	0.75817
NC_000006.12:110484119	ENSG00000004809.14	SLC22A16	up	-2.04473	2.77943e-05	0.709121	0.200449	183	265	53	100	0.408482	0.346405
NC_000006.12:110484119	ENSG00000004809.14	SLC22A16	dn	-2.04586	2.84066e-05	0.793461	0.150762	186	262	53	100	0.415179	0.346405
NC_000006.12:110484119	ENSG00000004809.14	SLC22A16	body	-2.04473	2.77943e-05	0.709121	0.200449	183	265	53	100	0.408482	0.346405
NC_000011.10:110508055	ENSG00000137714.3	FDX1	dn	-1.32833	0.0172964	-0.246332	0.704586	161	287	64	89	0.359375	0.418301
NC_000011.10:110508055	ENSG00000137714.3	FDX1	body	-0.505321	0.432781	-1.15351	0.127433	103	345	41	112	0.229911	0.267974
NC_000020.11:31171596	ENSG00000215547.1	DEFB115	up	0.497758	0.000205734	-0.0757026	0.621008	114	334	41	112	0.254464	0.267974
NC_000020.11:31060234	ENSG00000215547.1	DEFB115	up	0.0605236	0.0620332	0.00718161	0.846878	114	334	41	112	0.254464	0.267974
NC_000010.11:46897238	ENSG00000204179.11	PTPN20	up	0.249734	0.382392	0.743331	0.0253608	157	291	49	104	0.350446	0.320261
NC_000006.12:160619142	ENSG00000198670.13	LPA	up	-1.86897	9.77921e-05	0.172859	0.745626	132	316	41	112	0.294643	0.267974
NC_000006.12:160619142	ENSG00000198670.13	LPA	dn	-3.12034	1.3888e-09	0.610897	0.277889	95	353	26	127	0.212054	0.169935
NC_000006.12:160619142	ENSG00000198670.13	LPA	body	-1.86897	9.77921e-05	0.172859	0.745626	132	316	41	112	0.294643	0.267974
NC_000009.12:15299	ENSG00000181404.18	WASHC1	dn	-1.97476	3.83243e-08	1.29654	0.00186109	108	340	45	108	0.241071	0.294118
NC_000013.11:24940493	ENSG00000151849.16	CENPJ	dn	-0.848533	0.0483264	-0.0483351	0.919644	246	202	68	85	0.549107	0.444444
NC_000003.12:126703924	ENSG00000159685.11	CHCHD6	up	2.45359	0.00182339	-0.563058	0.580952	29	419	22	131	0.0647321	0.143791
NC_000003.12:126703924	ENSG00000159685.11	CHCHD6	body	2.03799	1.34316e-05	-0.545995	0.309755	91	357	25	128	0.203125	0.163399
NC_000003.12:126703924	ENSG00000159685.11	CHCHD6	enh	3.97472	0.000629309	-1.51214	0.241518	38	410	9	144	0.0848214	0.0588235
NC_000020.11:31193898	ENSG00000215547.1	DEFB115	up	0.667774	0.000271991	-0.102818	0.623546	114	334	41	112	0.254464	0.267974
NC_000001.11:2668633	ENSG00000142606.16	MMEL1	up	-0.391108	0.0043148	0.0429249	0.793522	102	346	45	108	0.227679	0.294118
NC_000001.11:2668633	ENSG00000142606.16	MMEL1	dn	-0.233705	0.00230445	0.0785497	0.363401	187	261	70	83	0.417411	0.457516
NC_000001.11:2668633	ENSG00000142606.16	MMEL1	body	-0.391108	0.0043148	0.0429249	0.793522	102	346	45	108	0.227679	0.294118
NC_000005.10:146916291	ENSG00000156475.19	PPP2R2B	up	0.515448	0.263314	0.7421	0.168129	150	298	56	97	0.334821	0.366013
NC_000001.11:2675590	ENSG00000142606.16	MMEL1	up	-0.298347	0.155793	-0.29786	0.237875	102	346	45	108	0.227679	0.294118
NC_000001.11:2675590	ENSG00000142606.16	MMEL1	dn	-0.28736	0.0140583	-0.0105358	0.936393	187	261	70	83	0.417411	0.457516
NC_000001.11:2675590	ENSG00000142606.16	MMEL1	body	-0.298347	0.155793	-0.29786	0.237875	102	346	45	108	0.227679	0.294118
NC_000009.12:113065010	ENSG00000136866.14	ZFP37	dn	0.909248	0.000973961	-0.132304	0.676962	350	98	119	34	0.78125	0.777778
NC_000005.10:56908400	ENSG00000155542.12	SETD9	up	-1.74019	0.00112315	0.435092	0.485172	114	334	45	108	0.254464	0.294118
NC_000012.12:132900479	ENSG00000072609.18	CHFR	up	0.52277	0.0174051	-0.145418	0.552455	144	304	44	109	0.321429	0.287582
NC_000012.12:132900479	ENSG00000072609.18	CHFR	dn	0.590992	0.00958622	-0.0918921	0.721695	137	311	43	110	0.305804	0.281046
NC_000012.12:132900479	ENSG00000072609.18	CHFR	body	0.509431	0.0154057	-0.140147	0.550891	147	301	44	109	0.328125	0.287582
NC_000008.11:66410110	ENSG00000179041.4	RRS1	up	-0.315191	0.455509	-0.583647	0.214446	132	316	42	111	0.294643	0.27451
NC_000010.11:67463035	ENSG00000183230.18	CTNNA3	body	-0.121882	0.605912	-0.38488	0.146685	385	63	134	19	0.859375	0.875817
NC_000016.10:74789818	ENSG00000103089.9	FA2H	dn	2.4976	0.000209695	-1.06904	0.184831	22	426	10	143	0.0491071	0.0653595
NC_000012.12:9456245	ENSG00000111796.4	KLRB1	up	-1.46489	0.109259	0.0548762	0.955285	83	365	12	141	0.185268	0.0784314
NC_000012.12:9456245	ENSG00000111796.4	KLRB1	dn	-1.46489	0.109259	0.0548762	0.955285	83	365	12	141	0.185268	0.0784314
NC_000012.12:9456245	ENSG00000111796.4	KLRB1	body	-1.46489	0.109259	0.0548762	0.955285	83	365	12	141	0.185268	0.0784314
NC_000002.12:15653104	ENSG00000079785.16	DDX1	body	-1.77853	0.0108251	-0.27592	0.733104	51	397	18	135	0.113839	0.117647
NC_000009.12:113087311	ENSG00000136866.14	ZFP37	dn	0.842153	0.00579404	0.356124	0.311915	350	98	119	34	0.78125	0.777778
NC_000002.12:207021675	ENSG00000144410.5	CPO	dn	1.33071	0.0328425	0.0738586	0.918641	259	189	80	73	0.578125	0.522876
NC_000011.10:63194629	ENSG00000196600.13	SLC22A25	up	-1.44456	0.000524463	0.819385	0.0906644	114	334	45	108	0.254464	0.294118
NC_000011.10:63194629	ENSG00000196600.13	SLC22A25	body	-1.44456	0.000524463	0.819385	0.0906644	114	334	45	108	0.254464	0.294118
NC_000005.10:34699489	ENSG00000039560.14	RAI14	enh	-2.60677	0.00407138	1.06205	0.291488	17	431	4	149	0.0379464	0.0261438
NC_000009.12:113065253	ENSG00000136866.14	ZFP37	dn	1.29337	8.50184e-05	-0.181439	0.631574	350	98	119	34	0.78125	0.777778
NC_000018.10:79385511	ENSG00000131196.18	NFATC1	up	0.273325	0.0291219	0.0257734	0.854379	302	146	105	48	0.674107	0.686275
NC_000015.10:101679495	ENSG00000184277.13	TM2D3	dn	-2.55404	0.00431486	0.486969	0.643168	28	420	15	138	0.0625	0.0980392
NC_000013.11:42430340	ENSG00000120659.16	TNFSF11	up	-1.19617	0.0456309	-0.074701	0.914466	33	415	15	138	0.0736607	0.0980392
NC_000019.10:21626575	ENSG00000197013.11	ZNF429	dn	-0.53226	0.00254777	0.254687	0.201295	132	316	51	102	0.294643	0.333333
NC_000009.12:113087558	ENSG00000136866.14	ZFP37	dn	1.26937	1.82802e-07	-0.434332	0.119075	350	98	119	34	0.78125	0.777778
NC_000006.12:157312442	ENSG00000215712.11	TMEM242	up	0.11983	0.316448	0.14646	0.27913	258	190	76	77	0.575893	0.496732
NC_000017.11:21689404	ENSG00000260458.3	KCNJ18	dn	1.4806	0.382118	3.13058	0.0874351	31	417	5	148	0.0691964	0.0326797
NC_000009.12:96787486	ENSG00000081386.13	ZNF510	dn	-1.85002	0.0152877	0.540231	0.529456	59	389	17	136	0.131696	0.111111
NC_000009.12:113087673	ENSG00000136866.14	ZFP37	dn	1.74769	1.32097e-09	-0.249134	0.448036	350	98	119	34	0.78125	0.777778
NC_000003.12:120575074	ENSG00000065518.8	NDUFB4	body	-0.702581	0.038799	-0.232377	0.565006	110	338	53	100	0.245536	0.346405
NC_000010.11:110708952	ENSG00000203867.8	RBM20	body	-1.45311	0.0575643	0.188529	0.821655	59	389	11	142	0.131696	0.0718954
NC_000006.12:149981464	ENSG00000111981.5	ULBP1	dn	-1.13083	0.00868345	-0.476591	0.336455	85	363	31	122	0.189732	0.202614
NC_000006.12:149981464	ENSG00000111981.5	ULBP1	body	1.61385	0.00320509	-0.00926075	0.988456	70	378	27	126	0.15625	0.176471
NC_000006.12:148795660	ENSG00000111962.8	UST	enh	0.832947	0.404849	0.681729	0.522411	31	417	4	149	0.0691964	0.0261438
NC_000004.12:26436901	ENSG00000163394.6	CCKAR	up	-1.53897	0.0049814	0.303067	0.637585	111	337	42	111	0.247768	0.27451
NC_000005.10:843035	ENSG00000188818.13	ZDHHC11	up	-0.511471	0.000365159	0.149573	0.360198	340	108	100	53	0.758929	0.653595
NC_000005.10:843035	ENSG00000188818.13	ZDHHC11	dn	-0.526536	0.000280903	0.165339	0.315317	339	109	100	53	0.756696	0.653595
NC_000005.10:843035	ENSG00000188818.13	ZDHHC11	body	-0.526556	0.000281035	0.16552	0.315	339	109	100	53	0.756696	0.653595
NC_000007.14:51288997	ENSG00000106078.19	COBL	up	1.62528	0.00337055	-0.335673	0.619798	45	403	24	129	0.100446	0.156863
NC_000007.14:24153590	ENSG00000122585.8	NPY	up	1.28494	0.0199416	0.0613977	0.921705	76	372	22	131	0.169643	0.143791
NC_000018.10:9335662	ENSG00000128791.12	TWSG1	body	-1.61006	0.0449874	-0.247053	0.783799	28	420	8	145	0.0625	0.0522876
NC_000002.12:177387132	ENSG00000018510.18	AGPS	body	-0.491174	0.091204	-0.219764	0.510849	123	325	54	99	0.274554	0.352941
NC_000006.12:117474478	ENSG00000164465.19	DCBLD1	body	-0.948034	0.0777402	-0.195132	0.753494	144	304	47	106	0.321429	0.30719
NC_000020.11:31069263	ENSG00000215547.1	DEFB115	up	0.0843191	0.0135642	-0.0202977	0.603921	114	334	41	112	0.254464	0.267974
NC_000009.12:113082210	ENSG00000136866.14	ZFP37	dn	0.294021	0.154941	0.2503	0.295168	350	98	119	34	0.78125	0.777778
NC_000009.12:113082213	ENSG00000136866.14	ZFP37	dn	0.61418	0.00596748	-0.0435572	0.865748	350	98	119	34	0.78125	0.777778
NC_000009.12:113082218	ENSG00000136866.14	ZFP37	dn	0.270549	0.275978	0.361445	0.208525	350	98	119	34	0.78125	0.777778
NC_000007.14:112066606	ENSG00000128512.24	DOCK4	body	1.76479	0.00629121	0.121297	0.862411	109	339	16	137	0.243304	0.104575
NC_000006.12:6493585	ENSG00000112799.9	LY86	up	1.46746	0.0024585	-0.792928	0.132055	130	318	23	130	0.290179	0.150327
NC_000007.14:53768681	ENSG00000221900.6	POM121L12	enh	3.25564	3.56722e-07	nan	nan	3	445	0	153	0.00669643	0
NC_000001.11:2671315	ENSG00000142606.16	MMEL1	up	-0.806069	0.00152263	0.224784	0.459814	102	346	45	108	0.227679	0.294118
NC_000001.11:2671315	ENSG00000142606.16	MMEL1	body	-0.806069	0.00152263	0.224784	0.459814	102	346	45	108	0.227679	0.294118
NC_000004.12:119316701	ENSG00000145384.4	FABP2	dn	-0.417942	0.0844851	-0.182147	0.511286	145	303	43	110	0.323661	0.281046
NC_000002.12:169714861	ENSG00000213160.10	KLHL23	prom	-0.500517	0.790414	nan	nan	4	444	1	152	0.00892857	0.00653595
NC_000001.11:2672840	ENSG00000142606.16	MMEL1	up	-0.458126	0.0349153	-0.159956	0.538995	102	346	45	108	0.227679	0.294118
NC_000001.11:2672840	ENSG00000142606.16	MMEL1	dn	-0.314345	0.00965214	0.0378734	0.782209	187	261	70	83	0.417411	0.457516
NC_000001.11:2672840	ENSG00000142606.16	MMEL1	body	-0.458126	0.0349153	-0.159956	0.538995	102	346	45	108	0.227679	0.294118
NC_000001.11:2672848	ENSG00000142606.16	MMEL1	up	-0.39238	0.00921978	-0.0133024	0.941236	102	346	45	108	0.227679	0.294118
NC_000001.11:2672848	ENSG00000142606.16	MMEL1	dn	-0.283713	0.000734668	0.0900649	0.341216	187	261	70	83	0.417411	0.457516
NC_000001.11:2672848	ENSG00000142606.16	MMEL1	body	-0.39238	0.00921978	-0.0133024	0.941236	102	346	45	108	0.227679	0.294118
NC_000015.10:61848640	ENSG00000129003.19	VPS13C	up	1.4617	0.00794926	-0.453003	0.471226	93	355	41	112	0.207589	0.267974
NC_000009.12:113082330	ENSG00000136866.14	ZFP37	dn	0.32033	0.0865183	0.2729	0.206676	350	98	119	34	0.78125	0.777778
NC_000009.12:113082337	ENSG00000136866.14	ZFP37	dn	0.620421	0.0058705	-0.0741778	0.775208	350	98	119	34	0.78125	0.777778
NC_000003.12:62632223	ENSG00000163618.18	CADPS	body	1.37881	0.0982483	0.210165	0.819628	32	416	7	146	0.0714286	0.0457516
NC_000017.11:43360428	ENSG00000175906.5	ARL4D	up	3.64896	0.000639216	-0.0133548	0.991473	34	414	11	142	0.0758929	0.0718954
NC_000017.11:43360428	ENSG00000175906.5	ARL4D	prom	4.84306	0.000608244	-0.544389	0.744955	19	429	8	145	0.0424107	0.0522876
NC_000020.11:31398474	ENSG00000180483.7	DEFB119	dn	-0.994489	0.102388	-0.392747	0.573804	136	312	50	103	0.303571	0.326797
NC_000004.12:67973382	ENSG00000187054.17	TMPRSS11A	dn	-0.734575	0.0559716	-0.0506736	0.908522	210	238	71	82	0.46875	0.464052
NC_000001.11:152213701	ENSG00000197915.7	HRNR	dn	-1.39923	0.00255646	0.348037	0.502915	86	362	24	129	0.191964	0.156863
NC_000018.10:13053318	ENSG00000101639.19	CEP192	body	1.46788	0.00346332	-0.611718	0.286755	183	265	60	93	0.408482	0.392157
NC_000002.12:191763141	ENSG00000168497.5	CAVIN2	up	1.6495	0.00513618	0.442158	0.514088	115	333	39	114	0.256696	0.254902
NC_000011.10:102602105	ENSG00000137674.4	MMP20	up	-2.87735	5.70599e-05	-0.212478	0.789549	72	376	18	135	0.160714	0.117647
NC_000011.10:102602105	ENSG00000137674.4	MMP20	dn	-1.29153	0.00606238	-0.450151	0.403101	109	339	28	125	0.243304	0.183007
NC_000011.10:102602105	ENSG00000137674.4	MMP20	body	-2.87735	5.70599e-05	-0.212478	0.789549	72	376	18	135	0.160714	0.117647
NC_000011.10:102602105	ENSG00000137674.4	MMP20	enh	-2.87735	5.70599e-05	-0.212478	0.789549	72	376	18	135	0.160714	0.117647
NC_000011.10:102602109	ENSG00000137674.4	MMP20	up	-2.96148	0.000359143	-0.78967	0.393656	72	376	18	135	0.160714	0.117647
NC_000011.10:102602109	ENSG00000137674.4	MMP20	dn	-1.26557	0.0199481	-1.00726	0.106023	109	339	28	125	0.243304	0.183007
NC_000011.10:102602109	ENSG00000137674.4	MMP20	body	-2.96148	0.000359143	-0.78967	0.393656	72	376	18	135	0.160714	0.117647
NC_000011.10:102602109	ENSG00000137674.4	MMP20	enh	-2.96148	0.000359143	-0.78967	0.393656	72	376	18	135	0.160714	0.117647
NC_000001.11:247849678	ENSG00000162722.9	TRIM58	up	-0.799514	0.05093	-0.0515277	0.909418	235	213	41	112	0.524554	0.267974
NC_000002.12:33639019	ENSG00000119812.20	FAM98A	up	-5.26515	0.00147388	2.50974	0.164723	28	420	6	147	0.0625	0.0392157
NC_000002.12:33639019	ENSG00000119812.20	FAM98A	dn	-3.79618	0.0029799	0.95185	0.504083	32	416	7	146	0.0714286	0.0457516
NC_000002.12:33639019	ENSG00000119812.20	FAM98A	body	-5.26515	0.00147388	2.50974	0.164723	28	420	6	147	0.0625	0.0392157
NC_000005.10:12669471	ENSG00000169862.21	CTNND2	dn	0.302349	0.651497	1.04538	0.159278	196	252	32	121	0.4375	0.20915
NC_000012.12:112566254	ENSG00000089169.15	RPH3A	enh	2.40681	0.327829	nan	nan	6	442	1	152	0.0133929	0.00653595
NC_000001.11:2671677	ENSG00000142606.16	MMEL1	up	-0.679314	0.00139716	0.247253	0.33094	102	346	45	108	0.227679	0.294118
NC_000001.11:2671677	ENSG00000142606.16	MMEL1	body	-0.679314	0.00139716	0.247253	0.33094	102	346	45	108	0.227679	0.294118
NC_000012.12:112634085	ENSG00000089169.15	RPH3A	enh	-0.819075	0.710661	nan	nan	6	442	1	152	0.0133929	0.00653595
NC_000020.11:31229313	ENSG00000215547.1	DEFB115	up	0.149715	0.0682666	0.0219933	0.815324	114	334	41	112	0.254464	0.267974
NC_000011.10:134045758	ENSG00000166086.13	JAM3	up	1.21547	0.0021759	-0.40544	0.377149	232	216	72	81	0.517857	0.470588
NC_000001.11:2671792	ENSG00000142606.16	MMEL1	dn	-0.0754662	0.484304	-0.192181	0.115647	187	261	70	83	0.417411	0.457516
NC_000009.12:998923	ENSG00000064218.5	DMRT3	dn	-1.50732	0.0257789	0.131579	0.863185	83	365	26	127	0.185268	0.169935
NC_000009.12:998923	ENSG00000064218.5	DMRT3	body	-1.4366	0.0598427	-0.272323	0.745942	120	328	22	131	0.267857	0.143791
NC_000009.12:998923	ENSG00000064218.5	DMRT3	enh	-1.60173	0.0253361	-0.0158504	0.984677	78	370	26	127	0.174107	0.169935
NC_000007.14:87209694	ENSG00000135185.12	TMEM243	up	-0.20154	0.682587	-1.30914	0.02408	159	289	50	103	0.354911	0.326797
NC_000007.14:87209694	ENSG00000135185.12	TMEM243	dn	-0.20154	0.682587	-1.30914	0.02408	159	289	50	103	0.354911	0.326797
NC_000007.14:87209694	ENSG00000135185.12	TMEM243	body	-0.20154	0.682587	-1.30914	0.02408	159	289	50	103	0.354911	0.326797
NC_000002.12:200133147	ENSG00000196141.14	SPATS2L	up	-2.53464	0.00136321	-0.314688	0.737824	77	371	35	118	0.171875	0.228758
NC_000001.11:115259589	ENSG00000134259.6	NGF	up	0.76663	0.0226219	0.0149847	0.969335	116	332	41	112	0.258929	0.267974
NC_000016.10:31661610	ENSG00000197302.11	KRBOX5	dn	-2.24336	0.000245155	0.9649	0.192039	48	400	24	129	0.107143	0.156863
NC_000001.11:121016633	ENSG00000263353.4	PPIAL4A	up	-1.68474	0.0141019	0.247546	0.753168	181	267	58	95	0.404018	0.379085
NC_000022.11:24849412	ENSG00000167037.19	SGSM1	up	-0.954062	0.0340424	-0.117763	0.821691	109	339	39	114	0.243304	0.254902
NC_000002.12:30761076	ENSG00000162949.16	CAPN13	up	0.625182	0.195606	0.555844	0.301503	71	377	15	138	0.158482	0.0980392
NC_000002.12:30761076	ENSG00000162949.16	CAPN13	dn	0.625182	0.195606	0.555844	0.301503	71	377	15	138	0.158482	0.0980392
NC_000002.12:30761076	ENSG00000162949.16	CAPN13	body	0.625182	0.195606	0.555844	0.301503	71	377	15	138	0.158482	0.0980392
NC_000020.11:31061657	ENSG00000215547.1	DEFB115	up	-0.0542545	0.0490581	-0.00725602	0.818414	114	334	41	112	0.254464	0.267974
NC_000017.11:21723597	ENSG00000260458.3	KCNJ18	dn	-3.91289	6.66423e-05	0.514222	0.625307	31	417	5	148	0.0691964	0.0326797
NC_000002.12:205772627	ENSG00000118257.17	NRP2	dn	-0.175546	0.762376	-1.19092	0.0696977	231	217	95	58	0.515625	0.620915
NC_000006.12:169575461	ENSG00000285733.1	ENSG00000285733	dn	0.563678	0.0323649	-0.0741945	0.80511	235	213	73	80	0.524554	0.477124
NC_000009.12:87857247	ENSG00000177992.10	SPATA31E1	up	-0.449247	0.010738	-0.185811	0.334108	212	236	70	83	0.473214	0.457516
NC_000019.10:22633796	ENSG00000229676.3	ZNF492	up	2.22791	0.037244	0.628694	0.615927	27	421	7	146	0.0602679	0.0457516
NC_000019.10:22633796	ENSG00000229676.3	ZNF492	dn	1.41444	0.000943316	-0.330568	0.498311	49	399	14	139	0.109375	0.0915033
NC_000019.10:22633796	ENSG00000229676.3	ZNF492	body	3.17165	0.0076	0.195412	0.882655	23	425	8	145	0.0513393	0.0522876
NC_000019.10:22633796	ENSG00000229676.3	ZNF492	prom	3.26939	0.0164718	1.9925	0.225219	13	435	6	147	0.0290179	0.0392157
NC_000002.12:156322685	ENSG00000153234.16	NR4A2	up	0.920339	0.521785	-3.15984	0.0379618	45	403	5	148	0.100446	0.0326797
NC_000010.11:122977280	ENSG00000179988.15	PSTK	body	1.3776	0.00136825	-0.338591	0.498726	66	382	26	127	0.147321	0.169935
NC_000014.9:18652946	ENSG00000257115.2	OR11H12	up	-1.14321	0.0482426	0.0981647	0.876001	52	396	12	141	0.116071	0.0784314
NC_000020.11:31228264	ENSG00000215547.1	DEFB115	up	0.667787	4.15295e-05	-0.313163	0.0922266	114	334	41	112	0.254464	0.267974
NC_000001.11:121016877	ENSG00000263353.4	PPIAL4A	up	-1.62625	0.00491618	0.583857	0.378415	181	267	58	95	0.404018	0.379085
NC_000009.12:113060160	ENSG00000136866.14	ZFP37	dn	0.505226	0.0342047	0.267613	0.331609	350	98	119	34	0.78125	0.777778
NC_000004.12:195280	ENSG00000250312.8	ZNF718	body	0.69581	0.0371813	-0.0299684	0.938237	274	174	84	69	0.611607	0.54902
NC_000010.11:46884254	ENSG00000204179.11	PTPN20	up	1.00905	0.000318288	-0.116032	0.719927	157	291	49	104	0.350446	0.320261
NC_000001.11:121016996	ENSG00000263353.4	PPIAL4A	up	-0.41244	0.543984	-1.29498	0.097852	181	267	58	95	0.404018	0.379085
NC_000010.11:46881617	ENSG00000204179.11	PTPN20	up	0.394911	0.260432	0.428304	0.293007	157	291	49	104	0.350446	0.320261
NC_000011.10:123322567	ENSG00000023171.20	GRAMD1B	up	-1.70965	0.000551398	0.721867	0.194321	178	270	72	81	0.397321	0.470588
NC_000011.10:123322567	ENSG00000023171.20	GRAMD1B	prom	-2.43432	6.26045e-05	0.606697	0.383061	120	328	38	115	0.267857	0.248366
NC_000005.10:78458004	ENSG00000085365.18	SCAMP1	body	0.912406	0.018915	-0.136775	0.759463	180	268	58	95	0.401786	0.379085
NC_000006.12:157312211	ENSG00000215712.11	TMEM242	up	0.448141	0.00575492	-0.0354803	0.84627	258	190	76	77	0.575893	0.496732
NC_000006.12:9461926	ENSG00000137203.15	TFAP2A	dn	0.363895	0.291107	0.252754	0.509315	153	295	28	125	0.341518	0.183007
NC_000011.10:27634112	ENSG00000176697.20	BDNF	up	-2.48995	0.000211283	0.741755	0.361672	48	400	25	128	0.107143	0.163399
NC_000001.11:2680507	ENSG00000142606.16	MMEL1	up	-0.725055	0.0212773	0.0555812	0.882864	102	346	45	108	0.227679	0.294118
NC_000001.11:2680507	ENSG00000142606.16	MMEL1	dn	-0.571141	0.00109331	0.190589	0.3334	187	261	70	83	0.417411	0.457516
NC_000001.11:2680507	ENSG00000142606.16	MMEL1	body	-0.725055	0.0212773	0.0555812	0.882864	102	346	45	108	0.227679	0.294118
NC_000010.11:125756323	ENSG00000154485.5	MMP21	enh	-0.367958	0.71632	-1.35229	0.212285	14	434	2	151	0.03125	0.0130719
NC_000010.11:37188156	ENSG00000148513.20	ANKRD30A	dn	-0.498291	0.240699	-0.457273	0.337784	47	401	12	141	0.104911	0.0784314
NC_000018.10:14543594	ENSG00000183206.18	POTEC	dn	-2.76296	8.69362e-05	-0.514236	0.540477	72	376	35	118	0.160714	0.228758
NC_000006.12:159299013	ENSG00000164694.17	FNDC1	body	-0.0408137	0.927777	-1.13803	0.0277645	164	284	53	100	0.366071	0.346405
NC_000012.12:15005893	ENSG00000139053.3	PDE6H	enh	-5.66422	9.65561e-06	4.09259	0.00444697	11	437	3	150	0.0245536	0.0196078
NC_000019.10:7450702	ENSG00000198723.11	SAXO5	up	-1.0196	2.74864e-05	0.612526	0.0338557	72	376	31	122	0.160714	0.202614
NC_000003.12:187109342	ENSG00000163923.10	RPL39L	up	-0.540215	0.0306172	0.0377232	0.895794	258	190	103	50	0.575893	0.673203
NC_000018.10:3282121	ENSG00000118680.14	MYL12B	dn	0.632378	0.438893	1.3427	0.15233	67	381	16	137	0.149554	0.104575
NC_000010.11:10768025	ENSG00000048740.19	CELF2	up	-1.51217	0.0087316	0.481665	0.466335	79	369	25	128	0.176339	0.163399
NC_000009.12:113084804	ENSG00000136866.14	ZFP37	dn	-0.765763	2.81487e-05	0.51491	0.0144587	350	98	119	34	0.78125	0.777778
NC_000007.14:76956661	ENSG00000186645.11	SPDYE17	up	-0.564769	0.0941368	-0.270051	0.47559	175	273	68	85	0.390625	0.444444
NC_000009.12:113087685	ENSG00000136866.14	ZFP37	dn	0.174498	0.485719	0.74695	0.010099	350	98	119	34	0.78125	0.777778
NC_000010.11:38804363	ENSG00000283930.1	PLD5P1	up	-2.36415	4.99385e-05	0.501862	0.452897	79	369	32	121	0.176339	0.20915
NC_000010.11:38804363	ENSG00000283930.1	PLD5P1	dn	-0.745805	0.035371	-0.167504	0.674304	152	296	52	101	0.339286	0.339869
NC_000010.11:38804363	ENSG00000283930.1	PLD5P1	body	-1.77509	7.40033e-06	0.730868	0.105396	127	321	46	107	0.283482	0.300654
NC_000019.10:7450940	ENSG00000198723.11	SAXO5	up	-0.888873	0.000436466	0.397592	0.185631	72	376	31	122	0.160714	0.202614
NC_000010.11:91617549	ENSG00000119938.9	PPP1R3C	up	2.02921	0.147081	1.31168	0.411911	23	425	7	146	0.0513393	0.0457516
NC_000006.12:149981471	ENSG00000111981.5	ULBP1	dn	-1.53385	0.00177703	-0.43624	0.439229	85	363	31	122	0.189732	0.202614
NC_000006.12:149981471	ENSG00000111981.5	ULBP1	body	1.76635	0.00502833	-0.0841417	0.909017	70	378	27	126	0.15625	0.176471
NC_000006.12:149981479	ENSG00000111981.5	ULBP1	dn	-1.3025	0.0405687	-0.414946	0.571056	85	363	31	122	0.189732	0.202614
NC_000006.12:149981479	ENSG00000111981.5	ULBP1	body	1.77998	0.0262703	0.133776	0.886567	70	378	27	126	0.15625	0.176471
NC_000002.12:134330518	ENSG00000152127.9	MGAT5	body	-1.48371	0.0135072	0.392701	0.565342	78	370	21	132	0.174107	0.137255
NC_000001.11:220804128	ENSG00000286231.1	ENSG00000286231	body	-0.295876	0.189804	-0.240745	0.349957	171	277	60	93	0.381696	0.392157
NC_000022.11:16527132	ENSG00000198445.4	CCT8L2	up	0.165861	0.379733	0.286068	0.176289	215	233	62	91	0.479911	0.405229
NC_000020.11:39107999	ENSG00000101452.15	DHX35	up	0.790102	0.227526	0.614042	0.408839	112	336	34	119	0.25	0.222222
NC_000001.11:2658054	ENSG00000142606.16	MMEL1	up	-0.192313	0.331441	-0.355789	0.134804	102	346	45	108	0.227679	0.294118
NC_000001.11:2658054	ENSG00000142606.16	MMEL1	dn	-0.184771	0.091811	-0.135537	0.273912	187	261	70	83	0.417411	0.457516
NC_000001.11:2658054	ENSG00000142606.16	MMEL1	body	-0.192313	0.331441	-0.355789	0.134804	102	346	45	108	0.227679	0.294118
NC_000015.10:43329749	ENSG00000168806.8	LCMT2	dn	-0.886492	0.0678294	-0.438351	0.438528	102	346	34	119	0.227679	0.222222
NC_000015.10:100909357	ENSG00000154237.13	LRRK1	up	0.691868	0.0144182	-0.105992	0.736754	63	385	21	132	0.140625	0.137255
NC_000002.12:234544454	ENSG00000188042.8	ARL4C	dn	0.687083	0.0470645	-0.0599206	0.874799	123	325	38	115	0.274554	0.248366
NC_000009.12:113082223	ENSG00000136866.14	ZFP37	dn	0.464451	0.0196908	0.0635087	0.782368	350	98	119	34	0.78125	0.777778
NC_000009.12:113082227	ENSG00000136866.14	ZFP37	dn	0.534245	0.0170227	0.253774	0.326309	350	98	119	34	0.78125	0.777778
NC_000019.10:21566771	ENSG00000197013.11	ZNF429	dn	-0.130264	0.151879	-0.0808332	0.4325	132	316	51	102	0.294643	0.333333
NC_000007.14:158543440	ENSG00000155093.20	PTPRN2	up	-0.410086	0.00154424	0.00897366	0.952408	262	186	86	67	0.584821	0.562092
NC_000002.12:238451063	ENSG00000065802.12	ASB1	dn	-1.86105	0.00249535	0.617886	0.371921	112	336	35	118	0.25	0.228758
NC_000002.12:238451063	ENSG00000065802.12	ASB1	body	-5.67309	1.97791e-07	1.0718	0.405316	30	418	13	140	0.0669643	0.0849673
NC_000004.12:173438888	ENSG00000164106.8	SCRG1	up	0.1577	0.850243	1.92912	0.0419157	58	390	16	137	0.129464	0.104575
NC_000004.12:173438888	ENSG00000164106.8	SCRG1	dn	0.74215	0.326729	1.07237	0.204717	67	381	20	133	0.149554	0.130719
NC_000004.12:173438888	ENSG00000164106.8	SCRG1	body	0.1577	0.850243	1.92912	0.0419157	58	390	16	137	0.129464	0.104575
NC_000019.10:36302914	ENSG00000196357.12	ZNF565	up	-0.527269	0.021918	0.0479023	0.855615	81	367	26	127	0.180804	0.169935
NC_000010.11:38834315	ENSG00000283930.1	PLD5P1	prom	-1.25692	0.00168764	0.323858	0.474499	42	406	12	141	0.09375	0.0784314
NC_000002.12:191764568	ENSG00000168497.5	CAVIN2	up	-1.24094	0.0143599	-0.0013519	0.99815	115	333	39	114	0.256696	0.254902
NC_000012.12:107602500	ENSG00000136045.12	PWP1	up	-0.817738	0.0742157	-0.240087	0.655932	109	339	45	108	0.243304	0.294118
NC_000020.11:31095771	ENSG00000215547.1	DEFB115	up	-0.794893	1.78599e-09	0.178869	0.23156	114	334	41	112	0.254464	0.267974
NC_000013.11:111175936	ENSG00000102606.20	ARHGEF7	enh	-3.71106	0.00565957	0.846807	0.571274	25	423	6	147	0.0558036	0.0392157
NC_000002.12:74931377	ENSG00000115350.12	POLE4	dn	-0.976222	0.345726	-0.537039	0.619348	92	356	7	146	0.205357	0.0457516
NC_000009.12:113082468	ENSG00000136866.14	ZFP37	dn	0.398822	0.00977455	-0.0865044	0.627217	350	98	119	34	0.78125	0.777778
NC_000011.10:74902618	ENSG00000166435.17	XRRA1	body	-1.90399	0.0504378	-0.180028	0.872852	44	404	15	138	0.0982143	0.0980392
NC_000020.11:31075829	ENSG00000215547.1	DEFB115	up	-0.111135	0.0234096	-0.0348161	0.535507	114	334	41	112	0.254464	0.267974
NC_000020.11:31074413	ENSG00000215547.1	DEFB115	up	0.0907235	0.0431687	0.00980029	0.848883	114	334	41	112	0.254464	0.267974
NC_000017.11:17276443	ENSG00000141030.13	COPS3	up	2.11301	0.00274207	-0.813075	0.322251	144	304	56	97	0.321429	0.366013
NC_000017.11:17276443	ENSG00000141030.13	COPS3	body	2.11301	0.00274207	-0.813075	0.322251	144	304	56	97	0.321429	0.366013
NC_000009.12:135662950	ENSG00000148386.10	LCN9	body	1.02957	0.0266881	-0.0558166	0.917146	264	184	91	62	0.589286	0.594771
NC_000010.11:23189667	ENSG00000168267.7	PTF1A	up	-1.18602	0.0485527	0.0170839	0.980076	112	336	44	109	0.25	0.287582
NC_000020.11:23343202	ENSG00000132661.4	NXT1	up	0.865243	0.00649763	-0.299659	0.40164	177	271	64	89	0.395089	0.418301
NC_000020.11:23343202	ENSG00000132661.4	NXT1	enh	1.06994	0.0175146	-0.128746	0.805643	154	294	58	95	0.34375	0.379085
NC_000013.11:26797765	ENSG00000132975.8	GPR12	dn	2.33017	0.00018584	-1.19676	0.089579	151	297	48	105	0.337054	0.313725
NC_000014.9:51942363	ENSG00000087302.9	RTRAF	up	-0.700359	0.0685927	0.00615487	0.988235	124	324	41	112	0.276786	0.267974
NC_000001.11:121016527	ENSG00000263353.4	PPIAL4A	up	-1.09156	0.112184	-0.586672	0.45741	181	267	58	95	0.404018	0.379085
NC_000010.11:86318608	ENSG00000182771.19	GRID1	body	0.328625	0.10489	0.052201	0.817258	324	124	107	46	0.723214	0.699346
NC_000012.12:112678445	ENSG00000089169.15	RPH3A	enh	2.17146	0.40746	nan	nan	6	442	1	152	0.0133929	0.00653595
NC_000010.11:46851557	ENSG00000204179.11	PTPN20	up	1.14553	0.000143021	-0.0461297	0.894405	157	291	49	104	0.350446	0.320261
NC_000001.11:4198205	ENSG00000198912.12	C1orf174	up	0.509663	0.0355298	-0.0841454	0.75676	281	167	95	58	0.627232	0.620915
NC_000010.11:46885433	ENSG00000204179.11	PTPN20	up	0.634081	0.0102974	0.573349	0.0454159	157	291	49	104	0.350446	0.320261
NC_000001.11:171140513	ENSG00000094963.14	FMO2	up	-5.17152	3.11527e-09	3.75263	6.77155e-05	81	367	15	138	0.180804	0.0980392
NC_000011.10:3441132	ENSG00000005801.18	ZNF195	dn	-2.78367	0.000242634	1.34669	0.10096	121	327	28	125	0.270089	0.183007
NC_000010.11:46897259	ENSG00000204179.11	PTPN20	up	0.734545	0.0206115	0.378957	0.302646	157	291	49	104	0.350446	0.320261
NC_000020.11:31193798	ENSG00000215547.1	DEFB115	up	-0.55652	4.26589e-06	0.114058	0.407818	114	334	41	112	0.254464	0.267974
NC_000010.11:46884149	ENSG00000204179.11	PTPN20	up	0.661179	0.0216037	0.850386	0.0109545	157	291	49	104	0.350446	0.320261
NC_000001.11:115243960	ENSG00000134259.6	NGF	up	0.722726	0.210809	0.733794	0.274029	116	332	41	112	0.258929	0.267974
NC_000009.12:35851760	ENSG00000168828.6	OR13J1	up	-1.2369	0.000812518	0.627489	0.139346	130	318	41	112	0.290179	0.267974
NC_000012.12:112584755	ENSG00000089169.15	RPH3A	enh	1.8169	0.441982	nan	nan	6	442	1	152	0.0133929	0.00653595
NC_000020.11:25275003	ENSG00000100994.12	PYGB	prom	-4.43671	0.0365928	0.625586	0.791812	12	436	3	150	0.0267857	0.0196078
NC_000009.12:113067974	ENSG00000136866.14	ZFP37	dn	0.345112	0.180613	0.309463	0.299309	350	98	119	34	0.78125	0.777778
NC_000009.12:113065032	ENSG00000136866.14	ZFP37	dn	0.734208	0.0144413	-0.106929	0.757588	350	98	119	34	0.78125	0.777778
NC_000009.12:113087210	ENSG00000136866.14	ZFP37	dn	0.873587	0.00632285	0.537486	0.145608	350	98	119	34	0.78125	0.777778
NC_000009.12:113087213	ENSG00000136866.14	ZFP37	dn	0.947286	0.00429184	0.234822	0.539317	350	98	119	34	0.78125	0.777778
NC_000010.11:38491515	ENSG00000283930.1	PLD5P1	up	-1.68089	0.00173677	0.552546	0.370828	79	369	32	121	0.176339	0.20915
NC_000010.11:38491515	ENSG00000283930.1	PLD5P1	dn	-0.603698	0.0590296	-0.306177	0.394766	152	296	52	101	0.339286	0.339869
NC_000010.11:38491515	ENSG00000283930.1	PLD5P1	body	-0.975505	0.00667806	-0.0409006	0.920845	127	321	46	107	0.283482	0.300654
NC_000007.14:128122038	ENSG00000128594.8	LRRC4	dn	1.43559	0.00967851	0.387476	0.551407	130	318	55	98	0.290179	0.359477
NC_000010.11:133623072	ENSG00000225899.8	FRG2B	dn	0.51878	0.224497	0.546461	0.270915	229	219	71	82	0.511161	0.464052
NC_000005.10:130010940	ENSG00000198108.4	CHSY3	body	-2.27995	0.0101554	-0.654438	0.513387	58	390	17	136	0.129464	0.111111
NC_000009.12:113087333	ENSG00000136866.14	ZFP37	dn	1.01291	0.000239542	0.0465995	0.883228	350	98	119	34	0.78125	0.777778
NC_000009.12:113087337	ENSG00000136866.14	ZFP37	dn	0.204074	0.307453	0.390497	0.0916948	350	98	119	34	0.78125	0.777778
NC_000004.12:119405318	ENSG00000145384.4	FABP2	dn	0.391983	0.014128	0.00519915	0.977283	145	303	43	110	0.323661	0.281046
NC_000012.12:69649234	ENSG00000198812.5	LRRC10	dn	-0.815647	0.0520762	-0.118173	0.806225	284	164	106	47	0.633929	0.69281
NC_000017.11:21299471	ENSG00000034152.20	MAP2K3	body	-5.19191	3.94591e-09	0.474912	0.633066	75	373	23	130	0.167411	0.150327
NC_000009.12:113081184	ENSG00000136866.14	ZFP37	dn	0.458079	0.04515	0.257431	0.329946	350	98	119	34	0.78125	0.777778
NC_000009.12:113065273	ENSG00000136866.14	ZFP37	dn	0.904089	0.000148083	0.0611017	0.823564	350	98	119	34	0.78125	0.777778
NC_000008.11:17315413	ENSG00000155975.10	VPS37A	up	2.06183	0.0128935	-0.201445	0.838512	53	395	20	133	0.118304	0.130719
NC_000018.10:106942	ENSG00000173213.11	TUBB8B	dn	-0.579777	1.35975e-07	0.171366	0.154827	150	298	47	106	0.334821	0.30719
NC_000019.10:21567714	ENSG00000197013.11	ZNF429	dn	-0.256215	0.00670597	-0.0031594	0.976398	132	316	51	102	0.294643	0.333333
NC_000009.12:113087450	ENSG00000136866.14	ZFP37	dn	1.04823	1.38573e-06	-0.481885	0.0531496	350	98	119	34	0.78125	0.777778
NC_000009.12:113087452	ENSG00000136866.14	ZFP37	dn	0.661897	0.0327615	0.344126	0.336655	350	98	119	34	0.78125	0.777778
NC_000004.12:82476246	ENSG00000145293.17	ENOPH1	dn	-1.24611	0.0429983	-0.060693	0.931539	119	329	37	116	0.265625	0.24183
NC_000001.11:153141228	ENSG00000159516.9	SPRR2G	up	1.16198	0.014994	0.0373854	0.946846	51	397	23	130	0.113839	0.150327
NC_000001.11:2659115	ENSG00000142606.16	MMEL1	up	-0.494791	0.03327	-0.0872227	0.754221	102	346	45	108	0.227679	0.294118
NC_000001.11:2659115	ENSG00000142606.16	MMEL1	dn	-0.420508	0.00120552	0.168598	0.249307	187	261	70	83	0.417411	0.457516
NC_000001.11:2659115	ENSG00000142606.16	MMEL1	body	-0.494791	0.03327	-0.0872227	0.754221	102	346	45	108	0.227679	0.294118
NC_000015.10:57784248	ENSG00000255529.9	POLR2M	body	1.38366	0.00567978	-0.478613	0.407543	223	225	74	79	0.497768	0.48366
NC_000007.14:158916324	ENSG00000126870.16	DYNC2I1	body	-0.497434	0.000151361	0.212115	0.161295	291	157	82	71	0.649554	0.535948
NC_000009.12:113059960	ENSG00000136866.14	ZFP37	dn	1.19255	0.000631019	-0.407645	0.310451	350	98	119	34	0.78125	0.777778
NC_000009.12:113065391	ENSG00000136866.14	ZFP37	dn	1.5834	4.40023e-06	-0.257921	0.514378	350	98	119	34	0.78125	0.777778
NC_000008.11:35703721	ENSG00000156687.11	UNC5D	body	0.984961	0.037899	0.157163	0.773054	218	230	77	76	0.486607	0.503268
NC_000006.12:149981242	ENSG00000111981.5	ULBP1	dn	-0.711202	0.0297053	-0.381986	0.310675	85	363	31	122	0.189732	0.202614
NC_000006.12:149981242	ENSG00000111981.5	ULBP1	body	1.02559	0.0139028	-0.157847	0.746318	70	378	27	126	0.15625	0.176471
NC_000006.12:157312462	ENSG00000215712.11	TMEM242	up	0.456281	0.00180632	-0.108935	0.508535	258	190	76	77	0.575893	0.496732
NC_000005.10:126500938	ENSG00000164904.18	ALDH7A1	up	-5.40229	1.08005e-12	0.969659	0.261426	149	299	57	96	0.332589	0.372549
NC_000011.10:27634366	ENSG00000176697.20	BDNF	up	-2.3366	0.00129566	0.384895	0.6618	48	400	25	128	0.107143	0.163399
NC_000006.12:149981360	ENSG00000111981.5	ULBP1	dn	-1.73729	0.00520564	-0.0347764	0.961203	85	363	31	122	0.189732	0.202614
NC_000006.12:149981360	ENSG00000111981.5	ULBP1	body	2.32257	0.00318423	-0.749974	0.415346	70	378	27	126	0.15625	0.176471
NC_000009.12:113087695	ENSG00000136866.14	ZFP37	dn	1.08141	6.69891e-05	0.0312977	0.920036	350	98	119	34	0.78125	0.777778
NC_000011.10:27634489	ENSG00000176697.20	BDNF	up	-1.80136	0.00120343	-0.18114	0.788072	48	400	25	128	0.107143	0.163399
NC_000017.11:21328801	ENSG00000034152.20	MAP2K3	body	-0.876683	0.0530583	-0.688449	0.183977	75	373	23	130	0.167411	0.150327
NC_000002.12:136762465	ENSG00000144229.13	THSD7B	dn	1.09321	0.00505393	-0.356927	0.439765	119	329	34	119	0.265625	0.222222
NC_000003.12:40686241	ENSG00000172888.12	ZNF621	body	-0.738004	0.175603	-0.776849	0.218997	253	195	78	75	0.564732	0.509804
NC_000022.11:15592887	ENSG00000130538.6	OR11H1	dn	-0.218049	0.690508	1.3643	0.0237574	27	421	3	150	0.0602679	0.0196078
NC_000007.14:158916560	ENSG00000126870.16	DYNC2I1	body	-0.160198	0.393055	-0.315157	0.147521	291	157	82	71	0.649554	0.535948
NC_000011.10:5919447	ENSG00000132256.20	TRIM5	up	0.898481	0.00487231	-0.242224	0.514713	157	291	54	99	0.350446	0.352941
NC_000009.12:113082112	ENSG00000136866.14	ZFP37	dn	0.307108	0.126996	0.515866	0.0268946	350	98	119	34	0.78125	0.777778
NC_000009.12:113082117	ENSG00000136866.14	ZFP37	dn	0.912447	0.000431136	-0.178987	0.548618	350	98	119	34	0.78125	0.777778
NC_000020.11:30394079	ENSG00000215547.1	DEFB115	up	-1.07054	1.77342e-09	0.12781	0.525341	114	334	41	112	0.254464	0.267974
NC_000005.10:843059	ENSG00000188818.13	ZDHHC11	up	-0.238973	0.164361	-0.216876	0.270164	340	108	100	53	0.758929	0.653595
NC_000005.10:843059	ENSG00000188818.13	ZDHHC11	dn	-0.243904	0.159832	-0.218437	0.270052	339	109	100	53	0.756696	0.653595
NC_000005.10:843059	ENSG00000188818.13	ZDHHC11	body	-0.24393	0.159848	-0.217426	0.272518	339	109	100	53	0.756696	0.653595
NC_000012.12:112652344	ENSG00000089169.15	RPH3A	enh	-0.273111	0.910935	nan	nan	6	442	1	152	0.0133929	0.00653595
NC_000006.12:106572475	ENSG00000130347.13	RTN4IP1	up	0.650951	0.316665	0.799556	0.273417	206	242	40	113	0.459821	0.261438
NC_000007.14:158915275	ENSG00000126870.16	DYNC2I1	body	-0.19687	0.155223	-0.152788	0.34119	291	157	82	71	0.649554	0.535948
NC_000008.11:26192218	ENSG00000221914.11	PPP2R2A	up	0.456388	0.213827	0.641317	0.14918	89	359	37	116	0.198661	0.24183
NC_000010.11:38785161	ENSG00000283930.1	PLD5P1	dn	-0.924454	0.0136871	-0.144383	0.731851	152	296	52	101	0.339286	0.339869
NC_000010.11:38785161	ENSG00000283930.1	PLD5P1	body	-0.511411	0.226447	-0.711752	0.142676	127	321	46	107	0.283482	0.300654
NC_000009.12:96925374	ENSG00000188152.13	NUTM2G	dn	-1.89976	0.0353992	-0.0752059	0.943147	43	405	16	137	0.0959821	0.104575
NC_000017.11:43360443	ENSG00000175906.5	ARL4D	up	2.54136	0.0125517	0.817063	0.493575	34	414	11	142	0.0758929	0.0718954
NC_000017.11:43360443	ENSG00000175906.5	ARL4D	prom	3.63637	0.00680212	0.438344	0.783383	19	429	8	145	0.0424107	0.0522876
NC_000017.11:43360443	ENSG00000175906.5	ARL4D	enh	2.23729	0.000306932	-0.732451	0.320228	88	360	28	125	0.196429	0.183007
NC_000013.11:100575221	ENSG00000134864.11	GGACT	dn	-0.955197	0.00669856	0.0961175	0.812473	207	241	72	81	0.462054	0.470588
NC_000022.11:49762165	ENSG00000100425.19	BRD1	up	-0.788201	0.211239	-0.197948	0.769554	48	400	10	143	0.107143	0.0653595
NC_000022.11:49762165	ENSG00000100425.19	BRD1	enh	-1.52837	0.206294	-0.660434	0.612058	33	415	5	148	0.0736607	0.0326797
NC_000002.12:26179004	ENSG00000157833.13	GAREM2	body	2.74669	0.0545474	1.60397	0.297296	54	394	8	145	0.120536	0.0522876
NC_000002.12:26179004	ENSG00000157833.13	GAREM2	prom	2.74669	0.0545474	1.60397	0.297296	54	394	8	145	0.120536	0.0522876
NC_000009.12:113082476	ENSG00000136866.14	ZFP37	dn	0.0767103	0.704869	0.63006	0.00734717	350	98	119	34	0.78125	0.777778
NC_000007.14:30543985	ENSG00000281039.1	ENSG00000281039	dn	0.890754	0.0134603	0.0494426	0.905091	141	307	41	112	0.314732	0.267974
NC_000012.12:59101756	ENSG00000139263.12	LRIG3	enh	-3.48132	5.23834e-07	nan	nan	3	445	0	153	0.00669643	0
NC_000006.12:116496061	ENSG00000178033.6	CALHM5	dn	-0.13199	0.730809	-0.93413	0.0348851	173	275	53	100	0.386161	0.346405
NC_000001.11:2664731	ENSG00000142606.16	MMEL1	dn	-0.423847	0.00567957	0.18206	0.292257	187	261	70	83	0.417411	0.457516
NC_000005.10:170875696	ENSG00000204764.14	RANBP17	body	-2.20075	0.000532876	0.0899981	0.901852	223	225	81	72	0.497768	0.529412
NC_000011.10:20571441	ENSG00000165970.12	SLC6A5	up	0.81339	0.221524	0.942835	0.22339	61	387	26	127	0.136161	0.169935
NC_000007.14:158962666	ENSG00000126870.16	DYNC2I1	dn	0.582226	0.00745306	-0.0333023	0.893195	370	78	132	21	0.825893	0.862745
NC_000007.14:158962666	ENSG00000126870.16	DYNC2I1	body	0.596207	0.024228	0.201209	0.511047	291	157	82	71	0.649554	0.535948
NC_000011.10:27635654	ENSG00000176697.20	BDNF	up	-2.33135	0.000116432	0.619878	0.396878	48	400	25	128	0.107143	0.163399
NC_000003.12:119730957	ENSG00000285585.1	ENSG00000285585	up	3.0931	0.000427714	-1.52383	0.139466	23	425	9	144	0.0513393	0.0588235
NC_000009.12:72658562	ENSG00000165091.18	TMC1	body	0.696055	0.074843	0.273954	0.524586	89	359	14	139	0.198661	0.0915033
NC_000004.12:109429414	ENSG00000138802.11	SEC24B	up	1.12102	0.038412	0.150514	0.805641	241	207	80	73	0.537946	0.522876
NC_000004.12:109429414	ENSG00000138802.11	SEC24B	body	1.97066	0.00218295	-0.230414	0.754036	180	268	41	112	0.401786	0.267974
NC_000004.12:143840071	ENSG00000197465.14	GYPE	up	1.26436	0.235121	0.822582	0.48383	25	423	6	147	0.0558036	0.0392157
NC_000002.12:120854042	ENSG00000074047.22	GLI2	body	5.08952	0.025989	0.622102	0.797614	32	416	4	149	0.0714286	0.0261438
NC_000007.14:48926249	ENSG00000218305.5	CDC14C	up	-1.90619	7.16415e-05	0.393195	0.459677	132	316	28	125	0.294643	0.183007
NC_000007.14:48926249	ENSG00000218305.5	CDC14C	dn	-4.39449	3.0154e-10	0.655979	0.407575	130	318	42	111	0.290179	0.27451
NC_000001.11:2670287	ENSG00000142606.16	MMEL1	up	-0.610511	4.28963e-05	0.370243	0.0378058	102	346	45	108	0.227679	0.294118
NC_000001.11:2670287	ENSG00000142606.16	MMEL1	body	-0.610511	4.28963e-05	0.370243	0.0378058	102	346	45	108	0.227679	0.294118
NC_000002.12:227924860	ENSG00000123977.10	DAW1	body	-0.476015	0.543054	-1.57098	0.0712153	135	313	27	126	0.301339	0.176471
NC_000019.10:36301876	ENSG00000196357.12	ZNF565	body	-0.531458	0.145104	-0.234528	0.56768	45	403	12	141	0.100446	0.0784314
NC_000010.11:3052027	ENSG00000067057.19	PFKP	up	-0.9287	0.00378038	0.366497	0.309668	214	234	69	84	0.477679	0.45098
NC_000010.11:77397002	ENSG00000156113.25	KCNMA1	body	0.534308	0.102839	0.0549714	0.880403	132	316	41	112	0.294643	0.267974
NC_000022.11:50118605	ENSG00000073146.17	MOV10L1	up	0.154098	0.210354	0.125322	0.360349	386	62	140	13	0.861607	0.915033
NC_000002.12:224322915	ENSG00000124019.10	FAM124B	up	-3.50604	0.0196143	0.0537918	0.973944	53	395	9	144	0.118304	0.0588235
NC_000012.12:49017362	ENSG00000181929.13	PRKAG1	dn	2.23984	0.0191178	2.82198	0.0122129	88	360	36	117	0.196429	0.235294
NC_000006.12:27777401	ENSG00000185130.6	H2BC13	up	-0.966098	0.0401287	-0.333975	0.545313	29	419	10	143	0.0647321	0.0653595
NC_000006.12:86406790	ENSG00000168830.8	HTR1E	up	0.663912	0.248725	0.790957	0.24493	55	393	22	131	0.122768	0.143791
NC_000001.11:152218941	ENSG00000197915.7	HRNR	dn	-0.383036	0.315697	-0.494751	0.249026	86	362	24	129	0.191964	0.156863
NC_000011.10:4223315	ENSG00000284018.2	SSU72L5	dn	-0.618878	0.00177223	0.178851	0.458854	121	327	49	104	0.270089	0.320261
NC_000011.10:4223315	ENSG00000284018.2	SSU72L5	enh	-1.04802	0.000845983	0.50626	0.167464	104	344	41	112	0.232143	0.267974
NC_000018.10:15513317	ENSG00000180777.15	ANKRD30B	body	-0.0852693	0.917801	-1.7508	0.0525627	27	421	5	148	0.0602679	0.0326797
NC_000001.11:248707584	ENSG00000189181.6	OR14I1	dn	0.209424	0.151722	0.0590287	0.716962	302	146	102	51	0.674107	0.666667
NC_000009.12:93947200	ENSG00000131668.14	BARX1	dn	-1.95767	0.000206123	1.04313	0.0859522	136	312	45	108	0.303571	0.294118
NC_000022.11:42963935	ENSG00000100266.19	PACSIN2	up	3.84904	0.000292326	-0.202454	0.856487	47	401	6	147	0.104911	0.0392157
NC_000022.11:42963935	ENSG00000100266.19	PACSIN2	body	0.627401	0.320478	1.49821	0.0304818	240	208	88	65	0.535714	0.575163
NC_000001.11:121016654	ENSG00000263353.4	PPIAL4A	up	-1.11924	0.10542	-0.339544	0.668915	181	267	58	95	0.404018	0.379085
NC_000002.12:225076929	ENSG00000135905.21	DOCK10	up	-1.40531	0.000614221	-0.368918	0.438163	272	176	96	57	0.607143	0.627451
NC_000002.12:225076929	ENSG00000135905.21	DOCK10	body	-1.04199	0.00276386	-0.526194	0.189982	309	139	107	46	0.689732	0.699346
NC_000017.11:26810596	ENSG00000109046.15	WSB1	up	-0.582939	0.00217841	-0.0548945	0.815663	50	398	24	129	0.111607	0.156863
NC_000009.12:138153633	ENSG00000148408.15	CACNA1B	prom	-1.82941	0.0144549	0.3253	0.708133	39	409	14	139	0.0870536	0.0915033
NC_000001.11:121020852	ENSG00000263353.4	PPIAL4A	up	-1.7313	0.0100094	-0.331755	0.666913	181	267	58	95	0.404018	0.379085
NC_000008.11:81643272	ENSG00000133731.10	IMPA1	up	-3.17758	7.53293e-08	0.0812046	0.899505	177	271	53	100	0.395089	0.346405
NC_000008.11:81643272	ENSG00000133731.10	IMPA1	dn	-2.02283	0.0110036	0.232113	0.797389	114	334	42	111	0.254464	0.27451
NC_000008.11:81643272	ENSG00000133731.10	IMPA1	body	-2.02283	0.0110036	0.232113	0.797389	114	334	42	111	0.254464	0.27451
NC_000009.12:855292	ENSG00000137090.12	DMRT1	body	1.62095	4.32114e-05	-0.276126	0.537259	141	307	43	110	0.314732	0.281046
NC_000004.12:119361410	ENSG00000145384.4	FABP2	dn	1.18218	3.1479e-05	-0.150001	0.642486	145	303	43	110	0.323661	0.281046
NC_000020.11:31053302	ENSG00000215547.1	DEFB115	up	0.113472	0.00153644	-0.0486148	0.235559	114	334	41	112	0.254464	0.267974
NC_000020.11:31229691	ENSG00000215547.1	DEFB115	up	0.418874	0.00408067	0.0062486	0.970136	114	334	41	112	0.254464	0.267974
NC_000009.12:113060060	ENSG00000136866.14	ZFP37	dn	0.607666	0.0333366	0.209327	0.525662	350	98	119	34	0.78125	0.777778
NC_000013.11:24300361	ENSG00000240654.6	C1QTNF9	body	-2.43001	0.000101625	1.67254	0.0138753	65	383	12	141	0.145089	0.0784314
NC_000001.11:121020977	ENSG00000263353.4	PPIAL4A	up	-1.22388	0.0632459	-0.754438	0.318839	181	267	58	95	0.404018	0.379085
NC_000017.11:21744382	ENSG00000260458.3	KCNJ18	dn	-4.6363	7.12641e-05	0.687686	0.583054	31	417	5	148	0.0691964	0.0326797
NC_000001.11:157195424	ENSG00000117036.12	ETV3	dn	-0.766304	0.0188936	-0.182858	0.628292	108	340	37	116	0.241071	0.24183
NC_000018.10:8641937	ENSG00000206418.5	RAB12	body	-1.51408	0.00382697	0.506669	0.407588	135	313	48	105	0.301339	0.313725
NC_000006.12:86901127	ENSG00000168830.8	HTR1E	up	0.495192	0.305915	0.906797	0.11287	55	393	22	131	0.122768	0.143791
NC_000001.11:779614	ENSG00000284662.2	OR4F16	prom	6.67945	4.70957e-05	nan	nan	1	447	3	150	0.00223214	0.0196078
NC_000009.12:113087106	ENSG00000136866.14	ZFP37	dn	1.33109	9.31385e-05	-0.0259895	0.947085	350	98	119	34	0.78125	0.777778
NC_000003.12:125022395	ENSG00000173706.15	HEG1	up	-0.797036	0.00875092	0.107408	0.761832	85	363	32	121	0.189732	0.20915
NC_000003.12:125022395	ENSG00000173706.15	HEG1	dn	-0.797036	0.00875092	0.107408	0.761832	85	363	32	121	0.189732	0.20915
NC_000003.12:125022395	ENSG00000173706.15	HEG1	body	-0.797036	0.00875092	0.107408	0.761832	85	363	32	121	0.189732	0.20915
NC_000008.11:66327948	ENSG00000179041.4	RRS1	up	-0.878129	0.0125251	0.123121	0.752412	132	316	42	111	0.294643	0.27451
NC_000019.10:36299341	ENSG00000196357.12	ZNF565	up	-0.751373	7.76479e-05	0.266852	0.218298	81	367	26	127	0.180804	0.169935
NC_000019.10:36299341	ENSG00000196357.12	ZNF565	body	-1.36411	0.0020918	0.670683	0.177704	45	403	12	141	0.100446	0.0784314
NC_000015.10:50877531	ENSG00000081014.11	AP4E1	up	2.70312	2.28915e-14	-0.291823	0.47742	139	309	54	99	0.310268	0.352941
NC_000009.12:113087225	ENSG00000136866.14	ZFP37	dn	0.624022	0.046086	0.489728	0.175709	350	98	119	34	0.78125	0.777778
NC_000009.12:113087228	ENSG00000136866.14	ZFP37	dn	1.21241	3.83142e-05	0.0471345	0.889188	350	98	119	34	0.78125	0.777778
NC_000012.12:112661537	ENSG00000089169.15	RPH3A	enh	0.74612	0.736328	nan	nan	6	442	1	152	0.0133929	0.00653595
NC_000012.12:48541814	ENSG00000284723.2	OR8S1	up	0.658314	0.0126865	-0.078393	0.800512	168	280	57	96	0.375	0.372549
NC_000007.14:159061067	ENSG00000106018.14	VIPR2	dn	0.413652	0.0860007	-0.00784797	0.975628	193	255	57	96	0.430804	0.372549
NC_000007.14:159061067	ENSG00000106018.14	VIPR2	body	0.211156	0.219735	0.059697	0.74817	279	169	95	58	0.622768	0.620915
NC_000006.12:160620986	ENSG00000198670.13	LPA	dn	-0.130999	0.554033	-0.401296	0.102582	95	353	26	127	0.212054	0.169935
NC_000020.11:25177003	ENSG00000197586.13	ENTPD6	up	-2.91385	4.87071e-06	-0.771927	0.280343	68	380	24	129	0.151786	0.156863
NC_000009.12:138174768	ENSG00000148408.15	CACNA1B	prom	-1.77208	0.000240095	-0.252769	0.651011	39	409	14	139	0.0870536	0.0915033
NC_000009.12:138160124	ENSG00000148408.15	CACNA1B	prom	-2.71674	3.95999e-07	1.44449	0.0195389	39	409	14	139	0.0870536	0.0915033
NC_000002.12:216889958	ENSG00000118245.2	TNP1	up	0.562371	0.099671	0.0804769	0.833435	153	295	36	117	0.341518	0.235294
NC_000001.11:199214316	ENSG00000081237.21	PTPRC	dn	1.21294	0.00636147	-0.344597	0.505372	140	308	52	101	0.3125	0.339869
NC_000001.11:132137	ENSG00000186092.7	OR4F5	dn	1.27052	0.112016	0.394695	0.657101	88	360	23	130	0.196429	0.150327
NC_000018.10:12862127	ENSG00000175354.20	PTPN2	up	3.67234	2.95634e-07	-1.27222	0.139569	33	415	14	139	0.0736607	0.0915033
NC_000018.10:12862127	ENSG00000175354.20	PTPN2	dn	3.67242	2.86707e-07	-1.25143	0.143359	35	413	14	139	0.078125	0.0915033
NC_000018.10:12862127	ENSG00000175354.20	PTPN2	body	3.67242	2.86707e-07	-1.25143	0.143359	35	413	14	139	0.078125	0.0915033
NC_000012.12:130700805	ENSG00000060709.17	RIMBP2	dn	1.03791	0.027285	-0.103043	0.847974	204	244	64	89	0.455357	0.418301
NC_000005.10:845522	ENSG00000188818.13	ZDHHC11	up	-0.261952	0.0210551	0.0570273	0.660186	340	108	100	53	0.758929	0.653595
NC_000005.10:845522	ENSG00000188818.13	ZDHHC11	dn	-0.269726	0.018695	0.0644556	0.621817	339	109	100	53	0.756696	0.653595
NC_000005.10:845522	ENSG00000188818.13	ZDHHC11	body	-0.269737	0.0186871	0.0638114	0.62542	339	109	100	53	0.756696	0.653595
NC_000009.12:113087462	ENSG00000136866.14	ZFP37	dn	1.00122	8.48311e-05	-0.168742	0.564523	350	98	119	34	0.78125	0.777778
NC_000006.12:169554486	ENSG00000285733.1	ENSG00000285733	dn	0.590169	0.0512893	0.155235	0.653483	235	213	73	80	0.524554	0.477124
NC_000007.14:76956563	ENSG00000186645.11	SPDYE17	up	-0.509239	0.12529	-0.190238	0.609794	175	273	68	85	0.390625	0.444444
NC_000002.12:215227138	ENSG00000138363.15	ATIC	enh	3.74135	7.87818e-05	nan	nan	2	446	0	153	0.00446429	0
NC_000020.11:31232011	ENSG00000215547.1	DEFB115	up	0.664542	0.000167994	-0.0392408	0.845668	114	334	41	112	0.254464	0.267974
NC_000020.11:5307555	ENSG00000101292.8	PROKR2	up	0.363499	0.183522	0.129969	0.666454	200	248	62	91	0.446429	0.405229
NC_000009.12:113059979	ENSG00000136866.14	ZFP37	dn	0.859665	0.0117304	0.358504	0.362601	350	98	119	34	0.78125	0.777778
NC_000020.11:2390564	ENSG00000166948.10	TGM6	up	-1.1431	0.0155752	0.121997	0.82438	86	362	26	127	0.191964	0.169935
NC_000012.12:112556803	ENSG00000089169.15	RPH3A	enh	-0.0414444	0.986663	nan	nan	6	442	1	152	0.0133929	0.00653595
NC_000020.11:31174902	ENSG00000215547.1	DEFB115	up	0.710207	2.39143e-05	-0.0443824	0.816813	114	334	41	112	0.254464	0.267974
NC_000020.11:31189365	ENSG00000215547.1	DEFB115	up	0.730864	1.24261e-06	-0.231444	0.177204	114	334	41	112	0.254464	0.267974
NC_000010.11:17289733	ENSG00000026025.16	VIM	dn	-1.81801	0.00682176	0.606372	0.434142	39	409	11	142	0.0870536	0.0718954
NC_000006.12:157312593	ENSG00000215712.11	TMEM242	up	0.214795	0.12223	0.102387	0.514558	258	190	76	77	0.575893	0.496732
NC_000006.12:130310214	ENSG00000164483.17	SAMD3	body	0.939742	3.07573e-05	-0.62794	0.0159336	252	196	88	65	0.5625	0.575163
NC_000010.11:5042534	ENSG00000196139.14	AKR1C3	up	-0.739971	0.0516504	-0.0815088	0.850762	190	258	47	106	0.424107	0.30719
NC_000008.11:135589826	ENSG00000131773.15	KHDRBS3	body	-0.754976	0.00774094	0.244091	0.456703	285	163	83	70	0.636161	0.542484
NC_000020.11:31069053	ENSG00000215547.1	DEFB115	up	-0.0895778	0.0352251	-0.000876184	0.985663	114	334	41	112	0.254464	0.267974
NC_000007.14:159116855	ENSG00000106018.14	VIPR2	up	0.250921	0.33989	0.292653	0.306643	274	174	95	58	0.611607	0.620915
NC_000007.14:159116855	ENSG00000106018.14	VIPR2	dn	0.495719	0.171859	0.238321	0.538113	193	255	57	96	0.430804	0.372549
NC_000007.14:159116855	ENSG00000106018.14	VIPR2	body	0.260521	0.31345	0.285902	0.306307	279	169	95	58	0.622768	0.620915
NC_000011.10:234570	ENSG00000142082.15	SIRT3	enh	-2.9518	0.139953	-0.022482	0.991501	27	421	3	150	0.0602679	0.0196078
NC_000009.12:113082004	ENSG00000136866.14	ZFP37	dn	0.630694	0.00058136	-0.194801	0.356231	350	98	119	34	0.78125	0.777778
NC_000009.12:113082006	ENSG00000136866.14	ZFP37	dn	0.570343	0.00950815	0.0226639	0.928834	350	98	119	34	0.78125	0.777778
NC_000020.11:31225419	ENSG00000215547.1	DEFB115	up	0.824204	3.90552e-05	-0.105217	0.645178	114	334	41	112	0.254464	0.267974
NC_000012.12:112555514	ENSG00000089169.15	RPH3A	enh	0.880737	0.799234	nan	nan	6	442	1	152	0.0133929	0.00653595
NC_000007.14:115057445	ENSG00000135272.13	MDFIC	dn	-3.5831	1.30481e-05	0.22134	0.808535	104	344	26	127	0.232143	0.169935
NC_000001.11:2671108	ENSG00000142606.16	MMEL1	up	-0.912508	1.72965e-06	0.547165	0.016156	102	346	45	108	0.227679	0.294118
NC_000001.11:2671108	ENSG00000142606.16	MMEL1	dn	-0.527284	8.10088e-07	0.381038	0.00152133	187	261	70	83	0.417411	0.457516
NC_000001.11:2671108	ENSG00000142606.16	MMEL1	body	-0.912508	1.72965e-06	0.547165	0.016156	102	346	45	108	0.227679	0.294118
NC_000017.11:68769729	ENSG00000108950.12	FAM20A	enh	7.80711	0.00517321	nan	nan	2	446	1	152	0.00446429	0.00653595
NC_000010.11:46886970	ENSG00000204179.11	PTPN20	up	0.422598	0.117044	0.680929	0.0297403	157	291	49	104	0.350446	0.320261
NC_000002.12:104401243	ENSG00000198914.5	POU3F3	dn	1.30613	0.0209924	-0.170229	0.795534	222	226	74	79	0.495536	0.48366
NC_000005.10:16647680	ENSG00000154153.15	RETREG1	up	0.210785	0.595426	-1.20663	0.00646159	223	225	56	97	0.497768	0.366013
NC_000005.10:16647680	ENSG00000154153.15	RETREG1	dn	0.210785	0.595426	-1.20663	0.00646159	223	225	56	97	0.497768	0.366013
NC_000005.10:16647680	ENSG00000154153.15	RETREG1	body	0.210785	0.595426	-1.20663	0.00646159	223	225	56	97	0.497768	0.366013
NC_000001.11:2658070	ENSG00000142606.16	MMEL1	up	-0.321766	0.0872677	-0.140452	0.533795	102	346	45	108	0.227679	0.294118
NC_000001.11:2658070	ENSG00000142606.16	MMEL1	dn	-0.25385	0.015909	0.0541706	0.648438	187	261	70	83	0.417411	0.457516
NC_000001.11:2658070	ENSG00000142606.16	MMEL1	body	-0.321766	0.0872677	-0.140452	0.533795	102	346	45	108	0.227679	0.294118
NC_000018.10:9335692	ENSG00000128791.12	TWSG1	body	-3.13048	0.0122122	0.980267	0.483654	28	420	8	145	0.0625	0.0522876
NC_000006.12:160615012	ENSG00000198670.13	LPA	dn	-1.03485	0.00898905	0.402631	0.358316	95	353	26	127	0.212054	0.169935
NC_000009.12:113082249	ENSG00000136866.14	ZFP37	dn	0.472994	0.0178379	0.158368	0.492087	350	98	119	34	0.78125	0.777778
NC_000017.11:43360338	ENSG00000175906.5	ARL4D	up	3.18136	0.00255743	-0.0857864	0.944603	34	414	11	142	0.0758929	0.0718954
NC_000017.11:43360338	ENSG00000175906.5	ARL4D	prom	5.0081	0.000296101	-0.835854	0.609954	19	429	8	145	0.0424107	0.0522876
NC_000017.11:43360338	ENSG00000175906.5	ARL4D	enh	2.59333	5.45911e-05	-1.51327	0.0476034	88	360	28	125	0.196429	0.183007
NC_000009.12:138177286	ENSG00000148408.15	CACNA1B	prom	-1.85478	0.0629874	-0.993524	0.391892	39	409	14	139	0.0870536	0.0915033
NC_000008.11:116665823	ENSG00000147679.12	UTP23	up	1.52569	0.0423196	-0.00504125	0.995352	21	427	8	145	0.046875	0.0522876
NC_000022.11:49762177	ENSG00000100425.19	BRD1	enh	-2.10944	0.121868	-0.0807702	0.956115	33	415	5	148	0.0736607	0.0326797
NC_000004.12:97211589	ENSG00000163116.10	STPG2	dn	0.400509	0.0162343	-0.042427	0.825626	261	187	84	69	0.582589	0.54902
NC_000004.12:97211589	ENSG00000163116.10	STPG2	body	0.155135	0.103754	0.0701148	0.528976	344	104	113	40	0.767857	0.738562
NC_000002.12:74931398	ENSG00000115350.12	POLE4	dn	-0.193966	0.88814	-2.08887	0.147321	92	356	7	146	0.205357	0.0457516
NC_000010.11:46899615	ENSG00000204179.11	PTPN20	up	0.714486	0.0197931	0.20573	0.562402	157	291	49	104	0.350446	0.320261
NC_000009.12:3553721	ENSG00000080298.16	RFX3	body	0.397695	0.0201155	-0.132601	0.49236	304	144	78	75	0.678571	0.509804
NC_000007.14:158962551	ENSG00000126870.16	DYNC2I1	up	-0.299356	0.0342658	0.0583421	0.712987	230	218	69	84	0.513393	0.45098
NC_000012.12:13045008	ENSG00000084444.14	FAM234B	body	1.04241	0.0129701	-0.238084	0.628183	213	235	79	74	0.475446	0.51634
NC_000012.12:129910677	ENSG00000151952.16	TMEM132D	body	-0.294845	0.0103214	0.0516303	0.694256	353	95	123	30	0.787946	0.803922
NC_000001.11:152213974	ENSG00000197915.7	HRNR	dn	-2.20814	0.000129613	0.38981	0.545413	86	362	24	129	0.191964	0.156863
NC_000001.11:152218717	ENSG00000197915.7	HRNR	dn	-1.84893	0.000712645	0.563841	0.356369	86	362	24	129	0.191964	0.156863
NC_000001.11:121747758	ENSG00000188610.12	FAM72B	dn	0.794738	0.0355923	-0.220227	0.590317	36	412	6	147	0.0803571	0.0392157
NC_000022.11:47371193	ENSG00000054611.14	TBC1D22A	enh	-3.22199	0.00534402	0.0762266	0.956821	10	438	5	148	0.0223214	0.0326797
NC_000020.11:31229343	ENSG00000215547.1	DEFB115	up	0.698159	6.31103e-05	0.000638599	0.99744	114	334	41	112	0.254464	0.267974
NC_000007.14:155072474	ENSG00000157219.5	HTR5A	up	0.89362	0.0513239	-0.00706949	0.989189	191	257	58	95	0.426339	0.379085
NC_000005.10:823597	ENSG00000188818.13	ZDHHC11	up	-0.167044	0.235253	-0.154047	0.338901	340	108	100	53	0.758929	0.653595
NC_000005.10:823597	ENSG00000188818.13	ZDHHC11	dn	-0.175866	0.215884	-0.150319	0.35407	339	109	100	53	0.756696	0.653595
NC_000005.10:823597	ENSG00000188818.13	ZDHHC11	body	-0.175882	0.215815	-0.151483	0.350505	339	109	100	53	0.756696	0.653595
NC_000009.12:998951	ENSG00000064218.5	DMRT3	body	-1.43567	0.105755	-0.17552	0.857514	120	328	22	131	0.267857	0.143791
NC_000018.10:54403412	ENSG00000174448.9	STARD6	dn	0.551979	0.188834	0.453965	0.349982	101	347	34	119	0.225446	0.222222
NC_000007.14:100994528	ENSG00000205277.10	MUC12	body	0.815076	0.000352928	-0.0426065	0.874716	208	240	82	71	0.464286	0.535948
NC_000001.11:912998	ENSG00000187634.13	SAMD11	up	0.0328088	0.899768	0.654374	0.0252175	306	142	100	53	0.683036	0.653595
NC_000002.12:105212436	ENSG00000135973.3	GPR45	up	-0.0120343	0.98385	1.73971	0.0116558	74	374	25	128	0.165179	0.163399
NC_000013.11:110959417	ENSG00000088448.14	ANKRD10	dn	0.789074	0.191388	0.433328	0.522953	52	396	17	136	0.116071	0.111111
NC_000013.11:110959417	ENSG00000088448.14	ANKRD10	enh	1.7824	0.028514	0.132303	0.884436	42	406	14	139	0.09375	0.0915033
NC_000001.11:2662163	ENSG00000142606.16	MMEL1	up	-1.03958	0.000381138	0.516488	0.139857	102	346	45	108	0.227679	0.294118
NC_000001.11:2662163	ENSG00000142606.16	MMEL1	body	-1.03958	0.000381138	0.516488	0.139857	102	346	45	108	0.227679	0.294118
NC_000004.12:119439564	ENSG00000145384.4	FABP2	dn	0.347409	0.0739646	0.131689	0.554007	145	303	43	110	0.323661	0.281046
NC_000001.11:2675394	ENSG00000142606.16	MMEL1	up	-0.796516	0.000288209	0.019676	0.940219	102	346	45	108	0.227679	0.294118
NC_000001.11:2675394	ENSG00000142606.16	MMEL1	dn	-0.587076	1.7661e-06	0.263895	0.0555696	187	261	70	83	0.417411	0.457516
NC_000001.11:2675394	ENSG00000142606.16	MMEL1	body	-0.796516	0.000288209	0.019676	0.940219	102	346	45	108	0.227679	0.294118
NC_000001.11:2675396	ENSG00000142606.16	MMEL1	up	-0.429857	0.0145699	-0.2595	0.218563	102	346	45	108	0.227679	0.294118
NC_000001.11:2675396	ENSG00000142606.16	MMEL1	dn	-0.315137	0.00138133	0.0187151	0.866068	187	261	70	83	0.417411	0.457516
NC_000001.11:2675396	ENSG00000142606.16	MMEL1	body	-0.429857	0.0145699	-0.2595	0.218563	102	346	45	108	0.227679	0.294118
NC_000006.12:149957344	ENSG00000111981.5	ULBP1	body	-1.73281	0.0264219	0.0512346	0.955291	70	378	27	126	0.15625	0.176471
NC_000010.11:94934949	ENSG00000138109.11	CYP2C9	up	2.22341	0.000319766	-0.506415	0.474585	146	302	45	108	0.325893	0.294118
NC_000002.12:152009651	ENSG00000283228.1	ENSG00000283228	dn	0.547389	0.00471843	-0.184992	0.398361	320	128	99	54	0.714286	0.647059
NC_000002.12:152009651	ENSG00000283228.1	ENSG00000283228	body	0.525754	0.00602222	-0.152613	0.480075	323	125	101	52	0.720982	0.660131
NC_000009.12:138173006	ENSG00000148408.15	CACNA1B	prom	-2.10785	0.0130305	0.205109	0.835226	39	409	14	139	0.0870536	0.0915033
NC_000020.11:9262968	ENSG00000101333.19	PLCB4	up	0.702767	0.0864697	0.309689	0.519788	154	294	54	99	0.34375	0.352941
NC_000022.11:16523119	ENSG00000198445.4	CCT8L2	up	1.36772	0.000272998	-0.282016	0.50045	215	233	62	91	0.479911	0.405229
NC_000010.11:46894637	ENSG00000204179.11	PTPN20	up	1.35074	4.89664e-05	0.57856	0.131726	157	291	49	104	0.350446	0.320261
NC_000021.9:35469306	ENSG00000159216.20	RUNX1	body	0.0508292	0.672002	0.178004	0.17505	347	101	116	37	0.774554	0.75817
NC_000013.11:51164009	ENSG00000226792.8	C13orf42	up	-1.16833	0.00490269	0.314411	0.521212	82	366	30	123	0.183036	0.196078
NC_000013.11:51164009	ENSG00000226792.8	C13orf42	dn	-2.81079	2.83134e-06	1.6134	0.0249758	39	409	15	138	0.0870536	0.0980392
NC_000013.11:51164009	ENSG00000226792.8	C13orf42	body	-1.16833	0.00490269	0.314411	0.521212	82	366	30	123	0.183036	0.196078
NC_000011.10:35404041	ENSG00000110436.13	SLC1A2	up	-1.22422	0.0565432	-0.387898	0.606465	49	399	19	134	0.109375	0.124183
NC_000011.10:35404041	ENSG00000110436.13	SLC1A2	body	-1.22422	0.0565432	-0.387898	0.606465	49	399	19	134	0.109375	0.124183
NC_000012.12:112695309	ENSG00000089169.15	RPH3A	enh	0.522571	0.848666	nan	nan	6	442	1	152	0.0133929	0.00653595
NC_000009.12:113087239	ENSG00000136866.14	ZFP37	dn	0.805637	0.00247743	0.200867	0.512812	350	98	119	34	0.78125	0.777778
NC_000011.10:27634029	ENSG00000176697.20	BDNF	up	-1.35618	0.0263029	-0.135808	0.854603	48	400	25	128	0.107143	0.163399
NC_000005.10:66524228	ENSG00000069020.19	MAST4	up	-0.560209	0.255858	-0.774248	0.174438	157	291	54	99	0.350446	0.352941
NC_000005.10:34195450	ENSG00000273294.1	C1QTNF3-AMACR	up	-2.16415	0.0015701	-0.0142839	0.985791	68	380	27	126	0.151786	0.176471
NC_000005.10:34195450	ENSG00000273294.1	C1QTNF3-AMACR	body	-2.16415	0.0015701	-0.0142839	0.985791	68	380	27	126	0.151786	0.176471
NC_000009.12:138173248	ENSG00000148408.15	CACNA1B	prom	-1.60772	0.00513525	0.395065	0.553614	39	409	14	139	0.0870536	0.0915033
NC_000009.12:113065178	ENSG00000136866.14	ZFP37	dn	0.363963	0.0961297	0.467103	0.0650269	350	98	119	34	0.78125	0.777778
NC_000001.11:2659019	ENSG00000142606.16	MMEL1	dn	-0.16794	0.0784098	-0.0164854	0.878448	187	261	70	83	0.417411	0.457516
NC_000011.10:74930240	ENSG00000166435.17	XRRA1	dn	-3.27297	0.000162758	1.95978	0.0507205	43	405	15	138	0.0959821	0.0980392
NC_000011.10:74930240	ENSG00000166435.17	XRRA1	body	-3.27318	0.000163544	2.01917	0.0436618	44	404	15	138	0.0982143	0.0980392
NC_000009.12:113059868	ENSG00000136866.14	ZFP37	dn	0.600447	0.0902619	0.268012	0.513007	350	98	119	34	0.78125	0.777778
NC_000009.12:113065293	ENSG00000136866.14	ZFP37	dn	1.45121	1.74173e-06	-0.489493	0.159685	350	98	119	34	0.78125	0.777778
NC_000005.10:78458150	ENSG00000085365.18	SCAMP1	body	0.618076	0.12731	0.364612	0.434493	180	268	58	95	0.401786	0.379085
NC_000005.10:78458156	ENSG00000085365.18	SCAMP1	body	0.570836	0.182244	0.449591	0.361515	180	268	58	95	0.401786	0.379085
NC_000009.12:111380593	ENSG00000171133.4	OR2K2	dn	1.73892	0.00182285	-0.54924	0.392779	213	235	83	70	0.475446	0.542484
NC_000009.12:113087472	ENSG00000136866.14	ZFP37	dn	0.761389	0.0177125	0.224335	0.545017	350	98	119	34	0.78125	0.777778
NC_000005.10:405202	ENSG00000180104.16	EXOC3	body	0.616835	0.0629597	0.173738	0.654448	87	361	39	114	0.194196	0.254902
NC_000014.9:61846387	ENSG00000139973.18	SYT16	up	-0.0734686	0.688148	-0.434995	0.0431603	237	211	83	70	0.529018	0.542484
NC_000009.12:32847230	ENSG00000188133.6	TMEM215	up	0.701264	0.273042	0.785547	0.275579	39	409	12	141	0.0870536	0.0784314
NC_000011.10:107593136	ENSG00000110675.13	ELMOD1	body	-1.37914	0.0598972	0.375239	0.633693	79	369	11	142	0.176339	0.0718954
NC_000006.12:143154751	ENSG00000146416.19	AIG1	body	-2.55458	0.00467012	-0.227163	0.827962	43	405	13	140	0.0959821	0.0849673
NC_000009.12:113059982	ENSG00000136866.14	ZFP37	dn	0.751514	0.0288856	0.329287	0.407178	350	98	119	34	0.78125	0.777778
NC_000001.11:2673811	ENSG00000142606.16	MMEL1	up	-0.35533	0.00487552	0.043267	0.77458	102	346	45	108	0.227679	0.294118
NC_000001.11:2673811	ENSG00000142606.16	MMEL1	dn	-0.191642	0.0067603	0.0593163	0.457331	187	261	70	83	0.417411	0.457516
NC_000001.11:2673811	ENSG00000142606.16	MMEL1	body	-0.35533	0.00487552	0.043267	0.77458	102	346	45	108	0.227679	0.294118
NC_000010.11:38829083	ENSG00000283930.1	PLD5P1	dn	-0.519726	0.130828	-0.238511	0.537907	152	296	52	101	0.339286	0.339869
NC_000010.11:46886861	ENSG00000204179.11	PTPN20	up	1.10671	4.79078e-05	-0.349429	0.265708	157	291	49	104	0.350446	0.320261
NC_000009.12:113082016	ENSG00000136866.14	ZFP37	dn	0.54087	0.00763091	0.0332782	0.886847	350	98	119	34	0.78125	0.777778
NC_000020.11:42923720	ENSG00000196090.14	PTPRT	up	-1.74525	0.0362459	-0.0681851	0.944062	30	418	11	142	0.0669643	0.0718954
NC_000004.12:72139864	ENSG00000056291.19	NPFFR2	body	1.25909	0.179262	0.893852	0.410854	26	422	9	144	0.0580357	0.0588235
NC_000002.12:1084586	ENSG00000172554.12	SNTG2	up	-0.256734	0.144433	-0.146716	0.471985	329	119	107	46	0.734375	0.699346
NC_000001.11:2672647	ENSG00000142606.16	MMEL1	up	-0.273193	0.0252413	-0.0964086	0.509997	102	346	45	108	0.227679	0.294118
NC_000001.11:2672647	ENSG00000142606.16	MMEL1	dn	-0.203318	0.00297574	0.0541925	0.482443	187	261	70	83	0.417411	0.457516
NC_000001.11:2672647	ENSG00000142606.16	MMEL1	body	-0.273193	0.0252413	-0.0964086	0.509997	102	346	45	108	0.227679	0.294118
NC_000002.12:156330134	ENSG00000153234.16	NR4A2	up	-0.45532	0.589516	-0.837853	0.348194	45	403	5	148	0.100446	0.0326797
NC_000009.12:113082131	ENSG00000136866.14	ZFP37	dn	0.201183	0.344626	0.50945	0.0388875	350	98	119	34	0.78125	0.777778
NC_000020.11:31056071	ENSG00000215547.1	DEFB115	up	0.0981693	0.0165484	-0.0176481	0.706858	114	334	41	112	0.254464	0.267974
NC_000002.12:74953223	ENSG00000115350.12	POLE4	dn	-2.77457	0.0449467	1.21907	0.398282	92	356	7	146	0.205357	0.0457516
NC_000012.12:67255754	ENSG00000111530.13	CAND1	dn	1.91674	0.00549915	-0.0635005	0.936322	115	333	38	115	0.256696	0.248366
NC_000012.12:67255754	ENSG00000111530.13	CAND1	body	2.34785	0.000155561	-0.325719	0.654674	118	330	55	98	0.263393	0.359477
NC_000017.11:21967575	ENSG00000260458.3	KCNJ18	dn	2.17871	0.171437	0.710891	0.679341	31	417	5	148	0.0691964	0.0326797
NC_000018.10:79917428	ENSG00000122490.19	SLC66A2	up	-0.486265	0.0126671	0.153934	0.481541	367	81	126	27	0.819196	0.823529
NC_000021.9:34688433	ENSG00000159212.13	CLIC6	body	-4.62172	0.000645043	1.0994	0.447877	27	421	4	149	0.0602679	0.0261438
NC_000021.9:34688433	ENSG00000159212.13	CLIC6	enh	-4.62172	0.000645043	1.0994	0.447877	27	421	4	149	0.0602679	0.0261438
NC_000004.12:6356038	ENSG00000109501.15	WFS1	up	1.61254	0.00117435	-0.82657	0.146544	252	196	89	64	0.5625	0.581699
NC_000019.10:22680850	ENSG00000229676.3	ZNF492	dn	0.703676	0.010319	-0.222154	0.478833	49	399	14	139	0.109375	0.0915033
NC_000001.11:209897009	ENSG00000143469.21	SYT14	up	-1.23611	0.00154344	0.367113	0.423609	208	240	73	80	0.464286	0.477124
NC_000001.11:209897009	ENSG00000143469.21	SYT14	body	-0.821269	0.00488502	0.215605	0.534545	201	247	76	77	0.448661	0.496732
NC_000002.12:238098651	ENSG00000144488.15	ESPNL	body	1.87412	0.021672	-0.615596	0.49156	66	382	13	140	0.147321	0.0849673
NC_000006.12:122362903	ENSG00000025156.13	HSF2	up	0.985716	0.0673568	0.129928	0.832713	76	372	24	129	0.169643	0.156863
NC_000007.14:76986763	ENSG00000186645.11	SPDYE17	dn	-0.51644	0.348355	-0.806816	0.201568	176	272	53	100	0.392857	0.346405
NC_000010.11:120776330	ENSG00000120008.16	WDR11	dn	0.189625	0.861394	-2.89172	0.0186675	22	426	6	147	0.0491071	0.0392157
NC_000009.12:14809	ENSG00000181404.18	WASHC1	dn	-1.3544	0.000297302	0.487716	0.263275	108	340	45	108	0.241071	0.294118
NC_000011.10:58483167	ENSG00000198283.3	OR5B21	up	-1.73867	0.000120261	0.87479	0.102417	71	377	27	126	0.158482	0.176471
NC_000008.11:66330759	ENSG00000179041.4	RRS1	up	-0.572268	0.0648191	-0.019286	0.955336	132	316	42	111	0.294643	0.27451
NC_000002.12:23432115	ENSG00000119771.15	KLHL29	body	-0.616267	0.184506	-0.674502	0.210764	131	317	57	96	0.292411	0.372549
NC_000003.12:69148347	ENSG00000163380.16	LMOD3	up	-1.62443	0.0451539	-0.2164	0.809022	37	411	8	145	0.0825893	0.0522876
NC_000003.12:69148347	ENSG00000163380.16	LMOD3	dn	-1.01376	0.0330019	-0.348318	0.519432	57	391	15	138	0.127232	0.0980392
NC_000003.12:69148347	ENSG00000163380.16	LMOD3	body	-1.62443	0.0451539	-0.2164	0.809022	37	411	8	145	0.0825893	0.0522876
NC_000010.11:46878974	ENSG00000204179.11	PTPN20	up	0.642406	0.0261761	0.922131	0.0060194	157	291	49	104	0.350446	0.320261
NC_000004.12:72060673	ENSG00000056291.19	NPFFR2	body	1.31644	0.103127	0.487813	0.602212	26	422	9	144	0.0580357	0.0588235
NC_000003.12:75689025	ENSG00000172969.8	FRG2C	dn	-0.118598	0.679805	-0.472941	0.135475	340	108	79	74	0.758929	0.51634
NC_000017.11:43360583	ENSG00000175906.5	ARL4D	up	3.8982	0.000343247	-0.249741	0.844416	34	414	11	142	0.0758929	0.0718954
NC_000017.11:43360583	ENSG00000175906.5	ARL4D	prom	5.6781	7.2723e-05	-0.877894	0.603995	19	429	8	145	0.0424107	0.0522876
NC_000017.11:43360583	ENSG00000175906.5	ARL4D	enh	2.76982	3.1501e-05	-1.32378	0.093909	88	360	28	125	0.196429	0.183007
NC_000018.10:31996687	ENSG00000101695.9	RNF125	dn	-0.165127	0.690978	-0.826355	0.0808139	210	238	57	96	0.46875	0.372549
NC_000007.14:100998462	ENSG00000169876.14	MUC17	up	-0.403352	0.00936041	0.050868	0.780429	249	199	91	62	0.555804	0.594771
NC_000002.12:3287313	ENSG00000032389.13	EIPR1	up	-0.124573	0.413987	-0.227957	0.183546	174	274	47	106	0.388393	0.30719
NC_000002.12:3287313	ENSG00000032389.13	EIPR1	dn	-0.222712	0.376416	-0.416555	0.133903	202	246	51	102	0.450893	0.333333
NC_000002.12:3287313	ENSG00000032389.13	EIPR1	body	-0.100948	0.431939	-0.226199	0.115358	264	184	70	83	0.589286	0.457516
NC_000011.10:26534771	ENSG00000169550.14	MUC15	dn	-0.353856	0.510331	-1.04746	0.0886374	168	280	59	94	0.375	0.385621
NC_000011.10:5796090	ENSG00000181001.3	OR52N1	dn	0.594663	0.00419167	-0.0744806	0.761747	170	278	64	89	0.379464	0.418301
NC_000004.12:23338	ENSG00000272602.6	ZNF595	dn	0.745206	0.00661642	0.173719	0.584253	274	174	84	69	0.611607	0.54902
NC_000013.11:95716721	ENSG00000102580.15	DNAJC3	dn	-0.424727	0.206631	-0.556995	0.155145	293	155	112	41	0.654018	0.732026
NC_000011.10:27204419	ENSG00000109881.17	CCDC34	up	1.14426	0.0119534	-0.21296	0.687693	98	350	37	116	0.21875	0.24183
NC_000006.12:77654672	ENSG00000269964.4	MEI4	body	1.02487	0.0473724	-0.0276548	0.961277	143	305	41	112	0.319196	0.267974
NC_000005.10:415809	ENSG00000180104.16	EXOC3	prom	-2.62178	0.000463459	1.23429	0.166853	59	389	31	122	0.131696	0.202614
NC_000001.11:207284498	ENSG00000196352.18	CD55	body	-4.23985	8.36863e-06	1.91496	0.0812521	43	405	15	138	0.0959821	0.0980392
NC_000020.11:31061578	ENSG00000215547.1	DEFB115	up	0.0969885	0.00864332	-0.0303514	0.473054	114	334	41	112	0.254464	0.267974
NC_000004.12:28311	ENSG00000272602.6	ZNF595	dn	0.755035	0.0159271	0.0163778	0.963969	274	174	84	69	0.611607	0.54902
NC_000001.11:121016677	ENSG00000263353.4	PPIAL4A	up	-1.37604	0.0329485	0.00513903	0.994462	181	267	58	95	0.404018	0.379085
NC_000002.12:75161752	ENSG00000115353.11	TACR1	up	-0.694673	0.0584885	-0.209342	0.623586	108	340	46	107	0.241071	0.300654
NC_000002.12:75161752	ENSG00000115353.11	TACR1	body	-0.712809	0.0510294	-0.191199	0.652733	108	340	47	106	0.241071	0.30719
NC_000006.12:132862597	ENSG00000112306.8	RPS12	dn	-3.45771	5.56036e-13	1.41752	0.0155515	33	415	14	139	0.0736607	0.0915033
NC_000020.11:31066436	ENSG00000215547.1	DEFB115	up	0.101673	0.0199032	-0.00318097	0.949308	114	334	41	112	0.254464	0.267974
NC_000003.12:17168722	ENSG00000154822.18	PLCL2	enh	3.48113	0.00348489	1.01507	0.586256	2	446	3	150	0.00446429	0.0196078
NC_000010.11:46885581	ENSG00000204179.11	PTPN20	up	0.879154	0.00327227	0.594164	0.0860878	157	291	49	104	0.350446	0.320261
NC_000004.12:143776088	ENSG00000183090.5	FREM3	up	4.11272	4.50484e-05	-1.06011	0.396176	29	419	17	136	0.0647321	0.111111
NC_000004.12:143776088	ENSG00000183090.5	FREM3	dn	4.11272	4.50484e-05	-1.06011	0.396176	29	419	17	136	0.0647321	0.111111
NC_000004.12:143776088	ENSG00000183090.5	FREM3	body	4.11272	4.50484e-05	-1.06011	0.396176	29	419	17	136	0.0647321	0.111111
NC_000012.12:57654359	ENSG00000135454.14	B4GALNT1	dn	0.423748	0.0355443	0.0182323	0.939146	296	152	97	56	0.660714	0.633987
NC_000018.10:80038553	ENSG00000101546.13	RBFA	up	-1.41786	0.000627766	0.0443513	0.923724	236	212	67	86	0.526786	0.437908
NC_000018.10:80038553	ENSG00000101546.13	RBFA	enh	-1.41786	0.000627766	0.0443513	0.923724	236	212	67	86	0.526786	0.437908
NC_000003.12:194690499	ENSG00000185112.6	FAM43A	up	-1.34695	2.19118e-06	0.356308	0.288756	304	144	105	48	0.678571	0.686275
NC_000020.11:23549455	ENSG00000101435.5	CST9L	up	0.512062	0.180207	0.46305	0.28629	185	263	64	89	0.412946	0.418301
NC_000005.10:56908210	ENSG00000155542.12	SETD9	up	-0.52033	0.28874	-0.930406	0.105719	114	334	45	108	0.254464	0.294118
NC_000014.9:18656314	ENSG00000257115.2	OR11H12	up	-0.798514	0.230259	-0.496573	0.493003	52	396	12	141	0.116071	0.0784314
NC_000012.12:81204554	ENSG00000111052.8	LIN7A	up	1.3635	0.0152832	-0.306463	0.636137	87	361	29	124	0.194196	0.189542
NC_000011.10:27634039	ENSG00000176697.20	BDNF	up	-1.79988	0.0164986	0.0230847	0.979785	48	400	25	128	0.107143	0.163399
NC_000006.12:41366331	ENSG00000096264.14	NCR2	dn	1.05486	0.0729514	-0.0849132	0.894197	124	324	31	122	0.276786	0.202614
NC_000020.11:31200974	ENSG00000215547.1	DEFB115	up	0.45774	0.00782596	-0.125911	0.52292	114	334	41	112	0.254464	0.267974
NC_000022.11:47229329	ENSG00000054611.14	TBC1D22A	dn	0.490642	0.0877489	0.197138	0.533593	216	232	65	88	0.482143	0.424837
NC_000011.10:27287020	ENSG00000109881.17	CCDC34	up	-1.81646	0.00207196	0.196259	0.774625	98	350	37	116	0.21875	0.24183
NC_000021.9:35645867	ENSG00000159216.20	RUNX1	body	0.0547195	0.745461	0.274927	0.135834	347	101	116	37	0.774554	0.75817
NC_000009.12:113065180	ENSG00000136866.14	ZFP37	dn	1.03154	3.3936e-05	-0.291513	0.308038	350	98	119	34	0.78125	0.777778
NC_000011.10:27634158	ENSG00000176697.20	BDNF	up	-1.23623	0.032406	-0.473737	0.499653	48	400	25	128	0.107143	0.163399
NC_000011.10:27287146	ENSG00000109881.17	CCDC34	up	-2.3867	0.000382538	0.894821	0.251459	98	350	37	116	0.21875	0.24183
NC_000011.10:5907416	ENSG00000277932.2	OR52E5	up	1.33854	8.86692e-05	-0.599651	0.139532	166	282	60	93	0.370536	0.392157
NC_000016.10:31538312	ENSG00000169877.10	AHSP	dn	-2.00242	0.322669	-1.96121	0.374734	27	421	5	148	0.0602679	0.0326797
NC_000008.11:100752329	ENSG00000070756.17	PABPC1	dn	0.702549	0.0717461	0.145293	0.750339	107	341	41	112	0.238839	0.267974
NC_000002.12:208485469	ENSG00000144407.10	PTH2R	body	0.633706	0.0460781	0.0530406	0.879865	197	251	53	100	0.439732	0.346405
NC_000006.12:169598737	ENSG00000285733.1	ENSG00000285733	dn	1.11415	0.00585644	-0.196229	0.670335	235	213	73	80	0.524554	0.477124
NC_000001.11:2657917	ENSG00000142606.16	MMEL1	up	-0.228893	0.127509	-0.220479	0.221389	102	346	45	108	0.227679	0.294118
NC_000001.11:2657917	ENSG00000142606.16	MMEL1	dn	-0.222116	0.00755989	-0.0254388	0.786187	187	261	70	83	0.417411	0.457516
NC_000001.11:2657917	ENSG00000142606.16	MMEL1	body	-0.228893	0.127509	-0.220479	0.221389	102	346	45	108	0.227679	0.294118
NC_000019.10:21567861	ENSG00000197013.11	ZNF429	dn	-0.344919	0.00770867	-0.0700092	0.632284	132	316	51	102	0.294643	0.333333
NC_000019.10:21567861	ENSG00000197013.11	ZNF429	enh	-1.89122	0.0742041	-0.238234	0.840668	28	420	7	146	0.0625	0.0457516
NC_000011.10:122539863	ENSG00000154127.10	UBASH3B	up	0.560935	0.313917	1.09086	0.0951406	103	345	42	111	0.229911	0.27451
NC_000020.11:31238424	ENSG00000215547.1	DEFB115	up	0.868791	8.44862e-07	-0.222349	0.267738	114	334	41	112	0.254464	0.267974
NC_000002.12:74932347	ENSG00000115350.12	POLE4	dn	-1.86822	0.0634226	0.120794	0.908384	92	356	7	146	0.205357	0.0457516
NC_000004.12:186520124	ENSG00000272297.2	ENSG00000272297	up	-0.820061	0.0166538	0.131844	0.740795	222	226	69	84	0.495536	0.45098
NC_000012.12:112591396	ENSG00000089169.15	RPH3A	enh	1.05532	0.595226	nan	nan	6	442	1	152	0.0133929	0.00653595
NC_000010.11:37741463	ENSG00000198105.16	ZNF248	up	1.01891	0.0570335	0.300957	0.631072	83	365	32	121	0.185268	0.20915
NC_000010.11:37741463	ENSG00000198105.16	ZNF248	dn	1.01885	0.0572141	0.274154	0.662402	82	366	32	121	0.183036	0.20915
NC_000010.11:37741463	ENSG00000198105.16	ZNF248	body	1.01885	0.0572141	0.274154	0.662402	82	366	32	121	0.183036	0.20915
NC_000004.12:6684193	ENSG00000163993.7	S100P	up	1.55133	0.00840597	-0.414576	0.532985	56	392	18	135	0.125	0.117647
NC_000004.12:173435808	ENSG00000164106.8	SCRG1	dn	0.571535	0.425772	0.902746	0.260231	67	381	20	133	0.149554	0.130719
NC_000009.12:113082026	ENSG00000136866.14	ZFP37	dn	1.0887	3.56935e-05	0.0437293	0.885079	350	98	119	34	0.78125	0.777778
NC_000013.11:100555656	ENSG00000134864.11	GGACT	dn	-1.46061	0.0102051	0.428129	0.512861	207	241	72	81	0.462054	0.470588
NC_000020.11:22310285	ENSG00000125798.15	FOXA2	up	0.390906	0.258917	0.320279	0.406549	385	63	128	25	0.859375	0.836601
NC_000010.11:86822624	ENSG00000107779.16	BMPR1A	up	5.28544	0.00054792	-3.40739	0.0381971	32	416	5	148	0.0714286	0.0326797
NC_000010.11:86822624	ENSG00000107779.16	BMPR1A	body	0.608029	0.281918	0.940461	0.1475	71	377	19	134	0.158482	0.124183
NC_000006.12:129839421	ENSG00000203756.8	TMEM244	dn	0.837348	0.182151	0.494111	0.487678	191	257	39	114	0.426339	0.254902
NC_000018.10:79950532	ENSG00000122490.19	SLC66A2	enh	1.61289	0.00329391	-0.578339	0.360289	207	241	65	88	0.462054	0.424837
NC_000006.12:4020739	ENSG00000112739.17	PRPF4B	body	1.43436	0.0228812	-0.205507	0.775326	185	263	50	103	0.412946	0.326797
NC_000016.10:20649881	ENSG00000005187.12	ACSM3	body	-0.988607	0.0200322	0.115202	0.808682	131	317	37	116	0.292411	0.24183
NC_000009.12:21805208	ENSG00000099810.21	MTAP	up	-1.81061	0.210873	-1.64416	0.320435	39	409	14	139	0.0870536	0.0915033
NC_000001.11:2678928	ENSG00000142606.16	MMEL1	up	-0.511037	0.00457117	0.166582	0.440017	102	346	45	108	0.227679	0.294118
NC_000001.11:2678928	ENSG00000142606.16	MMEL1	dn	-0.352126	0.000466731	0.190023	0.0937249	187	261	70	83	0.417411	0.457516
NC_000001.11:2678928	ENSG00000142606.16	MMEL1	body	-0.511037	0.00457117	0.166582	0.440017	102	346	45	108	0.227679	0.294118
NC_000006.12:156118568	ENSG00000049618.25	ARID1B	body	0.8778	0.0280211	-0.0810618	0.861633	113	335	41	112	0.252232	0.267974
NC_000019.10:36291755	ENSG00000196357.12	ZNF565	up	-0.442511	0.0346936	-0.0786426	0.742996	81	367	26	127	0.180804	0.169935
NC_000005.10:181462972	ENSG00000230178.1	OR4F3	up	-2.40152	2.24214e-08	1.25002	0.0087172	176	272	59	94	0.392857	0.385621
NC_000005.10:181462972	ENSG00000230178.1	OR4F3	prom	-3.13677	1.45078e-07	1.40449	0.0416361	137	311	53	100	0.305804	0.346405
NC_000006.12:157285038	ENSG00000215712.11	TMEM242	up	-0.255454	0.198717	-0.201489	0.370029	258	190	76	77	0.575893	0.496732
NC_000020.11:45756606	ENSG00000149651.4	SPINT4	body	1.27056	0.0197656	-0.0566659	0.930154	82	366	36	117	0.183036	0.235294
NC_000008.11:66377636	ENSG00000179041.4	RRS1	up	-1.00175	0.0404443	0.0459691	0.932531	132	316	42	111	0.294643	0.27451
NC_000020.11:31224262	ENSG00000215547.1	DEFB115	up	0.26539	0.0171779	-0.0586755	0.645627	114	334	41	112	0.254464	0.267974
NC_000017.11:43360478	ENSG00000175906.5	ARL4D	up	3.49421	0.00121831	0.259857	0.837099	34	414	11	142	0.0758929	0.0718954
NC_000017.11:43360478	ENSG00000175906.5	ARL4D	prom	5.76496	4.79441e-05	-0.800578	0.632963	19	429	8	145	0.0424107	0.0522876
NC_000017.11:43360478	ENSG00000175906.5	ARL4D	enh	2.55948	0.000115579	-1.45059	0.0661253	88	360	28	125	0.196429	0.183007
NC_000011.10:102602034	ENSG00000137674.4	MMP20	up	-3.41662	0.000123648	-0.00875861	0.992953	72	376	18	135	0.160714	0.117647
NC_000011.10:102602034	ENSG00000137674.4	MMP20	dn	-1.63224	0.0051324	-0.277381	0.677517	109	339	28	125	0.243304	0.183007
NC_000011.10:102602034	ENSG00000137674.4	MMP20	body	-3.41662	0.000123648	-0.00875861	0.992953	72	376	18	135	0.160714	0.117647
NC_000011.10:102602034	ENSG00000137674.4	MMP20	enh	-3.41662	0.000123648	-0.00875861	0.992953	72	376	18	135	0.160714	0.117647
NC_000012.12:111211622	ENSG00000198324.14	PHETA1	up	-0.630365	0.162137	-0.125313	0.799398	82	366	20	133	0.183036	0.130719
NC_000002.12:172691605	ENSG00000091428.18	RAPGEF4	up	1.73813	0.0290203	-0.248939	0.777161	66	382	14	139	0.147321	0.0915033
NC_000010.11:46877453	ENSG00000204179.11	PTPN20	up	0.464499	0.124034	0.312271	0.37273	157	291	49	104	0.350446	0.320261
NC_000002.12:3287207	ENSG00000032389.13	EIPR1	up	-0.407076	0.0103832	0.114428	0.520307	174	274	47	106	0.388393	0.30719
NC_000002.12:3287207	ENSG00000032389.13	EIPR1	body	-0.337579	0.0121829	0.116167	0.439062	264	184	70	83	0.589286	0.457516
NC_000009.12:121811259	ENSG00000136848.19	DAB2IP	dn	-0.965761	0.0667121	0.0145824	0.980257	135	313	34	119	0.301339	0.222222
NC_000005.10:410718	ENSG00000180104.16	EXOC3	enh	-2.06108	2.73621e-05	nan	nan	5	443	0	153	0.0111607	0
NC_000020.11:54016614	ENSG00000064787.14	BCAS1	up	0.7321	0.358067	0.935602	0.295861	35	413	9	144	0.078125	0.0588235
NC_000020.11:54016614	ENSG00000064787.14	BCAS1	dn	0.7321	0.358067	0.935602	0.295861	35	413	9	144	0.078125	0.0588235
NC_000020.11:54016614	ENSG00000064787.14	BCAS1	body	0.7321	0.358067	0.935602	0.295861	35	413	9	144	0.078125	0.0588235
NC_000014.9:18660769	ENSG00000257115.2	OR11H12	up	-1.27205	0.0822727	0.142839	0.857587	52	396	12	141	0.116071	0.0784314
NC_000018.10:45770781	ENSG00000197046.12	SIGLEC15	up	-1.38647	0.0118585	0.239224	0.71109	92	356	36	117	0.205357	0.235294
NC_000020.11:22562122	ENSG00000125798.15	FOXA2	up	0.554625	0.0811121	0.0420841	0.90537	385	63	128	25	0.859375	0.836601
NC_000002.12:172546560	ENSG00000152256.14	PDK1	dn	0.82049	0.0402814	-0.0442084	0.921294	76	372	20	133	0.169643	0.130719
NC_000004.12:82485104	ENSG00000145293.17	ENOPH1	dn	-1.36073	0.0399251	0.0212578	0.977681	119	329	37	116	0.265625	0.24183
NC_000017.11:21855172	ENSG00000260458.3	KCNJ18	dn	2.6149	0.107279	0.0378612	0.98276	31	417	5	148	0.0691964	0.0326797
NC_000011.10:86623514	ENSG00000151376.19	ME3	up	-2.39496	0.00803455	-0.252149	0.81691	47	401	23	130	0.104911	0.150327
NC_000011.10:86623514	ENSG00000151376.19	ME3	body	-1.98165	0.00490576	0.176686	0.825281	97	351	30	123	0.216518	0.196078
NC_000007.14:100969450	ENSG00000205277.10	MUC12	up	0.253716	0.208262	0.174082	0.440942	153	295	43	110	0.341518	0.281046
NC_000012.12:112592564	ENSG00000089169.15	RPH3A	enh	2.70798	0.21365	nan	nan	6	442	1	152	0.0133929	0.00653595
NC_000006.12:157285398	ENSG00000215712.11	TMEM242	up	-0.213639	0.073761	-0.105985	0.432458	258	190	76	77	0.575893	0.496732
NC_000020.11:58637360	ENSG00000124222.23	STX16	up	0.810932	0.0418896	0.155176	0.740663	165	283	52	101	0.368304	0.339869
NC_000011.10:118680425	ENSG00000118094.12	TREH	dn	-0.936456	0.165645	-0.945782	0.236953	54	394	24	129	0.120536	0.156863
NC_000010.11:38090950	ENSG00000075407.19	ZNF37A	up	-1.65471	0.0100575	-0.0181834	0.980405	79	369	32	121	0.176339	0.20915
NC_000006.12:52064720	ENSG00000170927.15	PKHD1	up	0.614404	0.0804052	0.439148	0.268758	151	297	45	108	0.337054	0.294118
NC_000006.12:52064720	ENSG00000170927.15	PKHD1	body	0.312847	0.33019	0.371166	0.304179	217	231	62	91	0.484375	0.405229
NC_000017.11:21742708	ENSG00000260458.3	KCNJ18	dn	-0.316696	0.65764	-0.980319	0.204402	31	417	5	148	0.0691964	0.0326797
NC_000013.11:24311918	ENSG00000240654.6	C1QTNF9	body	3.38972	0.00421161	-0.3142	0.807317	65	383	12	141	0.145089	0.0784314
NC_000005.10:150802909	ENSG00000256235.3	SMIM3	dn	-0.268395	0.344154	-0.369891	0.240319	256	192	74	79	0.571429	0.48366
NC_000010.11:46890969	ENSG00000204179.11	PTPN20	up	1.02035	0.00282262	0.271295	0.492398	157	291	49	104	0.350446	0.320261
NC_000006.12:147985580	ENSG00000111961.19	SASH1	up	-0.533569	0.04805	-0.0954146	0.762649	112	336	41	112	0.25	0.267974
NC_000012.12:110992251	ENSG00000111249.14	CUX2	up	0.799772	0.0971394	0.292378	0.592102	43	405	12	141	0.0959821	0.0784314
NC_000009.12:127251527	ENSG00000136895.19	GARNL3	prom	-3.00793	0.0218285	0.482943	0.748706	28	420	9	144	0.0625	0.0588235
NC_000012.12:16054208	ENSG00000023697.13	DERA	dn	-0.917225	0.0299265	-0.539989	0.279301	130	318	47	106	0.290179	0.30719
NC_000001.11:121016686	ENSG00000263353.4	PPIAL4A	up	-1.49183	0.0289356	0.125217	0.873058	181	267	58	95	0.404018	0.379085
NC_000003.12:125991196	ENSG00000114547.10	ROPN1B	dn	-1.23932	0.0324523	0.307132	0.63224	197	251	33	120	0.439732	0.215686
NC_000001.11:121020882	ENSG00000263353.4	PPIAL4A	up	-1.89807	0.00436926	-0.0714629	0.925388	181	267	58	95	0.404018	0.379085
NC_000001.11:119437299	ENSG00000203859.10	HSD3B2	up	-2.29626	0.000261586	-0.392821	0.617988	36	412	19	134	0.0803571	0.124183
NC_000001.11:119437299	ENSG00000203859.10	HSD3B2	body	-4.29235	2.04226e-05	2.1579	0.0464626	50	398	8	145	0.111607	0.0522876
NC_000002.12:14381209	ENSG00000162981.14	LRATD1	up	1.01152	0.227415	0.568338	0.541403	28	420	4	149	0.0625	0.0261438
NC_000005.10:131863507	ENSG00000217128.13	FNIP1	up	1.41432	0.00370643	-0.476909	0.402772	77	371	30	123	0.171875	0.196078
NC_000005.10:131863507	ENSG00000217128.13	FNIP1	body	1.41335	0.00373958	-0.501083	0.378344	79	369	30	123	0.176339	0.196078
NC_000019.10:36286028	ENSG00000196357.12	ZNF565	up	-0.505662	0.0232191	0.0428197	0.866607	81	367	26	127	0.180804	0.169935
NC_000009.12:138173026	ENSG00000148408.15	CACNA1B	prom	-1.74532	0.0465514	-0.122522	0.904341	39	409	14	139	0.0870536	0.0915033
NC_000008.11:123666693	ENSG00000175946.9	KLHL38	dn	-0.962072	0.0917519	-0.435805	0.516765	82	366	29	124	0.183036	0.189542
NC_000009.12:113087131	ENSG00000136866.14	ZFP37	dn	1.81024	7.04949e-08	-0.594285	0.121971	350	98	119	34	0.78125	0.777778
NC_000019.10:21464520	ENSG00000197013.11	ZNF429	dn	0.272934	0.0987929	0.0612973	0.743346	132	316	51	102	0.294643	0.333333
NC_000012.12:55679431	ENSG00000170439.8	TMT1B	up	0.159656	0.667043	0.703249	0.0878945	298	150	91	62	0.665179	0.594771
NC_000007.14:57839089	ENSG00000182111.9	ZNF716	dn	-0.964935	0.0672405	0.0378615	0.948063	115	333	28	125	0.256696	0.183007
NC_000002.12:99487036	ENSG00000135945.10	REV1	up	-2.84332	0.000704394	0.227253	0.812512	48	400	15	138	0.107143	0.0980392
NC_000002.12:99487036	ENSG00000135945.10	REV1	dn	-2.84332	0.000704394	0.227253	0.812512	48	400	15	138	0.107143	0.0980392
NC_000002.12:99487036	ENSG00000135945.10	REV1	body	-2.84332	0.000704394	0.227253	0.812512	48	400	15	138	0.107143	0.0980392
NC_000002.12:99487036	ENSG00000135945.10	REV1	prom	-2.84332	0.000704394	0.227253	0.812512	48	400	15	138	0.107143	0.0980392
NC_000005.10:56908466	ENSG00000155542.12	SETD9	up	-1.24846	0.010705	-0.123985	0.828308	114	334	45	108	0.254464	0.294118
NC_000009.12:104633983	ENSG00000136839.1	OR13C9	dn	0.951532	0.073531	0.392484	0.519306	157	291	48	105	0.350446	0.313725
NC_000009.12:113087256	ENSG00000136866.14	ZFP37	dn	1.23968	1.76647e-06	-0.105111	0.723693	350	98	119	34	0.78125	0.777778
NC_000002.12:74933409	ENSG00000115350.12	POLE4	dn	-1.71688	0.0674207	0.0656424	0.946548	92	356	7	146	0.205357	0.0457516
NC_000004.12:25251012	ENSG00000168228.16	ZCCHC4	up	-1.75273	0.0018707	0.499688	0.416405	124	324	23	130	0.276786	0.150327
NC_000015.10:45214483	ENSG00000138606.20	SHF	up	-2.34744	0.010006	-0.00631138	0.995079	82	366	22	131	0.183036	0.143791
NC_000012.12:26708863	ENSG00000123104.12	ITPR2	up	0.430465	0.0904101	0.15339	0.604837	176	272	68	85	0.392857	0.444444
NC_000012.12:79999900	ENSG00000058272.19	PPP1R12A	up	-3.29408	0.00268174	1.82624	0.125145	59	389	8	145	0.131696	0.0522876
NC_000012.12:79999900	ENSG00000058272.19	PPP1R12A	body	-3.29408	0.00268174	1.82624	0.125145	59	389	8	145	0.131696	0.0522876
NC_000012.12:101776106	ENSG00000139351.15	SYCP3	dn	2.04532	9.16737e-05	-1.29887	0.0303299	127	321	44	109	0.283482	0.287582
NC_000007.14:158916248	ENSG00000126870.16	DYNC2I1	body	-0.397945	0.0080772	0.0556828	0.748515	291	157	82	71	0.649554	0.535948
NC_000010.11:38799242	ENSG00000283930.1	PLD5P1	up	-1.9896	0.000244366	0.316984	0.610826	79	369	32	121	0.176339	0.20915
NC_000010.11:38799242	ENSG00000283930.1	PLD5P1	dn	-0.843411	0.00971322	-0.143573	0.695182	152	296	52	101	0.339286	0.339869
NC_000010.11:38799242	ENSG00000283930.1	PLD5P1	body	-1.33255	0.000262944	0.145378	0.727298	127	321	46	107	0.283482	0.300654
NC_000001.11:160077919	ENSG00000162728.5	KCNJ9	up	-3.24574	2.82773e-06	1.60381	0.0446436	66	382	23	130	0.147321	0.150327
NC_000013.11:51164388	ENSG00000226792.8	C13orf42	dn	-3.07641	3.3944e-06	1.80104	0.0233429	39	409	15	138	0.0870536	0.0980392
NC_000010.11:38831961	ENSG00000283930.1	PLD5P1	up	-3.2338	1.56271e-07	0.893131	0.20472	79	369	32	121	0.176339	0.20915
NC_000010.11:38831961	ENSG00000283930.1	PLD5P1	dn	-1.89675	3.01182e-07	0.572688	0.165396	152	296	52	101	0.339286	0.339869
NC_000010.11:38831961	ENSG00000283930.1	PLD5P1	body	-1.81381	1.4482e-05	0.284623	0.550279	127	321	46	107	0.283482	0.300654
NC_000008.11:81841434	ENSG00000104497.15	SNX16	up	0.321656	0.498737	0.755891	0.157511	261	187	79	74	0.582589	0.51634
NC_000005.10:144132073	ENSG00000145817.17	YIPF5	up	3.85404	4.10678e-08	-1.39754	0.0666587	96	352	20	133	0.214286	0.130719
NC_000002.12:112432312	ENSG00000169629.12	RGPD8	up	-0.333299	0.342149	-0.406645	0.288338	96	352	26	127	0.214286	0.169935
NC_000002.12:112432312	ENSG00000169629.12	RGPD8	dn	-1.04394	0.150735	-1.85023	0.0292063	19	429	7	146	0.0424107	0.0457516
NC_000002.12:112432312	ENSG00000169629.12	RGPD8	prom	-1.35206	0.0840117	-1.54355	0.0847166	19	429	6	147	0.0424107	0.0392157
NC_000018.10:87311	ENSG00000173213.11	TUBB8B	dn	0.354998	0.000249667	-0.229467	0.03182	150	298	47	106	0.334821	0.30719
NC_000012.12:112563792	ENSG00000089169.15	RPH3A	enh	-0.597082	0.722322	nan	nan	6	442	1	152	0.0133929	0.00653595
NC_000014.9:19723115	ENSG00000176294.6	OR4N2	body	1.26375	0.00996711	-0.31569	0.583145	351	97	118	35	0.783482	0.771242
NC_000013.11:114297039	ENSG00000169062.15	UPF3A	up	0.456303	0.0140217	-0.125785	0.552556	387	61	136	17	0.863839	0.888889
NC_000009.12:113082034	ENSG00000136866.14	ZFP37	dn	0.319863	0.0706265	0.0788389	0.69978	350	98	119	34	0.78125	0.777778
NC_000009.12:113082037	ENSG00000136866.14	ZFP37	dn	0.973063	0.000141162	-0.198182	0.500358	350	98	119	34	0.78125	0.777778
NC_000004.12:102843081	ENSG00000109332.20	UBE2D3	up	-1.34686	0.00806289	0.488661	0.389185	130	318	34	119	0.290179	0.222222
NC_000004.12:102843081	ENSG00000109332.20	UBE2D3	dn	-1.34686	0.00806289	0.488661	0.389185	130	318	34	119	0.290179	0.222222
NC_000004.12:102843081	ENSG00000109332.20	UBE2D3	body	-1.34686	0.00806289	0.488661	0.389185	130	318	34	119	0.290179	0.222222
NC_000011.10:6852366	ENSG00000166363.6	OR10A5	dn	1.21651	0.00355869	0.212841	0.649654	108	340	32	121	0.241071	0.20915
NC_000004.12:82482833	ENSG00000145293.17	ENOPH1	dn	-1.55877	0.0221493	-0.617463	0.429505	119	329	37	116	0.265625	0.24183
NC_000008.11:19868637	ENSG00000175445.17	LPL	up	1.248	0.013232	-0.267383	0.649464	115	333	45	108	0.256696	0.294118
NC_000001.11:42372262	ENSG00000177181.15	RIMKLA	up	3.09456	0.00133968	-1.32467	0.214554	54	394	12	141	0.120536	0.0784314
NC_000012.12:62458272	ENSG00000061987.16	MON2	body	1.26242	0.00260118	-0.488948	0.318182	185	263	63	90	0.412946	0.411765
NC_000020.11:31237141	ENSG00000215547.1	DEFB115	up	0.393313	0.00095143	-0.126113	0.354117	114	334	41	112	0.254464	0.267974
NC_000008.11:66330417	ENSG00000179041.4	RRS1	up	-1.52324	0.000314157	0.641727	0.170461	132	316	42	111	0.294643	0.27451
NC_000013.11:32268712	ENSG00000139618.19	BRCA2	up	-0.17983	0.749348	-1.14118	0.0728712	64	384	17	136	0.142857	0.111111
NC_000011.10:14050394	ENSG00000262655.4	SPON1	body	0.389645	0.307792	0.595939	0.180205	252	196	74	79	0.5625	0.48366
NC_000021.9:36450674	ENSG00000159259.8	CHAF1B	dn	1.2431	0.0178665	0.114305	0.847222	79	369	24	129	0.176339	0.156863
NC_000002.12:177387192	ENSG00000018510.18	AGPS	body	-0.931202	0.00141718	0.437267	0.1912	123	325	54	99	0.274554	0.352941
NC_000011.10:112904113	ENSG00000149294.18	NCAM1	prom	4.41898	1.04316e-07	nan	nan	2	446	0	153	0.00446429	0
NC_000009.12:113082275	ENSG00000136866.14	ZFP37	dn	0.162341	0.290188	0.270609	0.127753	350	98	119	34	0.78125	0.777778
NC_000002.12:118892104	ENSG00000163064.7	EN1	dn	1.08397	3.26788e-06	-0.608914	0.0228812	134	314	44	109	0.299107	0.287582
NC_000018.10:79147549	ENSG00000166377.21	ATP9B	up	2.64925	0.0106451	1.73862	0.140884	42	406	8	145	0.09375	0.0522876
NC_000018.10:79147549	ENSG00000166377.21	ATP9B	body	0.74275	0.000709863	0.187468	0.450186	327	121	104	49	0.729911	0.679739
NC_000008.11:22922365	ENSG00000008853.18	RHOBTB2	up	-1.12494	0.0140438	-0.113128	0.829662	81	367	26	127	0.180804	0.169935
NC_000008.11:22922365	ENSG00000008853.18	RHOBTB2	enh	-1.12494	0.0140438	-0.113128	0.829662	81	367	26	127	0.180804	0.169935
NC_000009.12:94569483	ENSG00000130957.5	FBP2	dn	-0.635852	0.389583	-1.08861	0.201077	59	389	19	134	0.131696	0.124183
NC_000006.12:122362923	ENSG00000025156.13	HSF2	up	1.09007	0.123268	0.397391	0.622755	76	372	24	129	0.169643	0.156863
NC_000005.10:38312947	ENSG00000164318.18	EGFLAM	body	1.09457	0.0169445	-0.194701	0.712281	287	161	101	52	0.640625	0.660131
NC_000011.10:102602049	ENSG00000137674.4	MMP20	up	-1.46579	0.0545005	-1.5748	0.065347	72	376	18	135	0.160714	0.117647
NC_000011.10:102602049	ENSG00000137674.4	MMP20	dn	-0.574004	0.251023	-1.08019	0.059977	109	339	28	125	0.243304	0.183007
NC_000011.10:102602049	ENSG00000137674.4	MMP20	body	-1.46579	0.0545005	-1.5748	0.065347	72	376	18	135	0.160714	0.117647
NC_000011.10:102602049	ENSG00000137674.4	MMP20	enh	-1.46579	0.0545005	-1.5748	0.065347	72	376	18	135	0.160714	0.117647
NC_000002.12:96741650	ENSG00000114988.12	LMAN2L	enh	2.37727	0.286098	nan	nan	3	445	1	152	0.00669643	0.00653595
NC_000005.10:36792721	ENSG00000164190.19	NIPBL	up	1.18952	0.0245568	-0.22295	0.712288	172	276	48	105	0.383929	0.313725
NC_000001.11:161470393	ENSG00000143226.16	FCGR2A	up	0.609613	0.255601	0.502359	0.408152	110	338	40	113	0.245536	0.261438
NC_000002.12:3287336	ENSG00000032389.13	EIPR1	up	-0.255156	0.121262	-0.064995	0.725101	174	274	47	106	0.388393	0.30719
NC_000006.12:104498042	ENSG00000085382.12	HACE1	dn	-0.354332	0.509753	2.30129	0.000382294	27	421	12	141	0.0602679	0.0784314
NC_000017.11:70206424	ENSG00000123700.5	KCNJ2	dn	2.552	0.000691634	0.574742	0.504184	144	304	44	109	0.321429	0.287582
NC_000002.12:74950962	ENSG00000115350.12	POLE4	dn	0.43388	0.73825	-2.234	0.0998462	92	356	7	146	0.205357	0.0457516
NC_000006.12:169586929	ENSG00000285733.1	ENSG00000285733	dn	0.462083	0.0320877	-0.0331988	0.892692	235	213	73	80	0.524554	0.477124
NC_000006.12:109950993	ENSG00000146360.9	GPR6	enh	-2.36602	4.36243e-05	nan	nan	5	443	0	153	0.0111607	0
NC_000010.11:98264790	ENSG00000138131.4	LOXL4	up	-1.78233	0.0177806	-0.799116	0.408046	23	425	16	137	0.0513393	0.104575
NC_000010.11:98264790	ENSG00000138131.4	LOXL4	body	-1.78233	0.0177806	-0.799116	0.408046	23	425	16	137	0.0513393	0.104575
NC_000001.11:121643383	ENSG00000188610.12	FAM72B	up	-0.718579	0.284431	-0.953484	0.208123	26	422	7	146	0.0580357	0.0457516
NC_000001.11:121643383	ENSG00000188610.12	FAM72B	dn	-1.00754	0.164096	-0.337977	0.666414	36	412	6	147	0.0803571	0.0392157
NC_000001.11:58636123	ENSG00000184292.7	TACSTD2	dn	1.69565	0.000446727	-1.00876	0.0607009	183	265	56	97	0.408482	0.366013
NC_000011.10:36048366	ENSG00000179241.13	LDLRAD3	body	0.540881	0.112275	0.0826204	0.828719	189	259	52	101	0.421875	0.339869
NC_000016.10:75621302	ENSG00000065457.11	ADAT1	up	2.30097	0.00359444	0.154823	0.87471	30	418	17	136	0.0669643	0.111111
NC_000016.10:75621302	ENSG00000065457.11	ADAT1	dn	3.00638	0.00919729	-0.0225308	0.987377	22	426	12	141	0.0491071	0.0784314
NC_000016.10:75621302	ENSG00000065457.11	ADAT1	body	3.00638	0.00919729	-0.0225308	0.987377	22	426	12	141	0.0491071	0.0784314
NC_000016.10:75621302	ENSG00000065457.11	ADAT1	enh	3.00638	0.00919729	-0.0225308	0.987377	22	426	12	141	0.0491071	0.0784314
NC_000005.10:102752133	ENSG00000145730.21	PAM	up	-1.03079	0.393966	-1.27277	0.324735	71	377	9	144	0.158482	0.0588235
NC_000005.10:102752133	ENSG00000145730.21	PAM	enh	-1.03079	0.393966	-1.27277	0.324735	71	377	9	144	0.158482	0.0588235
NC_000001.11:2662070	ENSG00000142606.16	MMEL1	dn	-0.318761	0.00127259	0.17381	0.119124	187	261	70	83	0.417411	0.457516
NC_000006.12:109966145	ENSG00000146360.9	GPR6	enh	-1.54377	5.78984e-05	nan	nan	5	443	0	153	0.0111607	0
NC_000001.11:121020771	ENSG00000263353.4	PPIAL4A	up	-1.41638	0.0446692	-0.277273	0.732052	181	267	58	95	0.404018	0.379085
NC_000001.11:121020775	ENSG00000263353.4	PPIAL4A	up	-1.65144	0.0138102	-0.684301	0.373851	181	267	58	95	0.404018	0.379085
NC_000002.12:74942836	ENSG00000115350.12	POLE4	dn	-3.44408	0.011503	1.23195	0.385661	92	356	7	146	0.205357	0.0457516
NC_000003.12:151384132	ENSG00000169313.10	P2RY12	up	1.46301	0.0138007	-0.416338	0.532693	75	373	23	130	0.167411	0.150327
NC_000001.11:2669876	ENSG00000142606.16	MMEL1	up	-0.736574	8.93385e-07	0.578447	0.00122922	102	346	45	108	0.227679	0.294118
NC_000001.11:2669876	ENSG00000142606.16	MMEL1	dn	-0.42561	3.8098e-07	0.345082	0.00025297	187	261	70	83	0.417411	0.457516
NC_000001.11:2669876	ENSG00000142606.16	MMEL1	body	-0.736574	8.93385e-07	0.578447	0.00122922	102	346	45	108	0.227679	0.294118
NC_000009.12:113079362	ENSG00000136866.14	ZFP37	dn	-0.61193	0.00101999	0.174261	0.416828	350	98	119	34	0.78125	0.777778
NC_000007.14:26329719	ENSG00000086300.17	SNX10	dn	1.32638	0.00703379	-0.292442	0.597212	142	306	29	124	0.316964	0.189542
NC_000017.11:68431762	ENSG00000070540.13	WIPI1	up	-1.56843	8.44337e-05	0.0539187	0.905651	145	303	45	108	0.323661	0.294118
NC_000017.11:68431762	ENSG00000070540.13	WIPI1	dn	-0.826038	0.004021	-0.0859929	0.792569	167	281	51	102	0.372768	0.333333
NC_000017.11:68431762	ENSG00000070540.13	WIPI1	body	-1.56843	8.44337e-05	0.0539187	0.905651	145	303	45	108	0.323661	0.294118
NC_000014.9:66659184	ENSG00000171723.16	GPHN	up	-2.02968	0.00531922	-0.071881	0.932972	58	390	23	130	0.129464	0.150327
NC_000014.9:66659184	ENSG00000171723.16	GPHN	body	-0.822374	5.64269e-05	-0.0719087	0.756104	168	280	61	92	0.375	0.398693
NC_000007.14:137771001	ENSG00000157680.17	DGKI	up	1.54547	0.0318142	-0.129063	0.874734	110	338	31	122	0.245536	0.202614
NC_000020.11:31065043	ENSG00000215547.1	DEFB115	up	0.0962712	0.0351628	-0.00641154	0.902585	114	334	41	112	0.254464	0.267974
NC_000010.11:79953806	ENSG00000133661.17	SFTPD	body	1.82091	0.000820054	0.345613	0.600783	48	400	25	128	0.107143	0.163399
NC_000006.12:167214800	ENSG00000112494.10	UNC93A	up	-0.337249	0.221872	-0.29032	0.355827	273	175	91	62	0.609375	0.594771
NC_000009.12:113087022	ENSG00000136866.14	ZFP37	dn	1.11293	3.12213e-05	0.347128	0.258398	350	98	119	34	0.78125	0.777778
NC_000004.12:119369076	ENSG00000145384.4	FABP2	dn	0.432747	0.0238206	0.0220536	0.919771	145	303	43	110	0.323661	0.281046
NC_000009.12:113066376	ENSG00000136866.14	ZFP37	dn	0.209245	0.223827	0.328019	0.0995186	350	98	119	34	0.78125	0.777778
NC_000011.10:126507594	ENSG00000110080.20	ST3GAL4	enh	-3.9047	1.11956e-06	nan	nan	3	445	0	153	0.00669643	0
NC_000002.12:238432451	ENSG00000065802.12	ASB1	body	-3.96702	8.0816e-12	1.84247	0.00684921	30	418	13	140	0.0669643	0.0849673
NC_000015.10:100058573	ENSG00000140470.15	ADAMTS17	dn	0.531604	0.0494452	0.0703203	0.820408	147	301	57	96	0.328125	0.372549
NC_000006.12:54831629	ENSG00000168143.9	FAM83B	up	1.98877	0.000410818	-0.454714	0.477334	53	395	17	136	0.118304	0.111111
NC_000005.10:56908352	ENSG00000155542.12	SETD9	up	-0.57634	0.19985	-0.780187	0.138732	114	334	45	108	0.254464	0.294118
NC_000019.10:21562662	ENSG00000197013.11	ZNF429	dn	-0.329517	0.00987921	-0.0840341	0.560559	132	316	51	102	0.294643	0.333333
NC_000009.12:113087141	ENSG00000136866.14	ZFP37	dn	1.23454	0.000394767	-0.245077	0.54114	350	98	119	34	0.78125	0.777778
NC_000013.11:24935707	ENSG00000151849.16	CENPJ	dn	1.13816	0.00181973	-0.186274	0.646365	246	202	68	85	0.549107	0.444444
NC_000002.12:56429089	ENSG00000055813.6	CCDC85A	dn	-0.572601	0.0491786	-0.0380874	0.908748	198	250	65	88	0.441964	0.424837
NC_000006.12:157283942	ENSG00000215712.11	TMEM242	up	-0.307921	0.0644246	-0.0970811	0.605811	258	190	76	77	0.575893	0.496732
NC_000001.11:201688642	ENSG00000198700.10	IPO9	up	0.843598	0.104884	0.186764	0.754849	258	190	57	96	0.575893	0.372549
NC_000001.11:201688642	ENSG00000198700.10	IPO9	enh	0.819825	0.124124	0.370468	0.549994	251	197	56	97	0.560268	0.366013
NC_000010.11:79952638	ENSG00000133661.17	SFTPD	dn	-0.637383	0.0983782	-0.310402	0.497175	118	330	51	102	0.263393	0.333333
NC_000003.12:10656471	ENSG00000157087.20	ATP2B2	up	1.28787	0.0346551	0.010723	0.987845	78	370	26	127	0.174107	0.169935
NC_000010.11:25896556	ENSG00000095777.17	MYO3A	up	0.99089	0.00395243	-0.319381	0.424996	185	263	61	92	0.412946	0.398693
NC_000004.12:77308731	ENSG00000138764.15	CCNG2	body	0.681641	0.0216641	-0.0480441	0.887742	304	144	103	50	0.678571	0.673203
NC_000016.10:20768202	ENSG00000066654.14	THUMPD1	dn	-1.90607	0.00718654	0.0776605	0.923857	102	346	32	121	0.227679	0.20915
NC_000009.12:113087387	ENSG00000136866.14	ZFP37	dn	1.08292	7.27731e-06	-0.0103361	0.970234	350	98	119	34	0.78125	0.777778
NC_000007.14:34611615	ENSG00000187258.14	NPSR1	up	-0.861329	0.0465459	0.0829922	0.863044	151	297	41	112	0.337054	0.267974
NC_000011.10:110486275	ENSG00000137714.3	FDX1	dn	-1.89437	0.00106626	0.270261	0.687805	161	287	64	89	0.359375	0.418301
NC_000011.10:110486275	ENSG00000137714.3	FDX1	body	-2.64856	7.50554e-05	1.28096	0.10094	103	345	41	112	0.229911	0.267974
NC_000019.10:23891013	ENSG00000213967.12	ZNF726	dn	-0.3243	0.0878684	-0.0381388	0.857014	261	187	77	76	0.582589	0.503268
NC_000004.12:37103514	ENSG00000174145.8	NWD2	enh	-6.57065	8.72768e-06	nan	nan	0	448	3	150	0	0.0196078
NC_000006.12:157312392	ENSG00000215712.11	TMEM242	up	0.223929	0.00884221	-0.0698239	0.469335	258	190	76	77	0.575893	0.496732
NC_000009.12:32713903	ENSG00000188133.6	TMEM215	up	0.742369	0.303577	0.759082	0.350198	39	409	12	141	0.0870536	0.0784314
NC_000003.12:126865955	ENSG00000114554.12	PLXNA1	up	-4.90791	0.000802918	1.76562	0.2776	38	410	9	144	0.0848214	0.0588235
NC_000003.12:126865955	ENSG00000114554.12	PLXNA1	enh	-4.90791	0.000802918	1.76562	0.2776	38	410	9	144	0.0848214	0.0588235
NC_000001.11:2659164	ENSG00000142606.16	MMEL1	dn	-0.498566	0.00391468	0.22642	0.245351	187	261	70	83	0.417411	0.457516
NC_000003.12:189631146	ENSG00000073282.14	TP63	body	0.942395	0.0127238	-0.189115	0.670712	161	287	50	103	0.359375	0.326797
NC_000012.12:112654971	ENSG00000089169.15	RPH3A	enh	8.33161	0.00220891	nan	nan	6	442	1	152	0.0133929	0.00653595
NC_000008.11:103125405	ENSG00000164929.17	BAALC	up	-0.0786934	0.920294	-1.4972	0.0791835	76	372	12	141	0.169643	0.0784314
NC_000011.10:11787772	ENSG00000170242.19	USP47	up	-1.7963	0.00487169	0.478659	0.496712	85	363	23	130	0.189732	0.150327
NC_000012.12:98427418	ENSG00000120802.14	TMPO	enh	-9.11336	0.000149789	nan	nan	6	442	1	152	0.0133929	0.00653595
NC_000017.11:73178027	ENSG00000180616.9	SSTR2	dn	0.79419	0.000971271	-0.292627	0.292104	218	230	100	53	0.486607	0.653595
NC_000017.11:73178027	ENSG00000180616.9	SSTR2	prom	0.834361	0.00128141	-0.215419	0.479361	190	258	87	66	0.424107	0.568627
NC_000006.12:27440982	ENSG00000096654.16	ZNF184	up	-0.373741	0.412945	-0.868615	0.104315	103	345	32	121	0.229911	0.20915
NC_000003.12:56540400	ENSG00000180376.17	CCDC66	body	-1.01061	0.0178294	0.0555938	0.906858	130	318	38	115	0.290179	0.248366
NC_000007.14:158543149	ENSG00000155093.20	PTPRN2	up	-0.413808	0.00768034	-0.00152586	0.993252	262	186	86	67	0.584821	0.562092
NC_000004.12:42326509	ENSG00000178343.5	SHISA3	up	0.842906	0.0662299	0.334625	0.523146	178	270	52	101	0.397321	0.339869
NC_000007.14:100952437	ENSG00000169894.18	MUC3A	body	-4.52549	3.64911e-09	0.857315	0.31648	89	359	26	127	0.198661	0.169935
NC_000020.11:26469828	ENSG00000130684.14	ZNF337	up	-0.382982	0.000303554	0.22038	0.0673081	63	385	22	131	0.140625	0.143791
NC_000005.10:179103784	ENSG00000177932.7	ZNF354C	dn	-0.820761	0.000392741	0.319909	0.2241	214	234	76	77	0.477679	0.496732
NC_000001.11:115252844	ENSG00000134259.6	NGF	up	0.931852	0.0238091	-0.124222	0.794933	116	332	41	112	0.258929	0.267974
NC_000021.9:34688340	ENSG00000159212.13	CLIC6	body	-5.13557	0.000589106	1.43715	0.368504	27	421	4	149	0.0602679	0.0261438
NC_000021.9:34688340	ENSG00000159212.13	CLIC6	enh	-5.13557	0.000589106	1.43715	0.368504	27	421	4	149	0.0602679	0.0261438
NC_000009.12:113082162	ENSG00000136866.14	ZFP37	dn	0.808972	8.6439e-06	-0.288577	0.167016	350	98	119	34	0.78125	0.777778
NC_000009.12:113082165	ENSG00000136866.14	ZFP37	dn	0.289062	0.119266	0.114921	0.592123	350	98	119	34	0.78125	0.777778
NC_000009.12:113082168	ENSG00000136866.14	ZFP37	dn	0.275781	0.0947853	0.145738	0.445021	350	98	119	34	0.78125	0.777778
NC_000001.11:90725880	ENSG00000143032.8	BARHL2	dn	-0.197682	0.875528	-1.99718	0.141167	34	414	5	148	0.0758929	0.0326797
NC_000003.12:173522196	ENSG00000169760.18	NLGN1	dn	2.64378	0.0279505	-0.678832	0.607731	24	424	5	148	0.0535714	0.0326797
NC_000011.10:27635221	ENSG00000176697.20	BDNF	up	-2.05898	0.00178406	0.151807	0.849232	48	400	25	128	0.107143	0.163399
NC_000013.11:24686716	ENSG00000075673.12	ATP12A	body	-2.41585	0.00166517	1.14925	0.193006	69	379	25	128	0.154018	0.163399
NC_000014.9:31473679	ENSG00000214943.5	GPR33	up	0.944356	0.00234217	-0.26165	0.44442	138	310	42	111	0.308036	0.27451
NC_000020.11:22674679	ENSG00000125798.15	FOXA2	dn	-1.74944	0.0278426	-0.447446	0.624982	24	424	10	143	0.0535714	0.0653595
NC_000008.11:31685376	ENSG00000157168.22	NRG1	body	1.44393	0.00200505	-0.727116	0.164757	204	244	65	88	0.455357	0.424837
NC_000010.11:27715201	ENSG00000150051.14	MKX	up	-1.5225	0.0143422	0.404408	0.568718	191	257	65	88	0.426339	0.424837
NC_000010.11:27715201	ENSG00000150051.14	MKX	dn	-0.335161	0.234242	-0.31616	0.330312	277	171	96	57	0.618304	0.627451
NC_000018.10:10280774	ENSG00000154856.13	APCDD1	enh	-3.60091	0.000140223	1.96623	0.0632579	59	389	15	138	0.131696	0.0980392
NC_000010.11:46898000	ENSG00000204179.11	PTPN20	up	0.580595	0.0262151	0.258783	0.392487	157	291	49	104	0.350446	0.320261
NC_000006.12:149129448	ENSG00000055208.20	TAB2	enh	0.947619	0.608053	1.92933	0.326579	32	416	4	149	0.0714286	0.0261438
NC_000009.12:1033176	ENSG00000173253.16	DMRT2	up	-0.492977	0.265521	-0.299828	0.53707	161	287	44	109	0.359375	0.287582
NC_000004.12:82485009	ENSG00000145293.17	ENOPH1	dn	-1.26067	0.0316908	0.0621266	0.926465	119	329	37	116	0.265625	0.24183
NC_000010.11:46898122	ENSG00000204179.11	PTPN20	up	0.597287	0.0155147	0.173284	0.544333	157	291	49	104	0.350446	0.320261
NC_000013.11:23665582	ENSG00000127863.16	TNFRSF19	body	0.89776	0.187144	0.886844	0.244418	150	298	24	129	0.334821	0.156863
NC_000003.12:125990914	ENSG00000114547.10	ROPN1B	dn	-2.34228	0.00231621	-0.0310095	0.970891	197	251	33	120	0.439732	0.215686
NC_000003.12:125990917	ENSG00000114547.10	ROPN1B	dn	-3.15941	5.22669e-05	0.43602	0.612459	197	251	33	120	0.439732	0.215686
NC_000020.11:30280361	ENSG00000215547.1	DEFB115	up	-0.693881	0.000574705	0.247628	0.282404	114	334	41	112	0.254464	0.267974
NC_000001.11:121644684	ENSG00000188610.12	FAM72B	dn	-0.937063	0.161927	-0.203798	0.778753	36	412	6	147	0.0803571	0.0392157
NC_000009.12:121816139	ENSG00000136848.19	DAB2IP	dn	-0.495703	0.31739	-0.538276	0.332498	135	313	34	119	0.301339	0.222222
NC_000012.12:87927647	ENSG00000133641.18	RLIG1	up	-2.31839	3.18841e-06	0.643921	0.249657	273	175	74	79	0.609375	0.48366
NC_000008.11:123667649	ENSG00000175946.9	KLHL38	dn	-1.4625	0.0195841	0.116444	0.874497	82	366	29	124	0.183036	0.189542
NC_000003.12:4097287	ENSG00000170364.13	SETMAR	up	0.460777	0.368086	0.739311	0.207797	151	297	50	103	0.337054	0.326797
NC_000010.11:11764642	ENSG00000134463.15	ECHDC3	prom	-0.264832	0.600078	-1.12267	0.0565895	174	274	68	85	0.388393	0.444444
NC_000003.12:64400317	ENSG00000163637.13	PRICKLE2	up	-1.82476	0.0114598	0.538199	0.501808	44	404	11	142	0.0982143	0.0718954
NC_000001.11:2675194	ENSG00000142606.16	MMEL1	up	-0.477853	0.0213628	-0.145823	0.557828	102	346	45	108	0.227679	0.294118
NC_000001.11:2675194	ENSG00000142606.16	MMEL1	dn	-0.285408	0.0141875	0.0200401	0.878693	187	261	70	83	0.417411	0.457516
NC_000001.11:2675194	ENSG00000142606.16	MMEL1	body	-0.477853	0.0213628	-0.145823	0.557828	102	346	45	108	0.227679	0.294118
NC_000012.12:26783759	ENSG00000123104.12	ITPR2	up	0.469681	0.0199319	0.335321	0.153971	176	272	68	85	0.392857	0.444444
NC_000012.12:26783759	ENSG00000123104.12	ITPR2	body	0.2333	0.104882	0.23244	0.169413	306	142	111	42	0.683036	0.72549
NC_000002.12:74954540	ENSG00000115350.12	POLE4	dn	-1.37438	0.175163	-0.252529	0.811344	92	356	7	146	0.205357	0.0457516
NC_000019.10:36287334	ENSG00000196357.12	ZNF565	up	-0.307681	0.0973139	-0.0937698	0.659138	81	367	26	127	0.180804	0.169935
NC_000005.10:824320	ENSG00000188818.13	ZDHHC11	up	-0.0564339	0.610185	-0.215046	0.0900579	340	108	100	53	0.758929	0.653595
NC_000005.10:824320	ENSG00000188818.13	ZDHHC11	dn	-0.0586177	0.599858	-0.219782	0.0852813	339	109	100	53	0.756696	0.653595
NC_000005.10:824320	ENSG00000188818.13	ZDHHC11	body	-0.0586313	0.599732	-0.22113	0.0834641	339	109	100	53	0.756696	0.653595
NC_000003.12:61254798	ENSG00000189283.11	FHIT	up	1.56668	0.0147761	-0.148173	0.839681	242	206	51	102	0.540179	0.333333
NC_000015.10:77772440	ENSG00000169783.13	LINGO1	up	-0.388281	0.116876	-0.148179	0.605302	173	275	67	86	0.386161	0.437908
NC_000009.12:104834884	ENSG00000165028.12	NIPSNAP3B	dn	-0.610091	0.000122661	0.371789	0.0470125	260	188	94	59	0.580357	0.614379
NC_000008.11:138541589	ENSG00000147724.12	FAM135B	up	1.2673	0.000845146	-0.687122	0.105237	208	240	36	117	0.464286	0.235294
NC_000009.12:113087035	ENSG00000136866.14	ZFP37	dn	0.875471	0.00578612	0.318357	0.384404	350	98	119	34	0.78125	0.777778
NC_000002.12:96451832	ENSG00000163121.10	NEURL3	up	0.852112	0.0465872	-0.0326184	0.946944	189	259	64	89	0.421875	0.418301
NC_000001.11:45330146	ENSG00000186603.7	HPDL	dn	2.18883	0.0019002	0.0651277	0.936724	73	375	27	126	0.162946	0.176471
NC_000001.11:45330146	ENSG00000186603.7	HPDL	enh	2.35191	0.000956007	0.152548	0.854177	69	379	26	127	0.154018	0.169935
NC_000010.11:7932290	ENSG00000107485.18	GATA3	up	-1.47212	9.15816e-05	0.820943	0.0540213	207	241	83	70	0.462054	0.542484
NC_000002.12:177383049	ENSG00000018510.18	AGPS	body	-1.58923	0.00144422	0.178202	0.755205	123	325	54	99	0.274554	0.352941
NC_000011.10:123322390	ENSG00000023171.20	GRAMD1B	prom	-1.76941	0.00270289	0.56038	0.407542	120	328	38	115	0.267857	0.248366
NC_000012.12:16079397	ENSG00000023697.13	DERA	dn	-1.81144	0.000182673	0.97513	0.0871861	130	318	47	106	0.290179	0.30719
NC_000004.12:119328485	ENSG00000145384.4	FABP2	dn	0.834182	0.00231129	-0.268628	0.390155	145	303	43	110	0.323661	0.281046
NC_000010.11:46881569	ENSG00000204179.11	PTPN20	up	1.01662	6.52601e-05	0.0976533	0.739411	157	291	49	104	0.350446	0.320261
NC_000002.12:73898051	ENSG00000163017.14	ACTG2	body	1.80213	6.22473e-09	-0.484338	0.178215	145	303	54	99	0.323661	0.352941
NC_000007.14:22813997	ENSG00000196683.12	TOMM7	body	2.02486	0.000816869	-1.07912	0.123545	180	268	63	90	0.401786	0.411765
NC_000020.11:31052187	ENSG00000215547.1	DEFB115	up	0.0830569	0.0341273	-0.00291793	0.948223	114	334	41	112	0.254464	0.267974
NC_000020.11:31234766	ENSG00000215547.1	DEFB115	up	0.56662	0.00188772	-0.0280542	0.892989	114	334	41	112	0.254464	0.267974
NC_000009.12:113087276	ENSG00000136866.14	ZFP37	dn	0.445492	0.0844192	0.547019	0.0671069	350	98	119	34	0.78125	0.777778
NC_000011.10:124206387	ENSG00000255425.6	OR8G3P	up	-1.33082	0.130703	-0.747226	0.469414	26	422	10	143	0.0580357	0.0653595
NC_000011.10:124206387	ENSG00000255425.6	OR8G3P	dn	-0.933265	0.00572422	0.225462	0.567481	80	368	35	118	0.178571	0.228758
NC_000006.12:27440638	ENSG00000096654.16	ZNF184	up	-0.11612	0.702411	-0.779977	0.0286513	103	345	32	121	0.229911	0.20915
NC_000018.10:44924938	ENSG00000152217.20	SETBP1	body	0.458704	0.334909	0.437422	0.401586	56	392	12	141	0.125	0.0784314
NC_000009.12:113087391	ENSG00000136866.14	ZFP37	dn	0.745253	0.000508158	0.0862785	0.726646	350	98	119	34	0.78125	0.777778
NC_000011.10:92874624	ENSG00000134640.3	MTNR1B	up	1.87722	0.00207277	0.114506	0.871362	154	294	58	95	0.34375	0.379085
NC_000011.10:92874624	ENSG00000134640.3	MTNR1B	prom	1.9998	0.00107283	-0.00816897	0.990798	154	294	57	96	0.34375	0.372549
NC_000001.11:223120110	ENSG00000187554.15	TLR5	up	1.75562	0.0063253	-0.387482	0.582224	63	385	15	138	0.140625	0.0980392
NC_000001.11:223120110	ENSG00000187554.15	TLR5	body	3.08489	0.000896741	-0.268	0.794269	35	413	8	145	0.078125	0.0522876
NC_000002.12:127173025	ENSG00000186684.14	CYP27C1	up	-0.858855	0.0169567	0.166536	0.687104	68	380	22	131	0.151786	0.143791
NC_000002.12:127173025	ENSG00000186684.14	CYP27C1	dn	-0.858855	0.0169567	0.166536	0.687104	68	380	22	131	0.151786	0.143791
NC_000002.12:127173025	ENSG00000186684.14	CYP27C1	body	-0.858855	0.0169567	0.166536	0.687104	68	380	22	131	0.151786	0.143791
NC_000001.11:53605041	ENSG00000174332.6	GLIS1	dn	-4.12889	0.0106966	0.582053	0.748836	34	414	9	144	0.0758929	0.0588235
NC_000018.10:63786303	ENSG00000166396.13	SERPINB7	body	-1.59718	0.0208676	0.336344	0.664974	177	271	51	102	0.395089	0.333333
NC_000001.11:121750475	ENSG00000188610.12	FAM72B	dn	-0.378905	0.363554	-0.367613	0.415868	36	412	6	147	0.0803571	0.0392157
NC_000019.10:21579471	ENSG00000197013.11	ZNF429	dn	-0.205685	0.0447311	-0.0395669	0.732956	132	316	51	102	0.294643	0.333333
NC_000001.11:2672327	ENSG00000142606.16	MMEL1	up	-0.414878	0.000409198	0.00400227	0.977232	102	346	45	108	0.227679	0.294118
NC_000001.11:2672327	ENSG00000142606.16	MMEL1	dn	-0.282051	1.56486e-05	0.0844233	0.249577	187	261	70	83	0.417411	0.457516
NC_000001.11:2672327	ENSG00000142606.16	MMEL1	body	-0.414878	0.000409198	0.00400227	0.977232	102	346	45	108	0.227679	0.294118
NC_000007.14:159116668	ENSG00000106018.14	VIPR2	up	0.462968	0.11628	0.0481116	0.880717	274	174	95	58	0.611607	0.620915
NC_000007.14:159116668	ENSG00000106018.14	VIPR2	dn	0.891488	0.0291847	-0.284041	0.514325	193	255	57	96	0.430804	0.372549
NC_000007.14:159116668	ENSG00000106018.14	VIPR2	body	0.423244	0.145114	0.0654137	0.834893	279	169	95	58	0.622768	0.620915
NC_000018.10:50077092	ENSG00000167306.21	MYO5B	body	-0.811118	0.00722381	0.230979	0.507392	203	245	75	78	0.453125	0.490196
NC_000005.10:841409	ENSG00000188818.13	ZDHHC11	up	-0.193395	0.13314	-0.072369	0.623197	340	108	100	53	0.758929	0.653595
NC_000005.10:841409	ENSG00000188818.13	ZDHHC11	dn	-0.193482	0.136742	-0.0786034	0.596177	339	109	100	53	0.756696	0.653595
NC_000005.10:841409	ENSG00000188818.13	ZDHHC11	body	-0.193495	0.136683	-0.0799471	0.590017	339	109	100	53	0.756696	0.653595
NC_000020.11:22675730	ENSG00000125798.15	FOXA2	dn	-1.82259	0.0243221	-0.204469	0.826215	24	424	10	143	0.0535714	0.0653595
NC_000001.11:152999879	ENSG00000163209.15	SPRR3	dn	1.2634	0.000667655	-0.601611	0.173206	85	363	34	119	0.189732	0.222222
NC_000020.11:31057281	ENSG00000215547.1	DEFB115	up	0.0899157	0.0187337	-0.0180687	0.680114	114	334	41	112	0.254464	0.267974
NC_000012.12:119554504	ENSG00000224982.4	TMEM233	up	-0.456476	0.0348767	-0.196132	0.436861	233	215	77	76	0.520089	0.503268
NC_000004.12:119396519	ENSG00000145384.4	FABP2	dn	-0.994254	0.000407845	0.154247	0.630487	145	303	43	110	0.323661	0.281046
NC_000009.12:113083460	ENSG00000136866.14	ZFP37	dn	0.126174	0.417581	0.368211	0.0412004	350	98	119	34	0.78125	0.777778
NC_000018.10:12085554	ENSG00000181626.12	ANKRD62	up	0.430675	0.651837	1.17811	0.255533	68	380	11	142	0.151786	0.0718954
NC_000010.11:16253954	ENSG00000165983.15	PTER	body	-0.447903	0.534863	-2.08003	0.0184178	22	426	11	142	0.0491071	0.0718954
NC_000001.11:152220388	ENSG00000197915.7	HRNR	dn	-1.37063	0.0235455	-0.362208	0.59374	86	362	24	129	0.191964	0.156863
NC_000007.14:12297851	ENSG00000106460.20	TMEM106B	dn	0.501098	0.0627587	0.0440184	0.885488	340	108	115	38	0.758929	0.751634
NC_000009.12:113082171	ENSG00000136866.14	ZFP37	dn	0.619093	0.00133045	-0.238176	0.284079	350	98	119	34	0.78125	0.777778
NC_000006.12:97022760	ENSG00000186231.17	KLHL32	body	0.701127	0.315383	1.16446	0.154121	29	419	12	141	0.0647321	0.0784314
NC_000017.11:43360264	ENSG00000175906.5	ARL4D	up	2.28767	0.0146805	0.186855	0.864981	34	414	11	142	0.0758929	0.0718954
NC_000017.11:43360264	ENSG00000175906.5	ARL4D	prom	3.27019	0.00792597	0.0602039	0.967146	19	429	8	145	0.0424107	0.0522876
NC_000010.11:98265742	ENSG00000138131.4	LOXL4	up	2.54129	0.00765716	-0.231276	0.849995	23	425	16	137	0.0513393	0.104575
NC_000010.11:98265742	ENSG00000138131.4	LOXL4	body	2.54129	0.00765716	-0.231276	0.849995	23	425	16	137	0.0513393	0.104575
NC_000007.14:158502674	ENSG00000155093.20	PTPRN2	up	0.147581	0.109613	0.06646	0.536175	262	186	86	67	0.584821	0.562092
NC_000014.9:56235475	ENSG00000139946.11	PELI2	body	-0.602031	0.0205357	-0.160451	0.598708	96	352	33	120	0.214286	0.215686
NC_000009.12:2272999	ENSG00000080503.25	SMARCA2	dn	-0.735367	0.105044	-0.373988	0.476205	236	212	80	73	0.526786	0.522876
NC_000021.9:34688471	ENSG00000159212.13	CLIC6	body	-2.483	0.0621489	-0.427882	0.764482	27	421	4	149	0.0602679	0.0261438
NC_000021.9:34688471	ENSG00000159212.13	CLIC6	enh	-2.483	0.0621489	-0.427882	0.764482	27	421	4	149	0.0602679	0.0261438
NC_000009.12:113082295	ENSG00000136866.14	ZFP37	dn	0.747505	0.000389159	0.00328051	0.989208	350	98	119	34	0.78125	0.777778
NC_000020.11:31204105	ENSG00000215547.1	DEFB115	up	1.02573	2.48966e-07	-0.370577	0.101128	114	334	41	112	0.254464	0.267974
NC_000002.12:74937474	ENSG00000115350.12	POLE4	dn	-1.29869	0.151338	-0.543232	0.565255	92	356	7	146	0.205357	0.0457516
NC_000001.11:2671395	ENSG00000142606.16	MMEL1	up	-0.930323	3.82565e-06	0.656187	0.00633614	102	346	45	108	0.227679	0.294118
NC_000001.11:2671395	ENSG00000142606.16	MMEL1	dn	-0.53143	2.27834e-06	0.37502	0.0030169	187	261	70	83	0.417411	0.457516
NC_000001.11:2671395	ENSG00000142606.16	MMEL1	body	-0.930323	3.82565e-06	0.656187	0.00633614	102	346	45	108	0.227679	0.294118
NC_000019.10:36307720	ENSG00000196357.12	ZNF565	up	-0.557717	0.185375	-0.352846	0.464766	81	367	26	127	0.180804	0.169935
NC_000011.10:33441496	ENSG00000110427.17	KIAA1549L	body	-0.229927	0.500186	-0.478912	0.208346	254	194	80	73	0.566964	0.522876
NC_000003.12:125990803	ENSG00000114547.10	ROPN1B	dn	-1.46817	0.0536676	-1.06591	0.206358	197	251	33	120	0.439732	0.215686
NC_000006.12:148862918	ENSG00000111962.8	UST	body	1.74119	0.00835709	0.559869	0.463832	169	279	49	104	0.377232	0.320261
NC_000020.11:42733175	ENSG00000196090.14	PTPRT	up	-1.26071	0.130069	-0.658711	0.498024	30	418	11	142	0.0669643	0.0718954
NC_000012.12:107608848	ENSG00000136045.12	PWP1	up	-1.93071	0.000677737	-0.0888933	0.893814	109	339	45	108	0.243304	0.294118
