site	chrom	pos	gene_id	gene_name	window	effect	se	t	pval	n_carriers	state	class7	patho_related
NC_000010.11:685952	chr10	685952	ENSG00000151240.18	DIP2C	body	0.323175	0.0564132	5.72872	1.60429e-08	549	Quies	Quies	False
NC_000002.12:3287359	chr2	3287359	ENSG00000032389.13	EIPR1	up	-0.313878	0.0739656	-4.24357	2.54943e-05	245	Quies	Quies	False
NC_000002.12:3287359	chr2	3287359	ENSG00000032389.13	EIPR1	dn	-0.47307	0.114558	-4.1295	4.15296e-05	269	Quies	Quies	False
NC_000002.12:3287359	chr2	3287359	ENSG00000032389.13	EIPR1	body	-0.27658	0.0611503	-4.52296	7.3564e-06	361	Quies	Quies	False
NC_000015.10:88721057	chr15	88721057	ENSG00000157766.19	ACAN	enh	-4.6391	1.04542	-4.43755	1.08338e-05	5	ReprPCWk	Repr	False
NC_000017.11:26854400	chr17	26854400	ENSG00000109046.15	WSB1	up	-1.53129	0.376449	-4.06774	5.38337e-05	81	NA	NA	False
NC_000002.12:112424689	chr2	112424689	ENSG00000169629.12	RGPD8	up	1.05778	0.257871	4.102	4.66366e-05	132	Quies	Quies	False
NC_000002.12:112424689	chr2	112424689	ENSG00000169629.12	RGPD8	dn	3.64815	0.696596	5.23711	2.26267e-07	31	Quies	Quies	False
NC_000002.12:112424689	chr2	112424689	ENSG00000169629.12	RGPD8	prom	3.80699	0.709046	5.36917	1.1336e-07	30	Quies	Quies	False
NC_000004.12:163637117	chr4	163637117	ENSG00000198498.10	TMA16	dn	0.806599	0.182388	4.42244	1.15944e-05	161	Quies	Quies	False
NC_000017.11:73182127	chr17	73182127	ENSG00000166685.13	COG1	dn	0.766691	0.188185	4.07412	5.24167e-05	256	Quies	Quies	False
NC_000012.12:30879115	chr12	30879115	ENSG00000110900.16	TSPAN11	up	-1.55248	0.284824	-5.45068	7.34568e-08	105	ReprPCWk	Repr	False
NC_000011.10:26646875	chr11	26646875	ENSG00000169550.14	MUC15	dn	-0.751626	0.188303	-3.99157	7.37941e-05	241	Quies	Quies	False
NC_000002.12:74955849	chr2	74955849	ENSG00000115350.12	POLE4	dn	-1.77453	0.384583	-4.61417	4.83159e-06	109	Quies	Quies	False
NC_000016.10:13558833	chr16	13558833	ENSG00000175595.16	ERCC4	dn	0.424856	0.105899	4.01191	6.78693e-05	529	Het	Het-ZNF	False
NC_000001.11:152218884	chr1	152218884	ENSG00000197915.7	HRNR	dn	-1.36744	0.277918	-4.9203	1.11863e-06	121	ZNF/Rpts	Het-ZNF	True
NC_000011.10:27204451	chr11	27204451	ENSG00000109881.17	CCDC34	up	1.52529	0.250054	6.09984	1.90716e-09	147	TxWk	Tx	False
NC_000001.11:121020670	chr1	121020670	ENSG00000263353.4	PPIAL4A	up	-1.40107	0.273016	-5.13184	3.88439e-07	256	NA	NA	False
NC_000002.12:74942733	chr2	74942733	ENSG00000115350.12	POLE4	dn	-1.99305	0.356024	-5.59809	3.30509e-08	109	Quies	Quies	False
NC_000013.11:19356547	chr13	19356547	ENSG00000198033.13	TUBA3C	dn	0.505859	0.114682	4.41096	1.22061e-05	378	Het	Het-ZNF	False
NC_000001.11:115367314	chr1	115367314	ENSG00000134259.6	NGF	up	0.6559	0.144101	4.55166	6.44974e-06	168	Quies	Quies	False
NC_000017.11:20550668	chr17	20550668	ENSG00000214819.2	CDRT15L2	up	0.375386	0.0910273	4.12388	4.25288e-05	544	Quies	Quies	False
NC_000004.12:37308224	chr4	37308224	ENSG00000174145.8	NWD2	body	0.575851	0.14438	3.98844	7.47506e-05	348	Het	Het-ZNF	False
NC_000001.11:121020794	chr1	121020794	ENSG00000263353.4	PPIAL4A	up	-1.93573	0.337651	-5.73291	1.56712e-08	256	NA	NA	False
NC_000003.12:28244031	chr3	28244031	ENSG00000187118.14	CMC1	body	-1.46245	0.354778	-4.12215	4.284e-05	113	EnhWk	Enh	False
NC_000020.11:31053247	chr20	31053247	ENSG00000215547.1	DEFB115	up	0.136364	0.0243555	5.5989	3.29045e-08	170	NA	NA	False
NC_000017.11:66934104	chr17	66934104	ENSG00000075461.6	CACNG4	up	1.16286	0.262291	4.43345	1.10353e-05	163	Quies	Quies	False
NC_000014.9:70889667	chr14	70889667	ENSG00000100731.16	PCNX1	enh	-4.59788	1.03678	-4.43478	1.09698e-05	6	TxWk	Tx	False
NC_000006.12:160620564	chr6	160620564	ENSG00000198670.13	LPA	dn	-0.380123	0.0881153	-4.31392	1.87624e-05	132	Quies	Quies	False
NC_000010.11:126055862	chr10	126055862	ENSG00000203780.12	FANK1	dn	-1.50764	0.331703	-4.54515	6.64542e-06	106	Tx	Tx	False
NC_000001.11:221317535	chr1	221317535	ENSG00000143507.18	DUSP10	up	0.646246	0.161712	3.99627	7.23846e-05	252	Quies	Quies	False
NC_000004.12:3285508	chr4	3285508	ENSG00000159788.20	RGS12	prom	-1.43019	0.288218	-4.9622	9.09911e-07	213	EnhBiv	Biv	False
NC_000008.11:131746924	chr8	131746924	ENSG00000132294.15	EFR3A	dn	-2.04644	0.480778	-4.25653	2.41023e-05	33	Het	Het-ZNF	False
NC_000010.11:1149903	chr10	1149903	ENSG00000047056.18	WDR37	dn	0.262687	0.0630911	4.16362	3.59333e-05	417	ReprPC	Repr	False
NC_000008.11:142899850	chr8	142899850	ENSG00000179142.2	CYP11B2	up	-1.60896	0.190433	-8.44895	2.23951e-16	430	ReprPCWk	Repr	False
NC_000008.11:66333192	chr8	66333192	ENSG00000179041.4	RRS1	up	-0.959306	0.20399	-4.70272	3.1906e-06	186	Quies	Quies	False
NC_000005.10:78457904	chr5	78457904	ENSG00000085365.18	SCAMP1	body	1.06718	0.230766	4.62449	4.60508e-06	259	Quies	Quies	False
NC_000007.14:134371724	chr7	134371724	ENSG00000205060.11	SLC35B4	up	0.864875	0.204306	4.23324	2.66584e-05	138	Quies	Quies	False
NC_000014.9:51199575	chr14	51199575	ENSG00000139921.13	TMX1	up	1.01763	0.173349	5.87041	7.20961e-09	200	Quies	Quies	False
NC_000014.9:51199575	chr14	51199575	ENSG00000139921.13	TMX1	body	1.19647	0.291975	4.09786	4.7454e-05	122	Quies	Quies	False
NC_000018.10:49495204	chr18	49495204	ENSG00000265681.8	RPL17	enh	-1.81345	0.325385	-5.57325	3.78597e-08	144	Quies	Quies	False
NC_000010.11:5108430	chr10	5108430	ENSG00000196139.14	AKR1C3	dn	2.83522	0.408092	6.9475	9.73989e-12	42	Quies	Quies	False
NC_000010.11:1183069	chr10	1183069	ENSG00000047056.18	WDR37	dn	0.201071	0.0460166	4.36952	1.46805e-05	417	ReprPC	Repr	False
NC_000014.9:70478590	chr14	70478590	ENSG00000134007.5	ADAM20	up	-0.955637	0.238367	-4.00911	6.86573e-05	141	Quies	Quies	False
NC_000019.10:21567426	chr19	21567426	ENSG00000197013.11	ZNF429	dn	-0.451488	0.0704111	-6.41217	2.91451e-10	204	Quies	Quies	False
NC_000019.10:21567426	chr19	21567426	ENSG00000197013.11	ZNF429	enh	-2.35408	0.552167	-4.26335	2.33992e-05	36	Quies	Quies	False
NC_000003.12:75772746	chr3	75772746	ENSG00000227124.11	ZNF717	up	0.514258	0.105959	4.85339	1.55068e-06	471	ZNF/Rpts	Het-ZNF	False
NC_000003.12:75772746	chr3	75772746	ENSG00000227124.11	ZNF717	dn	0.508119	0.105916	4.79739	2.0323e-06	472	ZNF/Rpts	Het-ZNF	False
NC_000003.12:75772746	chr3	75772746	ENSG00000227124.11	ZNF717	body	0.513536	0.105886	4.84988	1.57736e-06	472	ZNF/Rpts	Het-ZNF	False
NC_000007.14:159039669	chr7	159039669	ENSG00000106018.14	VIPR2	up	-0.295137	0.0521679	-5.65743	2.38415e-08	401	ReprPCWk	Repr	False
NC_000007.14:159039669	chr7	159039669	ENSG00000106018.14	VIPR2	dn	-0.374745	0.0637979	-5.87395	7.06565e-09	272	ReprPCWk	Repr	False
NC_000007.14:159039669	chr7	159039669	ENSG00000106018.14	VIPR2	body	-0.298096	0.0492747	-6.04968	2.55997e-09	406	ReprPCWk	Repr	False
NC_000010.11:46874736	chr10	46874736	ENSG00000204179.11	PTPN20	up	1.04352	0.153736	6.78775	2.74898e-11	219	NA	NA	False
NC_000010.11:38831756	chr10	38831756	ENSG00000283930.1	PLD5P1	up	-2.12526	0.28298	-7.51028	2.15759e-13	122	ZNF/Rpts	Het-ZNF	False
NC_000010.11:38831756	chr10	38831756	ENSG00000283930.1	PLD5P1	dn	-1.0283	0.15779	-6.51691	1.52566e-10	224	ZNF/Rpts	Het-ZNF	False
NC_000010.11:38831756	chr10	38831756	ENSG00000283930.1	PLD5P1	body	-1.50876	0.184238	-8.18919	1.59622e-15	190	ZNF/Rpts	Het-ZNF	False
NC_000013.11:110124091	chr13	110124091	ENSG00000134871.20	COL4A2	dn	0.94844	0.216478	4.38124	1.39361e-05	103	ReprPC	Repr	False
NC_000010.11:46886436	chr10	46886436	ENSG00000204179.11	PTPN20	up	1.16206	0.154768	7.50842	2.18575e-13	219	NA	NA	False
NC_000020.11:31059994	chr20	31059994	ENSG00000215547.1	DEFB115	up	0.0629883	0.0147137	4.28094	2.16749e-05	170	NA	NA	False
NC_000002.12:234529438	chr2	234529438	ENSG00000188042.8	ARL4C	dn	-0.832314	0.160214	-5.19502	2.81163e-07	173	Quies	Quies	False
NC_000007.14:16304262	chr7	16304262	ENSG00000214960.11	CRPPA	dn	1.70892	0.343582	4.97381	8.59081e-07	52	Quies	Quies	False
NC_000011.10:112503540	chr11	112503540	ENSG00000188771.5	PLET1	enh	2.6508	0.661553	4.00694	6.92745e-05	8	EnhA2	Enh	False
NC_000011.10:60204395	chr11	60204395	ENSG00000110079.19	MS4A4A	up	4.6662	0.698261	6.6826	5.38354e-11	35	Quies	Quies	False
NC_000011.10:60204395	chr11	60204395	ENSG00000110079.19	MS4A4A	body	3.24752	0.378337	8.58366	7.94066e-17	109	Quies	Quies	False
NC_000020.11:26506192	chr20	26506192	ENSG00000130684.14	ZNF337	up	-0.28535	0.0713592	-3.99879	7.16372e-05	90	NA	NA	False
NC_000002.12:3299188	chr2	3299188	ENSG00000032389.13	EIPR1	up	-0.316252	0.0771043	-4.10161	4.67128e-05	245	Quies	Quies	False
NC_000002.12:3299188	chr2	3299188	ENSG00000032389.13	EIPR1	dn	-0.585417	0.118602	-4.93598	1.03563e-06	269	Quies	Quies	False
NC_000002.12:3299188	chr2	3299188	ENSG00000032389.13	EIPR1	body	-0.319086	0.0634359	-5.03005	6.49251e-07	361	Quies	Quies	False
NC_000004.12:15734204	chr4	15734204	ENSG00000109743.11	BST1	dn	-1.65377	0.398173	-4.15339	3.75305e-05	45	Het	Het-ZNF	False
NC_000006.12:157286009	chr6	157286009	ENSG00000215712.11	TMEM242	up	-0.724517	0.10506	-6.89621	1.36199e-11	359	TxWk	Tx	False
NC_000001.11:152220033	chr1	152220033	ENSG00000197915.7	HRNR	dn	-1.0499	0.257036	-4.08464	5.01601e-05	121	Het	Het-ZNF	True
NC_000008.11:218452	chr8	218452	ENSG00000172748.14	ZNF596	dn	0.162847	0.040666	4.00452	6.99683e-05	508	TxWk	Tx	False
NC_000009.12:138150707	chr9	138150707	ENSG00000148408.15	CACNA1B	prom	2.2399	0.505417	4.43178	1.11183e-05	58	TssFlnkD	Prom	False
NC_000009.12:113083352	chr9	113083352	ENSG00000136866.14	ZFP37	dn	0.382935	0.0897869	4.26494	2.32384e-05	507	Quies	Quies	False
NC_000008.11:26590007	chr8	26590007	ENSG00000240694.9	PNMA2	dn	-1.00282	0.207094	-4.84232	1.63621e-06	289	Tx	Tx	False
NC_000003.12:156803648	chr3	156803648	ENSG00000197980.14	LEKR1	body	1.50825	0.348172	4.33191	1.73357e-05	55	Quies	Quies	False
NC_000011.10:102608691	chr11	102608691	ENSG00000137674.4	MMP20	up	-4.74117	0.409583	-11.5756	4.21511e-28	96	Quies	Quies	False
NC_000011.10:102608691	chr11	102608691	ENSG00000137674.4	MMP20	dn	-2.98603	0.290881	-10.2655	7.00657e-23	148	Quies	Quies	False
NC_000011.10:102608691	chr11	102608691	ENSG00000137674.4	MMP20	body	-4.74117	0.409583	-11.5756	4.21511e-28	96	Quies	Quies	False
NC_000011.10:102608691	chr11	102608691	ENSG00000137674.4	MMP20	enh	-4.74117	0.409583	-11.5756	4.21511e-28	96	Quies	Quies	False
NC_000004.12:24234950	chr4	24234950	ENSG00000109819.9	PPARGC1A	up	0.969748	0.227768	4.25762	2.39882e-05	180	Quies	Quies	False
NC_000004.12:24234950	chr4	24234950	ENSG00000109819.9	PPARGC1A	dn	0.975229	0.228641	4.26533	2.31983e-05	178	Quies	Quies	False
NC_000004.12:24234950	chr4	24234950	ENSG00000109819.9	PPARGC1A	body	0.969748	0.227768	4.25762	2.39882e-05	180	Quies	Quies	False
NC_000012.12:48503314	chr12	48503314	ENSG00000177627.11	C12orf54	dn	0.395307	0.0972169	4.06624	5.41711e-05	261	Quies	Quies	False
NC_000006.12:130375986	chr6	130375986	ENSG00000164484.12	TMEM200A	up	1.39682	0.212232	6.5816	1.01849e-10	338	Quies	Quies	False
NC_000003.12:33023130	chr3	33023130	ENSG00000183813.7	CCR4	dn	0.681216	0.162973	4.17992	3.35193e-05	215	TxWk	Tx	False
NC_000004.12:8628163	chr4	8628163	ENSG00000109625.19	CPZ	body	0.874037	0.215396	4.05782	5.61059e-05	129	Quies	Quies	False
NC_000001.11:115252745	chr1	115252745	ENSG00000134259.6	NGF	up	1.18142	0.201664	5.85836	7.72213e-09	168	Quies	Quies	False
NC_000012.12:8184269	chr12	8184269	ENSG00000196946.11	ZNF705A	body	-1.71065	0.33996	-5.03193	6.43174e-07	113	Quies	Quies	False
NC_000001.11:200737467	chr1	200737467	ENSG00000118200.15	CAMSAP2	up	-1.66332	0.413544	-4.02212	6.50668e-05	110	Quies	Quies	False
NC_000009.12:113082062	chr9	113082062	ENSG00000136866.14	ZFP37	dn	0.535644	0.0860331	6.22602	9.01325e-10	507	Quies	Quies	False
NC_000004.12:39294497	chr4	39294497	ENSG00000035928.17	RFC1	up	-4.53011	0.49218	-9.20417	5.71877e-19	131	Tx	Tx	False
NC_000004.12:39294497	chr4	39294497	ENSG00000035928.17	RFC1	dn	-4.5423	0.499486	-9.09395	1.39945e-18	131	Tx	Tx	False
NC_000004.12:39294497	chr4	39294497	ENSG00000035928.17	RFC1	body	-4.5423	0.499486	-9.09395	1.39945e-18	131	Tx	Tx	False
NC_000007.14:38290378	chr7	38290378	ENSG00000289746.1	TARP	dn	1.34406	0.315538	4.25957	2.37868e-05	107	Quies	Quies	False
NC_000003.12:195619121	chr3	195619121	ENSG00000189058.9	APOD	dn	-0.77311	0.179426	-4.3088	1.91892e-05	215	TxWk	Tx	False
NC_000021.9:35833569	chr21	35833569	ENSG00000159216.20	RUNX1	body	0.277466	0.0624445	4.44341	1.05523e-05	496	ReprPCWk	Repr	False
NC_000017.11:26825872	chr17	26825872	ENSG00000109046.15	WSB1	up	-1.24976	0.18416	-6.78626	2.77541e-11	81	NA	NA	False
NC_000009.12:113082189	chr9	113082189	ENSG00000136866.14	ZFP37	dn	0.512051	0.0951165	5.38341	1.05128e-07	507	Quies	Quies	False
NC_000001.11:152219827	chr1	152219827	ENSG00000197915.7	HRNR	dn	-0.975558	0.203287	-4.79891	2.01743e-06	121	ZNF/Rpts	Het-ZNF	True
NC_000004.12:49883768	chr4	49883768	ENSG00000109182.12	CWH43	up	1.46185	0.358713	4.07525	5.21693e-05	117	NA	NA	False
NC_000003.12:184808639	chr3	184808639	ENSG00000156931.16	VPS8	body	0.600679	0.144476	4.15765	3.6858e-05	177	TxWk	Tx	False
NC_000022.11:47292897	chr22	47292897	ENSG00000054611.14	TBC1D22A	enh	-2.01816	0.457237	-4.41382	1.20507e-05	15	Het	Het-ZNF	False
NC_000001.11:121644462	chr1	121644462	ENSG00000188610.12	FAM72B	up	1.31061	0.309038	4.24093	2.57873e-05	35	ZNF/Rpts	Het-ZNF	False
NC_000014.9:66467275	chr14	66467275	ENSG00000171723.16	GPHN	body	0.30603	0.0637446	4.80087	1.99852e-06	246	Quies	Quies	False
NC_000012.12:29113538	chr12	29113538	ENSG00000064763.12	FAR2	up	0.631046	0.157738	4.00059	7.11091e-05	158	Quies	Quies	False
NC_000015.10:72733353	chr15	72733353	ENSG00000175202.6	HIGD2B	dn	-2.54425	0.40039	-6.35444	4.14883e-10	123	TxWk	Tx	False
NC_000010.11:38788863	chr10	38788863	ENSG00000283930.1	PLD5P1	dn	-0.396809	0.0863598	-4.59484	5.28512e-06	224	ZNF/Rpts	Het-ZNF	False
NC_000021.9:42398576	chr21	42398576	ENSG00000160183.17	TMPRSS3	enh	0.914372	0.224399	4.07476	5.2277e-05	269	EnhWk	Enh	False
NC_000001.11:121016244	chr1	121016244	ENSG00000263353.4	PPIAL4A	up	-1.16823	0.286591	-4.07632	5.1938e-05	256	NA	NA	False
NC_000010.11:122787417	chr10	122787417	ENSG00000138161.14	CUZD1	up	-0.959051	0.220908	-4.3414	1.66257e-05	132	ReprPCWk	Repr	False
NC_000002.12:74930806	chr2	74930806	ENSG00000115350.12	POLE4	dn	-1.87731	0.387255	-4.84772	1.59395e-06	109	Quies	Quies	False
NC_000006.12:169573728	chr6	169573728	ENSG00000285733.1	ENSG00000285733	dn	0.404279	0.0897775	4.50313	8.05277e-06	324	Quies	Quies	False
NC_000002.12:231409380	chr2	231409380	ENSG00000156966.8	B3GNT7	dn	0.491043	0.1143	4.2961	2.02865e-05	274	Het	Het-ZNF	False
NC_000006.12:18098339	chr6	18098339	ENSG00000187566.6	NHLRC1	dn	2.23169	0.551418	4.04719	5.86443e-05	31	Quies	Quies	False
NC_000012.12:8351391	chr12	8351391	ENSG00000205846.4	CLEC6A	up	-0.988463	0.24212	-4.08254	5.06035e-05	115	Quies	Quies	False
NC_000004.12:90458633	chr4	90458633	ENSG00000184305.16	CCSER1	up	0.960675	0.227235	4.22768	2.73061e-05	115	Het	Het-ZNF	False
NC_000012.12:112546396	chr12	112546396	ENSG00000089169.15	RPH3A	enh	4.72766	0.945005	5.00279	7.43897e-07	8	Quies	Quies	False
NC_000010.11:37177351	chr10	37177351	ENSG00000148513.20	ANKRD30A	up	-1.19575	0.2493	-4.79641	2.04183e-06	138	Quies	Quies	False
NC_000010.11:37177351	chr10	37177351	ENSG00000148513.20	ANKRD30A	dn	-1.96436	0.334236	-5.87716	6.93704e-09	64	Quies	Quies	False
NC_000010.11:46888904	chr10	46888904	ENSG00000204179.11	PTPN20	up	1.08577	0.128786	8.43078	2.57319e-16	219	NA	NA	False
NC_000001.11:179447941	chr1	179447941	ENSG00000162779.22	AXDND1	dn	0.802354	0.193459	4.14741	3.84955e-05	120	Quies	Quies	False
NC_000005.10:846401	chr5	846401	ENSG00000188818.13	ZDHHC11	up	-0.227765	0.0546008	-4.17145	3.47534e-05	475	ReprPCWk	Repr	False
NC_000005.10:846401	chr5	846401	ENSG00000188818.13	ZDHHC11	dn	-0.227307	0.0546539	-4.15903	3.66424e-05	474	ReprPCWk	Repr	False
NC_000005.10:846401	chr5	846401	ENSG00000188818.13	ZDHHC11	body	-0.228502	0.0547207	-4.17579	3.41163e-05	474	ReprPCWk	Repr	False
NC_000020.11:31190879	chr20	31190879	ENSG00000215547.1	DEFB115	up	0.489349	0.0829925	5.89631	6.21802e-09	170	NA	NA	False
NC_000006.12:134912247	chr6	134912247	ENSG00000118514.14	ALDH8A1	up	0.953097	0.23114	4.12345	4.2605e-05	350	ReprPCWk	Repr	False
NC_000003.12:186487636	chr3	186487636	ENSG00000213139.8	CRYGS	dn	-1.76852	0.415868	-4.2526	2.45162e-05	39	Quies	Quies	False
NC_000002.12:70891758	chr2	70891758	ENSG00000116035.4	VAX2	enh	-3.33984	0.736991	-4.53172	7.06729e-06	6	ReprPCWk	Repr	False
NC_000008.11:63246844	chr8	63246844	ENSG00000185728.17	YTHDF3	dn	-2.96863	0.286798	-10.351	3.29197e-23	97	Quies	Quies	False
NC_000007.14:64869507	chr7	64869507	ENSG00000198039.12	ZNF273	dn	-1.23195	0.268191	-4.59357	5.31624e-06	146	Het	Het-ZNF	False
NC_000006.12:169572678	chr6	169572678	ENSG00000285733.1	ENSG00000285733	dn	0.817813	0.158863	5.14791	3.57901e-07	324	Quies	Quies	False
NC_000019.10:22635741	chr19	22635741	ENSG00000229676.3	ZNF492	up	2.44642	0.561009	4.36075	1.52627e-05	37	Quies	Quies	False
NC_000018.10:46762829	chr18	46762829	ENSG00000101638.14	ST8SIA5	up	0.549716	0.130158	4.22346	2.78071e-05	308	ReprPCWk	Repr	False
NC_000018.10:46762829	chr18	46762829	ENSG00000101638.14	ST8SIA5	dn	0.549716	0.130158	4.22346	2.78071e-05	308	ReprPCWk	Repr	False
NC_000018.10:46762829	chr18	46762829	ENSG00000101638.14	ST8SIA5	body	0.549716	0.130158	4.22346	2.78071e-05	308	ReprPCWk	Repr	False
NC_000010.11:46895989	chr10	46895989	ENSG00000204179.11	PTPN20	up	0.705176	0.135776	5.19365	2.83147e-07	219	NA	NA	False
NC_000002.12:74954684	chr2	74954684	ENSG00000115350.12	POLE4	dn	-1.50709	0.351701	-4.28514	2.12811e-05	109	Quies	Quies	False
NC_000011.10:20605707	chr11	20605707	ENSG00000165970.12	SLC6A5	up	-1.08315	0.268526	-4.03367	6.20281e-05	96	ReprPC	Repr	False
NC_000005.10:34196689	chr5	34196689	ENSG00000273294.1	C1QTNF3-AMACR	up	1.90766	0.381442	5.00118	7.49899e-07	103	Quies	Quies	False
NC_000005.10:34196689	chr5	34196689	ENSG00000273294.1	C1QTNF3-AMACR	body	1.90766	0.381442	5.00118	7.49899e-07	103	Quies	Quies	False
NC_000009.12:113087055	chr9	113087055	ENSG00000136866.14	ZFP37	dn	1.15657	0.131505	8.79489	1.52413e-17	507	Quies	Quies	False
NC_000006.12:149982252	chr6	149982252	ENSG00000111981.5	ULBP1	dn	-0.999823	0.221724	-4.50932	7.82865e-06	124	ReprPCWk	Repr	False
NC_000012.12:13025590	chr12	13025590	ENSG00000084444.14	FAM234B	up	-0.912992	0.189537	-4.81695	1.84963e-06	147	Quies	Quies	False
NC_000002.12:224312035	chr2	224312035	ENSG00000124019.10	FAM124B	up	1.27674	0.285703	4.46878	9.41103e-06	65	Quies	Quies	False
NC_000013.11:111452260	chr13	111452260	ENSG00000153495.11	TEX29	dn	-2.13655	0.314553	-6.79234	2.66884e-11	228	Quies	Quies	False
NC_000009.12:113087173	chr9	113087173	ENSG00000136866.14	ZFP37	dn	1.44894	0.17129	8.45896	2.07433e-16	507	Quies	Quies	False
NC_000013.11:21353731	chr13	21353731	ENSG00000180776.17	ZDHHC20	up	-1.16145	0.284666	-4.08005	5.11335e-05	78	Quies	Quies	False
NC_000013.11:21353731	chr13	21353731	ENSG00000180776.17	ZDHHC20	dn	-1.16145	0.284666	-4.08005	5.11335e-05	78	Quies	Quies	False
NC_000013.11:21353731	chr13	21353731	ENSG00000180776.17	ZDHHC20	body	-1.16145	0.284666	-4.08005	5.11335e-05	78	Quies	Quies	False
NC_000006.12:166313769	chr6	166313769	ENSG00000176381.6	PRR18	enh	-1.46998	0.338035	-4.34859	1.61062e-05	78	ReprPCWk	Repr	False
NC_000020.11:2390157	chr20	2390157	ENSG00000166948.10	TGM6	up	-0.944236	0.207689	-4.54639	6.60795e-06	124	Het	Het-ZNF	False
NC_000005.10:148371551	chr5	148371551	ENSG00000145868.17	FBXO38	body	0.841617	0.205762	4.09024	4.89964e-05	373	Quies	Quies	False
NC_000001.11:121750135	chr1	121750135	ENSG00000188610.12	FAM72B	up	0.745243	0.164754	4.52336	7.34275e-06	35	NA	NA	False
NC_000004.12:16774014	chr4	16774014	ENSG00000169744.13	LDB2	up	-1.26651	0.279004	-4.53941	6.82282e-06	169	Quies	Quies	False
NC_000009.12:113087291	chr9	113087291	ENSG00000136866.14	ZFP37	dn	0.855694	0.129725	6.59622	9.29164e-11	507	Quies	Quies	False
NC_000018.10:79939890	chr18	79939890	ENSG00000122490.19	SLC66A2	enh	-1.19755	0.294403	-4.0677	5.38413e-05	298	TxWk	Tx	False
NC_000002.12:25179947	chr2	25179947	ENSG00000115138.11	POMC	up	-0.795774	0.183891	-4.32742	1.76823e-05	229	ReprPCWk	Repr	False
NC_000019.10:21616711	chr19	21616711	ENSG00000197013.11	ZNF429	enh	-2.63088	0.63474	-4.14482	3.89208e-05	36	Het	Het-ZNF	False
NC_000011.10:5830737	chr11	5830737	ENSG00000205409.3	OR52E6	up	2.22917	0.517644	4.30637	1.93942e-05	58	Quies	Quies	False
NC_000001.11:200874737	chr1	200874737	ENSG00000170128.5	GPR25	up	-0.886231	0.216516	-4.09314	4.84043e-05	153	ReprPCWk	Repr	False
NC_000016.10:56197840	chr16	56197840	ENSG00000087258.17	GNAO1	enh	-3.5089	0.835969	-4.1974	3.11035e-05	7	Quies	Quies	False
NC_000006.12:168086457	chr6	168086457	ENSG00000153303.18	FRMD1	up	-0.39032	0.0835727	-4.67043	3.71488e-06	452	ReprPC	Repr	False
NC_000006.12:168086457	chr6	168086457	ENSG00000153303.18	FRMD1	dn	-0.488513	0.102035	-4.7877	2.12906e-06	251	ReprPC	Repr	False
NC_000006.12:168086457	chr6	168086457	ENSG00000153303.18	FRMD1	body	-0.540653	0.108361	-4.98935	7.95332e-07	213	ReprPC	Repr	False
NC_000006.12:168170065	chr6	168170065	ENSG00000153303.18	FRMD1	up	-0.34644	0.0857066	-4.04217	5.98799e-05	452	ReprPCWk	Repr	False
NC_000006.12:168170065	chr6	168170065	ENSG00000153303.18	FRMD1	body	-0.445943	0.111433	-4.00188	7.07305e-05	213	ReprPCWk	Repr	False
NC_000012.12:63735167	chr12	63735167	ENSG00000118600.13	RXYLT1	up	-0.678014	0.124519	-5.44506	7.57024e-08	342	Quies	Quies	False
NC_000008.11:120353080	chr8	120353080	ENSG00000172167.8	MTBP	up	-1.51121	0.312628	-4.83388	1.70447e-06	86	TxWk	Tx	False
NC_000020.11:31176086	chr20	31176086	ENSG00000215547.1	DEFB115	up	0.464716	0.0775479	5.99263	3.56905e-09	170	NA	NA	False
NC_000014.9:95423060	chr14	95423060	ENSG00000176438.13	SYNE3	up	0.566346	0.125104	4.52701	7.2215e-06	294	TxWk	Tx	False
NC_000014.9:95423060	chr14	95423060	ENSG00000176438.13	SYNE3	dn	0.566346	0.125104	4.52701	7.2215e-06	294	TxWk	Tx	False
NC_000014.9:95423060	chr14	95423060	ENSG00000176438.13	SYNE3	body	0.566346	0.125104	4.52701	7.2215e-06	294	TxWk	Tx	False
NC_000001.11:771714	chr1	771714	ENSG00000284662.2	OR4F16	prom	-6.81165	1.57246	-4.33185	1.73409e-05	4	TxWk	Tx	False
NC_000004.12:55157952	chr4	55157952	ENSG00000128052.10	KDR	dn	1.35561	0.335195	4.04425	5.93653e-05	90	EnhBiv	Biv	False
NC_000001.11:2672464	chr1	2672464	ENSG00000142606.16	MMEL1	up	-0.318502	0.0753008	-4.22973	2.70659e-05	162	Quies	Quies	False
NC_000001.11:2672464	chr1	2672464	ENSG00000142606.16	MMEL1	body	-0.318502	0.0753008	-4.22973	2.70659e-05	162	Quies	Quies	False
NC_000005.10:841549	chr5	841549	ENSG00000188818.13	ZDHHC11	up	-0.306734	0.0668577	-4.58786	5.45844e-06	475	ReprPCWk	Repr	False
NC_000005.10:841549	chr5	841549	ENSG00000188818.13	ZDHHC11	dn	-0.304179	0.0669386	-4.54415	6.67614e-06	474	ReprPCWk	Repr	False
NC_000005.10:841549	chr5	841549	ENSG00000188818.13	ZDHHC11	body	-0.304516	0.0670285	-4.54308	6.70902e-06	474	ReprPCWk	Repr	False
NC_000020.11:31238474	chr20	31238474	ENSG00000215547.1	DEFB115	up	0.24935	0.0570779	4.36858	1.47418e-05	170	ZNF/Rpts	Het-ZNF	False
NC_000001.11:178532127	chr1	178532127	ENSG00000240021.10	TEX35	body	1.56021	0.324114	4.81377	1.87824e-06	113	EnhWk	Enh	False
NC_000001.11:2678731	chr1	2678731	ENSG00000142606.16	MMEL1	up	-0.939522	0.188569	-4.98238	8.23365e-07	162	Het	Het-ZNF	False
NC_000001.11:2678731	chr1	2678731	ENSG00000142606.16	MMEL1	dn	-0.502965	0.0887788	-5.66537	2.28177e-08	280	Het	Het-ZNF	False
NC_000001.11:2678731	chr1	2678731	ENSG00000142606.16	MMEL1	body	-0.939522	0.188569	-4.98238	8.23365e-07	162	Het	Het-ZNF	False
NC_000009.12:113088227	chr9	113088227	ENSG00000136866.14	ZFP37	dn	0.71233	0.124913	5.70261	1.85568e-08	507	Het	Het-ZNF	False
NC_000001.11:732462	chr1	732462	ENSG00000284662.2	OR4F16	prom	-3.4439	0.850112	-4.05111	5.76952e-05	4	TxWk	Tx	False
NC_000007.14:28098745	chr7	28098745	ENSG00000153814.13	JAZF1	up	0.746698	0.186895	3.99528	7.26784e-05	256	Quies	Quies	False
NC_000011.10:74915330	chr11	74915330	ENSG00000166435.17	XRRA1	dn	-1.96925	0.484408	-4.06526	5.43925e-05	60	Tx	Tx	False
NC_000011.10:74915330	chr11	74915330	ENSG00000166435.17	XRRA1	body	-2.00773	0.480465	-4.17873	3.369e-05	61	Tx	Tx	False
NC_000019.10:51446942	chr19	51446942	ENSG00000105366.15	SIGLEC8	dn	1.27565	0.307547	4.14783	3.84277e-05	155	ReprPCWk	Repr	False
NC_000021.9:34688374	chr21	34688374	ENSG00000159212.13	CLIC6	body	-3.84184	0.50242	-7.64668	8.27002e-14	34	ReprPCWk	Repr	False
NC_000021.9:34688374	chr21	34688374	ENSG00000159212.13	CLIC6	enh	-3.84184	0.50242	-7.64668	8.27002e-14	34	ReprPCWk	Repr	False
NC_000011.10:91623494	chr11	91623494	ENSG00000165323.16	FAT3	body	0.692826	0.150472	4.60436	5.05675e-06	340	Quies	Quies	False
NC_000017.11:73191448	chr17	73191448	ENSG00000166685.13	COG1	prom	0.735037	0.141762	5.18499	2.96024e-07	289	Quies	Quies	False
NC_000009.12:113082198	chr9	113082198	ENSG00000136866.14	ZFP37	dn	0.57916	0.103308	5.60617	3.16185e-08	507	Quies	Quies	False
NC_000017.11:66559746	chr17	66559746	ENSG00000154229.12	PRKCA	enh	5.37874	1.34729	3.99226	7.3587e-05	4	Het	Het-ZNF	False
NC_000012.12:30876858	chr12	30876858	ENSG00000110900.16	TSPAN11	up	-1.27335	0.31021	-4.10478	4.60931e-05	105	ReprPCWk	Repr	False
NC_000006.12:150374314	chr6	150374314	ENSG00000009765.15	IYD	up	-1.86722	0.440425	-4.23959	2.59373e-05	32	Quies	Quies	False
NC_000001.11:152219836	chr1	152219836	ENSG00000197915.7	HRNR	dn	-1.51647	0.265378	-5.71436	1.73808e-08	121	ZNF/Rpts	Het-ZNF	True
NC_000003.12:111348491	chr3	111348491	ENSG00000153283.13	CD96	body	1.14593	0.28015	4.09041	4.89615e-05	169	Quies	Quies	False
NC_000001.11:121020214	chr1	121020214	ENSG00000263353.4	PPIAL4A	up	-1.4166	0.304389	-4.65391	4.01402e-06	256	NA	NA	False
NC_000001.11:115338793	chr1	115338793	ENSG00000134259.6	NGF	up	0.840194	0.189103	4.44304	1.05696e-05	168	ReprPC	Repr	False
NC_000005.10:44797664	chr5	44797664	ENSG00000112996.11	MRPS30	up	-1.06635	0.263484	-4.04712	5.866e-05	93	Quies	Quies	False
NC_000012.12:53943586	chr12	53943586	ENSG00000123364.5	HOXC13	up	1.27701	0.270483	4.72123	2.92309e-06	113	ReprPCWk	Repr	False
NC_000011.10:16877189	chr11	16877189	ENSG00000166689.18	PLEKHA7	body	-0.772992	0.184233	-4.19574	3.13257e-05	325	EnhWk	Enh	False
NC_000001.11:33107787	chr1	33107787	ENSG00000142920.18	AZIN2	up	1.31758	0.324422	4.06133	5.52923e-05	52	Quies	Quies	False
NC_000010.11:46885040	chr10	46885040	ENSG00000204179.11	PTPN20	up	0.826905	0.125462	6.59086	9.60965e-11	219	NA	NA	False
NC_000009.12:113081900	chr9	113081900	ENSG00000136866.14	ZFP37	dn	0.619059	0.0910421	6.7997	2.54544e-11	507	Quies	Quies	False
NC_000009.12:113081903	chr9	113081903	ENSG00000136866.14	ZFP37	dn	0.612703	0.0986299	6.21215	9.79356e-10	507	Quies	Quies	False
NC_000020.11:58637297	chr20	58637297	ENSG00000124222.23	STX16	up	1.06033	0.215286	4.92525	1.09174e-06	235	ReprPC	Repr	False
NC_000005.10:147873559	chr5	147873559	ENSG00000164265.9	SCGB3A2	up	1.18262	0.285915	4.13625	4.03606e-05	103	Quies	Quies	False
NC_000008.11:56362321	chr8	56362321	ENSG00000170786.13	SDR16C5	dn	-0.68348	0.123483	-5.535	4.66213e-08	246	ZNF/Rpts	Het-ZNF	False
NC_000009.12:32635769	chr9	32635769	ENSG00000122728.6	TAF1L	dn	1.68108	0.353383	4.75712	2.46447e-06	58	Het	Het-ZNF	False
NC_000004.12:119361015	chr4	119361015	ENSG00000145384.4	FABP2	dn	0.697487	0.102586	6.79902	2.55648e-11	201	Quies	Quies	False
NC_000011.10:112566455	chr11	112566455	ENSG00000188771.5	PLET1	enh	4.16089	0.828095	5.02466	6.67016e-07	8	Quies	Quies	False
NC_000002.12:74954219	chr2	74954219	ENSG00000115350.12	POLE4	dn	-1.27411	0.309954	-4.11063	4.49724e-05	109	Quies	Quies	False
NC_000020.11:31204481	chr20	31204481	ENSG00000215547.1	DEFB115	up	0.2343	0.0577478	4.0573	5.62282e-05	170	NA	NA	False
NC_000012.12:30879017	chr12	30879017	ENSG00000110900.16	TSPAN11	up	-1.46157	0.322417	-4.53317	7.02061e-06	105	ReprPCWk	Repr	False
NC_000007.14:80364473	chr7	80364473	ENSG00000135218.19	CD36	body	0.631462	0.157672	4.00492	6.98528e-05	426	Quies	Quies	False
NC_000010.11:46885286	chr10	46885286	ENSG00000204179.11	PTPN20	up	0.760149	0.140098	5.42583	8.38935e-08	219	NA	NA	False
NC_000001.11:121016491	chr1	121016491	ENSG00000263353.4	PPIAL4A	up	-1.39964	0.326849	-4.28223	2.15529e-05	256	NA	NA	False
NC_000011.10:71512287	chr11	71512287	ENSG00000244411.4	KRTAP5-7	enh	-4.09278	0.886481	-4.61688	4.7711e-06	8	Quies	Quies	False
NC_000001.11:93822279	chr1	93822279	ENSG00000137936.18	BCAR3	up	-1.40818	0.188531	-7.46919	2.87242e-13	320	EnhA1	Enh	False
NC_000001.11:93822279	chr1	93822279	ENSG00000137936.18	BCAR3	body	-1.40818	0.188531	-7.46919	2.87242e-13	320	EnhA1	Enh	False
NC_000008.11:272339	chr8	272339	ENSG00000172748.14	ZNF596	dn	-0.435101	0.0922353	-4.71729	2.97813e-06	508	ReprPCWk	Repr	False
NC_000022.11:44890479	chr22	44890479	ENSG00000056487.17	PHF21B	dn	0.285973	0.0704982	4.05647	5.64236e-05	304	ReprPCWk	Repr	False
NC_000022.11:44890479	chr22	44890479	ENSG00000056487.17	PHF21B	body	0.285973	0.0704982	4.05647	5.64236e-05	304	ReprPCWk	Repr	False
NC_000008.11:131495016	chr8	131495016	ENSG00000132294.15	EFR3A	dn	-1.3882	0.348193	-3.98688	7.52287e-05	33	Quies	Quies	False
NC_000006.12:149983434	chr6	149983434	ENSG00000111981.5	ULBP1	dn	-1.41507	0.311346	-4.54501	6.64993e-06	124	ReprPCWk	Repr	False
NC_000011.10:94374371	chr11	94374371	ENSG00000123901.9	GPR83	up	0.844748	0.19186	4.40294	1.26515e-05	93	Quies	Quies	False
NC_000014.9:18656017	chr14	18656017	ENSG00000257115.2	OR11H12	up	-1.46835	0.241397	-6.08269	2.10951e-09	71	Quies	Quies	False
NC_000010.11:133578443	chr10	133578443	ENSG00000171772.17	SYCE1	body	-1.62637	0.390265	-4.16736	3.53645e-05	39	Het	Het-ZNF	False
NC_000001.11:175887565	chr1	175887565	ENSG00000116147.19	TNR	dn	-1.3316	0.286063	-4.6549	3.99536e-06	328	Quies	Quies	False
NC_000009.12:76509448	chr9	76509448	ENSG00000187210.14	GCNT1	body	-0.47217	0.106371	-4.43891	1.0768e-05	442	Quies	Quies	False
NC_000001.11:153104283	chr1	153104283	ENSG00000203785.9	SPRR2E	up	1.07927	0.262916	4.10499	4.60522e-05	125	Quies	Quies	False
NC_000003.12:155613812	chr3	155613812	ENSG00000114805.18	PLCH1	up	-2.42179	0.348992	-6.93938	1.02724e-11	251	Quies	Quies	False
NC_000003.12:155613812	chr3	155613812	ENSG00000114805.18	PLCH1	body	-2.38218	0.343699	-6.93098	1.08527e-11	252	Quies	Quies	False
NC_000019.10:21601272	chr19	21601272	ENSG00000197013.11	ZNF429	dn	-0.371328	0.0744773	-4.98579	8.09532e-07	204	Quies	Quies	False
NC_000008.11:48226436	chr8	48226436	ENSG00000169139.12	UBE2V2	dn	-0.768018	0.180361	-4.25822	2.39264e-05	356	Het	Het-ZNF	False
NC_000010.11:38830122	chr10	38830122	ENSG00000283930.1	PLD5P1	up	-1.58062	0.234824	-6.73112	3.95236e-11	122	ZNF/Rpts	Het-ZNF	False
NC_000010.11:38830122	chr10	38830122	ENSG00000283930.1	PLD5P1	dn	-0.685702	0.131396	-5.21861	2.48986e-07	224	ZNF/Rpts	Het-ZNF	False
NC_000010.11:38830122	chr10	38830122	ENSG00000283930.1	PLD5P1	body	-1.08272	0.153603	-7.04881	4.99318e-12	190	ZNF/Rpts	Het-ZNF	False
NC_000012.12:112608207	chr12	112608207	ENSG00000089169.15	RPH3A	enh	3.61344	0.74611	4.84303	1.63056e-06	8	ReprPCWk	Repr	False
NC_000014.9:80942596	chr14	80942596	ENSG00000165409.18	TSHR	body	-1.05105	0.237864	-4.41869	1.17911e-05	192	EnhA2	Enh	False
NC_000020.11:2390163	chr20	2390163	ENSG00000166948.10	TGM6	up	-1.22114	0.264366	-4.61915	4.72114e-06	124	Het	Het-ZNF	False
NC_000009.12:138166239	chr9	138166239	ENSG00000148408.15	CACNA1B	prom	-0.826926	0.203218	-4.06916	5.35139e-05	58	Quies	Quies	False
NC_000001.11:214486920	chr1	214486920	ENSG00000152104.12	PTPN14	dn	-1.88923	0.367945	-5.13454	3.83154e-07	192	Quies	Quies	False
NC_000001.11:214486920	chr1	214486920	ENSG00000152104.12	PTPN14	body	-1.88923	0.367945	-5.13454	3.83154e-07	192	Quies	Quies	False
NC_000001.11:198335148	chr1	198335148	ENSG00000151414.15	NEK7	enh	5.97334	1.27573	4.68228	3.51354e-06	4	Quies	Quies	False
NC_000011.10:60437948	chr11	60437948	ENSG00000166930.7	MS4A5	dn	-0.993383	0.225903	-4.39738	1.29691e-05	118	Quies	Quies	False
NC_000003.12:174398658	chr3	174398658	ENSG00000177694.16	NAALADL2	body	0.273352	0.0656087	4.16641	3.55093e-05	539	Quies	Quies	False
NC_000006.12:168229430	chr6	168229430	ENSG00000164488.12	DACT2	up	-0.312775	0.0657223	-4.75903	2.44204e-06	446	ReprPCWk	Repr	False
NC_000018.10:49814989	chr18	49814989	ENSG00000167315.18	ACAA2	up	-1.04229	0.228748	-4.55652	6.30748e-06	126	EnhA1	Enh	False
NC_000018.10:49814989	chr18	49814989	ENSG00000167315.18	ACAA2	enh	-6.06707	1.16589	-5.20381	2.68717e-07	5	EnhA1	Enh	False
NC_000001.11:107764322	chr1	107764322	ENSG00000134215.16	VAV3	body	1.28565	0.252561	5.09047	4.79141e-07	321	Quies	Quies	False
NC_000012.12:129202886	chr12	129202886	ENSG00000151948.12	GLT1D1	body	0.67393	0.168661	3.99578	7.25308e-05	342	Het	Het-ZNF	False
NC_000012.12:33952338	chr12	33952338	ENSG00000139133.7	ALG10	up	1.26577	0.253435	4.99445	7.75436e-07	390	Quies	Quies	False
NC_000004.12:185056135	chr4	185056135	ENSG00000187821.9	HELT	dn	-1.03336	0.217941	-4.74147	2.65515e-06	190	Quies	Quies	False
NC_000003.12:133561192	chr3	133561192	ENSG00000091527.17	CDV3	enh	2.07159	0.489452	4.23247	2.67474e-05	55	EnhWk	Enh	False
NC_000004.12:80489466	chr4	80489466	ENSG00000197826.13	CFAP299	up	2.13766	0.371568	5.75309	1.39974e-08	150	Quies	Quies	False
NC_000004.12:80489466	chr4	80489466	ENSG00000197826.13	CFAP299	body	0.969971	0.142769	6.79398	2.64086e-11	369	Quies	Quies	False
NC_000006.12:160617551	chr6	160617551	ENSG00000198670.13	LPA	dn	-0.463535	0.0940188	-4.93024	1.06527e-06	132	Quies	Quies	False
NC_000002.12:171408450	chr2	171408450	ENSG00000115827.14	DCAF17	dn	-1.32938	0.319008	-4.16724	3.53836e-05	109	Quies	Quies	False
NC_000014.9:56281356	chr14	56281356	ENSG00000139946.11	PELI2	body	-0.891358	0.213782	-4.16946	3.50493e-05	136	Quies	Quies	False
NC_000015.10:73799157	chr15	73799157	ENSG00000205363.7	INSYN1	up	0.859078	0.206564	4.15891	3.66612e-05	263	ReprPCWk	Repr	False
NC_000020.11:31167906	chr20	31167906	ENSG00000215547.1	DEFB115	up	-0.283228	0.0583053	-4.85767	1.51884e-06	170	NA	NA	False
NC_000006.12:116604944	chr6	116604944	ENSG00000111834.13	RSPH4A	up	-0.722162	0.134232	-5.37994	1.07078e-07	326	Quies	Quies	False
NC_000010.11:104078055	chr10	104078055	ENSG00000065618.21	COL17A1	up	1.87478	0.467215	4.01267	6.76543e-05	35	TxWk	Tx	False
NC_000003.12:26745980	chr3	26745980	ENSG00000179796.13	LRRC3B	dn	-1.06319	0.260449	-4.08214	5.06887e-05	173	Het	Het-ZNF	False
NC_000006.12:159277931	chr6	159277931	ENSG00000164694.17	FNDC1	dn	-1.65939	0.386951	-4.28837	2.09829e-05	50	ReprPCWk	Repr	False
NC_000003.12:12031946	chr3	12031946	ENSG00000157152.17	SYN2	body	-1.40466	0.25292	-5.55375	4.21039e-08	290	Quies	Quies	False
NC_000012.12:8184283	chr12	8184283	ENSG00000196946.11	ZNF705A	body	-1.75067	0.371955	-4.70666	3.13174e-06	113	Quies	Quies	False
NC_000001.11:107191747	chr1	107191747	ENSG00000162631.20	NTNG1	body	1.34311	0.313054	4.29034	2.08032e-05	215	Quies	Quies	False
NC_000009.12:113082088	chr9	113082088	ENSG00000136866.14	ZFP37	dn	0.479871	0.0909909	5.27384	1.86974e-07	507	Quies	Quies	False
NC_000003.12:133832484	chr3	133832484	ENSG00000144867.13	SRPRB	body	1.15422	0.230965	4.9974	7.64136e-07	115	TxWk	Tx	False
NC_000013.11:36318343	chr13	36318343	ENSG00000250709.1	CCDC169-SOHLH2	up	-0.929872	0.215259	-4.31978	1.8286e-05	143	TxWk	Tx	False
NC_000013.11:36318343	chr13	36318343	ENSG00000250709.1	CCDC169-SOHLH2	dn	-0.929872	0.215259	-4.31978	1.8286e-05	143	TxWk	Tx	False
NC_000013.11:36318343	chr13	36318343	ENSG00000250709.1	CCDC169-SOHLH2	body	-0.929872	0.215259	-4.31978	1.8286e-05	143	TxWk	Tx	False
NC_000001.11:731068	chr1	731068	ENSG00000284662.2	OR4F16	dn	-0.529573	0.129186	-4.09931	4.71653e-05	196	TxWk	Tx	False
NC_000009.12:86013291	chr9	86013291	ENSG00000135040.16	NAA35	dn	1.4067	0.277575	5.06782	5.37146e-07	119	TxWk	Tx	False
NC_000010.11:94002324	chr10	94002324	ENSG00000138193.17	PLCE1	body	1.50108	0.343461	4.37046	1.46195e-05	35	ReprPCWk	Repr	False
NC_000002.12:910149	chr2	910149	ENSG00000172554.12	SNTG2	up	-0.368832	0.0886454	-4.16076	3.63738e-05	477	Quies	Quies	False
NC_000020.11:31075446	chr20	31075446	ENSG00000215547.1	DEFB115	up	0.13055	0.0276698	4.71815	2.96612e-06	170	NA	NA	False
NC_000012.12:112580441	chr12	112580441	ENSG00000089169.15	RPH3A	enh	3.85853	0.891123	4.32997	1.7485e-05	8	ReprPCWk	Repr	False
NC_000020.11:31224087	chr20	31224087	ENSG00000215547.1	DEFB115	up	0.757504	0.0958253	7.90505	1.29552e-14	170	ZNF/Rpts	Het-ZNF	False
NC_000002.12:3328650	chr2	3328650	ENSG00000032389.13	EIPR1	up	-0.339863	0.0713848	-4.761	2.41919e-06	245	TxWk	Tx	False
NC_000002.12:3328650	chr2	3328650	ENSG00000032389.13	EIPR1	dn	-0.575693	0.11006	-5.23071	2.3389e-07	269	TxWk	Tx	False
NC_000002.12:3328650	chr2	3328650	ENSG00000032389.13	EIPR1	body	-0.33283	0.0586865	-5.67132	2.20776e-08	361	TxWk	Tx	False
NC_000005.10:173967997	chr5	173967997	ENSG00000185056.10	C5orf47	up	1.61499	0.367254	4.39748	1.29636e-05	89	TxWk	Tx	False
NC_000012.12:133250400	chr12	133250400	ENSG00000227059.7	ANHX	dn	0.497261	0.122083	4.07315	5.26311e-05	291	Het	Het-ZNF	False
NC_000004.12:56635823	chr4	56635823	ENSG00000171476.23	HOPX	up	1.95742	0.264299	7.40608	4.44736e-13	220	EnhA2	Enh	False
NC_000004.12:56635823	chr4	56635823	ENSG00000171476.23	HOPX	enh	0.986109	0.196036	5.03023	6.48677e-07	345	EnhA2	Enh	False
NC_000005.10:127106407	chr5	127106407	ENSG00000164241.14	C5orf63	dn	1.93198	0.3526	5.47924	6.30147e-08	58	Quies	Quies	False
NC_000001.11:93319348	chr1	93319348	ENSG00000117505.13	DR1	up	-0.589738	0.141471	-4.16862	3.51764e-05	247	Quies	Quies	False
NC_000006.12:50820650	chr6	50820650	ENSG00000008196.13	TFAP2B	up	1.09231	0.223422	4.88902	1.30377e-06	291	EnhBiv	Biv	False
NC_000003.12:194753529	chr3	194753529	ENSG00000185112.6	FAM43A	dn	-1.3711	0.338684	-4.04831	5.83718e-05	150	Quies	Quies	False
NC_000002.12:237655079	chr2	237655079	ENSG00000124831.20	LRRFIP1	body	0.849781	0.211579	4.01639	6.66258e-05	240	Quies	Quies	False
NC_000011.10:102602093	chr11	102602093	ENSG00000137674.4	MMP20	up	-3.43586	0.389298	-8.82578	1.19424e-17	96	EnhA2	Enh	False
NC_000011.10:102602093	chr11	102602093	ENSG00000137674.4	MMP20	dn	-1.81461	0.278408	-6.51782	1.51704e-10	148	EnhA2	Enh	False
NC_000011.10:102602093	chr11	102602093	ENSG00000137674.4	MMP20	body	-3.43586	0.389298	-8.82578	1.19424e-17	96	EnhA2	Enh	False
NC_000011.10:102602093	chr11	102602093	ENSG00000137674.4	MMP20	enh	-3.43586	0.389298	-8.82578	1.19424e-17	96	EnhA2	Enh	False
NC_000011.10:48964801	chr11	48964801	ENSG00000220948.6	TRIM51G	up	0.973577	0.141832	6.86431	1.67602e-11	221	Het	Het-ZNF	False
NC_000006.12:41369919	chr6	41369919	ENSG00000096264.14	NCR2	dn	0.401275	0.0944812	4.24714	2.51039e-05	163	ReprPCWk	Repr	False
NC_000001.11:30796094	chr1	30796094	ENSG00000162511.8	LAPTM5	dn	-0.681196	0.151443	-4.49804	8.2413e-06	362	ReprPCWk	Repr	False
NC_000010.11:126055414	chr10	126055414	ENSG00000203780.12	FANK1	dn	-1.25384	0.306464	-4.09131	4.87772e-05	106	Tx	Tx	False
NC_000009.12:113081911	chr9	113081911	ENSG00000136866.14	ZFP37	dn	0.516011	0.0879529	5.86691	7.35505e-09	507	Quies	Quies	False
NC_000004.12:120750603	chr4	120750603	ENSG00000138738.11	PRDM5	up	-1.61526	0.387221	-4.17141	3.47602e-05	83	ZNF/Rpts	Het-ZNF	False
NC_000002.12:662442	chr2	662442	ENSG00000151353.15	TMEM18	up	-0.7956	0.110759	-7.18314	2.03412e-12	532	TxWk	Tx	False
NC_000002.12:662442	chr2	662442	ENSG00000151353.15	TMEM18	dn	-0.685279	0.105182	-6.51521	1.54189e-10	489	TxWk	Tx	False
NC_000002.12:662442	chr2	662442	ENSG00000151353.15	TMEM18	body	-1.84407	0.16857	-10.9395	1.62389e-25	345	TxWk	Tx	False
NC_000002.12:74930944	chr2	74930944	ENSG00000115350.12	POLE4	dn	-1.6855	0.322943	-5.21919	2.4823e-07	109	Quies	Quies	False
NC_000002.12:100452918	chr2	100452918	ENSG00000204640.1	NMS	up	1.24903	0.262848	4.75192	2.52625e-06	179	Quies	Quies	False
NC_000006.12:169573863	chr6	169573863	ENSG00000285733.1	ENSG00000285733	dn	0.521196	0.110233	4.72815	2.82872e-06	324	Quies	Quies	False
NC_000006.12:157313010	chr6	157313010	ENSG00000215712.11	TMEM242	up	0.125942	0.0280605	4.48824	8.61647e-06	359	Tx	Tx	False
NC_000003.12:116927251	chr3	116927251	ENSG00000185565.13	LSAMP	body	0.312333	0.0702327	4.44712	1.03775e-05	518	Quies	Quies	False
NC_000010.11:113503412	chr10	113503412	ENSG00000148702.15	HABP2	up	-0.696589	0.151378	-4.60165	5.12086e-06	295	Quies	Quies	False
NC_000004.12:119406221	chr4	119406221	ENSG00000145384.4	FABP2	dn	-0.795128	0.141939	-5.60189	3.23697e-08	201	Quies	Quies	False
NC_000003.12:131419817	chr3	131419817	ENSG00000198585.12	NUDT16	dn	-0.939318	0.204796	-4.58661	5.49019e-06	183	Quies	Quies	False
NC_000005.10:142458436	chr5	142458436	ENSG00000187678.10	SPRY4	up	1.48452	0.372221	3.98826	7.4804e-05	53	Het	Het-ZNF	False
NC_000007.14:30924366	chr7	30924366	ENSG00000240583.14	AQP1	up	-1.05175	0.22686	-4.63612	4.36213e-06	127	TxWk	Tx	False
NC_000006.12:108532167	chr6	108532167	ENSG00000118689.15	FOXO3	up	1.1794	0.288096	4.09378	4.82744e-05	78	Quies	Quies	False
NC_000005.10:11262621	chr5	11262621	ENSG00000112977.16	DAP	prom	3.68289	0.717833	5.13056	3.90986e-07	12	Quies	Quies	False
NC_000005.10:179974587	chr5	179974587	ENSG00000197226.13	TBC1D9B	dn	-0.420862	0.0982116	-4.28526	2.127e-05	329	Tx	Tx	False
NC_000005.10:56908166	chr5	56908166	ENSG00000155542.12	SETD9	up	-1.08239	0.220202	-4.91545	1.14555e-06	177	TxWk	Tx	False
NC_000001.11:115319904	chr1	115319904	ENSG00000134259.6	NGF	up	1.49982	0.280483	5.34727	1.27255e-07	168	Quies	Quies	False
NC_000015.10:70864597	chr15	70864597	ENSG00000166173.11	LARP6	dn	1.32113	0.294473	4.48642	8.68823e-06	264	ReprPCWk	Repr	False
NC_000009.12:32874506	chr9	32874506	ENSG00000188133.6	TMEM215	up	1.65245	0.394431	4.18946	3.21798e-05	58	ReprPCWk	Repr	False
NC_000009.12:113087075	chr9	113087075	ENSG00000136866.14	ZFP37	dn	1.28652	0.158256	8.12936	2.49252e-15	507	Quies	Quies	False
NC_000020.11:31175806	chr20	31175806	ENSG00000215547.1	DEFB115	up	0.459622	0.0861009	5.33818	1.33498e-07	170	NA	NA	False
NC_000020.11:31071405	chr20	31071405	ENSG00000215547.1	DEFB115	up	-0.0887505	0.0202614	-4.38028	1.39955e-05	170	NA	NA	False
NC_000003.12:133384714	chr3	133384714	ENSG00000170819.5	BFSP2	up	1.14249	0.280837	4.06817	5.37372e-05	395	TxWk	Tx	False
NC_000012.12:188699	chr12	188699	ENSG00000111181.13	SLC6A12	enh	-1.11514	0.266561	-4.18343	3.30211e-05	110	EnhWk	Enh	False
NC_000010.11:38830131	chr10	38830131	ENSG00000283930.1	PLD5P1	up	-2.48124	0.292884	-8.47176	1.88057e-16	122	ZNF/Rpts	Het-ZNF	False
NC_000010.11:38830131	chr10	38830131	ENSG00000283930.1	PLD5P1	dn	-1.14871	0.164406	-6.987	7.51333e-12	224	ZNF/Rpts	Het-ZNF	False
NC_000010.11:38830131	chr10	38830131	ENSG00000283930.1	PLD5P1	body	-1.29622	0.196414	-6.59942	9.10644e-11	190	ZNF/Rpts	Het-ZNF	False
NC_000020.11:51436826	chr20	51436826	ENSG00000101096.20	NFATC2	dn	-0.989771	0.239448	-4.13356	4.08229e-05	294	TxWk	Tx	False
NC_000020.11:51436826	chr20	51436826	ENSG00000101096.20	NFATC2	body	-0.977869	0.236255	-4.13904	3.98865e-05	295	TxWk	Tx	False
NC_000009.12:113087191	chr9	113087191	ENSG00000136866.14	ZFP37	dn	1.52451	0.169714	8.98282	3.4222e-18	507	Quies	Quies	False
NC_000009.12:113087199	chr9	113087199	ENSG00000136866.14	ZFP37	dn	1.32615	0.162069	8.18264	1.67625e-15	507	Quies	Quies	False
NC_000007.14:65179999	chr7	65179999	ENSG00000213462.5	ERV3-1	up	1.03402	0.215003	4.80933	1.91882e-06	146	Quies	Quies	False
NC_000002.12:172445504	chr2	172445504	ENSG00000152256.14	PDK1	up	-1.92836	0.479917	-4.0181	6.61548e-05	50	TxWk	Tx	False
NC_000001.11:778291	chr1	778291	ENSG00000284662.2	OR4F16	prom	6.82768	1.57235	4.34235	1.6556e-05	4	TssFlnk	Prom	False
NC_000004.12:77308669	chr4	77308669	ENSG00000138764.15	CCNG2	body	1.15164	0.153949	7.48066	2.65227e-13	441	EnhWk	Enh	False
NC_000002.12:74933462	chr2	74933462	ENSG00000115350.12	POLE4	dn	-1.29758	0.258192	-5.02562	6.63804e-07	109	Quies	Quies	False
NC_000020.11:61224954	chr20	61224954	ENSG00000179242.16	CDH4	up	1.16303	0.283889	4.09678	4.76701e-05	205	ReprPCWk	Repr	False
NC_000011.10:5829187	chr11	5829187	ENSG00000205409.3	OR52E6	dn	0.540604	0.109118	4.95429	9.46187e-07	229	Quies	Quies	False
NC_000019.10:36291101	chr19	36291101	ENSG00000196357.12	ZNF565	up	-0.577179	0.132579	-4.35346	1.57633e-05	119	Quies	Quies	False
NC_000006.12:690025	chr6	690025	ENSG00000112685.14	EXOC2	up	0.642335	0.140968	4.5566	6.30497e-06	483	Tx	Tx	False
NC_000007.14:94840778	chr7	94840778	ENSG00000158528.12	PPP1R9A	up	-4.42524	0.334889	-13.214	3.692e-35	258	Het	Het-ZNF	False
NC_000003.12:183149399	chr3	183149399	ENSG00000078081.8	LAMP3	up	-1.2474	0.290246	-4.29774	2.01411e-05	239	Quies	Quies	False
NC_000003.12:183149399	chr3	183149399	ENSG00000078081.8	LAMP3	dn	-1.24854	0.282566	-4.41856	1.17979e-05	241	Quies	Quies	False
NC_000003.12:183149399	chr3	183149399	ENSG00000078081.8	LAMP3	body	-1.2474	0.290246	-4.29774	2.01411e-05	239	Quies	Quies	False
NC_000011.10:5896280	chr11	5896280	ENSG00000277932.2	OR52E5	up	0.593647	0.103599	5.73022	1.59087e-08	245	Quies	Quies	False
NC_000010.11:46886587	chr10	46886587	ENSG00000204179.11	PTPN20	up	0.71768	0.141327	5.07815	5.09894e-07	219	NA	NA	False
NC_000005.10:115602107	chr5	115602107	ENSG00000243414.6	TICAM2	dn	0.890792	0.219823	4.05231	5.74085e-05	145	TssFlnk	Prom	False
NC_000018.10:78686141	chr18	78686141	ENSG00000256463.10	SALL3	dn	1.10123	0.263866	4.17343	3.44618e-05	136	ZNF/Rpts	Het-ZNF	False
NC_000018.10:14873246	chr18	14873246	ENSG00000180777.15	ANKRD30B	enh	0.743075	0.172657	4.30377	1.96163e-05	120	Quies	Quies	False
NC_000007.14:118443544	chr7	118443544	ENSG00000106013.15	ANKRD7	body	-0.773514	0.182415	-4.24039	2.58471e-05	247	Het	Het-ZNF	False
NC_000002.12:191765480	chr2	191765480	ENSG00000168497.5	CAVIN2	up	-1.02143	0.237514	-4.30051	1.9899e-05	169	Quies	Quies	False
NC_000008.11:141698399	chr8	141698399	ENSG00000226490.2	C8orf90	up	-0.459512	0.11082	-4.14649	3.86476e-05	379	ReprPCWk	Repr	False
NC_000007.14:122821238	chr7	122821238	ENSG00000081803.17	CADPS2	body	-1.92247	0.461462	-4.16604	3.55649e-05	58	Quies	Quies	False
NC_000010.11:46878330	chr10	46878330	ENSG00000204179.11	PTPN20	up	0.745535	0.177188	4.2076	2.97717e-05	219	NA	NA	False
NC_000009.12:113088122	chr9	113088122	ENSG00000136866.14	ZFP37	dn	0.52263	0.108981	4.79559	2.04992e-06	507	Het	Het-ZNF	False
NC_000010.11:38215389	chr10	38215389	ENSG00000283930.1	PLD5P1	dn	0.557099	0.135227	4.11972	4.32815e-05	224	Het	Het-ZNF	False
NC_000010.11:38215389	chr10	38215389	ENSG00000283930.1	PLD5P1	body	0.84655	0.159448	5.30924	1.55401e-07	190	Het	Het-ZNF	False
NC_000006.12:157284804	chr6	157284804	ENSG00000215712.11	TMEM242	up	-0.328058	0.0576996	-5.68563	2.0394e-08	359	TxWk	Tx	False
NC_000001.11:2672480	chr1	2672480	ENSG00000142606.16	MMEL1	up	-0.386993	0.0708112	-5.46514	6.79758e-08	162	Quies	Quies	False
NC_000001.11:2672480	chr1	2672480	ENSG00000142606.16	MMEL1	dn	-0.187336	0.0334945	-5.59303	3.39793e-08	280	Quies	Quies	False
NC_000001.11:2672480	chr1	2672480	ENSG00000142606.16	MMEL1	body	-0.386993	0.0708112	-5.46514	6.79758e-08	162	Quies	Quies	False
NC_000012.12:112580217	chr12	112580217	ENSG00000089169.15	RPH3A	enh	4.73953	0.781388	6.06552	2.33315e-09	8	ReprPCWk	Repr	False
NC_000006.12:88112152	chr6	88112152	ENSG00000118432.13	CNR1	up	1.18405	0.296224	3.99716	7.21202e-05	271	Quies	Quies	False
NC_000013.11:94401660	chr13	94401660	ENSG00000080166.16	DCT	up	1.74133	0.321498	5.4163	8.82688e-08	137	Quies	Quies	False
NC_000008.11:61097497	chr8	61097497	ENSG00000177182.11	CLVS1	body	1.11805	0.225509	4.9579	9.29468e-07	384	Quies	Quies	False
NC_000017.11:73178199	chr17	73178199	ENSG00000180616.9	SSTR2	dn	0.502963	0.113913	4.41531	1.19708e-05	336	Quies	Quies	False
NC_000017.11:73178199	chr17	73178199	ENSG00000180616.9	SSTR2	prom	0.650402	0.128403	5.06533	5.43927e-07	289	Quies	Quies	False
NC_000001.11:19435135	chr1	19435135	ENSG00000173436.15	MICOS10	up	-0.688567	0.163371	-4.21474	2.88712e-05	314	EnhA2	Enh	False
NC_000001.11:19435135	chr1	19435135	ENSG00000173436.15	MICOS10	enh	-0.688101	0.166577	-4.13083	4.12973e-05	310	EnhA2	Enh	False
NC_000008.11:66342051	chr8	66342051	ENSG00000179041.4	RRS1	up	-0.835588	0.156899	-5.32565	1.42585e-07	186	EnhA1	Enh	False
NC_000012.12:106645063	chr12	106645063	ENSG00000111783.13	RFX4	up	-0.856288	0.207412	-4.12845	4.17152e-05	210	Quies	Quies	False
NC_000015.10:69627050	chr15	69627050	ENSG00000137818.12	RPLP1	up	0.950574	0.238159	3.99134	7.38657e-05	64	Quies	Quies	False
NC_000003.12:125990604	chr3	125990604	ENSG00000114547.10	ROPN1B	dn	-2.05096	0.293099	-6.99749	7.01116e-12	248	TssBiv	Biv	False
NC_000012.12:9942746	chr12	9942746	ENSG00000172322.14	CLEC12A	body	-2.08646	0.376395	-5.54329	4.45703e-08	87	Quies	Quies	False
NC_000010.11:113476791	chr10	113476791	ENSG00000148702.15	HABP2	up	0.668987	0.134653	4.96822	8.83238e-07	295	Quies	Quies	False
NC_000006.12:47636397	chr6	47636397	ENSG00000153294.12	ADGRF4	up	1.39298	0.307287	4.53315	7.0212e-06	51	Quies	Quies	False
NC_000001.11:209708454	chr1	209708454	ENSG00000117594.10	HSD11B1	dn	0.529636	0.12723	4.16284	3.60522e-05	84	Quies	Quies	False
NC_000018.10:75264313	chr18	75264313	ENSG00000179981.11	TSHZ1	enh	-2.5409	0.56774	-4.47547	9.13029e-06	15	TxWk	Tx	False
NC_000001.11:2669213	chr1	2669213	ENSG00000142606.16	MMEL1	up	-0.510276	0.102659	-4.97058	8.72944e-07	162	Quies	Quies	False
NC_000001.11:2669213	chr1	2669213	ENSG00000142606.16	MMEL1	body	-0.510276	0.102659	-4.97058	8.72944e-07	162	Quies	Quies	False
NC_000001.11:2669215	chr1	2669215	ENSG00000142606.16	MMEL1	up	-0.457001	0.0831881	-5.49358	5.83309e-08	162	Quies	Quies	False
NC_000001.11:2669215	chr1	2669215	ENSG00000142606.16	MMEL1	dn	-0.201968	0.0395212	-5.11036	4.33234e-07	280	Quies	Quies	False
NC_000001.11:2669215	chr1	2669215	ENSG00000142606.16	MMEL1	body	-0.457001	0.0831881	-5.49358	5.83309e-08	162	Quies	Quies	False
NC_000001.11:15326239	chr1	15326239	ENSG00000142634.13	EFHD2	up	-1.36592	0.319456	-4.27577	2.21684e-05	35	TxWk	Tx	False
NC_000001.11:121020237	chr1	121020237	ENSG00000263353.4	PPIAL4A	up	-1.33089	0.307368	-4.32995	1.74863e-05	256	NA	NA	False
NC_000019.10:21577931	chr19	21577931	ENSG00000197013.11	ZNF429	dn	-0.200202	0.0408396	-4.90215	1.22273e-06	204	Het	Het-ZNF	False
NC_000020.11:31191831	chr20	31191831	ENSG00000215547.1	DEFB115	up	0.655778	0.077519	8.45958	2.0646e-16	170	NA	NA	False
NC_000011.10:123747551	chr11	123747551	ENSG00000166261.11	ZNF202	dn	2.57663	0.63689	4.04564	5.90213e-05	44	Quies	Quies	False
NC_000012.12:112727119	chr12	112727119	ENSG00000089169.15	RPH3A	enh	5.8681	1.19166	4.92429	1.09689e-06	8	Quies	Quies	False
NC_000007.14:108103032	chr7	108103032	ENSG00000091128.13	LAMB4	enh	3.9062	0.732615	5.33186	1.38011e-07	32	EnhWk	Enh	False
NC_000001.11:93835042	chr1	93835042	ENSG00000137936.18	BCAR3	up	-2.76672	0.254881	-10.8549	3.52458e-25	320	Het	Het-ZNF	False
NC_000001.11:93835042	chr1	93835042	ENSG00000137936.18	BCAR3	body	-2.76672	0.254881	-10.8549	3.52458e-25	320	Het	Het-ZNF	False
NC_000014.9:91390465	chr14	91390465	ENSG00000015133.20	CCDC88C	dn	-1.24029	0.303167	-4.09111	4.88173e-05	220	TxWk	Tx	False
NC_000014.9:91390465	chr14	91390465	ENSG00000015133.20	CCDC88C	body	-1.2626	0.301704	-4.1849	3.28143e-05	223	TxWk	Tx	False
NC_000011.10:26605830	chr11	26605830	ENSG00000169550.14	MUC15	dn	-0.70808	0.141467	-5.00528	7.34727e-07	241	Quies	Quies	False
NC_000020.11:45690233	chr20	45690233	ENSG00000168634.5	WFDC13	dn	0.333743	0.0831564	4.01344	6.74418e-05	299	Quies	Quies	False
NC_000006.12:169573635	chr6	169573635	ENSG00000285733.1	ENSG00000285733	dn	0.836398	0.204189	4.09619	4.7788e-05	324	Quies	Quies	False
NC_000012.12:112544835	chr12	112544835	ENSG00000089169.15	RPH3A	enh	3.73172	0.894877	4.17009	3.4956e-05	8	Quies	Quies	False
NC_000010.11:75468936	chr10	75468936	ENSG00000148655.16	LRMDA	enh	2.93787	0.618537	4.74972	2.55298e-06	39	EnhWk	Enh	False
NC_000019.10:36283693	chr19	36283693	ENSG00000196357.12	ZNF565	up	-1.10205	0.222461	-4.9539	9.48041e-07	119	Quies	Quies	False
NC_000019.10:36283693	chr19	36283693	ENSG00000196357.12	ZNF565	dn	-1.88636	0.405295	-4.65428	4.00711e-06	82	Quies	Quies	False
NC_000007.14:100956290	chr7	100956290	ENSG00000169894.18	MUC3A	body	-4.27156	0.293779	-14.54	3.11659e-41	125	NA	NA	False
NC_000009.12:131859907	chr9	131859907	ENSG00000107263.19	RAPGEF1	up	2.71223	0.668807	4.05533	5.66914e-05	34	Tx	Tx	False
NC_000009.12:113081924	chr9	113081924	ENSG00000136866.14	ZFP37	dn	0.422266	0.0846241	4.9899	7.9315e-07	507	Quies	Quies	False
NC_000012.12:48550971	chr12	48550971	ENSG00000198678.5	OR5BS1P	up	0.459964	0.102234	4.49911	8.20115e-06	261	Quies	Quies	False
NC_000003.12:75690678	chr3	75690678	ENSG00000172969.8	FRG2C	dn	-0.475288	0.117514	-4.04453	5.92943e-05	449	Het	Het-ZNF	False
NC_000020.11:31230767	chr20	31230767	ENSG00000215547.1	DEFB115	up	0.613647	0.0851307	7.20829	1.71673e-12	170	ZNF/Rpts	Het-ZNF	False
NC_000012.12:112544957	chr12	112544957	ENSG00000089169.15	RPH3A	enh	3.10413	0.772012	4.02082	6.54157e-05	8	Quies	Quies	False
NC_000020.11:31054457	chr20	31054457	ENSG00000215547.1	DEFB115	up	0.0643415	0.0148799	4.32406	1.7945e-05	170	NA	NA	False
NC_000008.11:23910970	chr8	23910970	ENSG00000159167.12	STC1	dn	-1.1141	0.222639	-5.00407	7.39185e-07	379	Quies	Quies	False
NC_000018.10:22934396	chr18	22934396	ENSG00000101773.19	RBBP8	body	-1.05509	0.242234	-4.35565	1.5611e-05	161	TssFlnkD	Prom	False
NC_000001.11:205563655	chr1	205563655	ENSG00000174514.13	MFSD4A	up	0.70361	0.173397	4.0578	5.61119e-05	117	ReprPCWk	Repr	False
NC_000006.12:7437906	chr6	7437906	ENSG00000124784.9	RIOK1	dn	-4.62632	0.280129	-16.515	9.3387e-51	144	ReprPCWk	Repr	False
NC_000020.11:31214970	chr20	31214970	ENSG00000215547.1	DEFB115	up	0.249903	0.061115	4.08906	4.92391e-05	170	NA	NA	False
NC_000004.12:7779495	chr4	7779495	ENSG00000196526.11	AFAP1	up	-0.817575	0.17753	-4.60528	5.03539e-06	91	Tx	Tx	False
NC_000010.11:80546805	chr10	80546805	ENSG00000178217.15	SH2D4B	up	1.77535	0.373407	4.75446	2.49595e-06	55	ReprPCWk	Repr	False
NC_000007.14:65095198	chr7	65095198	ENSG00000213462.5	ERV3-1	up	1.97049	0.259568	7.59141	1.22169e-13	146	TxWk	Tx	False
NC_000003.12:126703692	chr3	126703692	ENSG00000159685.11	CHCHD6	body	0.771886	0.1376	5.60963	3.10231e-08	127	ReprPCWk	Repr	False
NC_000003.12:126703692	chr3	126703692	ENSG00000159685.11	CHCHD6	enh	1.47024	0.29851	4.92525	1.09171e-06	51	ReprPCWk	Repr	False
NC_000001.11:227812244	chr1	227812244	ENSG00000185888.6	PRSS38	body	0.651742	0.150804	4.32177	1.81269e-05	227	Quies	Quies	False
NC_000005.10:56908057	chr5	56908057	ENSG00000155542.12	SETD9	up	-1.59115	0.272119	-5.84727	8.22504e-09	177	TxWk	Tx	False
NC_000020.11:62607440	chr20	62607440	ENSG00000101187.16	SLCO4A1	up	-0.461453	0.102226	-4.51404	7.6621e-06	497	ReprPC	Repr	False
NC_000001.11:179462473	chr1	179462473	ENSG00000162779.22	AXDND1	body	1.32384	0.309155	4.28213	2.15624e-05	148	Quies	Quies	False
NC_000009.12:113085614	chr9	113085614	ENSG00000136866.14	ZFP37	dn	-0.351044	0.0850269	-4.12862	4.16857e-05	507	Quies	Quies	False
NC_000001.11:779477	chr1	779477	ENSG00000284662.2	OR4F16	prom	5.51731	1.32499	4.16405	3.58672e-05	4	TssA	Prom	False
NC_000012.12:130422532	chr12	130422532	ENSG00000125207.7	PIWIL1	up	-1.07143	0.260126	-4.11887	4.34369e-05	105	Het	Het-ZNF	False
NC_000004.12:7080092	chr4	7080092	ENSG00000109519.14	GRPEL1	up	1.53879	0.383737	4.01	6.84039e-05	102	ReprPCWk	Repr	False
NC_000009.12:93612946	chr9	93612946	ENSG00000197724.12	PHF2	body	1.58835	0.261368	6.07708	2.18015e-09	107	EnhWk	Enh	False
NC_000007.14:35720461	chr7	35720461	ENSG00000122557.11	HERPUD2	dn	0.830972	0.202075	4.11219	4.46774e-05	157	ReprPCWk	Repr	False
NC_000007.14:35720461	chr7	35720461	ENSG00000122557.11	HERPUD2	body	0.830972	0.202075	4.11219	4.46774e-05	157	ReprPCWk	Repr	False
NC_000010.11:38802417	chr10	38802417	ENSG00000283930.1	PLD5P1	dn	0.222193	0.055597	3.99648	7.23195e-05	224	ZNF/Rpts	Het-ZNF	False
NC_000005.10:845145	chr5	845145	ENSG00000188818.13	ZDHHC11	up	0.365342	0.0611024	5.97919	3.85834e-09	475	ReprPCWk	Repr	False
NC_000005.10:845145	chr5	845145	ENSG00000188818.13	ZDHHC11	dn	0.367398	0.0611392	6.0092	3.24156e-09	474	ReprPCWk	Repr	False
NC_000005.10:845145	chr5	845145	ENSG00000188818.13	ZDHHC11	body	0.368001	0.0612198	6.01114	3.20522e-09	474	ReprPCWk	Repr	False
NC_000006.12:150508484	chr6	150508484	ENSG00000120278.17	PLEKHG1	up	-1.63442	0.36726	-4.4503	1.02299e-05	115	Quies	Quies	False
NC_000010.11:133609029	chr10	133609029	ENSG00000225899.8	FRG2B	up	2.234	0.230888	9.67571	1.13898e-20	248	Quies	Quies	False
NC_000010.11:133609029	chr10	133609029	ENSG00000225899.8	FRG2B	dn	1.22489	0.249868	4.90215	1.2227e-06	324	Quies	Quies	False
NC_000001.11:2680267	chr1	2680267	ENSG00000142606.16	MMEL1	dn	-0.340396	0.0769791	-4.42192	1.16213e-05	280	Het	Het-ZNF	False
NC_000009.12:113084327	chr9	113084327	ENSG00000136866.14	ZFP37	dn	0.261914	0.0642335	4.07754	5.16738e-05	507	Quies	Quies	False
NC_000011.10:92875840	chr11	92875840	ENSG00000134640.3	MTNR1B	up	0.921241	0.202969	4.53882	6.84139e-06	229	ReprPCWk	Repr	False
NC_000011.10:92875840	chr11	92875840	ENSG00000134640.3	MTNR1B	prom	0.923901	0.203164	4.54755	6.57267e-06	227	ReprPCWk	Repr	False
NC_000010.11:35521	chr10	35521	ENSG00000261456.6	TUBB8	dn	-0.82572	0.137123	-6.02177	3.01291e-09	344	Quies	Quies	False
NC_000010.11:46886350	chr10	46886350	ENSG00000204179.11	PTPN20	up	0.887346	0.131395	6.75325	3.43038e-11	219	NA	NA	False
NC_000014.9:90222590	chr14	90222590	ENSG00000100764.14	PSMC1	up	2.01769	0.29594	6.81792	2.26312e-11	118	Quies	Quies	False
NC_000013.11:19344408	chr13	19344408	ENSG00000198033.13	TUBA3C	dn	0.792374	0.192853	4.10869	4.53406e-05	378	Quies	Quies	False
NC_000010.11:25896499	chr10	25896499	ENSG00000095777.17	MYO3A	up	0.52765	0.129286	4.08125	5.08778e-05	264	Quies	Quies	False
NC_000014.9:52255742	chr14	52255742	ENSG00000168229.4	PTGDR	up	1.26377	0.305768	4.13311	4.09006e-05	137	Quies	Quies	False
NC_000011.10:5896172	chr11	5896172	ENSG00000277932.2	OR52E5	up	0.893	0.168149	5.31075	1.54179e-07	245	Quies	Quies	False
NC_000014.9:21777825	chr14	21777825	ENSG00000276240.4	OR4E1	dn	-2.69432	0.280358	-9.61029	1.9774799999999998e-20	267	Quies	Quies	False
NC_000001.11:2672138	chr1	2672138	ENSG00000142606.16	MMEL1	up	-0.416596	0.0760684	-5.47659	6.39199e-08	162	Quies	Quies	False
NC_000001.11:2672138	chr1	2672138	ENSG00000142606.16	MMEL1	dn	-0.192485	0.036065	-5.33717	1.34208e-07	280	Quies	Quies	False
NC_000001.11:2672138	chr1	2672138	ENSG00000142606.16	MMEL1	body	-0.416596	0.0760684	-5.47659	6.39199e-08	162	Quies	Quies	False
NC_000020.11:2376505	chr20	2376505	ENSG00000166948.10	TGM6	up	-0.744945	0.154616	-4.81804	1.83992e-06	124	ReprPCWk	Repr	False
NC_000008.11:103125222	chr8	103125222	ENSG00000164929.17	BAALC	up	-2.5401	0.429075	-5.91994	5.43006e-09	97	Quies	Quies	False
NC_000007.14:29809719	chr7	29809719	ENSG00000122574.12	WIPF3	up	1.19015	0.263008	4.52513	7.28369e-06	359	ReprPC	Repr	False
NC_000018.10:76405679	chr18	76405679	ENSG00000101493.11	ZNF516	up	-0.92527	0.223925	-4.13204	4.10859e-05	105	ReprPCWk	Repr	False
NC_000003.12:39000806	chr3	39000806	ENSG00000114742.14	WDR48	up	-1.38757	0.337191	-4.11508	4.41372e-05	127	Quies	Quies	False
NC_000012.12:5918111	chr12	5918111	ENSG00000047617.18	ANO2	up	-0.993141	0.206123	-4.8182	1.83853e-06	418	TxWk	Tx	False
NC_000002.12:113397631	chr2	113397631	ENSG00000136682.16	ZNG1B	body	-0.658514	0.146191	-4.50447	8.00351e-06	138	Quies	Quies	False
NC_000001.11:730904	chr1	730904	ENSG00000284662.2	OR4F16	prom	-4.62572	1.09308	-4.23183	2.68215e-05	4	TxWk	Tx	False
NC_000003.12:122186448	chr3	122186448	ENSG00000036828.17	CASR	enh	-4.07948	1.0023	-4.07013	5.32973e-05	3	Quies	Quies	False
NC_000022.11:49761730	chr22	49761730	ENSG00000100425.19	BRD1	up	-1.15279	0.270225	-4.26603	2.31281e-05	67	Quies	Quies	False
NC_000022.11:49761730	chr22	49761730	ENSG00000100425.19	BRD1	enh	-2.32715	0.53019	-4.38929	1.34457e-05	43	Quies	Quies	False
NC_000006.12:4020455	chr6	4020455	ENSG00000112739.17	PRPF4B	body	1.22462	0.302156	4.05294	5.7257e-05	251	EnhA2	Enh	False
NC_000005.10:131809470	chr5	131809470	ENSG00000217128.13	FNIP1	up	1.37801	0.291064	4.73438	2.74619e-06	113	Quies	Quies	False
NC_000005.10:131809470	chr5	131809470	ENSG00000217128.13	FNIP1	body	1.33296	0.289148	4.60995	4.9274e-06	115	Quies	Quies	False
NC_000001.11:2672496	chr1	2672496	ENSG00000142606.16	MMEL1	up	-0.355762	0.0771076	-4.61384	4.83908e-06	162	Quies	Quies	False
NC_000001.11:2672496	chr1	2672496	ENSG00000142606.16	MMEL1	dn	-0.187229	0.0363607	-5.1492	3.55547e-07	280	Quies	Quies	False
NC_000001.11:2672496	chr1	2672496	ENSG00000142606.16	MMEL1	body	-0.355762	0.0771076	-4.61384	4.83908e-06	162	Quies	Quies	False
NC_000010.11:98264025	chr10	98264025	ENSG00000138131.4	LOXL4	up	-1.58171	0.386086	-4.09677	4.76709e-05	41	Quies	Quies	False
NC_000010.11:98264025	chr10	98264025	ENSG00000138131.4	LOXL4	body	-1.58171	0.386086	-4.09677	4.76709e-05	41	Quies	Quies	False
NC_000014.9:20987529	chr14	20987529	ENSG00000165792.18	METTL17	dn	2.00746	0.478041	4.19936	3.08436e-05	32	TxWk	Tx	False
NC_000014.9:20987529	chr14	20987529	ENSG00000165792.18	METTL17	enh	2.41749	0.551229	4.38563	1.36664e-05	29	TxWk	Tx	False
NC_000008.11:103125589	chr8	103125589	ENSG00000164929.17	BAALC	up	-1.56067	0.314769	-4.95815	9.28316e-07	97	Quies	Quies	False
NC_000007.14:141759526	chr7	141759526	ENSG00000127362.2	TAS2R3	up	2.34475	0.429543	5.45871	7.03635e-08	224	Tx	Tx	False
NC_000007.14:141759526	chr7	141759526	ENSG00000127362.2	TAS2R3	dn	6.58699	0.649813	10.1368	2.16652e-22	57	Tx	Tx	False
NC_000016.10:78351004	chr16	78351004	ENSG00000186153.19	WWOX	body	-0.435011	0.108959	-3.99244	7.35314e-05	477	Quies	Quies	False
NC_000012.12:48542843	chr12	48542843	ENSG00000198678.5	OR5BS1P	up	0.560852	0.130845	4.28638	2.11667e-05	261	Quies	Quies	False
NC_000008.11:66387709	chr8	66387709	ENSG00000179041.4	RRS1	up	-0.719907	0.174259	-4.13126	4.12226e-05	186	Quies	Quies	False
NC_000003.12:41640786	chr3	41640786	ENSG00000168038.11	ULK4	dn	-0.616099	0.152745	-4.03352	6.20662e-05	97	Quies	Quies	False
NC_000013.11:24050812	chr13	24050812	ENSG00000182957.16	SPATA13	body	1.25122	0.302031	4.14269	3.9274e-05	181	EnhWk	Enh	False
NC_000007.14:100996841	chr7	100996841	ENSG00000169876.14	MUC17	up	-0.440794	0.109528	-4.0245	6.44297e-05	372	Het	Het-ZNF	False
NC_000004.12:56635840	chr4	56635840	ENSG00000171476.23	HOPX	up	3.1665	0.301414	10.5055	8.318330000000001e-24	220	EnhA2	Enh	False
NC_000004.12:56635840	chr4	56635840	ENSG00000171476.23	HOPX	enh	1.3117	0.231622	5.66311	2.31045e-08	345	EnhA2	Enh	False
NC_000001.11:121020120	chr1	121020120	ENSG00000263353.4	PPIAL4A	up	-1.20734	0.287882	-4.19389	3.15758e-05	256	NA	NA	False
NC_000006.12:159298961	chr6	159298961	ENSG00000164694.17	FNDC1	body	-0.8357	0.195559	-4.27339	2.23997e-05	237	ReprPCWk	Repr	False
NC_000019.10:21577820	chr19	21577820	ENSG00000197013.11	ZNF429	dn	-0.509995	0.0780484	-6.53434	1.3687e-10	204	Het	Het-ZNF	False
NC_000019.10:21577820	chr19	21577820	ENSG00000197013.11	ZNF429	enh	-2.79541	0.611467	-4.57164	5.8831e-06	36	Het	Het-ZNF	False
NC_000008.11:66377597	chr8	66377597	ENSG00000179041.4	RRS1	up	-0.665474	0.16145	-4.12186	4.28932e-05	186	TxWk	Tx	False
NC_000010.11:105278155	chr10	105278155	ENSG00000156395.14	SORCS3	body	1.37126	0.325367	4.21452	2.88995e-05	59	Het	Het-ZNF	False
NC_000020.11:31191846	chr20	31191846	ENSG00000215547.1	DEFB115	up	0.150798	0.0364004	4.14274	3.92657e-05	170	NA	NA	False
NC_000004.12:61160608	chr4	61160608	ENSG00000150471.17	ADGRL3	up	-1.84509	0.352138	-5.23967	2.23282e-07	152	Quies	Quies	False
NC_000005.10:838422	chr5	838422	ENSG00000188818.13	ZDHHC11	up	-0.243459	0.0606543	-4.01389	6.73163e-05	475	ReprPCWk	Repr	False
NC_000011.10:8978399	chr11	8978399	ENSG00000175348.11	TMEM9B	dn	1.7599	0.361605	4.86693	1.45198e-06	116	Quies	Quies	False
NC_000009.12:113081810	chr9	113081810	ENSG00000136866.14	ZFP37	dn	0.758886	0.0991408	7.65462	7.81735e-14	507	Quies	Quies	False
NC_000001.11:121659713	chr1	121659713	ENSG00000188610.12	FAM72B	up	1.18018	0.265763	4.44072	1.06805e-05	35	Het	Het-ZNF	False
NC_000005.10:841225	chr5	841225	ENSG00000188818.13	ZDHHC11	up	-0.348549	0.0852735	-4.08743	4.95772e-05	475	ReprPCWk	Repr	False
NC_000005.10:841225	chr5	841225	ENSG00000188818.13	ZDHHC11	dn	-0.345438	0.0853724	-4.04625	5.88737e-05	474	ReprPCWk	Repr	False
NC_000005.10:841225	chr5	841225	ENSG00000188818.13	ZDHHC11	body	-0.346105	0.0854851	-4.04872	5.82714e-05	474	ReprPCWk	Repr	False
NC_000020.11:31054342	chr20	31054342	ENSG00000215547.1	DEFB115	up	0.0676369	0.0169525	3.98978	7.43388e-05	170	NA	NA	False
NC_000003.12:14209963	chr3	14209963	ENSG00000170860.4	LSM3	up	-0.970783	0.191853	-5.06003	5.58617e-07	225	EnhA1	Enh	False
NC_000003.12:31707264	chr3	31707264	ENSG00000163527.10	STT3B	enh	3.61419	0.847296	4.26555	2.31761e-05	4	TxWk	Tx	False
NC_000012.12:109515525	chr12	109515525	ENSG00000151148.14	UBE3B	up	1.59504	0.275613	5.78724	1.15524e-08	155	Tx	Tx	False
NC_000001.11:152218691	chr1	152218691	ENSG00000197915.7	HRNR	dn	-1.07176	0.229166	-4.6768	3.60529e-06	121	ZNF/Rpts	Het-ZNF	True
NC_000008.11:272124	chr8	272124	ENSG00000172748.14	ZNF596	dn	-0.47902	0.0896801	-5.34143	1.31232e-07	508	ReprPCWk	Repr	False
NC_000001.11:121020488	chr1	121020488	ENSG00000263353.4	PPIAL4A	up	-1.57403	0.323714	-4.86239	1.48437e-06	256	NA	NA	False
NC_000001.11:167484011	chr1	167484011	ENSG00000198821.12	CD247	enh	-3.9724	0.700701	-5.66917	2.23421e-08	12	ReprPCWk	Repr	False
NC_000009.12:138175440	chr9	138175440	ENSG00000148408.15	CACNA1B	prom	-2.73734	0.52769	-5.1874	2.92392e-07	58	Quies	Quies	False
NC_000011.10:128552721	chr11	128552721	ENSG00000134954.14	ETS1	dn	4.24274	0.538078	7.88498	1.49878e-14	41	EnhWk	Enh	False
NC_000011.10:128552721	chr11	128552721	ENSG00000134954.14	ETS1	enh	4.84999	0.635351	7.63356	9.07448e-14	30	EnhWk	Enh	False
NC_000014.9:55510179	chr14	55510179	ENSG00000126777.18	KTN1	up	2.66471	0.455373	5.85172	8.01952e-09	87	Quies	Quies	False
NC_000010.11:46882436	chr10	46882436	ENSG00000204179.11	PTPN20	up	0.918711	0.155296	5.91586	5.55881e-09	219	NA	NA	False
NC_000001.11:733661	chr1	733661	ENSG00000284662.2	OR4F16	dn	-0.409998	0.0878165	-4.66881	3.74317e-06	196	TxWk	Tx	False
NC_000019.10:36288564	chr19	36288564	ENSG00000196357.12	ZNF565	up	-0.514553	0.104522	-4.92293	1.10427e-06	119	Quies	Quies	False
NC_000004.12:72127894	chr4	72127894	ENSG00000056291.19	NPFFR2	body	1.86838	0.433692	4.30809	1.92486e-05	37	Quies	Quies	False
NC_000001.11:115367244	chr1	115367244	ENSG00000134259.6	NGF	up	0.993422	0.21701	4.57778	5.71894e-06	168	Quies	Quies	False
NC_000002.12:74954364	chr2	74954364	ENSG00000115350.12	POLE4	dn	-1.21195	0.216089	-5.60855	3.12083e-08	109	Quies	Quies	False
NC_000018.10:58727460	chr18	58727460	ENSG00000172175.16	MALT1	dn	-1.15168	0.224278	-5.13503	3.82185e-07	220	TxWk	Tx	False
NC_000001.11:248828333	chr1	248828333	ENSG00000175137.11	SH3BP5L	dn	0.772428	0.158519	4.87279	1.41115e-06	153	TxWk	Tx	False
NC_000006.12:160632078	chr6	160632078	ENSG00000198670.13	LPA	dn	-0.593207	0.104824	-5.65907	2.36272e-08	132	Quies	Quies	False
NC_000014.9:56211768	chr14	56211768	ENSG00000139946.11	PELI2	body	-1.54448	0.210536	-7.33595	7.20385e-13	136	Quies	Quies	False
NC_000003.12:133889734	chr3	133889734	ENSG00000154917.11	RAB6B	up	-2.05104	0.356196	-5.75819	1.36026e-08	116	ReprPCWk	Repr	False
NC_000003.12:133889734	chr3	133889734	ENSG00000154917.11	RAB6B	dn	-2.05104	0.356196	-5.75819	1.36026e-08	116	ReprPCWk	Repr	False
NC_000003.12:133889734	chr3	133889734	ENSG00000154917.11	RAB6B	body	-2.05104	0.356196	-5.75819	1.36026e-08	116	ReprPCWk	Repr	False
NC_000012.12:112565850	chr12	112565850	ENSG00000089169.15	RPH3A	enh	3.66598	0.789231	4.64501	4.18477e-06	8	Quies	Quies	False
NC_000008.11:66365538	chr8	66365538	ENSG00000179041.4	RRS1	up	-1.01267	0.190889	-5.30504	1.5886e-07	186	Quies	Quies	False
NC_000018.10:106343	chr18	106343	ENSG00000173213.11	TUBB8B	dn	-0.546075	0.0518521	-10.5314	6.59557e-24	211	Het	Het-ZNF	False
NC_000012.12:5046876	chr12	5046876	ENSG00000130037.5	KCNA5	enh	-2.3058	0.49774	-4.63253	4.43573e-06	17	ReprPCWk	Repr	False
NC_000012.12:42021847	chr12	42021847	ENSG00000151233.11	GXYLT1	up	-2.11803	0.325485	-6.5073	1.61955e-10	89	Quies	Quies	False
NC_000012.12:42021847	chr12	42021847	ENSG00000151233.11	GXYLT1	dn	-2.17872	0.329858	-6.60503	8.79085e-11	89	Quies	Quies	False
NC_000012.12:42021847	chr12	42021847	ENSG00000151233.11	GXYLT1	body	-2.08368	0.332836	-6.26038	7.3328e-10	88	Quies	Quies	False
NC_000020.11:45437716	chr20	45437716	ENSG00000124155.19	PIGT	body	1.18321	0.291241	4.06264	5.49903e-05	315	Quies	Quies	False
NC_000007.14:97498870	chr7	97498870	ENSG00000006128.12	TAC1	up	0.324254	0.0759521	4.26919	2.28125e-05	413	Quies	Quies	False
NC_000017.11:21734652	chr17	21734652	ENSG00000260458.3	KCNJ18	dn	-2.68088	0.511956	-5.23654	2.26935e-07	39	NA	NA	False
NC_000004.12:77309852	chr4	77309852	ENSG00000138764.15	CCNG2	body	0.665687	0.112742	5.90452	5.93213e-09	441	Quies	Quies	False
NC_000002.12:613730	chr2	613730	ENSG00000151353.15	TMEM18	enh	-1.63257	0.324148	-5.03648	6.28701e-07	156	Het	Het-ZNF	False
NC_000004.12:53330218	chr4	53330218	ENSG00000184178.17	SCFD2	up	1.07793	0.251638	4.28365	2.14198e-05	274	Quies	Quies	False
NC_000007.14:32661844	chr7	32661844	ENSG00000105778.20	AVL9	up	-0.491798	0.121531	-4.04671	5.87615e-05	309	Quies	Quies	False
NC_000007.14:32661844	chr7	32661844	ENSG00000105778.20	AVL9	body	-0.661681	0.150478	-4.3972	1.29795e-05	247	Quies	Quies	False
NC_000010.11:79684928	chr10	79684928	ENSG00000188199.11	NUTM2B	up	1.44721	0.307593	4.70494	3.15736e-06	152	TxWk	Tx	False
NC_000009.12:113087099	chr9	113087099	ENSG00000136866.14	ZFP37	dn	1.10273	0.167593	6.57981	1.02994e-10	507	Quies	Quies	False
NC_000001.11:2658933	chr1	2658933	ENSG00000142606.16	MMEL1	up	-0.603124	0.108706	-5.54819	4.33982e-08	162	Quies	Quies	False
NC_000001.11:2658933	chr1	2658933	ENSG00000142606.16	MMEL1	dn	-0.337791	0.0509461	-6.63037	7.49356e-11	280	Quies	Quies	False
NC_000001.11:2658933	chr1	2658933	ENSG00000142606.16	MMEL1	body	-0.603124	0.108706	-5.54819	4.33982e-08	162	Quies	Quies	False
NC_000020.11:31231825	chr20	31231825	ENSG00000215547.1	DEFB115	up	0.839492	0.093701	8.95927	4.13208e-18	170	ZNF/Rpts	Het-ZNF	False
NC_000005.10:119433137	chr5	119433137	ENSG00000133835.18	HSD17B4	up	-1.26609	0.189718	-6.67354	5.70221e-11	481	Het	Het-ZNF	False
NC_000010.11:46879405	chr10	46879405	ENSG00000204179.11	PTPN20	up	0.491782	0.0960832	5.1183	4.16138e-07	219	NA	NA	False
NC_000006.12:166613753	chr6	166613753	ENSG00000235272.3	RAMACL	dn	1.49815	0.279176	5.36632	1.15083e-07	70	EnhWk	Enh	False
NC_000006.12:166613753	chr6	166613753	ENSG00000235272.3	RAMACL	enh	1.63785	0.318114	5.14863	3.5659e-07	56	EnhWk	Enh	False
NC_000002.12:101945496	chr2	101945496	ENSG00000115590.14	IL1R2	body	1.11468	0.273267	4.0791	5.13375e-05	267	Quies	Quies	False
NC_000006.12:86945469	chr6	86945469	ENSG00000168830.8	HTR1E	up	1.0967	0.268909	4.07831	5.15071e-05	80	Quies	Quies	False
NC_000001.11:211495902	chr1	211495902	ENSG00000198570.7	RD3	up	-2.39119	0.48027	-4.97884	8.37943e-07	63	ReprPCWk	Repr	False
NC_000020.11:31231941	chr20	31231941	ENSG00000215547.1	DEFB115	up	0.459527	0.0805444	5.70527	1.82843e-08	170	ZNF/Rpts	Het-ZNF	False
NC_000010.11:3063664	chr10	3063664	ENSG00000067057.19	PFKP	up	-0.332999	0.0817201	-4.07487	5.22527e-05	310	ReprPC	Repr	False
NC_000004.12:77308686	chr4	77308686	ENSG00000138764.15	CCNG2	body	0.676772	0.140059	4.83205	1.71956e-06	441	EnhWk	Enh	False
NC_000001.11:732020	chr1	732020	ENSG00000284662.2	OR4F16	dn	-0.831363	0.169545	-4.90351	1.2146e-06	196	TxWk	Tx	False
NC_000006.12:168229462	chr6	168229462	ENSG00000164488.12	DACT2	up	-0.324773	0.0671244	-4.83837	1.66782e-06	446	ReprPCWk	Repr	False
NC_000005.10:103039215	chr5	103039215	ENSG00000145723.17	GIN1	up	2.21855	0.367216	6.04153	2.68487e-09	82	Quies	Quies	False
NC_000005.10:103039215	chr5	103039215	ENSG00000145723.17	GIN1	dn	2.51851	0.400439	6.28938	6.15643e-10	74	Quies	Quies	False
NC_000005.10:103039215	chr5	103039215	ENSG00000145723.17	GIN1	body	2.51851	0.400439	6.28938	6.15643e-10	74	Quies	Quies	False
NC_000015.10:53688098	chr15	53688098	ENSG00000166415.15	WDR72	up	-2.97638	0.607109	-4.90255	1.22028e-06	33	Quies	Quies	False
NC_000009.12:138176853	chr9	138176853	ENSG00000148408.15	CACNA1B	prom	-2.64527	0.510951	-5.17714	3.08199e-07	58	Quies	Quies	False
NC_000016.10:57255002	chr16	57255002	ENSG00000102931.8	ARL2BP	up	-0.529535	0.124915	-4.23915	2.59867e-05	341	Tx	Tx	False
NC_000010.11:38833901	chr10	38833901	ENSG00000283930.1	PLD5P1	up	-2.45258	0.315941	-7.76277	3.6173e-14	122	ZNF/Rpts	Het-ZNF	False
NC_000010.11:38833901	chr10	38833901	ENSG00000283930.1	PLD5P1	dn	-1.34083	0.17444	-7.68646	6.23625e-14	224	ZNF/Rpts	Het-ZNF	False
NC_000010.11:38833901	chr10	38833901	ENSG00000283930.1	PLD5P1	body	-1.62091	0.20722	-7.82215	2.36072e-14	190	ZNF/Rpts	Het-ZNF	False
NC_000005.10:10630058	chr5	10630058	ENSG00000164236.12	ANKRD33B	body	-0.94489	0.192849	-4.89963	1.23787e-06	252	TxWk	Tx	False
NC_000020.11:31055871	chr20	31055871	ENSG00000215547.1	DEFB115	up	0.0776142	0.0161887	4.79434	2.06225e-06	170	NA	NA	False
NC_000001.11:201347336	chr1	201347336	ENSG00000118194.22	TNNT2	up	2.9718	0.514577	5.77523	1.23608e-08	58	EnhWk	Enh	False
NC_000001.11:201347336	chr1	201347336	ENSG00000118194.22	TNNT2	enh	3.10846	0.528039	5.88681	6.56529e-09	55	EnhWk	Enh	False
NC_000015.10:43679009	chr15	43679009	ENSG00000166762.19	CATSPER2	up	1.80863	0.453047	3.99214	7.36233e-05	43	Quies	Quies	False
NC_000001.11:115258825	chr1	115258825	ENSG00000134259.6	NGF	up	1.68294	0.30289	5.55627	4.15303e-08	168	Quies	Quies	False
NC_000001.11:2664017	chr1	2664017	ENSG00000142606.16	MMEL1	dn	-0.183216	0.0412215	-4.44466	1.04928e-05	280	Quies	Quies	False
NC_000020.11:30294352	chr20	30294352	ENSG00000215547.1	DEFB115	up	0.244034	0.0573591	4.2545	2.43153e-05	170	ReprPCWk	Repr	False
NC_000012.12:41374080	chr12	41374080	ENSG00000165966.16	PDZRN4	body	0.51742	0.117424	4.40643	1.24555e-05	461	Quies	Quies	False
NC_000009.12:113088149	chr9	113088149	ENSG00000136866.14	ZFP37	dn	0.536292	0.108202	4.95639	9.36432e-07	507	Het	Het-ZNF	False
NC_000004.12:55157999	chr4	55157999	ENSG00000128052.10	KDR	dn	1.77976	0.365612	4.86788	1.44526e-06	90	EnhBiv	Biv	False
NC_000010.11:52745231	chr10	52745231	ENSG00000165471.7	MBL2	dn	0.768993	0.161802	4.75266	2.51737e-06	224	Quies	Quies	False
NC_000020.11:31062128	chr20	31062128	ENSG00000215547.1	DEFB115	up	0.0847721	0.0153496	5.52276	4.982e-08	170	NA	NA	False
NC_000022.11:47370649	chr22	47370649	ENSG00000054611.14	TBC1D22A	enh	-2.58122	0.631459	-4.08771	4.95182e-05	15	ZNF/Rpts	Het-ZNF	False
NC_000006.12:157311936	chr6	157311936	ENSG00000215712.11	TMEM242	up	0.150055	0.0316182	4.74585	2.60037e-06	359	TxWk	Tx	False
NC_000011.10:71687153	chr11	71687153	ENSG00000204571.7	KRTAP5-11	dn	-1.55309	0.359778	-4.3168	1.8527e-05	59	Quies	Quies	False
NC_000001.11:68120098	chr1	68120098	ENSG00000162595.8	DIRAS3	dn	-1.05967	0.258158	-4.10472	4.61059e-05	343	TxWk	Tx	False
NC_000011.10:100662631	chr11	100662631	ENSG00000165895.19	ARHGAP42	up	-2.87036	0.293237	-9.78856	4.37047e-21	187	Quies	Quies	False
NC_000011.10:100662631	chr11	100662631	ENSG00000165895.19	ARHGAP42	body	-1.59902	0.276598	-5.78103	1.19635e-08	235	Quies	Quies	False
NC_000013.11:40874284	chr13	40874284	ENSG00000102743.16	SLC25A15	dn	-0.596114	0.147254	-4.04822	5.83936e-05	201	ZNF/Rpts	Het-ZNF	False
NC_000003.12:100124901	chr3	100124901	ENSG00000168386.19	FILIP1L	dn	-4.21285	0.353465	-11.9187	1.55699e-29	60	Quies	Quies	False
NC_000003.12:100124901	chr3	100124901	ENSG00000168386.19	FILIP1L	body	-2.07087	0.179414	-11.5425	5.77783e-28	111	Quies	Quies	False
NC_000009.12:23704141	chr9	23704141	ENSG00000107105.15	ELAVL2	dn	-1.71182	0.424262	-4.03483	6.17316e-05	42	Het	Het-ZNF	False
NC_000009.12:23704141	chr9	23704141	ENSG00000107105.15	ELAVL2	body	-1.71182	0.424262	-4.03483	6.17316e-05	42	Het	Het-ZNF	False
NC_000019.10:36296348	chr19	36296348	ENSG00000196357.12	ZNF565	up	-1.08999	0.230127	-4.73648	2.71903e-06	119	Quies	Quies	False
NC_000019.10:36296348	chr19	36296348	ENSG00000196357.12	ZNF565	dn	-1.73228	0.420133	-4.12317	4.26559e-05	82	Quies	Quies	False
NC_000008.11:91210082	chr8	91210082	ENSG00000147606.9	SLC26A7	up	0.902302	0.217937	4.14021	3.96905e-05	144	EnhA2	Enh	False
NC_000002.12:235792501	chr2	235792501	ENSG00000157985.20	AGAP1	body	-0.350611	0.0818195	-4.28518	2.12774e-05	454	TxWk	Tx	False
NC_000005.10:36792442	chr5	36792442	ENSG00000164190.19	NIPBL	up	-1.33602	0.312208	-4.27926	2.18341e-05	239	Quies	Quies	False
NC_000013.11:72203014	chr13	72203014	ENSG00000276644.5	DACH1	up	1.34851	0.298464	4.51818	7.51852e-06	31	ZNF/Rpts	Het-ZNF	False
NC_000003.12:142985589	chr3	142985589	ENSG00000163714.18	U2SURP	body	1.59717	0.36118	4.42209	1.16125e-05	57	Quies	Quies	False
NC_000003.12:159092514	chr3	159092514	ENSG00000214216.11	IQCJ	dn	-1.35408	0.32728	-4.13738	4.01678e-05	94	Quies	Quies	False
NC_000004.12:112428072	chr4	112428072	ENSG00000178403.4	NEUROG2	up	-1.0805	0.262562	-4.11524	4.41075e-05	252	TxWk	Tx	False
NC_000003.12:125990864	chr3	125990864	ENSG00000114547.10	ROPN1B	dn	-2.73808	0.346288	-7.90697	1.27761e-14	248	TssBiv	Biv	False
NC_000006.12:107781383	chr6	107781383	ENSG00000146285.15	SCML4	up	-2.17989	0.509774	-4.2762	2.21272e-05	56	Quies	Quies	False
NC_000006.12:107781383	chr6	107781383	ENSG00000146285.15	SCML4	body	-2.17989	0.509774	-4.2762	2.21272e-05	56	Quies	Quies	False
NC_000010.11:46890690	chr10	46890690	ENSG00000204179.11	PTPN20	up	0.634377	0.146962	4.31661	1.85425e-05	219	NA	NA	False
NC_000001.11:2660444	chr1	2660444	ENSG00000142606.16	MMEL1	dn	-0.197774	0.0426761	-4.63429	4.39943e-06	280	Quies	Quies	False
NC_000002.12:74930852	chr2	74930852	ENSG00000115350.12	POLE4	dn	-2.21721	0.366415	-6.05109	2.53887e-09	109	Quies	Quies	False
NC_000006.12:169586880	chr6	169586880	ENSG00000285733.1	ENSG00000285733	dn	0.838749	0.197515	4.24651	2.51715e-05	324	Quies	Quies	False
NC_000010.11:46845898	chr10	46845898	ENSG00000204179.11	PTPN20	up	0.383292	0.091166	4.20433	3.0193e-05	219	NA	NA	False
NC_000001.11:47991997	chr1	47991997	ENSG00000269113.4	TRABD2B	dn	-2.02213	0.444052	-4.55381	6.38642e-06	41	ReprPCWk	Repr	False
NC_000009.12:113081941	chr9	113081941	ENSG00000136866.14	ZFP37	dn	0.674184	0.090294	7.46654	2.92587e-13	507	Quies	Quies	False
NC_000009.12:113081945	chr9	113081945	ENSG00000136866.14	ZFP37	dn	0.568041	0.0918244	6.18617	1.14363e-09	507	Quies	Quies	False
NC_000019.10:36280958	chr19	36280958	ENSG00000196357.12	ZNF565	up	-0.977389	0.148194	-6.59533	9.34371e-11	119	Quies	Quies	False
NC_000019.10:36280958	chr19	36280958	ENSG00000196357.12	ZNF565	body	-1.33715	0.328489	-4.0706	5.31931e-05	62	Quies	Quies	False
NC_000001.11:161456678	chr1	161456678	ENSG00000143226.16	FCGR2A	up	0.764631	0.191158	4.0	7.12819e-05	161	ReprPCWk	Repr	False
NC_000008.11:66327344	chr8	66327344	ENSG00000179041.4	RRS1	up	-0.549674	0.135718	-4.05012	5.79332e-05	186	Quies	Quies	False
NC_000022.11:16522804	chr22	16522804	ENSG00000198445.4	CCT8L2	dn	-1.60535	0.402087	-3.99253	7.35041e-05	55	Quies	Quies	False
NC_000009.12:121813440	chr9	121813440	ENSG00000136848.19	DAB2IP	dn	-0.81269	0.182163	-4.46133	9.73336e-06	183	ReprPCWk	Repr	False
NC_000001.11:179429039	chr1	179429039	ENSG00000162779.22	AXDND1	dn	0.855419	0.20721	4.12826	4.17481e-05	120	Quies	Quies	False
NC_000007.14:37962827	chr7	37962827	ENSG00000086289.13	EPDR1	dn	0.448077	0.10127	4.42458	1.14839e-05	293	Quies	Quies	False
NC_000020.11:23346724	chr20	23346724	ENSG00000132661.4	NXT1	up	-2.57798	0.3073	-8.38912	3.53522e-16	261	ReprPCWk	Repr	False
NC_000020.11:23346724	chr20	23346724	ENSG00000132661.4	NXT1	enh	-4.11245	0.482848	-8.51706	1.32788e-16	228	ReprPCWk	Repr	False
NC_000009.12:113059131	chr9	113059131	ENSG00000136866.14	ZFP37	dn	-0.633522	0.14362	-4.4111	1.21986e-05	507	ZNF/Rpts	Het-ZNF	False
NC_000003.12:195623141	chr3	195623141	ENSG00000189058.9	APOD	dn	-0.994209	0.188964	-5.26137	1.99511e-07	215	TxWk	Tx	False
NC_000004.12:47931945	chr4	47931945	ENSG00000170448.12	NFXL1	dn	1.07922	0.255119	4.23026	2.70042e-05	148	Quies	Quies	False
NC_000020.11:31169280	chr20	31169280	ENSG00000215547.1	DEFB115	up	0.632061	0.0795054	7.94991	9.34399e-15	170	NA	NA	False
NC_000018.10:78876403	chr18	78876403	ENSG00000256463.10	SALL3	dn	0.639497	0.152777	4.18582	3.26857e-05	136	Quies	Quies	False
NC_000010.11:99160485	chr10	99160485	ENSG00000172987.14	HPSE2	body	-0.551714	0.125376	-4.40047	1.27918e-05	297	Quies	Quies	False
NC_000002.12:1170166	chr2	1170166	ENSG00000115705.22	TPO	up	0.382499	0.0707456	5.40668	9.29083e-08	196	Het	Het-ZNF	False
NC_000004.12:49864918	chr4	49864918	ENSG00000109182.12	CWH43	up	1.50622	0.339244	4.43993	1.07186e-05	117	NA	NA	False
NC_000006.12:168229239	chr6	168229239	ENSG00000164488.12	DACT2	up	-0.323046	0.0663377	-4.86973	1.43236e-06	446	ReprPCWk	Repr	False
NC_000010.11:38831570	chr10	38831570	ENSG00000283930.1	PLD5P1	up	-1.57541	0.224459	-7.01872	6.09445e-12	122	ZNF/Rpts	Het-ZNF	False
NC_000010.11:38831570	chr10	38831570	ENSG00000283930.1	PLD5P1	dn	-0.660253	0.125957	-5.24189	2.20735e-07	224	ZNF/Rpts	Het-ZNF	False
NC_000010.11:38831570	chr10	38831570	ENSG00000283930.1	PLD5P1	body	-0.757968	0.150104	-5.04964	5.88555e-07	190	ZNF/Rpts	Het-ZNF	False
NC_000019.10:23892142	chr19	23892142	ENSG00000213967.12	ZNF726	dn	-0.437495	0.0824515	-5.3061	1.57985e-07	365	Het	Het-ZNF	False
NC_000001.11:2658942	chr1	2658942	ENSG00000142606.16	MMEL1	dn	-0.216279	0.0496699	-4.35432	1.5703e-05	280	Quies	Quies	False
NC_000005.10:843936	chr5	843936	ENSG00000188818.13	ZDHHC11	up	0.568519	0.110041	5.16644	3.25561e-07	475	ReprPCWk	Repr	False
NC_000005.10:843936	chr5	843936	ENSG00000188818.13	ZDHHC11	dn	0.568193	0.110146	5.15856	3.38947e-07	474	ReprPCWk	Repr	False
NC_000005.10:843936	chr5	843936	ENSG00000188818.13	ZDHHC11	body	0.569562	0.110288	5.16434	3.29081e-07	474	ReprPCWk	Repr	False
NC_000020.11:31231831	chr20	31231831	ENSG00000215547.1	DEFB115	up	0.323339	0.0603237	5.36006	1.18954e-07	170	ZNF/Rpts	Het-ZNF	False
NC_000003.12:172850696	chr3	172850696	ENSG00000114346.14	ECT2	up	-2.14529	0.537508	-3.99118	7.39131e-05	34	Quies	Quies	False
NC_000020.11:31187538	chr20	31187538	ENSG00000215547.1	DEFB115	up	0.242985	0.0536537	4.52877	7.1635e-06	170	NA	NA	False
NC_000019.10:40120661	chr19	40120661	ENSG00000197782.15	ZNF780A	dn	-1.21084	0.18734	-6.46333	2.12688e-10	97	Quies	Quies	False
NC_000003.12:98165304	chr3	98165304	ENSG00000233412.6	OR5H15	dn	0.351019	0.0865658	4.05494	5.67828e-05	266	Quies	Quies	False
NC_000019.10:21567482	chr19	21567482	ENSG00000197013.11	ZNF429	dn	-0.44947	0.0681728	-6.5931	9.47537e-11	204	Quies	Quies	False
NC_000019.10:21567482	chr19	21567482	ENSG00000197013.11	ZNF429	enh	-2.18066	0.536313	-4.06603	5.42194e-05	36	Quies	Quies	False
NC_000001.11:2679716	chr1	2679716	ENSG00000142606.16	MMEL1	up	-0.817007	0.171642	-4.75995	2.43135e-06	162	Het	Het-ZNF	False
NC_000001.11:2679716	chr1	2679716	ENSG00000142606.16	MMEL1	body	-0.817007	0.171642	-4.75995	2.43135e-06	162	Het	Het-ZNF	False
NC_000007.14:98942861	chr7	98942861	ENSG00000196367.15	TRRAP	dn	1.02205	0.254285	4.01932	6.58231e-05	139	Tx	Tx	False
NC_000012.12:108836003	chr12	108836003	ENSG00000084112.15	SSH1	up	1.44671	0.273051	5.29831	1.64557e-07	101	TxWk	Tx	False
NC_000012.12:108836003	chr12	108836003	ENSG00000084112.15	SSH1	dn	1.39702	0.266218	5.24764	2.14246e-07	104	TxWk	Tx	False
NC_000012.12:108836003	chr12	108836003	ENSG00000084112.15	SSH1	body	1.44671	0.273051	5.29831	1.64557e-07	101	TxWk	Tx	False
NC_000004.12:77308694	chr4	77308694	ENSG00000138764.15	CCNG2	body	0.745695	0.118972	6.26785	7.01064e-10	441	EnhWk	Enh	False
NC_000010.11:38510261	chr10	38510261	ENSG00000283930.1	PLD5P1	up	-0.963725	0.238163	-4.04649	5.88133e-05	122	ZNF/Rpts	Het-ZNF	False
NC_000010.11:38510261	chr10	38510261	ENSG00000283930.1	PLD5P1	body	-0.699959	0.155835	-4.49166	8.48399e-06	190	ZNF/Rpts	Het-ZNF	False
NC_000017.11:11971868	chr17	11971868	ENSG00000154957.14	ZNF18	up	-1.54581	0.380102	-4.06683	5.40378e-05	120	Quies	Quies	False
NC_000014.9:34672924	chr14	34672924	ENSG00000165410.15	CFL2	up	1.69827	0.333516	5.09202	4.75394e-07	97	Quies	Quies	False
NC_000016.10:49944776	chr16	49944776	ENSG00000205423.12	CNEP1R1	up	0.405561	0.0994455	4.07823	5.15249e-05	223	Quies	Quies	False
NC_000010.11:133541612	chr10	133541612	ENSG00000130649.10	CYP2E1	body	-1.11211	0.21868	-5.08557	4.91145e-07	67	ReprPCWk	Repr	False
NC_000010.11:79957579	chr10	79957579	ENSG00000133661.17	SFTPD	up	1.04409	0.252653	4.13249	4.10089e-05	114	Quies	Quies	False
NC_000010.11:79957579	chr10	79957579	ENSG00000133661.17	SFTPD	body	1.58083	0.299013	5.28684	1.74721e-07	75	Quies	Quies	False
NC_000006.12:157311701	chr6	157311701	ENSG00000215712.11	TMEM242	up	0.494398	0.0859518	5.75204	1.40801e-08	359	TxWk	Tx	False
NC_000006.12:157311701	chr6	157311701	ENSG00000215712.11	TMEM242	dn	1.0587	0.199082	5.31793	1.48485e-07	190	TxWk	Tx	False
NC_000001.11:208007086	chr1	208007086	ENSG00000174059.17	CD34	up	-1.48639	0.364407	-4.07892	5.13749e-05	107	Het	Het-ZNF	False
NC_000010.11:113561367	chr10	113561367	ENSG00000148702.15	HABP2	up	-0.764996	0.169348	-4.5173	7.54901e-06	295	EnhWk	Enh	False
NC_000006.12:46490081	chr6	46490081	ENSG00000172348.16	RCAN2	body	1.75081	0.432577	4.04739	5.85946e-05	73	ReprPC	Repr	False
NC_000005.10:16744804	chr5	16744804	ENSG00000154153.15	RETREG1	up	-0.891622	0.223363	-3.99181	7.37234e-05	305	EnhA2	Enh	False
NC_000005.10:16744804	chr5	16744804	ENSG00000154153.15	RETREG1	dn	-0.891622	0.223363	-3.99181	7.37234e-05	305	EnhA2	Enh	False
NC_000005.10:16744804	chr5	16744804	ENSG00000154153.15	RETREG1	body	-0.891622	0.223363	-3.99181	7.37234e-05	305	EnhA2	Enh	False
NC_000010.11:79945998	chr10	79945998	ENSG00000133661.17	SFTPD	dn	-0.633244	0.157157	-4.02936	6.31445e-05	180	ReprPCWk	Repr	False
NC_000010.11:79945998	chr10	79945998	ENSG00000133661.17	SFTPD	body	-1.11599	0.245744	-4.54125	6.76562e-06	75	ReprPCWk	Repr	False
NC_000001.11:2677136	chr1	2677136	ENSG00000142606.16	MMEL1	up	-0.742673	0.12826	-5.79036	1.13513e-08	162	Het	Het-ZNF	False
NC_000001.11:2677136	chr1	2677136	ENSG00000142606.16	MMEL1	dn	-0.382469	0.0604249	-6.32966	4.82367e-10	280	Het	Het-ZNF	False
NC_000001.11:2677136	chr1	2677136	ENSG00000142606.16	MMEL1	body	-0.742673	0.12826	-5.79036	1.13513e-08	162	Het	Het-ZNF	False
NC_000006.12:160626532	chr6	160626532	ENSG00000198670.13	LPA	dn	-0.348962	0.0802662	-4.34756	1.61798e-05	132	Quies	Quies	False
NC_000007.14:152109182	chr7	152109182	ENSG00000178234.13	GALNT11	enh	-1.04807	0.249199	-4.20574	3.00108e-05	379	TxWk	Tx	False
NC_000009.12:113088158	chr9	113088158	ENSG00000136866.14	ZFP37	dn	0.509699	0.101857	5.00405	7.39248e-07	507	Het	Het-ZNF	False
NC_000009.12:17072	chr9	17072	ENSG00000181404.18	WASHC1	dn	-0.809596	0.192747	-4.2003	3.072e-05	169	Quies	Quies	False
NC_000014.9:18661671	chr14	18661671	ENSG00000257115.2	OR11H12	up	-1.00531	0.220242	-4.56457	6.07804e-06	71	Het	Het-ZNF	False
NC_000017.11:57062399	chr17	57062399	ENSG00000121057.13	AKAP1	up	-0.743768	0.181769	-4.09182	4.8672e-05	318	Quies	Quies	False
NC_000015.10:46749895	chr15	46749895	ENSG00000137872.17	SEMA6D	body	0.684254	0.164355	4.16326	3.5988e-05	450	Quies	Quies	False
NC_000001.11:2664266	chr1	2664266	ENSG00000142606.16	MMEL1	up	-0.392255	0.0933346	-4.20267	3.04081e-05	162	Quies	Quies	False
NC_000001.11:2664266	chr1	2664266	ENSG00000142606.16	MMEL1	body	-0.392255	0.0933346	-4.20267	3.04081e-05	162	Quies	Quies	False
NC_000003.12:125990517	chr3	125990517	ENSG00000114547.10	ROPN1B	dn	-1.79341	0.257614	-6.96162	8.87784e-12	248	TssBiv	Biv	False
NC_000001.11:2661508	chr1	2661508	ENSG00000142606.16	MMEL1	dn	-0.231656	0.049862	-4.64595	4.16643e-06	280	Quies	Quies	False
NC_000013.11:31780199	chr13	31780199	ENSG00000133105.8	RXFP2	body	1.52269	0.379877	4.00837	6.88664e-05	160	ReprPCWk	Repr	False
NC_000003.12:125990639	chr3	125990639	ENSG00000114547.10	ROPN1B	dn	-1.50481	0.262225	-5.73863	1.51776e-08	248	TssBiv	Biv	False
NC_000021.9:12710249	chr21	12710249	ENSG00000166351.11	POTED	dn	0.842594	0.163014	5.16886	3.21553e-07	108	NA	NA	False
NC_000017.11:21307570	chr17	21307570	ENSG00000034152.20	MAP2K3	body	-1.83748	0.262224	-7.00731	6.5713e-12	107	ZNF/Rpts	Het-ZNF	False
NC_000011.10:63196407	chr11	63196407	ENSG00000196600.13	SLC22A25	up	-0.659029	0.145405	-4.53236	7.0469e-06	170	Quies	Quies	False
NC_000011.10:63196407	chr11	63196407	ENSG00000196600.13	SLC22A25	body	-0.659029	0.145405	-4.53236	7.0469e-06	170	Quies	Quies	False
NC_000020.11:31062493	chr20	31062493	ENSG00000215547.1	DEFB115	up	0.0788307	0.0191492	4.11665	4.38456e-05	170	NA	NA	False
NC_000011.10:13325619	chr11	13325619	ENSG00000133794.20	BMAL1	up	2.17037	0.4128	5.25767	2.03381e-07	81	Quies	Quies	False
NC_000020.11:31191741	chr20	31191741	ENSG00000215547.1	DEFB115	up	-0.268859	0.0587468	-4.57657	5.75085e-06	170	NA	NA	False
NC_000002.12:236266600	chr2	236266600	ENSG00000182177.15	ASB18	up	1.03959	0.254451	4.08561	4.99559e-05	295	ReprPCWk	Repr	False
NC_000002.12:236266600	chr2	236266600	ENSG00000182177.15	ASB18	dn	1.03959	0.254451	4.08561	4.99559e-05	295	ReprPCWk	Repr	False
NC_000002.12:236266600	chr2	236266600	ENSG00000182177.15	ASB18	body	1.03959	0.254451	4.08561	4.99559e-05	295	ReprPCWk	Repr	False
NC_000020.11:31236701	chr20	31236701	ENSG00000215547.1	DEFB115	up	0.161028	0.0403242	3.99334	7.32592e-05	170	ZNF/Rpts	Het-ZNF	False
NC_000020.11:31236705	chr20	31236705	ENSG00000215547.1	DEFB115	up	0.969893	0.0995129	9.74641	6.25637e-21	170	ZNF/Rpts	Het-ZNF	False
NC_000019.10:36306267	chr19	36306267	ENSG00000196357.12	ZNF565	up	-0.767747	0.157145	-4.8856	1.32571e-06	119	Quies	Quies	False
NC_000005.10:127122477	chr5	127122477	ENSG00000164241.14	C5orf63	dn	2.25489	0.475173	4.74542	2.60578e-06	58	Quies	Quies	False
NC_000004.12:9094903	chr4	9094903	ENSG00000229924.3	FAM90A26	up	2.28466	0.545984	4.18449	3.28713e-05	31	Het	Het-ZNF	False
NC_000009.12:113081830	chr9	113081830	ENSG00000136866.14	ZFP37	dn	0.470601	0.097508	4.82628	1.76818e-06	507	Quies	Quies	False
NC_000008.11:272027	chr8	272027	ENSG00000172748.14	ZNF596	dn	-0.733297	0.108628	-6.75055	3.49022e-11	508	ReprPCWk	Repr	False
NC_000008.11:66315538	chr8	66315538	ENSG00000179041.4	RRS1	up	-0.842557	0.165294	-5.09734	4.62783e-07	186	Quies	Quies	False
NC_000019.10:40945335	chr19	40945335	ENSG00000197408.10	CYP2B6	up	-2.15302	0.488785	-4.40484	1.25448e-05	78	Het	Het-ZNF	False
NC_000006.12:52064587	chr6	52064587	ENSG00000170927.15	PKHD1	up	0.889437	0.157166	5.65922	2.36067e-08	208	Quies	Quies	False
NC_000009.12:6639394	chr9	6639394	ENSG00000178445.10	GLDC	up	-2.57728	0.557716	-4.62113	4.67771e-06	107	TxWk	Tx	False
NC_000009.12:6639394	chr9	6639394	ENSG00000178445.10	GLDC	dn	-2.69005	0.56182	-4.78811	2.12485e-06	105	TxWk	Tx	False
NC_000009.12:6639394	chr9	6639394	ENSG00000178445.10	GLDC	body	-2.57728	0.557716	-4.62113	4.67771e-06	107	TxWk	Tx	False
NC_000009.12:6639394	chr9	6639394	ENSG00000178445.10	GLDC	enh	-2.69005	0.56182	-4.78811	2.12485e-06	105	TxWk	Tx	False
NC_000015.10:101784422	chr15	101784422	ENSG00000184140.6	OR4F6	up	-0.739875	0.151073	-4.89748	1.25097e-06	104	Quies	Quies	False
NC_000015.10:101784422	chr15	101784422	ENSG00000184140.6	OR4F6	prom	-5.58155	1.11827	-4.99121	7.88017e-07	7	Quies	Quies	False
NC_000009.12:113081954	chr9	113081954	ENSG00000136866.14	ZFP37	dn	0.458515	0.0890572	5.14855	3.56735e-07	507	Quies	Quies	False
NC_000008.11:272141	chr8	272141	ENSG00000172748.14	ZNF596	dn	-0.309894	0.0558865	-5.54507	4.41416e-08	508	ReprPCWk	Repr	False
NC_000003.12:10690350	chr3	10690350	ENSG00000157087.20	ATP2B2	up	-1.06441	0.227693	-4.67475	3.64024e-06	112	ReprPCWk	Repr	False
NC_000010.11:46870756	chr10	46870756	ENSG00000204179.11	PTPN20	up	1.00043	0.14814	6.7533	3.42943e-11	219	NA	NA	False
NC_000007.14:47778293	chr7	47778293	ENSG00000158683.10	PKD1L1	dn	-0.588948	0.146436	-4.02188	6.51315e-05	312	Quies	Quies	False
NC_000007.14:47778293	chr7	47778293	ENSG00000158683.10	PKD1L1	body	-0.592307	0.136234	-4.34773	1.61673e-05	318	Quies	Quies	False
NC_000005.10:34181808	chr5	34181808	ENSG00000273294.1	C1QTNF3-AMACR	up	2.41078	0.303153	7.95237	9.1779e-15	103	TxWk	Tx	False
NC_000005.10:34181808	chr5	34181808	ENSG00000273294.1	C1QTNF3-AMACR	body	2.41078	0.303153	7.95237	9.1779e-15	103	TxWk	Tx	False
NC_000017.11:21722610	chr17	21722610	ENSG00000260458.3	KCNJ18	dn	-1.94075	0.479325	-4.04892	5.82234e-05	39	NA	NA	False
NC_000009.12:113086814	chr9	113086814	ENSG00000136866.14	ZFP37	dn	1.28055	0.142485	8.98729	3.3018500000000007e-18	507	Quies	Quies	False
NC_000004.12:2321250	chr4	2321250	ENSG00000123933.17	MXD4	enh	3.50409	0.855394	4.09646	4.77338e-05	4	ReprPCWk	Repr	False
NC_000006.12:169564007	chr6	169564007	ENSG00000285733.1	ENSG00000285733	dn	0.682572	0.166534	4.0987	4.72878e-05	324	Quies	Quies	False
NC_000010.11:46875612	chr10	46875612	ENSG00000204179.11	PTPN20	up	1.336	0.151063	8.84403	1.03363e-17	219	NA	NA	False
NC_000005.10:158886270	chr5	158886270	ENSG00000164330.18	EBF1	body	-1.40259	0.319945	-4.38384	1.37754e-05	101	Quies	Quies	False
NC_000021.9:43664950	chr21	43664950	ENSG00000160208.13	RRP1B	up	1.5775	0.257899	6.11674	1.72621e-09	156	TxWk	Tx	False
NC_000021.9:43664950	chr21	43664950	ENSG00000160208.13	RRP1B	enh	3.74567	0.796494	4.7027	3.19095e-06	28	TxWk	Tx	False
NC_000012.12:112576043	chr12	112576043	ENSG00000089169.15	RPH3A	enh	3.68004	0.882143	4.17171	3.47155e-05	8	ReprPCWk	Repr	False
NC_000005.10:56908087	chr5	56908087	ENSG00000155542.12	SETD9	up	-1.62931	0.279635	-5.82654	9.25198e-09	177	TxWk	Tx	False
NC_000015.10:80632330	chr15	80632330	ENSG00000136379.12	ABHD17C	enh	4.9783	1.03923	4.79037	2.1019e-06	8	Quies	Quies	False
NC_000001.11:115326782	chr1	115326782	ENSG00000134259.6	NGF	up	0.897199	0.219191	4.09322	4.83869e-05	168	Quies	Quies	False
NC_000003.12:87234993	chr3	87234993	ENSG00000083937.10	CHMP2B	dn	3.00214	0.517065	5.80612	1.03848e-08	93	Quies	Quies	False
NC_000010.11:38831461	chr10	38831461	ENSG00000283930.1	PLD5P1	dn	-0.437156	0.103054	-4.242	2.56685e-05	224	ZNF/Rpts	Het-ZNF	False
NC_000003.12:140628923	chr3	140628923	ENSG00000155890.4	TRIM42	dn	-1.94756	0.276672	-7.03923	5.32079e-12	133	EnhA2	Enh	False
NC_000009.12:32703040	chr9	32703040	ENSG00000122728.6	TAF1L	dn	1.9325	0.405226	4.76893	2.32927e-06	58	Quies	Quies	False
NC_000020.11:31221373	chr20	31221373	ENSG00000215547.1	DEFB115	up	0.18967	0.0471991	4.01851	6.60436e-05	170	ZNF/Rpts	Het-ZNF	False
NC_000001.11:2673330	chr1	2673330	ENSG00000142606.16	MMEL1	dn	-0.194992	0.0452509	-4.30914	1.91607e-05	280	Quies	Quies	False
NC_000005.10:34188371	chr5	34188371	ENSG00000273294.1	C1QTNF3-AMACR	up	-2.9206	0.318992	-9.1557	8.48475e-19	103	TxWk	Tx	False
NC_000005.10:34188371	chr5	34188371	ENSG00000273294.1	C1QTNF3-AMACR	body	-2.9206	0.318992	-9.1557	8.48475e-19	103	TxWk	Tx	False
NC_000001.11:2658952	chr1	2658952	ENSG00000142606.16	MMEL1	dn	-0.217295	0.0507305	-4.28332	2.1451e-05	280	Quies	Quies	False
NC_000008.11:52878542	chr8	52878542	ENSG00000288611.1	NPBWR1	up	-1.02221	0.227764	-4.48804	8.62435e-06	231	Het	Het-ZNF	False
NC_000004.12:4344468	chr4	4344468	ENSG00000168824.15	NSG1	enh	4.08065	0.994071	4.10499	4.60521e-05	3	ReprPCWk	Repr	False
NC_000007.14:121433171	chr7	121433171	ENSG00000196937.11	FAM3C	dn	5.64173	0.63355	8.90495	6.3729e-18	63	TxWk	Tx	False
NC_000007.14:121433171	chr7	121433171	ENSG00000196937.11	FAM3C	enh	5.91762	0.640436	9.23998	4.268800000000001e-19	61	TxWk	Tx	False
NC_000006.12:168229366	chr6	168229366	ENSG00000164488.12	DACT2	up	-0.285135	0.0690897	-4.12703	4.19662e-05	446	ReprPCWk	Repr	False
NC_000020.11:31070031	chr20	31070031	ENSG00000215547.1	DEFB115	up	0.0926134	0.022383	4.13767	4.01183e-05	170	NA	NA	False
NC_000001.11:2672049	chr1	2672049	ENSG00000142606.16	MMEL1	up	-0.702431	0.148463	-4.73134	2.78616e-06	162	Quies	Quies	False
NC_000001.11:2672049	chr1	2672049	ENSG00000142606.16	MMEL1	dn	-0.319813	0.0704033	-4.54258	6.72436e-06	280	Quies	Quies	False
NC_000001.11:2672049	chr1	2672049	ENSG00000142606.16	MMEL1	body	-0.702431	0.148463	-4.73134	2.78616e-06	162	Quies	Quies	False
NC_000020.11:54015191	chr20	54015191	ENSG00000064787.14	BCAS1	up	-1.52593	0.355453	-4.29291	2.05708e-05	51	Quies	Quies	False
NC_000020.11:54015191	chr20	54015191	ENSG00000064787.14	BCAS1	dn	-1.52593	0.355453	-4.29291	2.05708e-05	51	Quies	Quies	False
NC_000020.11:54015191	chr20	54015191	ENSG00000064787.14	BCAS1	body	-1.52593	0.355453	-4.29291	2.05708e-05	51	Quies	Quies	False
NC_000004.12:90133578	chr4	90133578	ENSG00000184305.16	CCSER1	up	0.687953	0.161976	4.24725	2.50915e-05	115	Quies	Quies	False
NC_000001.11:121658334	chr1	121658334	ENSG00000188610.12	FAM72B	dn	1.0369	0.23629	4.38823	1.35093e-05	45	Quies	Quies	False
NC_000019.10:36303752	chr19	36303752	ENSG00000196357.12	ZNF565	up	-0.626164	0.132511	-4.72536	2.86634e-06	119	Quies	Quies	False
NC_000002.12:68980232	chr2	68980232	ENSG00000169605.7	GKN1	body	1.34552	0.334152	4.02667	6.38528e-05	254	ReprPCWk	Repr	False
NC_000001.11:2670934	chr1	2670934	ENSG00000142606.16	MMEL1	dn	-0.159053	0.0361753	-4.39672	1.30075e-05	280	Quies	Quies	False
NC_000011.10:11279598	chr11	11279598	ENSG00000254598.3	CSNK2A3	up	-1.93407	0.404883	-4.77685	2.24264e-06	48	Quies	Quies	False
NC_000006.12:157287481	chr6	157287481	ENSG00000215712.11	TMEM242	up	-0.477912	0.111797	-4.27483	2.22597e-05	359	TxWk	Tx	False
NC_000002.12:71160971	chr2	71160971	ENSG00000124383.11	MPHOSPH10	up	0.787757	0.174919	4.50355	8.03719e-06	124	Quies	Quies	False
NC_000007.14:57838778	chr7	57838778	ENSG00000182111.9	ZNF716	up	-1.88544	0.309096	-6.09987	1.90682e-09	49	Het	Het-ZNF	False
NC_000007.14:57838778	chr7	57838778	ENSG00000182111.9	ZNF716	dn	-1.10214	0.208533	-5.28522	1.76205e-07	161	Het	Het-ZNF	False
NC_000001.11:116191720	chr1	116191720	ENSG00000173212.5	MAB21L3	dn	0.835587	0.184964	4.51757	7.5395e-06	329	Quies	Quies	False
NC_000006.12:159277866	chr6	159277866	ENSG00000164694.17	FNDC1	dn	-1.90284	0.395689	-4.80895	1.92238e-06	50	ReprPCWk	Repr	False
NC_000011.10:102601720	chr11	102601720	ENSG00000137674.4	MMP20	up	-2.1483	0.417704	-5.14313	3.66744e-07	96	EnhA2	Enh	False
NC_000011.10:102601720	chr11	102601720	ENSG00000137674.4	MMP20	dn	-1.31773	0.292227	-4.50928	7.83027e-06	148	EnhA2	Enh	False
NC_000011.10:102601720	chr11	102601720	ENSG00000137674.4	MMP20	body	-2.1483	0.417704	-5.14313	3.66744e-07	96	EnhA2	Enh	False
NC_000011.10:102601720	chr11	102601720	ENSG00000137674.4	MMP20	enh	-2.1483	0.417704	-5.14313	3.66744e-07	96	EnhA2	Enh	False
NC_000007.14:100958554	chr7	100958554	ENSG00000169894.18	MUC3A	body	0.258978	0.0621559	4.16659	3.54812e-05	125	NA	NA	False
NC_000010.11:128826279	chr10	128826279	ENSG00000170430.10	MGMT	up	1.87829	0.442275	4.24689	2.51305e-05	94	Quies	Quies	False
NC_000002.12:74950227	chr2	74950227	ENSG00000115350.12	POLE4	dn	-1.8472	0.363405	-5.08304	4.97472e-07	109	Het	Het-ZNF	False
NC_000002.12:135821159	chr2	135821159	ENSG00000115850.10	LCT	up	1.45707	0.347469	4.19337	3.16459e-05	52	ReprPCWk	Repr	False
NC_000002.12:135821159	chr2	135821159	ENSG00000115850.10	LCT	body	1.45707	0.347469	4.19337	3.16459e-05	52	ReprPCWk	Repr	False
NC_000009.12:130869802	chr9	130869802	ENSG00000188710.3	QRFP	dn	-2.35849	0.579575	-4.06934	5.34743e-05	39	Tx	Tx	False
NC_000009.12:32823233	chr9	32823233	ENSG00000188133.6	TMEM215	up	1.30347	0.324925	4.0116	6.7956e-05	58	Quies	Quies	False
NC_000001.11:2669013	chr1	2669013	ENSG00000142606.16	MMEL1	dn	-0.211023	0.0438301	-4.81457	1.87102e-06	280	Quies	Quies	False
NC_000020.11:16609356	chr20	16609356	ENSG00000089177.20	KIF16B	up	-0.678997	0.154107	-4.40602	1.24787e-05	96	ReprPCWk	Repr	False
NC_000001.11:152218243	chr1	152218243	ENSG00000197915.7	HRNR	dn	-1.23206	0.21777	-5.65765	2.3813e-08	121	Het	Het-ZNF	True
NC_000009.12:39550199	chr9	39550199	ENSG00000204849.10	SPATA31A1	dn	-1.29143	0.283243	-4.55942	6.22371e-06	41	NA	NA	False
NC_000007.14:86981963	chr7	86981963	ENSG00000164659.15	ELAPOR2	up	-2.52232	0.579257	-4.3544	1.56976e-05	34	Quies	Quies	False
NC_000011.10:2296833	chr11	2296833	ENSG00000064201.16	TSPAN32	up	-0.663649	0.149516	-4.43865	1.07808e-05	436	ReprPCWk	Repr	False
NC_000009.12:113081609	chr9	113081609	ENSG00000136866.14	ZFP37	dn	0.811924	0.10187	7.97016	8.05862e-15	507	Quies	Quies	False
NC_000006.12:159298991	chr6	159298991	ENSG00000164694.17	FNDC1	body	-0.786028	0.189985	-4.13732	4.01793e-05	237	ReprPCWk	Repr	False
NC_000014.9:65795521	chr14	65795521	ENSG00000033170.17	FUT8	up	-1.39543	0.343196	-4.066	5.4226e-05	82	ReprPCWk	Repr	False
NC_000014.9:65795521	chr14	65795521	ENSG00000033170.17	FUT8	enh	-2.12054	0.433247	-4.89452	1.26922e-06	72	ReprPCWk	Repr	False
NC_000008.11:11033271	chr8	11033271	ENSG00000171044.11	XKR6	body	-1.5161	0.353793	-4.28527	2.12692e-05	78	ReprPCWk	Repr	False
NC_000019.10:36283495	chr19	36283495	ENSG00000196357.12	ZNF565	up	-0.828566	0.135855	-6.0989	1.9177e-09	119	Quies	Quies	False
NC_000019.10:36283495	chr19	36283495	ENSG00000196357.12	ZNF565	dn	-1.06309	0.250761	-4.23946	2.59519e-05	82	Quies	Quies	False
NC_000019.10:36283495	chr19	36283495	ENSG00000196357.12	ZNF565	body	-1.24765	0.299463	-4.16627	3.55299e-05	62	Quies	Quies	False
NC_000009.12:120200968	chr9	120200968	ENSG00000136861.19	CDK5RAP2	up	1.35959	0.304051	4.4716	9.2914e-06	46	ReprPCWk	Repr	False
NC_000009.12:120200968	chr9	120200968	ENSG00000136861.19	CDK5RAP2	body	1.35959	0.304051	4.4716	9.2914e-06	46	ReprPCWk	Repr	False
NC_000009.12:113081727	chr9	113081727	ENSG00000136866.14	ZFP37	dn	1.34068	0.137211	9.77095	5.07754e-21	507	Quies	Quies	False
NC_000012.12:11378041	chr12	11378041	ENSG00000251655.7	PRB1	up	-0.917794	0.21688	-4.2318	2.68245e-05	121	ZNF/Rpts	Het-ZNF	False
NC_000004.12:72101348	chr4	72101348	ENSG00000056291.19	NPFFR2	body	2.33691	0.570109	4.09905	4.72178e-05	37	Quies	Quies	False
NC_000004.12:151509825	chr4	151509825	ENSG00000164142.16	FHIP1A	body	0.659848	0.153418	4.30097	1.98585e-05	276	Quies	Quies	False
NC_000009.12:113081845	chr9	113081845	ENSG00000136866.14	ZFP37	dn	0.736154	0.101189	7.27501	1.09206e-12	507	Quies	Quies	False
NC_000004.12:153153891	chr4	153153891	ENSG00000288637.1	ENSG00000288637	up	1.18368	0.24353	4.86052	1.49796e-06	227	TssBiv	Biv	False
NC_000008.11:272031	chr8	272031	ENSG00000172748.14	ZNF596	dn	-0.595271	0.0986706	-6.03291	2.82343e-09	508	ReprPCWk	Repr	False
NC_000009.12:39535228	chr9	39535228	ENSG00000204849.10	SPATA31A1	dn	-1.66421	0.383193	-4.34302	1.65076e-05	41	NA	NA	False
NC_000003.12:98324556	chr3	98324556	ENSG00000232535.2	OR5H8	up	-1.01989	0.173218	-5.88792	6.52356e-09	157	Quies	Quies	False
NC_000002.12:74930873	chr2	74930873	ENSG00000115350.12	POLE4	dn	-1.881	0.31283	-6.01287	3.17316e-09	109	Quies	Quies	False
NC_000006.12:169577001	chr6	169577001	ENSG00000285733.1	ENSG00000285733	dn	0.899107	0.200273	4.48941	8.57114e-06	324	Quies	Quies	False
NC_000009.12:138153295	chr9	138153295	ENSG00000148408.15	CACNA1B	prom	-1.24387	0.302498	-4.11201	4.47127e-05	58	Quies	Quies	False
NC_000020.11:54153514	chr20	54153514	ENSG00000019186.10	CYP24A1	up	-0.895327	0.195195	-4.58683	5.48454e-06	336	Quies	Quies	False
NC_000018.10:107540	chr18	107540	ENSG00000173213.11	TUBB8B	dn	-0.0665312	0.0137721	-4.83086	1.72954e-06	211	ZNF/Rpts	Het-ZNF	False
NC_000008.11:102538782	chr8	102538782	ENSG00000155087.4	ODF1	up	1.32606	0.319211	4.15418	3.7406e-05	138	ReprPCWk	Repr	False
NC_000008.11:66339066	chr8	66339066	ENSG00000179041.4	RRS1	up	-0.605263	0.145343	-4.16437	3.58186e-05	186	EnhA1	Enh	False
NC_000005.10:34183167	chr5	34183167	ENSG00000273294.1	C1QTNF3-AMACR	up	1.90273	0.28301	6.7232	4.15738e-11	103	TxWk	Tx	False
NC_000005.10:34183167	chr5	34183167	ENSG00000273294.1	C1QTNF3-AMACR	body	1.90273	0.28301	6.7232	4.15738e-11	103	TxWk	Tx	False
NC_000003.12:194399962	chr3	194399962	ENSG00000178732.6	GP5	dn	-2.44827	0.574906	-4.25855	2.38917e-05	45	TxWk	Tx	False
NC_000002.12:115208301	chr2	115208301	ENSG00000175497.17	DPP10	dn	1.6496	0.331532	4.97568	8.51166e-07	53	Quies	Quies	False
NC_000021.9:42687700	chr21	42687700	ENSG00000160191.18	PDE9A	body	0.562852	0.140225	4.01393	6.73048e-05	321	ReprPC	Repr	False
NC_000008.11:130576758	chr8	130576758	ENSG00000153317.15	ASAP1	body	1.45222	0.361374	4.0186	6.60189e-05	49	Quies	Quies	False
NC_000001.11:121646992	chr1	121646992	ENSG00000188610.12	FAM72B	up	1.87613	0.423888	4.42601	1.14103e-05	35	Quies	Quies	False
NC_000010.11:69238772	chr10	69238772	ENSG00000156510.13	HKDC1	body	1.87058	0.38969	4.80017	2.00533e-06	41	TxWk	Tx	False
NC_000005.10:34189558	chr5	34189558	ENSG00000273294.1	C1QTNF3-AMACR	up	1.77534	0.371487	4.779	2.21966e-06	103	TxWk	Tx	False
NC_000005.10:34189558	chr5	34189558	ENSG00000273294.1	C1QTNF3-AMACR	body	1.77534	0.371487	4.779	2.21966e-06	103	TxWk	Tx	False
NC_000014.9:18656074	chr14	18656074	ENSG00000257115.2	OR11H12	up	-1.44431	0.243625	-5.92842	5.17174e-09	71	Quies	Quies	False
NC_000003.12:195988946	chr3	195988946	ENSG00000061938.21	TNK2	enh	-3.18624	0.76501	-4.16497	3.57275e-05	3	TxWk	Tx	False
NC_000001.11:61391144	chr1	61391144	ENSG00000162604.13	TM2D1	up	1.17769	0.282481	4.16909	3.51053e-05	51	TxWk	Tx	False
NC_000007.14:158917168	chr7	158917168	ENSG00000126870.16	DYNC2I1	enh	-0.193596	0.0481074	-4.02424	6.44991e-05	388	TxWk	Tx	False
NC_000010.11:46886031	chr10	46886031	ENSG00000204179.11	PTPN20	up	0.84057	0.150671	5.57885	3.67185e-08	219	NA	NA	False
NC_000007.14:65080892	chr7	65080892	ENSG00000213462.5	ERV3-1	up	-2.24989	0.391934	-5.74047	1.50222e-08	146	TssFlnk	Prom	False
NC_000001.11:64033159	chr1	64033159	ENSG00000177414.14	UBE2U	body	1.2833	0.282938	4.53564	6.94184e-06	261	Quies	Quies	False
NC_000002.12:227601517	chr2	227601517	ENSG00000284643.1	SCYGR2	body	0.956905	0.201591	4.74677	2.58906e-06	143	Quies	Quies	False
NC_000001.11:2673224	chr1	2673224	ENSG00000142606.16	MMEL1	up	-0.853661	0.157862	-5.40763	9.24377e-08	162	Quies	Quies	False
NC_000001.11:2673224	chr1	2673224	ENSG00000142606.16	MMEL1	dn	-0.393902	0.0748469	-5.26278	1.98051e-07	280	Quies	Quies	False
NC_000001.11:2673224	chr1	2673224	ENSG00000142606.16	MMEL1	body	-0.853661	0.157862	-5.40763	9.24377e-08	162	Quies	Quies	False
NC_000002.12:64936480	chr2	64936480	ENSG00000115902.11	SLC1A4	up	0.986528	0.246625	4.00012	7.12475e-05	164	ReprPCWk	Repr	False
NC_000001.11:220823575	chr1	220823575	ENSG00000286231.1	ENSG00000286231	body	-0.734281	0.156033	-4.70594	3.14254e-06	250	Quies	Quies	False
NC_000005.10:843835	chr5	843835	ENSG00000188818.13	ZDHHC11	up	-0.321116	0.0748851	-4.28812	2.1006e-05	475	ReprPCWk	Repr	False
NC_000005.10:843835	chr5	843835	ENSG00000188818.13	ZDHHC11	dn	-0.321638	0.0749498	-4.29138	2.07094e-05	474	ReprPCWk	Repr	False
NC_000005.10:843835	chr5	843835	ENSG00000188818.13	ZDHHC11	body	-0.322326	0.0750481	-4.29493	2.03903e-05	474	ReprPCWk	Repr	False
NC_000022.11:49762707	chr22	49762707	ENSG00000100425.19	BRD1	enh	-2.122	0.506017	-4.19354	3.16227e-05	43	Quies	Quies	False
NC_000007.14:155738344	chr7	155738344	ENSG00000164690.8	SHH	up	-1.02585	0.255121	-4.02101	6.53646e-05	73	Tx	Tx	False
NC_000020.11:19664624	chr20	19664624	ENSG00000132669.14	RIN2	up	-1.78941	0.386627	-4.62825	4.52515e-06	43	ReprPCWk	Repr	False
NC_000001.11:2673343	chr1	2673343	ENSG00000142606.16	MMEL1	up	-0.748084	0.106336	-7.0351	5.46816e-12	162	Quies	Quies	False
NC_000001.11:2673343	chr1	2673343	ENSG00000142606.16	MMEL1	dn	-0.423297	0.0494552	-8.5592	9.59442e-17	280	Quies	Quies	False
NC_000001.11:2673343	chr1	2673343	ENSG00000142606.16	MMEL1	body	-0.748084	0.106336	-7.0351	5.46816e-12	162	Quies	Quies	False
NC_000011.10:122439904	chr11	122439904	ENSG00000154127.10	UBASH3B	up	1.56778	0.340599	4.603	5.08888e-06	152	TssFlnkU	Prom	False
NC_000010.11:43701979	chr10	43701979	ENSG00000169740.14	ZNF32	dn	-0.842906	0.177574	-4.74679	2.58879e-06	405	ReprPCWk	Repr	False
NC_000017.11:11534078	chr17	11534078	ENSG00000007174.18	DNAH9	up	-1.03816	0.251843	-4.12228	4.28173e-05	208	Het	Het-ZNF	False
NC_000001.11:48003248	chr1	48003248	ENSG00000269113.4	TRABD2B	up	-1.43666	0.319289	-4.49956	8.18449e-06	64	ReprPCWk	Repr	False
NC_000012.12:107821675	chr12	107821675	ENSG00000187855.6	ASCL4	dn	-1.22236	0.250348	-4.88263	1.34509e-06	97	Het	Het-ZNF	False
NC_000017.11:21687869	chr17	21687869	ENSG00000260458.3	KCNJ18	dn	0.992904	0.235587	4.2146	2.88892e-05	39	NA	NA	False
NC_000004.12:163544441	chr4	163544441	ENSG00000198498.10	TMA16	up	-1.8166	0.365958	-4.96397	9.01976e-07	112	EnhWk	Enh	False
NC_000011.10:27637546	chr11	27637546	ENSG00000176697.20	BDNF	up	-1.84372	0.460112	-4.00711	6.92234e-05	78	Het	Het-ZNF	False
NC_000003.12:12003917	chr3	12003917	ENSG00000157152.17	SYN2	body	1.2037	0.299053	4.02503	6.4287e-05	290	ReprPC	Repr	False
NC_000001.11:2679858	chr1	2679858	ENSG00000142606.16	MMEL1	up	-1.02011	0.195356	-5.22183	2.44872e-07	162	Het	Het-ZNF	False
NC_000001.11:2679858	chr1	2679858	ENSG00000142606.16	MMEL1	dn	-0.516607	0.0922059	-5.60275	3.2216e-08	280	Het	Het-ZNF	False
NC_000001.11:2679858	chr1	2679858	ENSG00000142606.16	MMEL1	body	-1.02011	0.195356	-5.22183	2.44872e-07	162	Het	Het-ZNF	False
NC_000010.11:38836575	chr10	38836575	ENSG00000283930.1	PLD5P1	up	-2.7222	0.303106	-8.981	3.47252e-18	122	ZNF/Rpts	Het-ZNF	False
NC_000010.11:38836575	chr10	38836575	ENSG00000283930.1	PLD5P1	dn	-1.32983	0.169619	-7.8401	2.07389e-14	224	ZNF/Rpts	Het-ZNF	False
NC_000010.11:38836575	chr10	38836575	ENSG00000283930.1	PLD5P1	body	-1.42407	0.203777	-6.9884	7.44421e-12	190	ZNF/Rpts	Het-ZNF	False
NC_000009.12:94025614	chr9	94025614	ENSG00000158079.16	PTPDC1	up	-3.32712	0.317463	-10.4803	1.0415e-23	200	Quies	Quies	False
NC_000001.11:153007023	chr1	153007023	ENSG00000163209.15	SPRR3	dn	0.871793	0.192225	4.53527	6.95362e-06	125	Quies	Quies	False
NC_000007.14:65189806	chr7	65189806	ENSG00000213462.5	ERV3-1	up	1.07655	0.260577	4.13143	4.11931e-05	146	Quies	Quies	False
NC_000002.12:118148846	chr2	118148846	ENSG00000125629.16	INSIG2	dn	0.78927	0.179211	4.40414	1.25838e-05	149	Quies	Quies	False
NC_000002.12:23431708	chr2	23431708	ENSG00000119771.15	KLHL29	body	-1.44378	0.250464	-5.76444	1.31336e-08	212	TxWk	Tx	False
NC_000003.12:122480288	chr3	122480288	ENSG00000114030.13	KPNA1	up	-5.17079	0.351087	-14.728	4.07591e-42	232	TxWk	Tx	False
NC_000003.12:122480288	chr3	122480288	ENSG00000114030.13	KPNA1	body	-3.76947	0.9328	-4.04103	6.01639e-05	39	TxWk	Tx	False
NC_000009.12:115948813	chr9	115948813	ENSG00000182752.10	PAPPA	body	-1.93974	0.485713	-3.99359	7.31848e-05	31	EnhA2	Enh	False
NC_000004.12:138708761	chr4	138708761	ENSG00000151014.6	NOCT	body	-0.751516	0.184465	-4.07403	5.2437e-05	333	Quies	Quies	False
NC_000009.12:32733360	chr9	32733360	ENSG00000188133.6	TMEM215	up	1.45612	0.341167	4.26805	2.29258e-05	58	Quies	Quies	False
NC_000017.11:21307355	chr17	21307355	ENSG00000034152.20	MAP2K3	body	-3.12924	0.3191	-9.80648	3.75119e-21	107	ZNF/Rpts	Het-ZNF	False
NC_000020.11:31215716	chr20	31215716	ENSG00000215547.1	DEFB115	up	0.260715	0.0648915	4.01771	6.62623e-05	170	NA	NA	False
NC_000013.11:31830666	chr13	31830666	ENSG00000073910.23	FRY	up	1.3249	0.328999	4.02705	6.37515e-05	161	Quies	Quies	False
NC_000011.10:102601971	chr11	102601971	ENSG00000137674.4	MMP20	up	-2.72189	0.332925	-8.1757	1.76528e-15	96	EnhA2	Enh	False
NC_000011.10:102601971	chr11	102601971	ENSG00000137674.4	MMP20	dn	-1.44792	0.2371	-6.10678	1.83069e-09	148	EnhA2	Enh	False
NC_000011.10:102601971	chr11	102601971	ENSG00000137674.4	MMP20	body	-2.72189	0.332925	-8.1757	1.76528e-15	96	EnhA2	Enh	False
NC_000011.10:102601971	chr11	102601971	ENSG00000137674.4	MMP20	enh	-2.72189	0.332925	-8.1757	1.76528e-15	96	EnhA2	Enh	False
NC_000003.12:125990536	chr3	125990536	ENSG00000114547.10	ROPN1B	dn	-1.88539	0.267208	-7.0559	4.76374e-12	248	TssBiv	Biv	False
NC_000002.12:113205052	chr2	113205052	ENSG00000125637.16	PSD4	dn	-2.11149	0.432791	-4.87877	1.37065e-06	70	TxWk	Tx	False
NC_000015.10:37864359	chr15	37864359	ENSG00000166069.14	TMCO5A	up	2.03266	0.506339	4.01443	6.71664e-05	39	Het	Het-ZNF	False
NC_000017.11:26818993	chr17	26818993	ENSG00000109046.15	WSB1	up	-0.686078	0.158458	-4.32972	1.7504e-05	81	NA	NA	False
NC_000004.12:190121071	chr4	190121071	ENSG00000260596.5	DUX4	up	1.6659	0.389926	4.27235	2.25014e-05	32	Het	Het-ZNF	False
NC_000002.12:26178974	chr2	26178974	ENSG00000157833.13	GAREM2	body	4.20397	0.459202	9.15493	8.53776e-19	68	TssFlnk	Prom	False
NC_000002.12:26178974	chr2	26178974	ENSG00000157833.13	GAREM2	prom	4.20397	0.459202	9.15493	8.53776e-19	68	TssFlnk	Prom	False
NC_000020.11:31214425	chr20	31214425	ENSG00000215547.1	DEFB115	up	0.32707	0.0758192	4.31381	1.87718e-05	170	NA	NA	False
NC_000002.12:200687794	chr2	200687794	ENSG00000138356.14	AOX1	dn	0.640685	0.126126	5.0797	5.05919e-07	394	Quies	Quies	False
NC_000010.11:3084102	chr10	3084102	ENSG00000067057.19	PFKP	up	-0.521878	0.125904	-4.14505	3.88829e-05	310	ReprPCWk	Repr	False
NC_000003.12:50661880	chr3	50661880	ENSG00000088538.13	DOCK3	body	0.440089	0.10305	4.27065	2.26681e-05	266	ReprPCWk	Repr	False
NC_000009.12:104634436	chr9	104634436	ENSG00000136839.1	OR13C9	dn	0.907636	0.224375	4.04517	5.91387e-05	223	ZNF/Rpts	Het-ZNF	False
NC_000017.11:26790639	chr17	26790639	ENSG00000109046.15	WSB1	up	-0.834454	0.189617	-4.40074	1.27764e-05	81	NA	NA	False
NC_000009.12:113065829	chr9	113065829	ENSG00000136866.14	ZFP37	dn	0.576895	0.111481	5.17482	3.11884e-07	507	Quies	Quies	False
NC_000007.14:25882921	chr7	25882921	ENSG00000050344.9	NFE2L3	enh	3.54855	0.799395	4.43905	1.07611e-05	8	ReprPCWk	Repr	False
NC_000018.10:74163586	chr18	74163586	ENSG00000075336.12	TIMM21	up	-1.24639	0.257569	-4.83906	1.66223e-06	56	TxWk	Tx	False
NC_000003.12:125990896	chr3	125990896	ENSG00000114547.10	ROPN1B	dn	-3.16808	0.327365	-9.67752	1.1217199999999998e-20	248	TssBiv	Biv	False
NC_000003.12:125990899	chr3	125990899	ENSG00000114547.10	ROPN1B	dn	-2.90174	0.341309	-8.5018	1.49331e-16	248	TssBiv	Biv	False
NC_000001.11:60350068	chr1	60350068	ENSG00000162598.13	C1orf87	up	0.705656	0.176018	4.009	6.86875e-05	232	Quies	Quies	False
NC_000001.11:60350068	chr1	60350068	ENSG00000162598.13	C1orf87	body	0.705656	0.176018	4.009	6.86875e-05	232	Quies	Quies	False
NC_000008.11:272046	chr8	272046	ENSG00000172748.14	ZNF596	dn	-0.430617	0.082683	-5.20805	2.62924e-07	508	ReprPCWk	Repr	False
NC_000009.12:32828469	chr9	32828469	ENSG00000188133.6	TMEM215	up	2.1275	0.528337	4.02678	6.38242e-05	58	ReprPCWk	Repr	False
NC_000011.10:86786528	chr11	86786528	ENSG00000150687.12	PRSS23	up	-0.883152	0.216305	-4.08289	5.05284e-05	131	Quies	Quies	False
NC_000018.10:14542867	chr18	14542867	ENSG00000183206.18	POTEC	dn	-1.3143	0.320283	-4.10354	4.63338e-05	116	Het	Het-ZNF	False
NC_000009.12:113081974	chr9	113081974	ENSG00000136866.14	ZFP37	dn	0.706048	0.117341	6.01705	3.09678e-09	507	Quies	Quies	False
NC_000009.12:113081977	chr9	113081977	ENSG00000136866.14	ZFP37	dn	0.683547	0.0971074	7.03908	5.32592e-12	507	Quies	Quies	False
NC_000008.11:134588948	chr8	134588948	ENSG00000066827.16	ZFAT	dn	-1.01574	0.232943	-4.36047	1.52818e-05	188	Tx	Tx	False
NC_000008.11:134588948	chr8	134588948	ENSG00000066827.16	ZFAT	body	-1.01574	0.232943	-4.36047	1.52818e-05	188	Tx	Tx	False
NC_000004.12:99265451	chr4	99265451	ENSG00000187758.8	ADH1A	up	-0.889491	0.216668	-4.10531	4.59907e-05	430	Quies	Quies	False
NC_000011.10:32309683	chr11	32309683	ENSG00000184937.16	WT1	up	-0.956374	0.233546	-4.09501	4.80252e-05	82	Quies	Quies	False
NC_000007.14:65080549	chr7	65080549	ENSG00000213462.5	ERV3-1	up	-1.6805	0.344821	-4.87354	1.40597e-06	146	TxWk	Tx	False
NC_000019.10:21569850	chr19	21569850	ENSG00000197013.11	ZNF429	dn	0.297951	0.0611418	4.87311	1.40895e-06	204	ZNF/Rpts	Het-ZNF	False
NC_000011.10:69321888	chr11	69321888	ENSG00000172927.9	MYEOV	body	-1.36797	0.337014	-4.05908	5.58136e-05	36	Quies	Quies	False
NC_000011.10:69321888	chr11	69321888	ENSG00000172927.9	MYEOV	enh	-1.36797	0.337014	-4.05908	5.58136e-05	36	Quies	Quies	False
NC_000020.11:31092466	chr20	31092466	ENSG00000215547.1	DEFB115	up	-0.400385	0.0866375	-4.62138	4.67224e-06	170	NA	NA	False
NC_000020.11:31053097	chr20	31053097	ENSG00000215547.1	DEFB115	up	0.101383	0.0207166	4.89383	1.27347e-06	170	NA	NA	False
NC_000005.10:151370051	chr5	151370051	ENSG00000186335.9	SLC36A2	dn	-1.25562	0.257488	-4.87642	1.38644e-06	112	Quies	Quies	False
NC_000006.12:162553264	chr6	162553264	ENSG00000112530.13	PACRG	enh	1.00409	0.235726	4.25955	2.37881e-05	230	Quies	Quies	False
NC_000020.11:5528811	chr20	5528811	ENSG00000125772.14	GPCPD1	enh	-1.15427	0.286722	-4.02574	6.40985e-05	70	TxWk	Tx	False
NC_000010.11:68190224	chr10	68190224	ENSG00000179774.9	ATOH7	up	0.658554	0.151069	4.3593	1.53607e-05	184	Quies	Quies	False
NC_000007.14:158917054	chr7	158917054	ENSG00000126870.16	DYNC2I1	body	-0.452218	0.091922	-4.91959	1.12253e-06	404	TxWk	Tx	False
NC_000007.14:65080784	chr7	65080784	ENSG00000213462.5	ERV3-1	up	-2.14439	0.38527	-5.56595	3.93983e-08	146	TssFlnk	Prom	False
NC_000020.11:31182465	chr20	31182465	ENSG00000215547.1	DEFB115	up	-0.1397	0.0312978	-4.46357	9.63518e-06	170	NA	NA	False
NC_000002.12:216809293	chr2	216809293	ENSG00000118245.2	TNP1	up	1.06717	0.251224	4.24787	2.5024e-05	204	ReprPCWk	Repr	False
NC_000004.12:119444240	chr4	119444240	ENSG00000145384.4	FABP2	dn	0.459092	0.0938503	4.89175	1.28649e-06	201	TxWk	Tx	False
NC_000006.12:169593285	chr6	169593285	ENSG00000285733.1	ENSG00000285733	dn	0.507633	0.116753	4.34794	1.61528e-05	324	Quies	Quies	False
NC_000020.11:31058074	chr20	31058074	ENSG00000215547.1	DEFB115	up	0.0739833	0.0162545	4.55155	6.45311e-06	170	NA	NA	False
NC_000008.11:108090162	chr8	108090162	ENSG00000147655.12	RSPO2	up	-2.50261	0.517442	-4.83651	1.68289e-06	63	Quies	Quies	False
NC_000008.11:108090162	chr8	108090162	ENSG00000147655.12	RSPO2	body	-2.50261	0.517442	-4.83651	1.68289e-06	63	Quies	Quies	False
NC_000003.12:114185040	chr3	114185040	ENSG00000151577.14	DRD3	up	-3.65033	0.55709	-6.55249	1.22206e-10	45	Quies	Quies	False
NC_000003.12:114185040	chr3	114185040	ENSG00000151577.14	DRD3	dn	-3.69303	0.556408	-6.63728	7.17378e-11	45	Quies	Quies	False
NC_000003.12:114185040	chr3	114185040	ENSG00000151577.14	DRD3	body	-3.72056	0.563005	-6.60839	8.60668e-11	44	Quies	Quies	False
NC_000002.12:106913493	chr2	106913493	ENSG00000144057.16	ST6GAL2	up	-2.76673	0.60765	-4.55317	6.40533e-06	38	Het	Het-ZNF	False
NC_000001.11:2673352	chr1	2673352	ENSG00000142606.16	MMEL1	up	-0.343651	0.0845236	-4.06574	5.42832e-05	162	Quies	Quies	False
NC_000001.11:2673352	chr1	2673352	ENSG00000142606.16	MMEL1	dn	-0.178155	0.0399156	-4.46329	9.64747e-06	280	Quies	Quies	False
NC_000001.11:2673352	chr1	2673352	ENSG00000142606.16	MMEL1	body	-0.343651	0.0845236	-4.06574	5.42832e-05	162	Quies	Quies	False
NC_000005.10:127116826	chr5	127116826	ENSG00000164241.14	C5orf63	dn	2.62338	0.508553	5.15852	3.39017e-07	58	Quies	Quies	False
NC_000003.12:22746141	chr3	22746141	ENSG00000151789.13	ZNF385D	up	1.96011	0.395639	4.95428	9.46231e-07	31	Quies	Quies	False
NC_000005.10:32801610	chr5	32801610	ENSG00000113389.16	NPR3	body	-3.03243	0.466261	-6.50371	1.65614e-10	130	Quies	Quies	False
NC_000010.11:46886288	chr10	46886288	ENSG00000204179.11	PTPN20	up	0.73376	0.168784	4.34732	1.61968e-05	219	NA	NA	False
NC_000002.12:68687742	chr2	68687742	ENSG00000163219.12	ARHGAP25	body	-1.47684	0.345046	-4.28012	2.17524e-05	165	Quies	Quies	False
NC_000005.10:842554	chr5	842554	ENSG00000188818.13	ZDHHC11	up	-0.40608	0.0867424	-4.68144	3.52734e-06	475	ReprPCWk	Repr	False
NC_000005.10:842554	chr5	842554	ENSG00000188818.13	ZDHHC11	dn	-0.416425	0.0867402	-4.80083	1.99896e-06	474	ReprPCWk	Repr	False
NC_000005.10:842554	chr5	842554	ENSG00000188818.13	ZDHHC11	body	-0.416567	0.0868595	-4.79588	2.04709e-06	474	ReprPCWk	Repr	False
NC_000022.11:49761421	chr22	49761421	ENSG00000100425.19	BRD1	up	-1.19861	0.25546	-4.69197	3.3567e-06	67	Quies	Quies	False
NC_000022.11:49761421	chr22	49761421	ENSG00000100425.19	BRD1	enh	-2.53094	0.500208	-5.05978	5.59324e-07	43	Quies	Quies	False
NC_000011.10:5905954	chr11	5905954	ENSG00000277932.2	OR52E5	up	0.533663	0.124259	4.29476	2.0405e-05	245	Quies	Quies	False
NC_000017.11:27861118	chr17	27861118	ENSG00000266202.1	ENSG00000266202	enh	-3.75836	0.9369	-4.01148	6.79885e-05	4	TxWk	Tx	False
NC_000003.12:122924509	chr3	122924509	ENSG00000082684.16	SEMA5B	up	-2.41574	0.365098	-6.61669	8.16883e-11	37	ReprPCWk	Repr	False
NC_000003.12:122924509	chr3	122924509	ENSG00000082684.16	SEMA5B	dn	-2.41574	0.365098	-6.61669	8.16883e-11	37	ReprPCWk	Repr	False
NC_000003.12:122924509	chr3	122924509	ENSG00000082684.16	SEMA5B	body	-2.41574	0.365098	-6.61669	8.16883e-11	37	ReprPCWk	Repr	False
NC_000022.11:15531658	chr22	15531658	ENSG00000130538.6	OR11H1	up	0.720414	0.175093	4.11446	4.4252e-05	276	Quies	Quies	False
NC_000020.11:31174571	chr20	31174571	ENSG00000215547.1	DEFB115	up	0.400867	0.0648609	6.18041	1.1835e-09	170	NA	NA	False
NC_000010.11:6056731	chr10	6056731	ENSG00000134460.19	IL2RA	up	0.377863	0.0918095	4.11573	4.40166e-05	380	TxWk	Tx	False
NC_000010.11:6056731	chr10	6056731	ENSG00000134460.19	IL2RA	dn	0.509429	0.119003	4.28081	2.16868e-05	345	TxWk	Tx	False
NC_000010.11:6056731	chr10	6056731	ENSG00000134460.19	IL2RA	body	0.516726	0.119981	4.30674	1.93633e-05	344	TxWk	Tx	False
NC_000010.11:38861437	chr10	38861437	ENSG00000283930.1	PLD5P1	dn	0.476481	0.118175	4.03198	6.2465e-05	224	ZNF/Rpts	Het-ZNF	False
NC_000011.10:5925310	chr11	5925310	ENSG00000132256.20	TRIM5	up	0.548778	0.114038	4.81224	1.89214e-06	229	Het	Het-ZNF	False
NC_000011.10:5925310	chr11	5925310	ENSG00000132256.20	TRIM5	body	0.378011	0.0845512	4.47079	9.32559e-06	319	Het	Het-ZNF	False
NC_000012.12:27971403	chr12	27971403	ENSG00000087494.16	PTHLH	dn	1.17927	0.283551	4.15894	3.66558e-05	185	EnhBiv	Biv	False
NC_000012.12:27971403	chr12	27971403	ENSG00000087494.16	PTHLH	body	1.72102	0.32502	5.29511	1.67329e-07	154	EnhBiv	Biv	False
NC_000001.11:2670953	chr1	2670953	ENSG00000142606.16	MMEL1	up	-0.588886	0.136915	-4.30111	1.98468e-05	162	Quies	Quies	False
NC_000001.11:2670953	chr1	2670953	ENSG00000142606.16	MMEL1	dn	-0.276722	0.0648506	-4.26707	2.30241e-05	280	Quies	Quies	False
NC_000001.11:2670953	chr1	2670953	ENSG00000142606.16	MMEL1	body	-0.588886	0.136915	-4.30111	1.98468e-05	162	Quies	Quies	False
NC_000017.11:21431518	chr17	21431518	ENSG00000184185.10	KCNJ12	up	-0.879056	0.214541	-4.09738	4.75507e-05	107	Het	Het-ZNF	False
NC_000011.10:134046268	chr11	134046268	ENSG00000166086.13	JAM3	up	0.826659	0.180423	4.58179	5.61376e-06	333	EnhBiv	Biv	False
NC_000012.12:112708744	chr12	112708744	ENSG00000089169.15	RPH3A	enh	4.4003	0.865018	5.08695	4.87732e-07	8	Quies	Quies	False
NC_000001.11:121748356	chr1	121748356	ENSG00000188610.12	FAM72B	dn	1.32662	0.274033	4.84108	1.64609e-06	45	NA	NA	False
NC_000004.12:42313263	chr4	42313263	ENSG00000178343.5	SHISA3	up	0.933452	0.233098	4.00454	6.99604e-05	248	ReprPCWk	Repr	False
NC_000002.12:87022840	chr2	87022840	ENSG00000183281.15	PLGLB1	up	0.961634	0.230562	4.17083	3.48459e-05	180	Quies	Quies	False
NC_000013.11:112745708	chr13	112745708	ENSG00000068650.19	ATP11A	body	-0.328394	0.0739936	-4.43814	1.08052e-05	507	ReprPCWk	Repr	False
NC_000010.11:127575343	chr10	127575343	ENSG00000214285.3	NPS	dn	2.45126	0.530091	4.62423	4.61065e-06	66	ReprPCWk	Repr	False
NC_000003.12:125990306	chr3	125990306	ENSG00000114547.10	ROPN1B	dn	-1.98607	0.30623	-6.48557	1.85336e-10	248	Quies	Quies	False
NC_000016.10:88068445	chr16	88068445	ENSG00000172530.22	BANP	body	0.1631	0.0386552	4.21935	2.83041e-05	396	Tx	Tx	False
NC_000011.10:58402670	chr11	58402670	ENSG00000172769.4	OR5B3	dn	-0.90549	0.224105	-4.04047	6.03042e-05	111	Quies	Quies	False
NC_000005.10:181173603	chr5	181173603	ENSG00000182613.3	OR2V2	dn	-0.481355	0.103461	-4.65253	4.04007e-06	416	EnhBiv	Biv	False
NC_000005.10:181173603	chr5	181173603	ENSG00000182613.3	OR2V2	prom	-1.28006	0.288426	-4.43808	1.0808e-05	176	EnhBiv	Biv	False
NC_000002.12:74951772	chr2	74951772	ENSG00000115350.12	POLE4	dn	-1.96683	0.339809	-5.78804	1.15006e-08	109	Het	Het-ZNF	False
NC_000010.11:1126175	chr10	1126175	ENSG00000047056.18	WDR37	enh	-10.4449	1.54693	-6.75205	3.45697e-11	7	Tx	Tx	False
NC_000008.11:135637480	chr8	135637480	ENSG00000131773.15	KHDRBS3	body	0.38252	0.0904508	4.22904	2.71467e-05	394	Quies	Quies	False
NC_000018.10:5015504	chr18	5015504	ENSG00000231824.4	AKAIN1	dn	-2.03421	0.453102	-4.48952	8.56649e-06	31	Quies	Quies	False
NC_000020.11:31192944	chr20	31192944	ENSG00000215547.1	DEFB115	up	0.471626	0.0752188	6.27006	6.91775e-10	170	NA	NA	False
NC_000005.10:43598230	chr5	43598230	ENSG00000112992.18	NNT	up	-2.82608	0.313398	-9.01756	2.5899e-18	46	Quies	Quies	False
NC_000002.12:74951890	chr2	74951890	ENSG00000115350.12	POLE4	dn	-1.10058	0.229695	-4.79147	2.09087e-06	109	Het	Het-ZNF	False
NC_000011.10:102601987	chr11	102601987	ENSG00000137674.4	MMP20	up	-2.81779	0.335119	-8.40833	3.05402e-16	96	EnhA2	Enh	False
NC_000011.10:102601987	chr11	102601987	ENSG00000137674.4	MMP20	dn	-1.55743	0.238343	-6.53443	1.36789e-10	148	EnhA2	Enh	False
NC_000011.10:102601987	chr11	102601987	ENSG00000137674.4	MMP20	body	-2.81779	0.335119	-8.40833	3.05402e-16	96	EnhA2	Enh	False
NC_000011.10:102601987	chr11	102601987	ENSG00000137674.4	MMP20	enh	-2.81779	0.335119	-8.40833	3.05402e-16	96	EnhA2	Enh	False
NC_000003.12:125990546	chr3	125990546	ENSG00000114547.10	ROPN1B	dn	-2.20624	0.281623	-7.83403	2.16683e-14	248	TssBiv	Biv	False
NC_000019.10:36293627	chr19	36293627	ENSG00000196357.12	ZNF565	up	-0.662433	0.125602	-5.27405	1.86765e-07	119	Quies	Quies	False
NC_000019.10:36293627	chr19	36293627	ENSG00000196357.12	ZNF565	dn	-0.926127	0.230459	-4.01862	6.60145e-05	82	Quies	Quies	False
NC_000020.11:30421854	chr20	30421854	ENSG00000215547.1	DEFB115	up	0.202851	0.0480147	4.22476	2.76524e-05	170	NA	NA	False
NC_000002.12:148641701	chr2	148641701	ENSG00000135999.12	EPC2	body	-1.24106	0.29906	-4.14988	3.80948e-05	123	Quies	Quies	False
NC_000002.12:3181224	chr2	3181224	ENSG00000032389.13	EIPR1	up	-0.263396	0.0650832	-4.04706	5.86741e-05	245	ZNF/Rpts	Het-ZNF	False
NC_000011.10:124209643	chr11	124209643	ENSG00000255425.6	OR8G3P	up	-1.71257	0.370059	-4.62783	4.5341e-06	39	Quies	Quies	False
NC_000008.11:130901000	chr8	130901000	ENSG00000155897.10	ADCY8	dn	1.11091	0.260448	4.2654	2.31918e-05	83	Quies	Quies	False
NC_000008.11:130901000	chr8	130901000	ENSG00000155897.10	ADCY8	body	1.11091	0.260448	4.2654	2.31918e-05	83	Quies	Quies	False
NC_000014.9:62754838	chr14	62754838	ENSG00000140015.20	KCNH5	dn	0.785091	0.17708	4.43355	1.10306e-05	160	Quies	Quies	False
NC_000013.11:43929749	chr13	43929749	ENSG00000281883.1	ENSG00000281883	prom	-1.95479	0.484043	-4.03846	6.08084e-05	21	Quies	Quies	False
NC_000001.11:727805	chr1	727805	ENSG00000284662.2	OR4F16	dn	-1.63399	0.238208	-6.85949	1.72928e-11	196	Quies	Quies	False
NC_000009.12:113081629	chr9	113081629	ENSG00000136866.14	ZFP37	dn	0.860544	0.113608	7.57466	1.37448e-13	507	Quies	Quies	False
NC_000009.12:113065719	chr9	113065719	ENSG00000136866.14	ZFP37	dn	0.570834	0.137461	4.1527	3.76408e-05	507	Quies	Quies	False
NC_000004.12:184964178	chr4	184964178	ENSG00000187821.9	HELT	up	-0.683996	0.164547	-4.15684	3.69853e-05	388	Quies	Quies	False
NC_000013.11:39782177	chr13	39782177	ENSG00000133103.17	COG6	up	-1.38414	0.336736	-4.11047	4.50026e-05	77	Quies	Quies	False
NC_000020.11:31052807	chr20	31052807	ENSG00000215547.1	DEFB115	up	0.0825273	0.0164773	5.00853	7.22929e-07	170	NA	NA	False
NC_000011.10:110507580	chr11	110507580	ENSG00000137714.3	FDX1	dn	-1.59137	0.268149	-5.93467	4.9891e-09	236	Tx	Tx	False
NC_000017.11:16525877	chr17	16525877	ENSG00000181350.12	LRRC75A	enh	5.3258	1.29389	4.11613	4.39419e-05	5	ReprPCWk	Repr	False
NC_000009.12:113081745	chr9	113081745	ENSG00000136866.14	ZFP37	dn	1.19727	0.135758	8.81915	1.25846e-17	507	Quies	Quies	False
NC_000009.12:4814109	chr9	4814109	ENSG00000120158.12	RCL1	body	-1.11586	0.263306	-4.23788	2.61297e-05	304	Het	Het-ZNF	False
NC_000008.11:139973657	chr8	139973657	ENSG00000169427.8	KCNK9	up	-1.29368	0.322618	-4.00995	6.84176e-05	176	Quies	Quies	False
NC_000008.11:139973657	chr8	139973657	ENSG00000169427.8	KCNK9	dn	-1.29368	0.322618	-4.00995	6.84176e-05	176	Quies	Quies	False
NC_000008.11:139973657	chr8	139973657	ENSG00000169427.8	KCNK9	body	-1.29368	0.322618	-4.00995	6.84176e-05	176	Quies	Quies	False
NC_000002.12:49031484	chr2	49031484	ENSG00000170820.12	FSHR	up	-1.37667	0.343846	-4.00373	7.01942e-05	86	Quies	Quies	False
NC_000001.11:212279587	chr1	212279587	ENSG00000066027.12	PPP2R5A	body	0.698148	0.15223	4.58613	5.50235e-06	212	Quies	Quies	False
NC_000001.11:2669398	chr1	2669398	ENSG00000142606.16	MMEL1	up	-0.705189	0.172991	-4.07644	5.19105e-05	162	Quies	Quies	False
NC_000001.11:2669398	chr1	2669398	ENSG00000142606.16	MMEL1	dn	-0.346677	0.0818303	-4.23653	2.6282e-05	280	Quies	Quies	False
NC_000001.11:2669398	chr1	2669398	ENSG00000142606.16	MMEL1	body	-0.705189	0.172991	-4.07644	5.19105e-05	162	Quies	Quies	False
NC_000007.14:156930702	chr7	156930702	ENSG00000146909.8	NOM1	up	-0.601289	0.149957	-4.00974	6.84784e-05	188	ReprPCWk	Repr	False
NC_000009.12:113081861	chr9	113081861	ENSG00000136866.14	ZFP37	dn	0.783524	0.108172	7.24331	1.3545e-12	507	Quies	Quies	False
NC_000009.12:113081865	chr9	113081865	ENSG00000136866.14	ZFP37	dn	0.753652	0.126895	5.93917	4.86151e-09	507	Quies	Quies	False
NC_000006.12:167234273	chr6	167234273	ENSG00000112494.10	UNC93A	up	-0.661737	0.138596	-4.77456	2.26738e-06	390	ReprPCWk	Repr	False
NC_000003.12:31607719	chr3	31607719	ENSG00000163527.10	STT3B	up	0.456015	0.11406	3.99801	7.18669e-05	350	TxWk	Tx	False
NC_000009.12:113065959	chr9	113065959	ENSG00000136866.14	ZFP37	dn	0.746612	0.119568	6.24427	8.07856e-10	507	Quies	Quies	False
NC_000002.12:3949508	chr2	3949508	ENSG00000214866.9	DCDC2C	dn	1.47128	0.338846	4.34202	1.658e-05	75	Het	Het-ZNF	False
NC_000012.12:91261496	chr12	91261496	ENSG00000011465.18	DCN	enh	6.67276	1.33857	4.98498	8.12784e-07	4	Quies	Quies	False
NC_000009.12:113081981	chr9	113081981	ENSG00000136866.14	ZFP37	dn	0.33965	0.0787275	4.31424	1.87361e-05	507	Quies	Quies	False
NC_000007.14:76996543	chr7	76996543	ENSG00000186645.11	SPDYE17	up	-0.632405	0.126818	-4.98673	8.05762e-07	268	TxWk	Tx	False
NC_000012.12:112549756	chr12	112549756	ENSG00000089169.15	RPH3A	enh	4.283	0.902703	4.74464	2.61549e-06	8	Quies	Quies	False
NC_000018.10:76406302	chr18	76406302	ENSG00000101493.11	ZNF516	up	-1.46524	0.34824	-4.20755	2.97776e-05	105	ReprPCWk	Repr	False
NC_000018.10:76406302	chr18	76406302	ENSG00000101493.11	ZNF516	dn	-0.873163	0.212989	-4.09957	4.71137e-05	269	ReprPCWk	Repr	False
NC_000018.10:76406302	chr18	76406302	ENSG00000101493.11	ZNF516	body	-0.874744	0.206605	-4.23389	2.65836e-05	277	ReprPCWk	Repr	False
NC_000002.12:200339828	chr2	200339828	ENSG00000196141.14	SPATS2L	body	1.09543	0.273034	4.01206	6.78263e-05	285	TxWk	Tx	False
NC_000013.11:36254555	chr13	36254555	ENSG00000120669.16	SOHLH2	dn	0.58453	0.132907	4.39804	1.29314e-05	143	TxWk	Tx	False
NC_000006.12:19940364	chr6	19940364	ENSG00000172201.12	ID4	dn	-3.81506	0.413738	-9.22097	4.9863400000000005e-19	74	Quies	Quies	False
NC_000005.10:199298	chr5	199298	ENSG00000185028.4	LRRC14B	dn	-0.759553	0.135687	-5.59784	3.30953e-08	221	TxWk	Tx	False
NC_000007.14:150548036	chr7	150548036	ENSG00000133574.10	GIMAP4	up	0.977112	0.240634	4.06057	5.54673e-05	209	Het	Het-ZNF	False
NC_000009.12:113086960	chr9	113086960	ENSG00000136866.14	ZFP37	dn	0.902378	0.112431	8.02605	5.34849e-15	507	Quies	Quies	False
NC_000009.12:113086962	chr9	113086962	ENSG00000136866.14	ZFP37	dn	0.465719	0.108027	4.31113	1.89942e-05	507	Quies	Quies	False
NC_000010.11:49281923	chr10	49281923	ENSG00000177354.12	C10orf71	body	1.4899	0.366898	4.0608	5.54149e-05	45	ReprPC	Repr	False
NC_000005.10:838001	chr5	838001	ENSG00000188818.13	ZDHHC11	up	-0.400758	0.0925672	-4.32937	1.75309e-05	475	ReprPCWk	Repr	False
NC_000005.10:838001	chr5	838001	ENSG00000188818.13	ZDHHC11	dn	-0.407681	0.0926014	-4.40254	1.2674e-05	474	ReprPCWk	Repr	False
NC_000005.10:838001	chr5	838001	ENSG00000188818.13	ZDHHC11	body	-0.408337	0.0927243	-4.40378	1.26042e-05	474	ReprPCWk	Repr	False
NC_000003.12:189552542	chr3	189552542	ENSG00000073282.14	TP63	body	0.625732	0.137288	4.55779	6.27052e-06	225	Het	Het-ZNF	False
NC_000002.12:148804877	chr2	148804877	ENSG00000168280.18	KIF5C	up	-2.39796	0.490545	-4.88836	1.30795e-06	69	Quies	Quies	False
NC_000011.10:74911139	chr11	74911139	ENSG00000166435.17	XRRA1	dn	-1.22567	0.263056	-4.65933	3.91341e-06	60	TxWk	Tx	False
NC_000011.10:74911139	chr11	74911139	ENSG00000166435.17	XRRA1	body	-1.23287	0.260986	-4.72391	2.8862e-06	61	TxWk	Tx	False
NC_000006.12:169569010	chr6	169569010	ENSG00000285733.1	ENSG00000285733	dn	0.967177	0.192414	5.02655	6.60727e-07	324	Quies	Quies	False
NC_000016.10:58379890	chr16	58379890	ENSG00000103034.15	NDRG4	up	-1.38387	0.24085	-5.7458	1.45807e-08	140	Quies	Quies	False
NC_000006.12:58227167	chr6	58227167	ENSG00000146143.19	PRIM2	dn	-2.50289	0.553146	-4.52482	7.29399e-06	31	Quies	Quies	False
NC_000002.12:222580005	chr2	222580005	ENSG00000116120.11	FARSB	dn	-1.45113	0.308554	-4.70302	3.18613e-06	116	TxWk	Tx	False
NC_000002.12:222580005	chr2	222580005	ENSG00000116120.11	FARSB	body	-1.45113	0.308554	-4.70302	3.18613e-06	116	TxWk	Tx	False
NC_000004.12:72046411	chr4	72046411	ENSG00000056291.19	NPFFR2	body	1.99365	0.472716	4.21745	2.85368e-05	37	Quies	Quies	False
NC_000001.11:59265965	chr1	59265965	ENSG00000172456.18	FGGY	up	1.32117	0.294134	4.49173	8.48122e-06	77	Quies	Quies	False
NC_000015.10:33768338	chr15	33768338	ENSG00000184984.10	CHRM5	prom	-2.869	0.674801	-4.25163	2.46204e-05	6	Quies	Quies	False
NC_000013.11:94597204	chr13	94597204	ENSG00000088451.11	TGDS	up	-1.36904	0.337041	-4.06194	5.51512e-05	172	TxWk	Tx	False
NC_000013.11:94597204	chr13	94597204	ENSG00000088451.11	TGDS	dn	-2.87046	0.338115	-8.48962	1.63974e-16	144	TxWk	Tx	False
NC_000016.10:49945982	chr16	49945982	ENSG00000205423.12	CNEP1R1	up	1.09977	0.133821	8.21826	1.28421e-15	223	Quies	Quies	False
NC_000020.11:31056970	chr20	31056970	ENSG00000215547.1	DEFB115	up	-0.10311	0.0210138	-4.90679	1.19522e-06	170	NA	NA	False
NC_000020.11:13086100	chr20	13086100	ENSG00000172296.13	SPTLC3	up	-1.24078	0.301557	-4.11456	4.42342e-05	157	Tx	Tx	False
NC_000009.12:138176545	chr9	138176545	ENSG00000148408.15	CACNA1B	prom	-2.30672	0.488152	-4.72542	2.86563e-06	58	Quies	Quies	False
NC_000002.12:201824766	chr2	201824766	ENSG00000138395.17	CDK15	up	1.1953	0.259475	4.60662	5.00405e-06	131	Quies	Quies	False
NC_000017.11:21919204	chr17	21919204	ENSG00000260458.3	KCNJ18	dn	2.3907	0.55729	4.28986	2.08467e-05	39	NA	NA	False
NC_000011.10:63224958	chr11	63224958	ENSG00000196600.13	SLC22A25	up	-1.05243	0.196259	-5.36243	1.17474e-07	170	Quies	Quies	False
NC_000011.10:63224958	chr11	63224958	ENSG00000196600.13	SLC22A25	body	-1.05243	0.196259	-5.36243	1.17474e-07	170	Quies	Quies	False
NC_000008.11:15498328	chr8	15498328	ENSG00000104723.21	TUSC3	enh	-2.70616	0.668307	-4.04928	5.81356e-05	13	Quies	Quies	False
NC_000006.12:169570823	chr6	169570823	ENSG00000285733.1	ENSG00000285733	dn	0.780764	0.190257	4.10373	4.62982e-05	324	Quies	Quies	False
NC_000020.11:31089441	chr20	31089441	ENSG00000215547.1	DEFB115	up	0.30245	0.0678511	4.45756	9.90032e-06	170	NA	NA	False
NC_000002.12:156128588	chr2	156128588	ENSG00000153234.16	NR4A2	up	-1.74488	0.355263	-4.91151	1.16791e-06	54	Quies	Quies	False
NC_000002.12:102195481	chr2	102195481	ENSG00000115598.10	IL1RL2	body	1.29093	0.289967	4.45198	1.01525e-05	89	Quies	Quies	False
NC_000005.10:140710436	chr5	140710436	ENSG00000146007.11	ZMAT2	dn	2.15527	0.469702	4.5886	5.44e-06	92	TssFlnkU	Prom	False
NC_000004.12:22430977	chr4	22430977	ENSG00000152990.14	ADGRA3	up	1.42777	0.194127	7.35481	6.32968e-13	122	TxWk	Tx	False
NC_000004.12:22430977	chr4	22430977	ENSG00000152990.14	ADGRA3	dn	2.29478	0.307067	7.47322	2.79319e-13	83	TxWk	Tx	False
NC_000004.12:22430977	chr4	22430977	ENSG00000152990.14	ADGRA3	body	1.39405	0.191931	7.26328	1.1828e-12	126	TxWk	Tx	False
NC_000013.11:26171978	chr13	26171978	ENSG00000127870.17	RNF6	up	1.04511	0.242272	4.3138	1.87724e-05	181	Quies	Quies	False
NC_000013.11:26171978	chr13	26171978	ENSG00000127870.17	RNF6	dn	1.04511	0.242272	4.3138	1.87724e-05	181	Quies	Quies	False
NC_000013.11:26171978	chr13	26171978	ENSG00000127870.17	RNF6	body	1.04511	0.242272	4.3138	1.87724e-05	181	Quies	Quies	False
NC_000006.12:122275095	chr6	122275095	ENSG00000025156.13	HSF2	up	1.28451	0.311064	4.12941	4.15468e-05	107	Quies	Quies	False
NC_000003.12:41289031	chr3	41289031	ENSG00000168036.19	CTNNB1	dn	0.949036	0.192849	4.92114	1.11402e-06	76	Quies	Quies	False
NC_000005.10:103039268	chr5	103039268	ENSG00000145723.17	GIN1	up	1.40156	0.31267	4.48256	8.84142e-06	82	Quies	Quies	False
NC_000005.10:103039268	chr5	103039268	ENSG00000145723.17	GIN1	dn	1.5396	0.34172	4.50542	7.96899e-06	74	Quies	Quies	False
NC_000005.10:103039268	chr5	103039268	ENSG00000145723.17	GIN1	body	1.5396	0.34172	4.50542	7.96899e-06	74	Quies	Quies	False
NC_000012.12:48542425	chr12	48542425	ENSG00000284723.2	OR8S1	up	0.829234	0.143451	5.78059	1.19933e-08	244	Quies	Quies	False
NC_000021.9:27819810	chr21	27819810	ENSG00000154736.6	ADAMTS5	up	2.17874	0.500292	4.35494	1.56604e-05	42	Het	Het-ZNF	False
NC_000010.11:79957492	chr10	79957492	ENSG00000133661.17	SFTPD	up	1.22999	0.288649	4.26118	2.36208e-05	114	Quies	Quies	False
NC_000010.11:79957492	chr10	79957492	ENSG00000133661.17	SFTPD	body	1.67324	0.343056	4.87745	1.37949e-06	75	Quies	Quies	False
NC_000005.10:179109578	chr5	179109578	ENSG00000177932.7	ZNF354C	dn	-0.896281	0.165345	-5.42066	8.62427e-08	318	Het	Het-ZNF	False
NC_000005.10:109968944	chr5	109968944	ENSG00000112893.10	MAN2A1	dn	-1.1059	0.220846	-5.00755	7.26479e-07	72	Quies	Quies	False
NC_000011.10:8489832	chr11	8489832	ENSG00000130413.16	STK33	body	0.488076	0.109726	4.44812	1.03306e-05	226	Het	Het-ZNF	False
NC_000006.12:157284634	chr6	157284634	ENSG00000215712.11	TMEM242	up	-0.408738	0.0930337	-4.39344	1.3199e-05	359	TxWk	Tx	False
NC_000006.12:139001615	chr6	139001615	ENSG00000135597.19	REPS1	dn	2.6347	0.622493	4.2325	2.67443e-05	32	Quies	Quies	False
NC_000010.11:113476267	chr10	113476267	ENSG00000148702.15	HABP2	up	0.777243	0.175157	4.43742	1.08405e-05	295	EnhWk	Enh	False
NC_000001.11:2670960	chr1	2670960	ENSG00000142606.16	MMEL1	up	-0.448318	0.10633	-4.21628	2.8681e-05	162	Quies	Quies	False
NC_000001.11:2670960	chr1	2670960	ENSG00000142606.16	MMEL1	dn	-0.240277	0.0501413	-4.79199	2.08568e-06	280	Quies	Quies	False
NC_000001.11:2670960	chr1	2670960	ENSG00000142606.16	MMEL1	body	-0.448318	0.10633	-4.21628	2.8681e-05	162	Quies	Quies	False
NC_000010.11:35708049	chr10	35708049	ENSG00000177283.8	FZD8	dn	-0.669073	0.16742	-3.99638	7.23503e-05	136	ReprPCWk	Repr	False
NC_000012.12:48542545	chr12	48542545	ENSG00000284723.2	OR8S1	up	0.868083	0.159288	5.44977	7.38158e-08	244	Quies	Quies	False
NC_000011.10:74890930	chr11	74890930	ENSG00000166435.17	XRRA1	dn	-1.51849	0.364451	-4.16651	3.54935e-05	60	Quies	Quies	False
NC_000011.10:74890930	chr11	74890930	ENSG00000166435.17	XRRA1	body	-1.51213	0.361725	-4.18034	3.34598e-05	61	Quies	Quies	False
NC_000001.11:94390851	chr1	94390851	ENSG00000117528.14	ABCD3	up	-1.90012	0.341055	-5.57131	3.82632e-08	92	Quies	Quies	False
NC_000001.11:2678588	chr1	2678588	ENSG00000142606.16	MMEL1	up	-0.381394	0.0921366	-4.13944	3.9819e-05	162	Het	Het-ZNF	False
NC_000001.11:2678588	chr1	2678588	ENSG00000142606.16	MMEL1	dn	-0.207713	0.0434285	-4.78286	2.179e-06	280	Het	Het-ZNF	False
NC_000001.11:2678588	chr1	2678588	ENSG00000142606.16	MMEL1	body	-0.381394	0.0921366	-4.13944	3.9819e-05	162	Het	Het-ZNF	False
NC_000019.10:36296150	chr19	36296150	ENSG00000196357.12	ZNF565	up	-0.620057	0.124569	-4.97761	8.43056e-07	119	Quies	Quies	False
NC_000017.11:15485299	chr17	15485299	ENSG00000239704.12	CDRT4	enh	1.27902	0.290647	4.40061	1.2784e-05	203	TxWk	Tx	False
NC_000013.11:99108361	chr13	99108361	ENSG00000088387.22	DOCK9	up	-1.8931	0.465306	-4.06851	5.36607e-05	69	ReprPCWk	Repr	False
NC_000012.12:112609219	chr12	112609219	ENSG00000089169.15	RPH3A	enh	3.68319	0.832105	4.42635	1.1393e-05	8	ReprPCWk	Repr	False
NC_000006.12:169502791	chr6	169502791	ENSG00000285733.1	ENSG00000285733	dn	0.642587	0.14457	4.4448	1.04863e-05	324	ZNF/Rpts	Het-ZNF	False
NC_000002.12:117871974	chr2	117871974	ENSG00000088205.13	DDX18	dn	0.77943	0.190721	4.08675	4.97194e-05	198	Quies	Quies	False
NC_000001.11:2661306	chr1	2661306	ENSG00000142606.16	MMEL1	up	-0.411357	0.101791	-4.04119	6.01234e-05	162	Quies	Quies	False
NC_000001.11:2661306	chr1	2661306	ENSG00000142606.16	MMEL1	dn	-0.199208	0.0481723	-4.13533	4.0518e-05	280	Quies	Quies	False
NC_000001.11:2661306	chr1	2661306	ENSG00000142606.16	MMEL1	body	-0.411357	0.101791	-4.04119	6.01234e-05	162	Quies	Quies	False
NC_000009.12:94592636	chr9	94592636	ENSG00000130957.5	FBP2	dn	-1.28214	0.316883	-4.04609	5.89135e-05	85	ReprPCWk	Repr	False
NC_000006.12:159231720	chr6	159231720	ENSG00000164694.17	FNDC1	body	-0.683566	0.161356	-4.2364	2.62978e-05	237	ReprPCWk	Repr	False
NC_000001.11:152219685	chr1	152219685	ENSG00000197915.7	HRNR	dn	-0.875995	0.210951	-4.1526	3.7657e-05	121	ZNF/Rpts	Het-ZNF	True
NC_000020.11:41495084	chr20	41495084	ENSG00000124177.16	CHD6	up	1.33783	0.287063	4.66039	3.89393e-06	69	TxWk	Tx	False
NC_000001.11:153129814	chr1	153129814	ENSG00000244094.2	SPRR2F	dn	1.34146	0.260375	5.15205	3.50427e-07	96	Quies	Quies	False
NC_000006.12:87533288	chr6	87533288	ENSG00000146282.19	RARS2	up	-6.14197	0.622958	-9.85936	2.38676e-21	75	TxWk	Tx	False
NC_000006.12:87533288	chr6	87533288	ENSG00000146282.19	RARS2	dn	-6.49858	0.621555	-10.4554	1.30158e-23	74	TxWk	Tx	False
NC_000006.12:87533288	chr6	87533288	ENSG00000146282.19	RARS2	body	-6.45695	0.627159	-10.2956	5.37348e-23	73	TxWk	Tx	False
NC_000018.10:79726686	chr18	79726686	ENSG00000060069.18	CTDP1	body	-0.296838	0.0678001	-4.37814	1.41292e-05	356	TxWk	Tx	False
NC_000009.12:113081514	chr9	113081514	ENSG00000136866.14	ZFP37	dn	0.786353	0.0966208	8.13854	2.32809e-15	507	Quies	Quies	False
NC_000009.12:113081516	chr9	113081516	ENSG00000136866.14	ZFP37	dn	0.593954	0.098429	6.03434	2.79999e-09	507	Quies	Quies	False
NC_000001.11:121745969	chr1	121745969	ENSG00000188610.12	FAM72B	dn	1.33912	0.271456	4.9331	1.05038e-06	45	NA	NA	False
NC_000009.12:113065605	chr9	113065605	ENSG00000136866.14	ZFP37	dn	0.608996	0.109506	5.5613	4.04084e-08	507	Quies	Quies	False
NC_000009.12:113065609	chr9	113065609	ENSG00000136866.14	ZFP37	dn	0.627922	0.108365	5.79454	1.10869e-08	507	Quies	Quies	False
NC_000001.11:121117621	chr1	121117621	ENSG00000171943.12	SRGAP2C	up	2.7485	0.609894	4.50652	7.92947e-06	35	NA	NA	False
NC_000001.11:121117621	chr1	121117621	ENSG00000171943.12	SRGAP2C	body	1.85913	0.369317	5.03398	6.36624e-07	57	NA	NA	False
NC_000020.11:31054041	chr20	31054041	ENSG00000215547.1	DEFB115	up	-0.149166	0.0208796	-7.14411	2.64434e-12	170	NA	NA	False
NC_000003.12:10662426	chr3	10662426	ENSG00000157087.20	ATP2B2	up	1.04678	0.253616	4.12741	4.18992e-05	112	ReprPCWk	Repr	False
NC_000005.10:168015975	chr5	168015975	ENSG00000113645.15	WWC1	enh	1.09145	0.254397	4.29035	2.08024e-05	142	Quies	Quies	False
NC_000005.10:66665097	chr5	66665097	ENSG00000069020.19	MAST4	up	-0.794334	0.193491	-4.10527	4.59991e-05	222	Quies	Quies	False
NC_000004.12:119360926	chr4	119360926	ENSG00000145384.4	FABP2	dn	0.33338	0.0771929	4.31879	1.83662e-05	201	Quies	Quies	False
NC_000014.9:20705085	chr14	20705085	ENSG00000259171.1	ENSG00000259171	enh	-1.57229	0.388415	-4.04797	5.84532e-05	23	Quies	Quies	False
NC_000004.12:120906648	chr4	120906648	ENSG00000138738.11	PRDM5	up	-1.82768	0.407117	-4.48932	8.57462e-06	83	Quies	Quies	False
NC_000004.12:120906648	chr4	120906648	ENSG00000138738.11	PRDM5	body	-1.7179	0.403584	-4.2566	2.40946e-05	85	Quies	Quies	False
NC_000001.11:183149041	chr1	183149041	ENSG00000058085.15	LAMC2	up	0.903534	0.204676	4.41447	1.2016e-05	251	EnhA2	Enh	False
NC_000009.12:113081753	chr9	113081753	ENSG00000136866.14	ZFP37	dn	1.19295	0.114795	10.392	2.28754e-23	507	Quies	Quies	False
NC_000008.11:109185882	chr8	109185882	ENSG00000174417.3	TRHR	up	0.563257	0.135016	4.17179	3.47041e-05	107	Quies	Quies	False
NC_000008.11:66366523	chr8	66366523	ENSG00000179041.4	RRS1	up	-0.65147	0.156759	-4.15587	3.71378e-05	186	Quies	Quies	False
NC_000009.12:138175266	chr9	138175266	ENSG00000148408.15	CACNA1B	prom	-2.87367	0.534224	-5.37915	1.07529e-07	58	Quies	Quies	False
NC_000018.10:14542767	chr18	14542767	ENSG00000183206.18	POTEC	dn	-1.51622	0.359703	-4.21519	2.88158e-05	116	Het	Het-ZNF	False
NC_000012.12:47237611	chr12	47237611	ENSG00000139211.7	AMIGO2	dn	1.14883	0.274285	4.18845	3.23197e-05	53	TxWk	Tx	False
NC_000006.12:116608002	chr6	116608002	ENSG00000111834.13	RSPH4A	up	-0.697604	0.171002	-4.0795	5.12506e-05	326	Quies	Quies	False
NC_000009.12:113065961	chr9	113065961	ENSG00000136866.14	ZFP37	dn	0.784282	0.130998	5.98696	3.6884e-09	507	Quies	Quies	False
NC_000003.12:111268462	chr3	111268462	ENSG00000153283.13	CD96	up	2.46994	0.496791	4.97178	8.67778e-07	50	Quies	Quies	False
NC_000010.11:133759221	chr10	133759221	ENSG00000225899.8	FRG2B	dn	0.349189	0.0865604	4.03405	6.19318e-05	324	Quies	Quies	False
NC_000012.12:71272948	chr12	71272948	ENSG00000139292.13	LGR5	up	0.576726	0.125873	4.58183	5.6129e-06	238	Quies	Quies	False
NC_000001.11:726647	chr1	726647	ENSG00000284662.2	OR4F16	up	-0.619172	0.153205	-4.04146	6.00553e-05	288	Quies	Quies	False
NC_000002.12:3538206	chr2	3538206	ENSG00000182551.14	ADI1	dn	-0.724252	0.177428	-4.08194	5.07297e-05	366	TxWk	Tx	False
NC_000010.11:46882371	chr10	46882371	ENSG00000204179.11	PTPN20	up	1.25215	0.121531	10.3031	5.0272500000000003e-23	219	NA	NA	False
NC_000002.12:217462834	chr2	217462834	ENSG00000079308.21	TNS1	dn	0.50157	0.125534	3.9955	7.26134e-05	396	Quies	Quies	False
NC_000002.12:217462834	chr2	217462834	ENSG00000079308.21	TNS1	body	0.50157	0.125534	3.9955	7.26134e-05	396	Quies	Quies	False
NC_000006.12:75347697	chr6	75347697	ENSG00000112697.17	TMEM30A	dn	-2.52658	0.457153	-5.52678	4.87465e-08	87	TxWk	Tx	False
NC_000017.11:21853139	chr17	21853139	ENSG00000260458.3	KCNJ18	dn	-0.895283	0.224182	-3.99356	7.31944e-05	39	NA	NA	False
NC_000010.11:95016705	chr10	95016705	ENSG00000138115.15	CYP2C8	up	-1.34003	0.273219	-4.9046	1.20815e-06	48	Quies	Quies	False
NC_000008.11:25203971	chr8	25203971	ENSG00000147459.18	DOCK5	body	-0.91364	0.186548	-4.89761	1.25017e-06	304	TxWk	Tx	False
NC_000009.12:74940738	chr9	74940738	ENSG00000135045.7	C9orf40	dn	1.51307	0.35784	4.22835	2.72278e-05	117	Quies	Quies	False
NC_000010.11:46887475	chr10	46887475	ENSG00000204179.11	PTPN20	up	0.791829	0.160119	4.94524	9.89414e-07	219	NA	NA	False
NC_000006.12:90593618	chr6	90593618	ENSG00000135341.19	MAP3K7	up	0.816652	0.196657	4.15268	3.76447e-05	138	Quies	Quies	False
NC_000006.12:90593618	chr6	90593618	ENSG00000135341.19	MAP3K7	dn	0.816652	0.196657	4.15268	3.76447e-05	138	Quies	Quies	False
NC_000006.12:90593618	chr6	90593618	ENSG00000135341.19	MAP3K7	body	0.816652	0.196657	4.15268	3.76447e-05	138	Quies	Quies	False
NC_000011.10:56536066	chr11	56536066	ENSG00000255223.5	OR5M11	up	0.730287	0.175638	4.15792	3.68148e-05	286	Het	Het-ZNF	False
NC_000009.12:113082802	chr9	113082802	ENSG00000136866.14	ZFP37	dn	0.487335	0.102592	4.75023	2.54669e-06	507	Quies	Quies	False
NC_000001.11:56354337	chr1	56354337	ENSG00000284686.1	ENSG00000284686	body	-1.4703	0.365007	-4.02814	6.34649e-05	116	Quies	Quies	False
NC_000003.12:133875270	chr3	133875270	ENSG00000154917.11	RAB6B	up	-1.4144	0.279183	-5.06622	5.41469e-07	116	ReprPCWk	Repr	False
NC_000003.12:133875270	chr3	133875270	ENSG00000154917.11	RAB6B	dn	-1.4144	0.279183	-5.06622	5.41469e-07	116	ReprPCWk	Repr	False
NC_000003.12:133875270	chr3	133875270	ENSG00000154917.11	RAB6B	body	-1.4144	0.279183	-5.06622	5.41469e-07	116	ReprPCWk	Repr	False
NC_000010.11:49242685	chr10	49242685	ENSG00000204161.15	TMEM273	dn	1.71368	0.295402	5.80118	1.06786e-08	117	EnhWk	Enh	False
NC_000005.10:842339	chr5	842339	ENSG00000188818.13	ZDHHC11	up	-0.292107	0.0688086	-4.24522	2.53136e-05	475	ReprPCWk	Repr	False
NC_000005.10:842339	chr5	842339	ENSG00000188818.13	ZDHHC11	dn	-0.289799	0.0688878	-4.20682	2.9871e-05	474	ReprPCWk	Repr	False
NC_000005.10:842339	chr5	842339	ENSG00000188818.13	ZDHHC11	body	-0.2918	0.0689685	-4.23092	2.69273e-05	474	ReprPCWk	Repr	False
NC_000009.12:113078846	chr9	113078846	ENSG00000136866.14	ZFP37	dn	0.450241	0.107748	4.17865	3.37029e-05	507	Quies	Quies	False
NC_000006.12:169556034	chr6	169556034	ENSG00000285733.1	ENSG00000285733	dn	1.19835	0.186157	6.43731	2.49715e-10	324	Quies	Quies	False
NC_000008.11:135626618	chr8	135626618	ENSG00000131773.15	KHDRBS3	body	-0.601298	0.119786	-5.01975	6.83576e-07	394	Quies	Quies	False
NC_000004.12:125317535	chr4	125317535	ENSG00000196159.14	FAT4	dn	1.02867	0.25441	4.04337	5.95823e-05	228	TssBiv	Biv	False
NC_000022.11:47424842	chr22	47424842	ENSG00000054611.14	TBC1D22A	enh	-3.2679	0.739523	-4.41893	1.17784e-05	15	ZNF/Rpts	Het-ZNF	False
NC_000004.12:126196	chr4	126196	ENSG00000250312.8	ZNF718	body	0.580197	0.129432	4.48266	8.83764e-06	383	EnhWk	Enh	False
NC_000022.11:49762853	chr22	49762853	ENSG00000100425.19	BRD1	up	-1.36599	0.300222	-4.54995	6.50087e-06	67	Quies	Quies	False
NC_000022.11:49762853	chr22	49762853	ENSG00000100425.19	BRD1	enh	-2.92035	0.587661	-4.96944	8.77877e-07	43	Quies	Quies	False
NC_000008.11:135626734	chr8	135626734	ENSG00000131773.15	KHDRBS3	body	-0.95835	0.140799	-6.8065	2.4362e-11	394	Quies	Quies	False
NC_000001.11:2672085	chr1	2672085	ENSG00000142606.16	MMEL1	up	-0.60652	0.0906647	-6.68971	5.14599e-11	162	Quies	Quies	False
NC_000001.11:2672085	chr1	2672085	ENSG00000142606.16	MMEL1	dn	-0.310986	0.0426558	-7.2906	9.82087e-13	280	Quies	Quies	False
NC_000001.11:2672085	chr1	2672085	ENSG00000142606.16	MMEL1	body	-0.60652	0.0906647	-6.68971	5.14599e-11	162	Quies	Quies	False
NC_000001.11:153000840	chr1	153000840	ENSG00000163209.15	SPRR3	dn	0.713322	0.164403	4.33886	1.68131e-05	125	Quies	Quies	False
NC_000004.12:123003202	chr4	123003202	ENSG00000145375.9	AFG2A	up	1.19398	0.277944	4.29575	2.03172e-05	143	Quies	Quies	False
NC_000002.12:237655916	chr2	237655916	ENSG00000124831.20	LRRFIP1	body	0.691597	0.168313	4.109	4.52821e-05	240	Quies	Quies	False
NC_000009.12:113376216	chr9	113376216	ENSG00000119431.10	HDHD3	up	1.43516	0.321167	4.46857	9.41983e-06	247	TssFlnkD	Prom	False
NC_000009.12:113376216	chr9	113376216	ENSG00000119431.10	HDHD3	dn	0.759439	0.180534	4.20662	2.98973e-05	304	TssFlnkD	Prom	False
NC_000009.12:113376216	chr9	113376216	ENSG00000119431.10	HDHD3	body	1.5021	0.341761	4.39516	1.30984e-05	241	TssFlnkD	Prom	False
NC_000009.12:113376216	chr9	113376216	ENSG00000119431.10	HDHD3	prom	1.5021	0.341761	4.39516	1.30984e-05	241	TssFlnkD	Prom	False
NC_000019.10:36297459	chr19	36297459	ENSG00000196357.12	ZNF565	up	-0.48121	0.109485	-4.39522	1.30947e-05	119	Quies	Quies	False
NC_000019.10:36297459	chr19	36297459	ENSG00000196357.12	ZNF565	body	-0.981656	0.237981	-4.12493	4.23405e-05	62	Quies	Quies	False
NC_000005.10:73771312	chr5	73771312	ENSG00000214944.10	ARHGEF28	dn	-1.09368	0.26062	-4.19647	3.12277e-05	107	Quies	Quies	False
NC_000008.11:22921969	chr8	22921969	ENSG00000008853.18	RHOBTB2	up	-1.89894	0.309735	-6.13084	1.58826e-09	116	EnhA1	Enh	False
NC_000008.11:22921969	chr8	22921969	ENSG00000008853.18	RHOBTB2	enh	-1.89894	0.309735	-6.13084	1.58826e-09	116	EnhA1	Enh	False
NC_000011.10:130529629	chr11	130529629	ENSG00000166106.4	ADAMTS15	dn	0.779704	0.18518	4.21051	2.94015e-05	344	ReprPCWk	Repr	False
NC_000003.12:149253014	chr3	149253014	ENSG00000047457.14	CP	enh	-5.52563	1.21225	-4.55815	6.26041e-06	10	Quies	Quies	False
NC_000015.10:27826751	chr15	27826751	ENSG00000104044.16	OCA2	dn	0.889002	0.202115	4.3985	1.29046e-05	198	ZNF/Rpts	Het-ZNF	False
NC_000015.10:27826751	chr15	27826751	ENSG00000104044.16	OCA2	body	0.312899	0.0708813	4.4144	1.20194e-05	374	ZNF/Rpts	Het-ZNF	False
NC_000007.14:158926025	chr7	158926025	ENSG00000126870.16	DYNC2I1	prom	-0.600032	0.139561	-4.29944	1.99921e-05	409	TxWk	Tx	False
NC_000011.10:126803156	chr11	126803156	ENSG00000149571.12	KIRREL3	body	-0.714491	0.163606	-4.36714	1.48364e-05	212	Quies	Quies	False
NC_000011.10:123322912	chr11	123322912	ENSG00000023171.20	GRAMD1B	up	-1.10872	0.262406	-4.22523	2.75966e-05	273	Quies	Quies	False
NC_000011.10:123322912	chr11	123322912	ENSG00000023171.20	GRAMD1B	prom	-2.52468	0.337617	-7.47793	2.70305e-13	166	Quies	Quies	False
NC_000011.10:113268833	chr11	113268833	ENSG00000149292.17	TTC12	prom	8.4353	1.83145	4.6058	5.02325e-06	3	ReprPCWk	Repr	False
NC_000001.11:121117516	chr1	121117516	ENSG00000171943.12	SRGAP2C	up	2.71961	0.620724	4.38135	1.39294e-05	35	NA	NA	False
NC_000001.11:121117516	chr1	121117516	ENSG00000171943.12	SRGAP2C	body	1.80078	0.376273	4.78582	2.14829e-06	57	NA	NA	False
NC_000015.10:25134299	chr15	25134299	ENSG00000214265.11	ENSG00000214265	up	0.574061	0.142154	4.03831	6.08463e-05	315	Het	Het-ZNF	False
NC_000003.12:125990564	chr3	125990564	ENSG00000114547.10	ROPN1B	dn	-2.85435	0.340849	-8.37425	3.9585e-16	248	TssBiv	Biv	False
NC_000010.11:113493110	chr10	113493110	ENSG00000148702.15	HABP2	up	-0.514943	0.114599	-4.49345	8.41527e-06	295	TxWk	Tx	False
NC_000001.11:233206452	chr1	233206452	ENSG00000135749.20	PCNX2	up	-1.74402	0.289439	-6.02552	2.94765e-09	235	Quies	Quies	False
NC_000001.11:233206452	chr1	233206452	ENSG00000135749.20	PCNX2	body	-1.74402	0.289439	-6.02552	2.94765e-09	235	Quies	Quies	False
NC_000009.12:113065618	chr9	113065618	ENSG00000136866.14	ZFP37	dn	0.47519	0.102556	4.63349	4.41606e-06	507	Quies	Quies	False
NC_000001.11:121647847	chr1	121647847	ENSG00000188610.12	FAM72B	up	1.29349	0.250825	5.15695	3.41759e-07	35	Quies	Quies	False
NC_000016.10:84134589	chr16	84134589	ENSG00000103160.12	HSDL1	up	-0.854404	0.196552	-4.34696	1.62226e-05	299	TxWk	Tx	False
NC_000014.9:51197500	chr14	51197500	ENSG00000139921.13	TMX1	up	0.890099	0.190833	4.66429	3.82341e-06	200	Quies	Quies	False
NC_000007.14:141784681	chr7	141784681	ENSG00000127366.5	TAS2R5	dn	1.9154	0.412288	4.64577	4.16987e-06	50	TxWk	Tx	False
NC_000014.9:70437037	chr14	70437037	ENSG00000139985.8	ADAM21	up	1.03948	0.250656	4.14703	3.8558e-05	225	ZNF/Rpts	Het-ZNF	False
NC_000009.12:113081764	chr9	113081764	ENSG00000136866.14	ZFP37	dn	0.982631	0.121612	8.08002	3.59269e-15	507	Quies	Quies	False
NC_000009.12:113081767	chr9	113081767	ENSG00000136866.14	ZFP37	dn	1.06925	0.129921	8.22998	1.17626e-15	507	Quies	Quies	False
NC_000014.9:56139445	chr14	56139445	ENSG00000139946.11	PELI2	body	-1.19276	0.253066	-4.71323	3.03592e-06	136	Quies	Quies	False
NC_000005.10:841175	chr5	841175	ENSG00000188818.13	ZDHHC11	up	-0.322911	0.0734883	-4.39405	1.31633e-05	475	ReprPCWk	Repr	False
NC_000005.10:841175	chr5	841175	ENSG00000188818.13	ZDHHC11	dn	-0.327786	0.0735196	-4.45849	9.85889e-06	474	ReprPCWk	Repr	False
NC_000005.10:841175	chr5	841175	ENSG00000188818.13	ZDHHC11	body	-0.328262	0.0736175	-4.45901	9.8355e-06	474	ReprPCWk	Repr	False
NC_000009.12:113065853	chr9	113065853	ENSG00000136866.14	ZFP37	dn	0.745011	0.140433	5.3051	1.58809e-07	507	Quies	Quies	False
NC_000012.12:131143439	chr12	131143439	ENSG00000111452.13	ADGRD1	dn	-1.2527	0.291234	-4.30134	1.98263e-05	112	Quies	Quies	False
NC_000015.10:51172403	chr15	51172403	ENSG00000183578.8	TNFAIP8L3	dn	1.31861	0.329374	4.00339	7.0293e-05	134	Quies	Quies	False
NC_000007.14:65186087	chr7	65186087	ENSG00000213462.5	ERV3-1	up	1.02509	0.248657	4.1225	4.27762e-05	146	Quies	Quies	False
NC_000009.12:113081887	chr9	113081887	ENSG00000136866.14	ZFP37	dn	0.602186	0.0936552	6.42982	2.61504e-10	507	Quies	Quies	False
NC_000021.9:44059022	chr21	44059022	ENSG00000160218.13	TRAPPC10	body	-1.05788	0.198132	-5.33927	1.32734e-07	70	Tx	Tx	False
NC_000021.9:44059022	chr21	44059022	ENSG00000160218.13	TRAPPC10	enh	-1.4279	0.313738	-4.55125	6.46206e-06	57	Tx	Tx	True
NC_000020.11:31188408	chr20	31188408	ENSG00000215547.1	DEFB115	up	0.248074	0.056977	4.35394	1.57297e-05	170	NA	NA	False
NC_000004.12:181242173	chr4	181242173	ENSG00000218336.9	TENM3	enh	3.39009	0.847542	3.99991	7.13088e-05	15	Het	Het-ZNF	False
NC_000008.11:650326	chr8	650326	ENSG00000198010.13	DLGAP2	up	-0.378829	0.0760023	-4.98444	8.1497e-07	535	EnhWk	Enh	False
NC_000008.11:650326	chr8	650326	ENSG00000198010.13	DLGAP2	enh	-1.61394	0.249144	-6.47793	1.94318e-10	164	EnhWk	Enh	False
NC_000002.12:74934241	chr2	74934241	ENSG00000115350.12	POLE4	dn	-1.44502	0.302152	-4.78244	2.18341e-06	109	Quies	Quies	False
NC_000019.10:21569887	chr19	21569887	ENSG00000197013.11	ZNF429	dn	0.23052	0.0558984	4.12391	4.25238e-05	204	ZNF/Rpts	Het-ZNF	False
NC_000004.12:77308037	chr4	77308037	ENSG00000138764.15	CCNG2	body	-0.42434	0.0968687	-4.38057	1.39778e-05	441	Quies	Quies	False
NC_000019.10:21555360	chr19	21555360	ENSG00000197013.11	ZNF429	dn	-0.329743	0.0687239	-4.79809	2.02548e-06	204	ZNF/Rpts	Het-ZNF	False
NC_000004.12:119438721	chr4	119438721	ENSG00000145384.4	FABP2	dn	0.651434	0.0947842	6.87281	1.58594e-11	201	TxWk	Tx	False
NC_000002.12:85875878	chr2	85875878	ENSG00000115525.18	ST3GAL5	enh	-5.60725	1.39635	-4.01564	6.68303e-05	3	TssFlnk	Prom	False
NC_000010.11:38792584	chr10	38792584	ENSG00000283930.1	PLD5P1	up	-1.16685	0.228962	-5.09624	4.65356e-07	122	ZNF/Rpts	Het-ZNF	False
NC_000010.11:38792584	chr10	38792584	ENSG00000283930.1	PLD5P1	dn	-0.660052	0.126162	-5.23178	2.32591e-07	224	ZNF/Rpts	Het-ZNF	False
NC_000010.11:38792584	chr10	38792584	ENSG00000283930.1	PLD5P1	body	-0.7862	0.150102	-5.23777	2.25497e-07	190	ZNF/Rpts	Het-ZNF	False
NC_000007.14:152037365	chr7	152037365	ENSG00000178234.13	GALNT11	up	-0.958521	0.230771	-4.15356	3.75046e-05	394	Het	Het-ZNF	False
NC_000020.11:5321577	chr20	5321577	ENSG00000101292.8	PROKR2	up	0.52743	0.111631	4.72475	2.87472e-06	288	ReprPCWk	Repr	False
NC_000009.12:21270018	chr9	21270018	ENSG00000228083.3	IFNA14	dn	-1.40614	0.352504	-3.98899	7.45798e-05	124	Quies	Quies	False
NC_000006.12:169564299	chr6	169564299	ENSG00000285733.1	ENSG00000285733	dn	0.877492	0.207099	4.23707	2.6221e-05	324	Quies	Quies	False
NC_000005.10:115658489	chr5	115658489	ENSG00000134970.14	TMED7	dn	0.668921	0.16014	4.1771	3.39262e-05	145	Quies	Quies	False
NC_000001.11:210001563	chr1	210001563	ENSG00000143469.21	SYT14	up	-0.787885	0.170938	-4.6092	4.94463e-06	302	Quies	Quies	False
NC_000002.12:42785475	chr2	42785475	ENSG00000162882.15	HAAO	enh	2.49077	0.570961	4.36242	1.51501e-05	29	EnhWk	Enh	False
NC_000009.12:138176443	chr9	138176443	ENSG00000148408.15	CACNA1B	prom	-2.07605	0.384758	-5.39573	9.84782e-08	58	Quies	Quies	False
NC_000002.12:156128360	chr2	156128360	ENSG00000153234.16	NR4A2	up	-1.77973	0.441984	-4.02668	6.38509e-05	54	Quies	Quies	False
NC_000006.12:157285702	chr6	157285702	ENSG00000215712.11	TMEM242	up	-0.332892	0.0690301	-4.82242	1.80145e-06	359	TxWk	Tx	False
NC_000011.10:122564156	chr11	122564156	ENSG00000154127.10	UBASH3B	up	1.08711	0.248204	4.37992	1.40178e-05	152	Quies	Quies	False
NC_000001.11:223021815	chr1	223021815	ENSG00000187554.15	TLR5	enh	4.83654	1.02436	4.72154	2.91873e-06	8	ReprPCWk	Repr	False
NC_000003.12:117588007	chr3	117588007	ENSG00000185565.13	LSAMP	body	0.465418	0.113918	4.08555	4.99683e-05	518	Quies	Quies	False
NC_000001.11:2673383	chr1	2673383	ENSG00000142606.16	MMEL1	up	-0.383182	0.0795796	-4.81508	1.8664e-06	162	Quies	Quies	False
NC_000001.11:2673383	chr1	2673383	ENSG00000142606.16	MMEL1	dn	-0.191915	0.0375976	-5.10444	4.46436e-07	280	Quies	Quies	False
NC_000001.11:2673383	chr1	2673383	ENSG00000142606.16	MMEL1	body	-0.383182	0.0795796	-4.81508	1.8664e-06	162	Quies	Quies	False
NC_000008.11:123642369	chr8	123642369	ENSG00000175946.9	KLHL38	up	-0.870238	0.210756	-4.12913	4.15962e-05	259	Quies	Quies	False
NC_000022.11:35252583	chr22	35252583	ENSG00000100281.14	HMGXB4	up	0.597762	0.124425	4.80421	1.96666e-06	183	Quies	Quies	False
NC_000022.11:18996572	chr22	18996572	ENSG00000286025.2	FAM246C	up	2.08518	0.338209	6.16537	1.29427e-09	143	ReprPCWk	Repr	False
NC_000006.12:408689	chr6	408689	ENSG00000137265.16	IRF4	dn	0.602122	0.133075	4.52468	7.29858e-06	382	ReprPCWk	Repr	False
NC_000011.10:48650190	chr11	48650190	ENSG00000237388.3	OR4A47	dn	0.935612	0.233633	4.00463	6.99356e-05	130	ZNF/Rpts	Het-ZNF	False
NC_000006.12:160626110	chr6	160626110	ENSG00000198670.13	LPA	dn	-0.357614	0.0799013	-4.47569	9.12098e-06	132	Quies	Quies	False
NC_000010.11:47332713	chr10	47332713	ENSG00000263761.3	GDF2	dn	-0.928608	0.232058	-4.00162	7.08081e-05	244	Quies	Quies	False
NC_000012.12:112553629	chr12	112553629	ENSG00000089169.15	RPH3A	enh	4.53724	1.03579	4.38046	1.39844e-05	8	Quies	Quies	False
NC_000004.12:82482261	chr4	82482261	ENSG00000145293.17	ENOPH1	dn	-1.48237	0.273778	-5.41451	8.91157e-08	170	Quies	Quies	False
NC_000017.11:21674672	chr17	21674672	ENSG00000260458.3	KCNJ18	dn	3.94364	0.634091	6.21935	9.38045e-10	39	NA	NA	False
NC_000001.11:2670740	chr1	2670740	ENSG00000142606.16	MMEL1	up	-0.350206	0.0710817	-4.92682	1.08336e-06	162	Quies	Quies	False
NC_000001.11:2670740	chr1	2670740	ENSG00000142606.16	MMEL1	dn	-0.169433	0.0336303	-5.03811	6.23584e-07	280	Quies	Quies	False
NC_000001.11:2670740	chr1	2670740	ENSG00000142606.16	MMEL1	body	-0.350206	0.0710817	-4.92682	1.08336e-06	162	Quies	Quies	False
NC_000002.12:100476055	chr2	100476055	ENSG00000204640.1	NMS	up	2.02412	0.317962	6.36594	3.86782e-10	179	ReprPCWk	Repr	False
NC_000002.12:100476055	chr2	100476055	ENSG00000204640.1	NMS	dn	1.67008	0.348083	4.79795	2.0268e-06	139	ReprPCWk	Repr	False
NC_000011.10:101619371	chr11	101619371	ENSG00000137672.13	TRPC6	dn	0.837039	0.195606	4.27921	2.18387e-05	154	Quies	Quies	False
NC_000011.10:101619371	chr11	101619371	ENSG00000137672.13	TRPC6	body	0.602564	0.142921	4.21606	2.87087e-05	222	Quies	Quies	False
NC_000007.14:104217150	chr7	104217150	ENSG00000164815.11	ORC5	dn	1.40743	0.337361	4.17187	3.46917e-05	114	Quies	Quies	False
NC_000006.12:123602894	chr6	123602894	ENSG00000186439.16	TRDN	up	1.42783	0.333646	4.27949	2.1812e-05	199	Quies	Quies	False
NC_000011.10:27637584	chr11	27637584	ENSG00000176697.20	BDNF	up	-1.60243	0.343003	-4.67176	3.69171e-06	78	Het	Het-ZNF	False
NC_000010.11:121825550	chr10	121825550	ENSG00000107669.19	ATE1	up	1.19397	0.267578	4.46214	9.69762e-06	34	Quies	Quies	False
NC_000007.14:155775174	chr7	155775174	ENSG00000164690.8	SHH	up	1.47191	0.341921	4.30483	1.95257e-05	73	Tx	Tx	False
NC_000006.12:169531591	chr6	169531591	ENSG00000285733.1	ENSG00000285733	dn	0.451703	0.111117	4.06513	5.44226e-05	324	Quies	Quies	False
NC_000017.11:21673387	chr17	21673387	ENSG00000260458.3	KCNJ18	dn	4.77909	0.572582	8.34655	4.88453e-16	39	NA	NA	False
NC_000017.11:21750039	chr17	21750039	ENSG00000260458.3	KCNJ18	dn	-1.86918	0.375863	-4.97304	8.62381e-07	39	NA	NA	False
NC_000014.9:52248980	chr14	52248980	ENSG00000168229.4	PTGDR	up	1.2079	0.272765	4.42836	1.12908e-05	137	Quies	Quies	False
NC_000005.10:66693715	chr5	66693715	ENSG00000069020.19	MAST4	body	0.621487	0.133797	4.64499	4.18513e-06	262	Quies	Quies	False
NC_000003.12:14011597	chr3	14011597	ENSG00000163528.13	CHCHD4	dn	-1.39806	0.209283	-6.68024	5.46487e-11	225	Quies	Quies	False
NC_000005.10:35613868	chr5	35613868	ENSG00000152582.14	SPEF2	up	-1.11505	0.262245	-4.25193	2.45882e-05	88	Quies	Quies	False
NC_000014.9:18661497	chr14	18661497	ENSG00000257115.2	OR11H12	up	-2.43035	0.236892	-10.2593	7.39758e-23	71	Het	Het-ZNF	False
NC_000004.12:190120819	chr4	190120819	ENSG00000260596.5	DUX4	up	1.29467	0.316743	4.08745	4.95724e-05	32	ZNF/Rpts	Het-ZNF	False
NC_000006.12:169574415	chr6	169574415	ENSG00000285733.1	ENSG00000285733	dn	0.891381	0.142448	6.25759	7.45718e-10	324	Quies	Quies	False
NC_000003.12:126405576	chr3	126405576	ENSG00000163885.12	CFAP100	enh	2.42471	0.579545	4.18381	3.2967e-05	21	ReprPCWk	Repr	False
NC_000012.12:103899226	chr12	103899226	ENSG00000166598.16	HSP90B1	up	-1.74641	0.264513	-6.60236	8.9396e-11	142	ReprPCWk	Repr	False
NC_000001.11:193310691	chr1	193310691	ENSG00000162630.6	B3GALT2	dn	-0.694488	0.172333	-4.02992	6.29985e-05	117	Quies	Quies	False
NC_000011.10:5834178	chr11	5834178	ENSG00000205409.3	OR52E6	dn	0.815341	0.166477	4.89763	1.25007e-06	229	Quies	Quies	False
NC_000002.12:676222	chr2	676222	ENSG00000151353.15	TMEM18	body	0.810112	0.185635	4.364	1.50446e-05	345	EnhA1	Enh	False
NC_000002.12:74944726	chr2	74944726	ENSG00000115350.12	POLE4	dn	-2.0104	0.297104	-6.76667	3.14769e-11	109	Quies	Quies	False
NC_000008.11:66337889	chr8	66337889	ENSG00000179041.4	RRS1	up	-0.754542	0.159458	-4.73191	2.77868e-06	186	EnhA2	Enh	False
NC_000010.11:46901120	chr10	46901120	ENSG00000204179.11	PTPN20	up	0.413125	0.0820413	5.03557	6.31559e-07	219	NA	NA	False
NC_000002.12:26178655	chr2	26178655	ENSG00000157833.13	GAREM2	body	3.45295	0.493149	7.00184	6.81318e-12	68	ReprPCWk	Repr	False
NC_000002.12:26178655	chr2	26178655	ENSG00000157833.13	GAREM2	prom	3.45295	0.493149	7.00184	6.81318e-12	68	ReprPCWk	Repr	False
NC_000003.12:102236771	chr3	102236771	ENSG00000170044.9	ZPLD1	body	0.921018	0.227596	4.04672	5.87572e-05	183	Quies	Quies	False
NC_000004.12:112427848	chr4	112427848	ENSG00000178403.4	NEUROG2	up	-0.843094	0.209283	-4.02848	6.33755e-05	252	TxWk	Tx	False
NC_000007.14:65188559	chr7	65188559	ENSG00000213462.5	ERV3-1	up	1.19562	0.233114	5.12892	3.9427e-07	146	Quies	Quies	False
NC_000020.11:43103987	chr20	43103987	ENSG00000196090.14	PTPRT	up	-2.35924	0.431377	-5.4691	6.6548e-08	44	Het	Het-ZNF	False
NC_000009.12:113065509	chr9	113065509	ENSG00000136866.14	ZFP37	dn	1.03824	0.13732	7.56077	1.51533e-13	507	Quies	Quies	False
NC_000002.12:17847736	chr2	17847736	ENSG00000170745.12	KCNS3	body	0.242907	0.0591946	4.10353	4.63362e-05	528	Quies	Quies	False
NC_000008.11:66362971	chr8	66362971	ENSG00000179041.4	RRS1	up	-1.10814	0.211269	-5.24515	2.17037e-07	186	Quies	Quies	False
NC_000001.11:121117528	chr1	121117528	ENSG00000171943.12	SRGAP2C	up	2.65299	0.594051	4.46594	9.53266e-06	35	NA	NA	False
NC_000001.11:121117528	chr1	121117528	ENSG00000171943.12	SRGAP2C	body	1.53276	0.361768	4.23686	2.62448e-05	57	NA	NA	False
NC_000011.10:110611817	chr11	110611817	ENSG00000137727.13	ARHGAP20	up	1.50469	0.262482	5.73257	1.57011e-08	168	Quies	Quies	False
NC_000011.10:110611817	chr11	110611817	ENSG00000137727.13	ARHGAP20	dn	1.51225	0.264614	5.7149	1.73289e-08	167	Quies	Quies	False
NC_000011.10:110611817	chr11	110611817	ENSG00000137727.13	ARHGAP20	body	1.50469	0.262482	5.73257	1.57011e-08	168	Quies	Quies	False
NC_000002.12:14539549	chr2	14539549	ENSG00000162981.14	LRATD1	up	1.46194	0.347734	4.20419	3.02106e-05	33	Quies	Quies	False
NC_000002.12:74955256	chr2	74955256	ENSG00000115350.12	POLE4	dn	-1.96633	0.393027	-5.00303	7.43025e-07	109	Quies	Quies	False
NC_000002.12:119661198	chr2	119661198	ENSG00000144120.13	TMEM177	up	1.45831	0.32733	4.45517	1.00075e-05	45	ReprPCWk	Repr	False
NC_000006.12:169578101	chr6	169578101	ENSG00000285733.1	ENSG00000285733	dn	0.810732	0.175492	4.61975	4.70786e-06	324	Quies	Quies	False
NC_000020.11:30504803	chr20	30504803	ENSG00000215547.1	DEFB115	up	0.322179	0.0761153	4.23278	2.67121e-05	170	NA	NA	False
NC_000006.12:688491	chr6	688491	ENSG00000112685.14	EXOC2	up	0.579794	0.138243	4.19403	3.15565e-05	483	Tx	Tx	False
NC_000012.12:91324845	chr12	91324845	ENSG00000011465.18	DCN	enh	6.97929	1.67421	4.16872	3.51608e-05	4	Quies	Quies	False
NC_000002.12:158926732	chr2	158926732	ENSG00000115183.15	TANC1	up	2.51331	0.540673	4.64849	4.11722e-06	57	Quies	Quies	False
NC_000002.12:204365595	chr2	204365595	ENSG00000116117.20	PARD3B	body	0.531605	0.127905	4.15625	3.70782e-05	457	Quies	Quies	False
NC_000005.10:415254	chr5	415254	ENSG00000180104.16	EXOC3	dn	-0.311476	0.0548941	-5.67411	2.17387e-08	526	EnhA1	Enh	True
NC_000005.10:415254	chr5	415254	ENSG00000180104.16	EXOC3	body	-1.659	0.320913	-5.16963	3.20297e-07	139	EnhA1	Enh	False
NC_000005.10:415254	chr5	415254	ENSG00000180104.16	EXOC3	prom	-2.03053	0.366161	-5.54546	4.40472e-08	100	EnhA1	Enh	False
NC_000001.11:2661681	chr1	2661681	ENSG00000142606.16	MMEL1	dn	-0.273628	0.0632965	-4.32296	1.80327e-05	280	Quies	Quies	False
NC_000009.12:113081653	chr9	113081653	ENSG00000136866.14	ZFP37	dn	1.09636	0.150728	7.27377	1.10133e-12	507	Quies	Quies	False
NC_000003.12:111268248	chr3	111268248	ENSG00000153283.13	CD96	up	2.21755	0.514275	4.31199	1.89222e-05	50	Quies	Quies	False
NC_000005.10:270930	chr5	270930	ENSG00000249915.9	PDCD6	up	0.562825	0.125454	4.48629	8.69312e-06	236	TssFlnkU	Prom	False
NC_000005.10:270930	chr5	270930	ENSG00000249915.9	PDCD6	body	1.27434	0.290407	4.3881	1.35169e-05	68	TssFlnkU	Prom	False
NC_000009.12:113081779	chr9	113081779	ENSG00000136866.14	ZFP37	dn	0.831006	0.12403	6.70006	4.81809e-11	507	Quies	Quies	False
NC_000010.11:46883682	chr10	46883682	ENSG00000204179.11	PTPN20	up	0.739187	0.114979	6.42888	2.63017e-10	219	NA	NA	False
NC_000009.12:113065866	chr9	113065866	ENSG00000136866.14	ZFP37	dn	0.806843	0.164206	4.91361	1.15592e-06	507	Quies	Quies	False
NC_000013.11:24133939	chr13	24133939	ENSG00000182957.16	SPATA13	body	-0.646684	0.148911	-4.34275	1.65268e-05	181	EnhA1	Enh	False
NC_000006.12:86992449	chr6	86992449	ENSG00000168830.8	HTR1E	up	1.69042	0.396671	4.26151	2.35869e-05	80	Quies	Quies	False
NC_000010.11:122969993	chr10	122969993	ENSG00000179988.15	PSTK	body	1.00773	0.22008	4.57895	5.68799e-06	102	Quies	Quies	False
NC_000009.12:113081891	chr9	113081891	ENSG00000136866.14	ZFP37	dn	0.63187	0.0879696	7.18282	2.03854e-12	507	Quies	Quies	False
NC_000002.12:197912493	chr2	197912493	ENSG00000115896.17	PLCL1	body	0.407911	0.0804285	5.07171	5.26703e-07	278	Quies	Quies	False
NC_000010.11:133759244	chr10	133759244	ENSG00000225899.8	FRG2B	dn	0.296446	0.0660193	4.49029	8.53667e-06	324	Quies	Quies	False
NC_000010.11:124289002	chr10	124289002	ENSG00000065154.12	OAT	enh	3.77918	0.90804	4.16191	3.61963e-05	3	ReprPCWk	Repr	False
NC_000001.11:121645275	chr1	121645275	ENSG00000188610.12	FAM72B	up	1.82461	0.326066	5.59583	3.34621e-08	35	ZNF/Rpts	Het-ZNF	False
NC_000001.11:115326485	chr1	115326485	ENSG00000134259.6	NGF	up	1.32314	0.316409	4.18173	3.32623e-05	168	Quies	Quies	False
NC_000010.11:1660382	chr10	1660382	ENSG00000185736.16	ADARB2	up	0.504423	0.112464	4.48518	8.73702e-06	318	Het	Het-ZNF	False
NC_000009.12:1028575	chr9	1028575	ENSG00000173253.16	DMRT2	up	-0.736838	0.184241	-3.99931	7.14828e-05	220	Quies	Quies	False
NC_000018.10:76406330	chr18	76406330	ENSG00000101493.11	ZNF516	up	-1.99762	0.345445	-5.78275	1.18482e-08	105	ReprPCWk	Repr	False
NC_000018.10:76406330	chr18	76406330	ENSG00000101493.11	ZNF516	dn	-0.889808	0.213875	-4.16041	3.64266e-05	269	ReprPCWk	Repr	False
NC_000018.10:76406330	chr18	76406330	ENSG00000101493.11	ZNF516	body	-0.890784	0.207463	-4.29369	2.05008e-05	277	ReprPCWk	Repr	False
NC_000020.11:31097246	chr20	31097246	ENSG00000215547.1	DEFB115	up	-0.462863	0.0859689	-5.38408	1.04756e-07	170	NA	NA	False
NC_000022.11:50106014	chr22	50106014	ENSG00000073146.17	MOV10L1	enh	0.789311	0.173249	4.55594	6.32434e-06	366	ReprPCWk	Repr	False
NC_000007.14:37178191	chr7	37178191	ENSG00000155849.16	ELMO1	up	1.13574	0.253723	4.47631	9.09574e-06	189	TxWk	Tx	False
NC_000009.12:113085465	chr9	113085465	ENSG00000136866.14	ZFP37	dn	-0.390765	0.0836106	-4.67363	3.6594e-06	507	Quies	Quies	False
NC_000006.12:130322613	chr6	130322613	ENSG00000164483.17	SAMD3	up	0.530223	0.124191	4.2694	2.27914e-05	338	Quies	Quies	False
NC_000006.12:130322613	chr6	130322613	ENSG00000164483.17	SAMD3	body	0.455634	0.0939296	4.8508	1.57029e-06	374	Quies	Quies	False
NC_000005.10:115663862	chr5	115663862	ENSG00000134970.14	TMED7	up	1.10513	0.275674	4.00884	6.87331e-05	62	Quies	Quies	False
NC_000005.10:115663862	chr5	115663862	ENSG00000134970.14	TMED7	dn	0.440533	0.10483	4.20234	3.04518e-05	145	Quies	Quies	False
NC_000005.10:115663862	chr5	115663862	ENSG00000134970.14	TMED7	body	1.10513	0.275674	4.00884	6.87331e-05	62	Quies	Quies	False
NC_000009.12:113082703	chr9	113082703	ENSG00000136866.14	ZFP37	dn	0.45369	0.0939333	4.82991	1.73743e-06	507	Quies	Quies	False
NC_000009.12:113086994	chr9	113086994	ENSG00000136866.14	ZFP37	dn	1.23689	0.155874	7.93522	1.04011e-14	507	Quies	Quies	False
NC_000001.11:2679303	chr1	2679303	ENSG00000142606.16	MMEL1	up	-1.1588	0.16073	-7.20959	1.70183e-12	162	Het	Het-ZNF	False
NC_000001.11:2679303	chr1	2679303	ENSG00000142606.16	MMEL1	dn	-0.496717	0.0767079	-6.47544	1.97342e-10	280	Het	Het-ZNF	False
NC_000001.11:2679303	chr1	2679303	ENSG00000142606.16	MMEL1	body	-1.1588	0.16073	-7.20959	1.70183e-12	162	Het	Het-ZNF	False
NC_000017.11:34133244	chr17	34133244	ENSG00000108684.15	ASIC2	up	0.817671	0.169177	4.83324	1.70976e-06	361	ReprPCWk	Repr	False
NC_000006.12:149136821	chr6	149136821	ENSG00000055208.20	TAB2	up	-1.62378	0.376976	-4.30737	1.93094e-05	86	Quies	Quies	False
NC_000020.11:61488591	chr20	61488591	ENSG00000179242.16	CDH4	up	1.15984	0.285342	4.06475	5.45077e-05	205	Het	Het-ZNF	False
NC_000005.10:72809799	chr5	72809799	ENSG00000083312.19	TNPO1	up	0.845596	0.20204	4.18529	3.27594e-05	251	Quies	Quies	False
NC_000006.12:159670663	chr6	159670663	ENSG00000146457.16	WTAP	up	-0.67767	0.158683	-4.27058	2.26746e-05	387	Het	Het-ZNF	False
NC_000007.14:87209820	chr7	87209820	ENSG00000135185.12	TMEM243	up	-1.49967	0.289164	-5.18622	2.9417e-07	224	Quies	Quies	False
NC_000007.14:87209820	chr7	87209820	ENSG00000135185.12	TMEM243	dn	-1.49967	0.289164	-5.18622	2.9417e-07	224	Quies	Quies	False
NC_000007.14:87209820	chr7	87209820	ENSG00000135185.12	TMEM243	body	-1.49967	0.289164	-5.18622	2.9417e-07	224	Quies	Quies	False
NC_000016.10:88293288	chr16	88293288	ENSG00000225614.4	ZNF469	dn	-0.447342	0.0993282	-4.50368	8.03268e-06	301	ReprPCWk	Repr	False
NC_000002.12:65370327	chr2	65370327	ENSG00000198369.10	SPRED2	up	2.53528	0.321711	7.88061	1.54698e-14	66	TxWk	Tx	False
NC_000002.12:65370327	chr2	65370327	ENSG00000198369.10	SPRED2	dn	2.53528	0.321711	7.88061	1.54698e-14	66	TxWk	Tx	False
NC_000002.12:65370327	chr2	65370327	ENSG00000198369.10	SPRED2	body	2.53528	0.321711	7.88061	1.54698e-14	66	TxWk	Tx	False
NC_000020.11:31231780	chr20	31231780	ENSG00000215547.1	DEFB115	up	0.193793	0.0475797	4.07302	5.26583e-05	170	ZNF/Rpts	Het-ZNF	False
NC_000003.12:119703511	chr3	119703511	ENSG00000285585.1	ENSG00000285585	up	-3.20908	0.652686	-4.91673	1.1384e-06	34	EnhWk	Enh	False
NC_000014.9:76750727	chr14	76750727	ENSG00000071246.11	VASH1	up	-1.07152	0.240993	-4.44627	1.04173e-05	155	ReprPCWk	Repr	False
NC_000004.12:54716763	chr4	54716763	ENSG00000157404.17	KIT	up	-0.575734	0.134215	-4.28965	2.08661e-05	235	Quies	Quies	False
NC_000006.12:6274343	chr6	6274343	ENSG00000124491.16	F13A1	up	0.960952	0.210507	4.56493	6.06788e-06	179	Quies	Quies	False
NC_000012.12:112566744	chr12	112566744	ENSG00000089169.15	RPH3A	enh	3.68153	0.772713	4.76442	2.38002e-06	8	Quies	Quies	False
NC_000002.12:3374250	chr2	3374250	ENSG00000032389.13	EIPR1	up	-0.442037	0.0598733	-7.38287	5.21932e-13	245	Quies	Quies	False
NC_000002.12:3374250	chr2	3374250	ENSG00000032389.13	EIPR1	dn	-0.38836	0.0954794	-4.06747	5.38941e-05	269	Quies	Quies	False
NC_000002.12:3374250	chr2	3374250	ENSG00000032389.13	EIPR1	body	-0.347904	0.0498174	-6.98359	7.68405e-12	361	Quies	Quies	False
NC_000012.12:39752235	chr12	39752235	ENSG00000180116.15	REDIC1	body	0.667484	0.1297	5.14637	3.60734e-07	156	Quies	Quies	False
NC_000001.11:93137625	chr1	93137625	ENSG00000122483.18	CCDC18	dn	-3.30874	0.255036	-12.9736	4.3252200000000006e-34	245	Tx	Tx	False
NC_000001.11:93137625	chr1	93137625	ENSG00000122483.18	CCDC18	prom	-4.27303	0.442579	-9.65483	1.3587e-20	161	Tx	Tx	False
NC_000011.10:5925116	chr11	5925116	ENSG00000132256.20	TRIM5	body	0.406932	0.101535	4.00778	6.90335e-05	319	Het	Het-ZNF	False
NC_000010.11:46879486	chr10	46879486	ENSG00000204179.11	PTPN20	up	0.520019	0.130296	3.99105	7.39529e-05	219	NA	NA	False
NC_000005.10:168685754	chr5	168685754	ENSG00000120137.7	PANK3	dn	0.725334	0.179562	4.03947	6.05543e-05	150	ReprPCWk	Repr	False
NC_000006.12:139001401	chr6	139001401	ENSG00000135597.19	REPS1	dn	1.79849	0.384715	4.67486	3.63836e-06	32	Quies	Quies	False
NC_000003.12:12031450	chr3	12031450	ENSG00000157152.17	SYN2	body	-0.862127	0.150228	-5.73879	1.51645e-08	290	Quies	Quies	False
NC_000009.12:138156623	chr9	138156623	ENSG00000148408.15	CACNA1B	prom	-1.66358	0.372512	-4.46584	9.53696e-06	58	Quies	Quies	False
NC_000011.10:5905994	chr11	5905994	ENSG00000277932.2	OR52E5	up	0.635886	0.126469	5.02798	6.56012e-07	245	Quies	Quies	False
NC_000002.12:169927706	chr2	169927706	ENSG00000144357.18	UBR3	prom	2.94211	0.681302	4.31837	1.84001e-05	5	TxWk	Tx	False
NC_000010.11:46878074	chr10	46878074	ENSG00000204179.11	PTPN20	up	1.01451	0.151119	6.71334	4.42711e-11	219	NA	NA	False
NC_000020.11:45676401	chr20	45676401	ENSG00000180083.11	WFDC11	dn	0.35965	0.0772597	4.65508	3.99203e-06	245	Quies	Quies	False
NC_000010.11:98265169	chr10	98265169	ENSG00000138131.4	LOXL4	up	-2.54917	0.565204	-4.51018	7.79812e-06	41	TxWk	Tx	False
NC_000010.11:98265169	chr10	98265169	ENSG00000138131.4	LOXL4	body	-2.54917	0.565204	-4.51018	7.79812e-06	41	TxWk	Tx	False
NC_000001.11:220769962	chr1	220769962	ENSG00000186205.14	MTARC1	enh	1.90641	0.457804	4.16425	3.5837e-05	58	EnhA2	Enh	False
NC_000001.11:2675616	chr1	2675616	ENSG00000142606.16	MMEL1	up	-0.607352	0.123536	-4.91641	1.14017e-06	162	Quies	Quies	False
NC_000001.11:2675616	chr1	2675616	ENSG00000142606.16	MMEL1	dn	-0.32115	0.0582069	-5.51739	5.12903e-08	280	Quies	Quies	False
NC_000001.11:2675616	chr1	2675616	ENSG00000142606.16	MMEL1	body	-0.607352	0.123536	-4.91641	1.14017e-06	162	Quies	Quies	False
NC_000010.11:122977532	chr10	122977532	ENSG00000179988.15	PSTK	body	1.43391	0.330902	4.33334	1.72272e-05	102	Quies	Quies	False
NC_000007.14:95499903	chr7	95499903	ENSG00000005981.13	ASB4	up	1.40001	0.350412	3.99532	7.26665e-05	76	Quies	Quies	False
NC_000001.11:30725817	chr1	30725817	ENSG00000162510.6	MATN1	dn	-0.309409	0.0770555	-4.0154	6.68971e-05	362	Tx	Tx	False
NC_000009.12:90452160	chr9	90452160	ENSG00000165023.7	DIRAS2	up	4.23092	0.654559	6.46377	2.12107e-10	42	Quies	Quies	False
NC_000001.11:152219357	chr1	152219357	ENSG00000197915.7	HRNR	dn	-0.784211	0.171384	-4.57575	5.77271e-06	121	ZNF/Rpts	Het-ZNF	True
NC_000020.11:31167895	chr20	31167895	ENSG00000215547.1	DEFB115	up	0.436455	0.080297	5.4355	7.96721e-08	170	NA	NA	False
NC_000011.10:26625282	chr11	26625282	ENSG00000169550.14	MUC15	dn	-0.789676	0.166198	-4.75142	2.53237e-06	241	Quies	Quies	False
NC_000008.11:377300	chr8	377300	ENSG00000147364.17	FBXO25	up	0.832215	0.12958	6.42239	2.73729e-10	446	ReprPCWk	Repr	False
NC_000002.12:23431753	chr2	23431753	ENSG00000119771.15	KLHL29	body	-1.40624	0.253134	-5.5553	4.17519e-08	212	TxWk	Tx	False
NC_000010.11:38860184	chr10	38860184	ENSG00000283930.1	PLD5P1	dn	0.504126	0.114717	4.3945	1.31369e-05	224	ZNF/Rpts	Het-ZNF	False
NC_000007.14:58088775	chr7	58088775	ENSG00000182111.9	ZNF716	up	-0.888804	0.197125	-4.50883	7.84629e-06	49	NA	NA	False
NC_000012.12:129066748	chr12	129066748	ENSG00000151948.12	GLT1D1	dn	0.806856	0.178011	4.53263	7.03813e-06	145	ZNF/Rpts	Het-ZNF	False
NC_000010.11:129371480	chr10	129371480	ENSG00000170430.10	MGMT	up	1.12885	0.277051	4.07451	5.23321e-05	94	ReprPCWk	Repr	False
NC_000011.10:86804010	chr11	86804010	ENSG00000150687.12	PRSS23	up	-0.923642	0.193009	-4.78548	2.15183e-06	131	ReprPCWk	Repr	False
NC_000007.14:86986520	chr7	86986520	ENSG00000164659.15	ELAPOR2	up	-2.30535	0.487773	-4.72628	2.85391e-06	34	Quies	Quies	False
NC_000007.14:86986520	chr7	86986520	ENSG00000164659.15	ELAPOR2	body	-2.04154	0.474264	-4.30466	1.95404e-05	36	Quies	Quies	False
NC_000018.10:80032970	chr18	80032970	ENSG00000141759.15	TXNL4A	up	1.3726	0.196539	6.98387	7.66982e-12	329	Quies	Quies	False
NC_000018.10:80032970	chr18	80032970	ENSG00000141759.15	TXNL4A	dn	2.72365	0.356582	7.63822	8.7802e-14	109	Quies	Quies	False
NC_000018.10:80032970	chr18	80032970	ENSG00000141759.15	TXNL4A	body	2.72365	0.356582	7.63822	8.7802e-14	109	Quies	Quies	False
NC_000018.10:80032970	chr18	80032970	ENSG00000141759.15	TXNL4A	enh	1.3726	0.196539	6.98387	7.66982e-12	329	Quies	Quies	False
NC_000016.10:74834319	chr16	74834319	ENSG00000103089.9	FA2H	dn	2.72417	0.681991	3.99443	7.29323e-05	36	EnhA1	Enh	False
NC_000007.14:108102951	chr7	108102951	ENSG00000091128.13	LAMB4	enh	3.18499	0.754459	4.22156	2.80364e-05	32	EnhWk	Enh	False
NC_000009.12:113081548	chr9	113081548	ENSG00000136866.14	ZFP37	dn	0.937072	0.124611	7.52001	2.01587e-13	507	Quies	Quies	False
NC_000017.11:21309506	chr17	21309506	ENSG00000034152.20	MAP2K3	body	-2.51474	0.28732	-8.7524	2.12937e-17	107	Tx	Tx	False
NC_000007.14:100953155	chr7	100953155	ENSG00000169894.18	MUC3A	body	2.47102	0.350716	7.04566	5.09876e-12	125	NA	NA	False
NC_000009.12:113087815	chr9	113087815	ENSG00000136866.14	ZFP37	dn	0.472909	0.110094	4.2955	2.03394e-05	507	Quies	Quies	False
NC_000009.12:113081660	chr9	113081660	ENSG00000136866.14	ZFP37	dn	1.02376	0.151392	6.76227	3.23781e-11	507	Quies	Quies	False
NC_000009.12:113081663	chr9	113081663	ENSG00000136866.14	ZFP37	dn	0.887625	0.151894	5.84371	8.39276e-09	507	Quies	Quies	False
NC_000010.11:38490702	chr10	38490702	ENSG00000283930.1	PLD5P1	up	-1.15855	0.222765	-5.20077	2.72969e-07	122	ZNF/Rpts	Het-ZNF	False
NC_000009.12:113065752	chr9	113065752	ENSG00000136866.14	ZFP37	dn	0.691615	0.118089	5.85675	7.79299e-09	507	Quies	Quies	False
NC_000010.11:38859979	chr10	38859979	ENSG00000283930.1	PLD5P1	dn	0.422876	0.100651	4.20141	3.05734e-05	224	ZNF/Rpts	Het-ZNF	False
NC_000004.12:182070575	chr4	182070575	ENSG00000218336.9	TENM3	enh	3.49765	0.838127	4.17317	3.44994e-05	15	Quies	Quies	False
NC_000012.12:112656636	chr12	112656636	ENSG00000089169.15	RPH3A	enh	4.62441	0.941105	4.91381	1.15482e-06	8	Quies	Quies	False
NC_000009.12:113081782	chr9	113081782	ENSG00000136866.14	ZFP37	dn	0.948496	0.115507	8.21161	1.3498e-15	507	Quies	Quies	False
NC_000003.12:133745630	chr3	133745630	ENSG00000091513.16	TF	body	0.942872	0.231417	4.07434	5.2369e-05	115	ReprPC	Repr	False
NC_000006.12:149981728	chr6	149981728	ENSG00000111981.5	ULBP1	dn	-1.823	0.239336	-7.61693	1.02056e-13	124	ReprPCWk	Repr	False
NC_000006.12:149981728	chr6	149981728	ENSG00000111981.5	ULBP1	body	1.56474	0.320531	4.88172	1.35105e-06	103	ReprPCWk	Repr	False
NC_000004.12:120887222	chr4	120887222	ENSG00000138738.11	PRDM5	up	-1.79321	0.4495	-3.98935	7.4472e-05	83	Quies	Quies	False
NC_000008.11:142390589	chr8	142390589	ENSG00000171045.16	TSNARE1	up	-0.540574	0.12114	-4.46239	9.68675e-06	308	Quies	Quies	False
NC_000002.12:3539640	chr2	3539640	ENSG00000171865.10	RNASEH1	up	-0.791383	0.191876	-4.12445	4.24269e-05	358	TxWk	Tx	False
NC_000018.10:107486	chr18	107486	ENSG00000173213.11	TUBB8B	dn	-0.114847	0.0221633	-5.18187	3.00817e-07	211	ZNF/Rpts	Het-ZNF	False
NC_000019.10:36298883	chr19	36298883	ENSG00000196357.12	ZNF565	up	-1.02134	0.217327	-4.69957	3.23847e-06	119	Quies	Quies	False
NC_000019.10:36298883	chr19	36298883	ENSG00000196357.12	ZNF565	dn	-1.73338	0.395958	-4.37769	1.41576e-05	82	Quies	Quies	False
NC_000019.10:36298883	chr19	36298883	ENSG00000196357.12	ZNF565	body	-1.96185	0.473388	-4.14427	3.90126e-05	62	Quies	Quies	False
NC_000007.14:101004597	chr7	101004597	ENSG00000169876.14	MUC17	up	-0.263589	0.0609879	-4.32199	1.81092e-05	372	ReprPCWk	Repr	False
NC_000003.12:195617550	chr3	195617550	ENSG00000189058.9	APOD	dn	-0.841532	0.171574	-4.90478	1.20705e-06	215	EnhWk	Enh	False
NC_000002.12:102219113	chr2	102219113	ENSG00000115598.10	IL1RL2	body	1.0784	0.200905	5.36772	1.14233e-07	89	Quies	Quies	False
NC_000006.12:52066755	chr6	52066755	ENSG00000170927.15	PKHD1	up	0.979996	0.191118	5.12769	3.96738e-07	208	Quies	Quies	False
NC_000008.11:691184	chr8	691184	ENSG00000198010.13	DLGAP2	up	-0.844973	0.0823316	-10.263	7.15721e-23	535	EnhG1	Enh	False
NC_000008.11:691184	chr8	691184	ENSG00000198010.13	DLGAP2	enh	-2.96753	0.270741	-10.9608	1.33539e-25	164	EnhG1	Enh	False
NC_000012.12:42084461	chr12	42084461	ENSG00000151233.11	GXYLT1	up	4.69216	0.497054	9.43993	8.21497e-20	89	TxWk	Tx	False
NC_000012.12:42084461	chr12	42084461	ENSG00000151233.11	GXYLT1	dn	4.80587	0.503509	9.54475	3.4275599999999995e-20	89	TxWk	Tx	False
NC_000012.12:42084461	chr12	42084461	ENSG00000151233.11	GXYLT1	body	4.80668	0.506705	9.48615	5.592039999999999e-20	88	TxWk	Tx	False
NC_000008.11:143323853	chr8	143323853	ENSG00000185730.8	ZNF696	up	-0.420809	0.0834125	-5.04491	6.02675e-07	522	Tx	Tx	False
NC_000001.11:247461375	chr1	247461375	ENSG00000177535.10	OR2B11	dn	2.74391	0.296984	9.23927	4.29373e-19	152	Quies	Quies	False
NC_000007.14:155776004	chr7	155776004	ENSG00000164690.8	SHH	up	1.61086	0.343142	4.69444	3.31782e-06	73	Tx	Tx	False
NC_000009.12:113082712	chr9	113082712	ENSG00000136866.14	ZFP37	dn	0.343271	0.0822684	4.17258	3.45871e-05	507	Quies	Quies	False
NC_000019.10:21567080	chr19	21567080	ENSG00000197013.11	ZNF429	dn	-0.340647	0.0486816	-6.99745	7.01298e-12	204	Quies	Quies	False
NC_000022.11:25201743	chr22	25201743	ENSG00000100053.10	CRYBB3	up	2.53396	0.315769	8.02471	5.40175e-15	169	ReprPCWk	Repr	False
NC_000001.11:2679314	chr1	2679314	ENSG00000142606.16	MMEL1	up	-0.769708	0.136284	-5.64782	2.51418e-08	162	Het	Het-ZNF	False
NC_000001.11:2679314	chr1	2679314	ENSG00000142606.16	MMEL1	dn	-0.364262	0.0645386	-5.64409	2.56646e-08	280	Het	Het-ZNF	False
NC_000001.11:2679314	chr1	2679314	ENSG00000142606.16	MMEL1	body	-0.769708	0.136284	-5.64782	2.51418e-08	162	Het	Het-ZNF	False
NC_000007.14:49853052	chr7	49853052	ENSG00000188730.5	VWC2	body	1.66507	0.359835	4.62731	4.54504e-06	52	Quies	Quies	False
NC_000006.12:110061841	chr6	110061841	ENSG00000146360.9	GPR6	enh	-5.53072	1.11142	-4.97624	8.48802e-07	6	ReprPCWk	Repr	False
NC_000005.10:31498636	chr5	31498636	ENSG00000113360.17	DROSHA	up	-3.105	0.559455	-5.55005	4.2962e-08	58	Tx	Tx	False
NC_000005.10:31498636	chr5	31498636	ENSG00000113360.17	DROSHA	dn	-3.105	0.559455	-5.55005	4.2962e-08	58	Tx	Tx	False
NC_000005.10:31498636	chr5	31498636	ENSG00000113360.17	DROSHA	body	-3.105	0.559455	-5.55005	4.2962e-08	58	Tx	Tx	False
NC_000020.11:2643728	chr20	2643728	ENSG00000101361.17	NOP56	dn	-0.744753	0.159226	-4.67734	3.59613e-06	289	Quies	Quies	True
NC_000005.10:843778	chr5	843778	ENSG00000188818.13	ZDHHC11	up	-0.353892	0.0796696	-4.442	1.06194e-05	475	ReprPCWk	Repr	False
NC_000005.10:843778	chr5	843778	ENSG00000188818.13	ZDHHC11	dn	-0.351233	0.0797623	-4.4035	1.26197e-05	474	ReprPCWk	Repr	False
NC_000005.10:843778	chr5	843778	ENSG00000188818.13	ZDHHC11	body	-0.352391	0.0798638	-4.4124	1.21274e-05	474	ReprPCWk	Repr	False
NC_000003.12:122129322	chr3	122129322	ENSG00000036828.17	CASR	enh	5.42326	1.18038	4.59452	5.29286e-06	3	Quies	Quies	False
NC_000005.10:153606687	chr5	153606687	ENSG00000155511.19	GRIA1	body	1.05835	0.224172	4.72114	2.92428e-06	234	Quies	Quies	False
NC_000007.14:158915993	chr7	158915993	ENSG00000126870.16	DYNC2I1	body	-0.444642	0.0973431	-4.56779	5.98854e-06	404	ZNF/Rpts	Het-ZNF	False
NC_000004.12:72039619	chr4	72039619	ENSG00000056291.19	NPFFR2	body	-3.58014	0.653455	-5.47878	6.31714e-08	37	TssFlnk	Prom	False
NC_000013.11:94597248	chr13	94597248	ENSG00000088451.11	TGDS	up	-1.97343	0.344731	-5.72456	1.64196e-08	172	TxWk	Tx	False
NC_000013.11:94597248	chr13	94597248	ENSG00000088451.11	TGDS	dn	-3.26915	0.34596	-9.4495	7.586919999999999e-20	144	TxWk	Tx	False
NC_000006.12:116429560	chr6	116429560	ENSG00000285446.1	ENSG00000285446	body	-1.72621	0.298174	-5.78928	1.14203e-08	118	TxWk	Tx	False
NC_000010.11:46879379	chr10	46879379	ENSG00000204179.11	PTPN20	up	0.50412	0.111048	4.53965	6.81539e-06	219	NA	NA	False
NC_000008.11:66356089	chr8	66356089	ENSG00000179041.4	RRS1	up	-1.04065	0.228877	-4.54677	6.59641e-06	186	Quies	Quies	False
NC_000004.12:82482289	chr4	82482289	ENSG00000145293.17	ENOPH1	dn	-1.64674	0.312413	-5.27104	1.89716e-07	170	Quies	Quies	False
NC_000011.10:45293616	chr11	45293616	ENSG00000019505.8	SYT13	dn	5.14428	0.596639	8.6221	5.8935e-17	41	ReprPCWk	Repr	False
NC_000019.10:22633933	chr19	22633933	ENSG00000229676.3	ZNF492	up	2.28094	0.570657	3.99704	7.21556e-05	37	TssFlnk	Prom	False
NC_000019.10:22633933	chr19	22633933	ENSG00000229676.3	ZNF492	dn	1.13215	0.212522	5.32721	1.41426e-07	68	TssFlnk	Prom	False
NC_000019.10:22633933	chr19	22633933	ENSG00000229676.3	ZNF492	body	2.65721	0.543307	4.8908	1.29248e-06	34	TssFlnk	Prom	False
NC_000019.10:22633933	chr19	22633933	ENSG00000229676.3	ZNF492	prom	4.51417	0.775041	5.82443	9.36313e-09	19	TssFlnk	Prom	False
NC_000011.10:77552693	chr11	77552693	ENSG00000178301.4	AQP11	dn	0.479886	0.119722	4.00834	6.88742e-05	126	Het	Het-ZNF	False
NC_000011.10:27636077	chr11	27636077	ENSG00000176697.20	BDNF	up	2.99089	0.43348	6.89972	1.33118e-11	78	Het	Het-ZNF	False
NC_000001.11:164902226	chr1	164902226	ENSG00000185630.20	PBX1	body	1.05276	0.252335	4.17206	3.46633e-05	114	Quies	Quies	False
NC_000008.11:706197	chr8	706197	ENSG00000198010.13	DLGAP2	up	0.492834	0.0737873	6.67912	5.5039e-11	535	TxWk	Tx	False
NC_000003.12:178704821	chr3	178704821	ENSG00000275163.1	ENSG00000275163	body	0.565379	0.139463	4.05397	5.70132e-05	379	Quies	Quies	False
NC_000006.12:17206897	chr6	17206897	ENSG00000112183.15	RBM24	dn	1.0934	0.271264	4.03078	6.27765e-05	150	ZNF/Rpts	Het-ZNF	False
NC_000001.11:115271703	chr1	115271703	ENSG00000134259.6	NGF	up	0.665703	0.164441	4.04827	5.83805e-05	168	Quies	Quies	False
NC_000011.10:5925246	chr11	5925246	ENSG00000132256.20	TRIM5	up	0.854013	0.172461	4.95193	9.57298e-07	229	Het	Het-ZNF	False
NC_000011.10:5925246	chr11	5925246	ENSG00000132256.20	TRIM5	body	0.534661	0.12828	4.16793	3.52786e-05	319	Het	Het-ZNF	False
NC_000002.12:74944503	chr2	74944503	ENSG00000115350.12	POLE4	dn	-2.09409	0.413448	-5.06494	5.44987e-07	109	Quies	Quies	False
NC_000007.14:40309788	chr7	40309788	ENSG00000175600.16	SUGCT	body	0.455104	0.101695	4.47518	9.14237e-06	304	Quies	Quies	False
NC_000001.11:152219245	chr1	152219245	ENSG00000197915.7	HRNR	dn	-0.960975	0.197371	-4.86889	1.43823e-06	121	ZNF/Rpts	Het-ZNF	True
NC_000009.12:113376249	chr9	113376249	ENSG00000119431.10	HDHD3	up	1.30489	0.308755	4.22631	2.74681e-05	247	TssFlnkD	Prom	False
NC_000009.12:113376249	chr9	113376249	ENSG00000119431.10	HDHD3	dn	0.724333	0.173293	4.17983	3.3533e-05	304	TssFlnkD	Prom	False
NC_000009.12:113376249	chr9	113376249	ENSG00000119431.10	HDHD3	body	1.47203	0.327766	4.4911	8.50555e-06	241	TssFlnkD	Prom	False
NC_000009.12:113376249	chr9	113376249	ENSG00000119431.10	HDHD3	prom	1.47203	0.327766	4.4911	8.50555e-06	241	TssFlnkD	Prom	False
NC_000017.11:21750054	chr17	21750054	ENSG00000260458.3	KCNJ18	dn	-1.47437	0.368912	-3.99652	7.23084e-05	39	NA	NA	False
NC_000020.11:31068124	chr20	31068124	ENSG00000215547.1	DEFB115	up	0.0852983	0.0201016	4.24335	2.55187e-05	170	NA	NA	False
NC_000001.11:182069069	chr1	182069069	ENSG00000179930.6	ZNF648	dn	1.5354	0.307931	4.98616	8.08038e-07	135	ReprPCWk	Repr	False
NC_000007.14:100996349	chr7	100996349	ENSG00000169876.14	MUC17	up	0.180137	0.0407128	4.42458	1.14836e-05	372	Het	Het-ZNF	False
NC_000016.10:19344251	chr16	19344251	ENSG00000261210.8	CLEC19A	body	1.56485	0.325591	4.80618	1.94813e-06	49	Quies	Quies	False
NC_000007.14:65103385	chr7	65103385	ENSG00000213462.5	ERV3-1	up	0.863226	0.197637	4.36774	1.47969e-05	146	Quies	Quies	False
NC_000004.12:82474156	chr4	82474156	ENSG00000145293.17	ENOPH1	dn	-1.74511	0.321799	-5.42296	8.5189e-08	170	Quies	Quies	False
NC_000021.9:39822817	chr21	39822817	ENSG00000183036.11	PCP4	body	-2.0057	0.462882	-4.33306	1.72485e-05	32	Quies	Quies	False
NC_000006.12:164966	chr6	164966	ENSG00000112679.15	DUSP22	up	-1.30081	0.272647	-4.77105	2.30582e-06	57	Quies	Quies	False
NC_000010.11:38336136	chr10	38336136	ENSG00000283930.1	PLD5P1	up	-1.32364	0.300402	-4.40622	1.24673e-05	122	Quies	Quies	False
NC_000006.12:157311786	chr6	157311786	ENSG00000215712.11	TMEM242	up	0.327558	0.0608082	5.38674	1.0329e-07	359	TxWk	Tx	False
NC_000007.14:158704041	chr7	158704041	ENSG00000146918.20	NCAPG2	prom	4.58015	1.13167	4.04723	5.86327e-05	11	TssFlnkD	Prom	False
NC_000001.11:121021159	chr1	121021159	ENSG00000263353.4	PPIAL4A	up	-1.51036	0.332288	-4.54532	6.64028e-06	256	NA	NA	False
NC_000006.12:2972145	chr6	2972145	ENSG00000124570.21	SERPINB6	dn	-1.19692	0.248836	-4.81005	1.91216e-06	237	TssFlnkU	Prom	False
NC_000006.12:2972145	chr6	2972145	ENSG00000124570.21	SERPINB6	prom	-1.25121	0.261601	-4.78291	2.17855e-06	234	TssFlnkU	Prom	False
NC_000009.12:138156995	chr9	138156995	ENSG00000148408.15	CACNA1B	prom	-1.39368	0.292213	-4.76939	2.32422e-06	58	Quies	Quies	False
NC_000010.11:46883109	chr10	46883109	ENSG00000204179.11	PTPN20	up	1.17544	0.130958	8.97568	3.62376e-18	219	NA	NA	False
NC_000008.11:108312651	chr8	108312651	ENSG00000104408.11	EIF3E	up	1.36243	0.280827	4.85149	1.56504e-06	141	Quies	Quies	False
NC_000008.11:108312651	chr8	108312651	ENSG00000104408.11	EIF3E	body	1.4414	0.279255	5.16158	3.33759e-07	142	Quies	Quies	False
NC_000003.12:13667678	chr3	13667678	ENSG00000163520.14	FBLN2	dn	0.981296	0.228191	4.30032	1.99149e-05	277	ReprPCWk	Repr	False
NC_000010.11:46883223	chr10	46883223	ENSG00000204179.11	PTPN20	up	1.41362	0.148207	9.53813	3.6229299999999997e-20	219	NA	NA	False
NC_000009.12:113065409	chr9	113065409	ENSG00000136866.14	ZFP37	dn	1.37505	0.161359	8.52167	1.2816e-16	507	Quies	Quies	False
NC_000006.12:169587780	chr6	169587780	ENSG00000285733.1	ENSG00000285733	dn	0.518452	0.124917	4.15037	3.80158e-05	324	Quies	Quies	False
NC_000020.11:31093211	chr20	31093211	ENSG00000215547.1	DEFB115	up	-0.341326	0.0770289	-4.43114	1.11508e-05	170	NA	NA	False
NC_000012.12:15352135	chr12	15352135	ENSG00000134533.6	RERG	dn	2.15424	0.398836	5.40132	9.55952e-08	41	Quies	Quies	False
NC_000012.12:15352135	chr12	15352135	ENSG00000134533.6	RERG	body	1.82465	0.368144	4.95635	9.36635e-07	45	Quies	Quies	False
NC_000017.11:21303127	chr17	21303127	ENSG00000034152.20	MAP2K3	body	-1.9608	0.226828	-8.64444	4.95393e-17	107	EnhG2	Enh	False
NC_000004.12:8630200	chr4	8630200	ENSG00000109625.19	CPZ	body	-1.14551	0.256908	-4.45884	9.84334e-06	129	Quies	Quies	False
NC_000015.10:37864293	chr15	37864293	ENSG00000166069.14	TMCO5A	up	-2.54192	0.519151	-4.8963	1.25817e-06	39	Het	Het-ZNF	False
NC_000006.12:6697132	chr6	6697132	ENSG00000112799.9	LY86	up	1.34187	0.31465	4.26462	2.32698e-05	163	EnhA1	Enh	False
NC_000014.9:66723406	chr14	66723406	ENSG00000171723.16	GPHN	body	-0.297037	0.0740012	-4.01395	6.73003e-05	246	Quies	Quies	False
NC_000003.12:35667381	chr3	35667381	ENSG00000172995.17	ARPP21	body	1.62031	0.392511	4.12806	4.17833e-05	97	Quies	Quies	False
NC_000010.11:47096854	chr10	47096854	ENSG00000204179.11	PTPN20	up	-0.517456	0.127287	-4.06528	5.43892e-05	219	Quies	Quies	False
NC_000002.12:3329107	chr2	3329107	ENSG00000032389.13	EIPR1	up	-0.572558	0.078063	-7.33457	7.27221e-13	245	TxWk	Tx	False
NC_000002.12:3329107	chr2	3329107	ENSG00000032389.13	EIPR1	dn	-0.628847	0.123479	-5.09276	4.73618e-07	269	TxWk	Tx	False
NC_000002.12:3329107	chr2	3329107	ENSG00000032389.13	EIPR1	body	-0.485227	0.0645302	-7.51938	2.0248e-13	361	TxWk	Tx	False
NC_000004.12:186844531	chr4	186844531	ENSG00000083857.15	FAT1	up	-0.93795	0.233437	-4.01801	6.61815e-05	80	Quies	Quies	False
NC_000012.12:63678874	chr12	63678874	ENSG00000177990.12	DPY19L2	up	1.45815	0.352234	4.13972	3.97722e-05	36	Quies	Quies	False
NC_000012.12:63678874	chr12	63678874	ENSG00000177990.12	DPY19L2	dn	1.45815	0.352234	4.13972	3.97722e-05	36	Quies	Quies	False
NC_000012.12:63678874	chr12	63678874	ENSG00000177990.12	DPY19L2	body	1.45815	0.352234	4.13972	3.97722e-05	36	Quies	Quies	False
NC_000009.12:138172300	chr9	138172300	ENSG00000148408.15	CACNA1B	prom	-1.67063	0.335901	-4.97358	8.60064e-07	58	Quies	Quies	False
NC_000005.10:167861115	chr5	167861115	ENSG00000113645.15	WWC1	up	0.993979	0.238511	4.16743	3.5354e-05	196	Quies	Quies	False
NC_000009.12:113081675	chr9	113081675	ENSG00000136866.14	ZFP37	dn	0.745168	0.135559	5.49701	5.72628e-08	507	Quies	Quies	False
NC_000007.14:128121237	chr7	128121237	ENSG00000128594.8	LRRC4	up	-1.87412	0.430881	-4.34951	1.60408e-05	82	ReprPCWk	Repr	False
NC_000007.14:128121237	chr7	128121237	ENSG00000128594.8	LRRC4	dn	-1.63808	0.326034	-5.02424	6.68398e-07	203	ReprPCWk	Repr	False
NC_000006.12:169566662	chr6	169566662	ENSG00000285733.1	ENSG00000285733	dn	1.50767	0.165458	9.11212	1.20814e-18	324	Quies	Quies	False
NC_000009.12:113081793	chr9	113081793	ENSG00000136866.14	ZFP37	dn	0.672381	0.0993718	6.76632	3.15474e-11	507	Quies	Quies	False
NC_000020.11:31176612	chr20	31176612	ENSG00000215547.1	DEFB115	up	-0.213213	0.0508854	-4.19007	3.20962e-05	170	NA	NA	False
NC_000010.11:46882298	chr10	46882298	ENSG00000204179.11	PTPN20	up	0.903523	0.117953	7.66004	7.52274e-14	219	NA	NA	False
NC_000020.11:2359171	chr20	2359171	ENSG00000166948.10	TGM6	up	-0.932198	0.207379	-4.49515	8.35051e-06	124	Quies	Quies	False
NC_000015.10:77778156	chr15	77778156	ENSG00000169783.13	LINGO1	up	-0.807856	0.170461	-4.73925	2.68339e-06	262	ReprPCWk	Repr	False
NC_000015.10:77778156	chr15	77778156	ENSG00000169783.13	LINGO1	body	-0.743874	0.15685	-4.74258	2.64117e-06	273	ReprPCWk	Repr	False
NC_000019.10:21565501	chr19	21565501	ENSG00000197013.11	ZNF429	dn	-0.558393	0.0762154	-7.32651	7.68484e-13	204	Quies	Quies	False
NC_000019.10:21565501	chr19	21565501	ENSG00000197013.11	ZNF429	enh	-2.52206	0.60389	-4.17635	3.40343e-05	36	Quies	Quies	False
NC_000017.11:21732926	chr17	21732926	ENSG00000260458.3	KCNJ18	dn	-3.52007	0.499832	-7.04251	5.20618e-12	39	NA	NA	False
NC_000005.10:56907981	chr5	56907981	ENSG00000155542.12	SETD9	up	-0.941043	0.226757	-4.15001	3.80744e-05	177	TxWk	Tx	False
NC_000008.11:56438417	chr8	56438417	ENSG00000181195.11	PENK	up	-1.32548	0.300284	-4.41407	1.20371e-05	166	ReprPCWk	Repr	False
NC_000001.11:2658430	chr1	2658430	ENSG00000142606.16	MMEL1	dn	-0.256824	0.0634941	-4.04484	5.92179e-05	280	Quies	Quies	False
NC_000001.11:2658438	chr1	2658438	ENSG00000142606.16	MMEL1	dn	-0.203367	0.0437127	-4.65236	4.04321e-06	280	Quies	Quies	False
NC_000014.9:55500558	chr14	55500558	ENSG00000182521.6	TBPL2	up	-2.20261	0.445908	-4.9396	1.0173e-06	69	Quies	Quies	False
NC_000014.9:55500558	chr14	55500558	ENSG00000182521.6	TBPL2	body	-2.20261	0.445908	-4.9396	1.0173e-06	69	Quies	Quies	False
NC_000021.9:13848977	chr21	13848977	ENSG00000166351.11	POTED	dn	-1.22148	0.293345	-4.16396	3.58806e-05	108	Het	Het-ZNF	False
NC_000009.12:138176116	chr9	138176116	ENSG00000148408.15	CACNA1B	prom	-1.44529	0.307918	-4.69375	3.32861e-06	58	Quies	Quies	False
NC_000020.11:2389000	chr20	2389000	ENSG00000166948.10	TGM6	up	-1.00072	0.219254	-4.56421	6.08804e-06	124	Het	Het-ZNF	False
NC_000002.12:234544958	chr2	234544958	ENSG00000188042.8	ARL4C	dn	0.95275	0.187189	5.08977	4.80838e-07	173	ReprPCWk	Repr	False
NC_000006.12:157286901	chr6	157286901	ENSG00000215712.11	TMEM242	up	-0.640547	0.127722	-5.01518	6.99359e-07	359	TxWk	Tx	False
NC_000017.11:19178314	chr17	19178314	ENSG00000072134.16	EPN2	body	-1.26048	0.285881	-4.4091	1.23079e-05	233	Quies	Quies	False
NC_000013.11:102640523	chr13	102640523	ENSG00000134900.13	TPP2	body	-1.98706	0.495864	-4.00728	6.91769e-05	35	Tx	Tx	False
NC_000001.11:2679324	chr1	2679324	ENSG00000142606.16	MMEL1	up	-0.553658	0.111339	-4.97271	8.63775e-07	162	Het	Het-ZNF	False
NC_000001.11:2679324	chr1	2679324	ENSG00000142606.16	MMEL1	dn	-0.252901	0.0527997	-4.78982	2.10754e-06	280	Het	Het-ZNF	False
NC_000001.11:2679324	chr1	2679324	ENSG00000142606.16	MMEL1	body	-0.553658	0.111339	-4.97271	8.63775e-07	162	Het	Het-ZNF	False
NC_000010.11:11741974	chr10	11741974	ENSG00000134463.15	ECHDC3	up	1.21962	0.252208	4.83578	1.68887e-06	285	EnhWk	Enh	False
NC_000010.11:11741974	chr10	11741974	ENSG00000134463.15	ECHDC3	prom	1.35046	0.299028	4.51616	7.58844e-06	260	EnhWk	Enh	False
NC_000005.10:151843697	chr5	151843697	ENSG00000177556.12	ATOX1	up	1.81855	0.433469	4.19534	3.13793e-05	50	Quies	Quies	False
NC_000015.10:59436857	chr15	59436857	ENSG00000157483.9	MYO1E	body	0.921527	0.216706	4.25243	2.45345e-05	185	ReprPCWk	Repr	False
NC_000006.12:52906834	chr6	52906834	ENSG00000174156.15	GSTA3	dn	0.880107	0.202031	4.3563	1.55662e-05	198	TxWk	Tx	False
NC_000005.10:73061022	chr5	73061022	ENSG00000157111.13	TMEM171	up	1.98632	0.384758	5.16251	3.32179e-07	54	TxWk	Tx	False
NC_000017.11:65275503	chr17	65275503	ENSG00000108370.17	RGS9	dn	1.27026	0.308784	4.11375	4.43846e-05	119	TxWk	Tx	False
NC_000001.11:2670538	chr1	2670538	ENSG00000142606.16	MMEL1	up	-0.311989	0.0612166	-5.09648	4.64786e-07	162	Quies	Quies	False
NC_000001.11:2670538	chr1	2670538	ENSG00000142606.16	MMEL1	dn	-0.169686	0.0287871	-5.89452	6.28174e-09	280	Quies	Quies	False
NC_000001.11:2670538	chr1	2670538	ENSG00000142606.16	MMEL1	body	-0.311989	0.0612166	-5.09648	4.64786e-07	162	Quies	Quies	False
NC_000019.10:22633705	chr19	22633705	ENSG00000229676.3	ZNF492	dn	1.16844	0.233115	5.01229	7.09492e-07	68	TssFlnk	Prom	False
NC_000019.10:22633705	chr19	22633705	ENSG00000229676.3	ZNF492	body	3.06156	0.593103	5.16194	3.33147e-07	34	TssFlnk	Prom	False
NC_000019.10:22633705	chr19	22633705	ENSG00000229676.3	ZNF492	prom	4.33256	0.853452	5.07651	5.14125e-07	19	TssFlnk	Prom	False
NC_000006.12:157285738	chr6	157285738	ENSG00000215712.11	TMEM242	up	-0.338261	0.0741581	-4.56135	6.16875e-06	359	TxWk	Tx	False
NC_000002.12:69120097	chr2	69120097	ENSG00000169604.21	ANTXR1	body	1.36604	0.316541	4.31553	1.86305e-05	69	TxWk	Tx	False
NC_000017.11:27936311	chr17	27936311	ENSG00000232859.10	LYRM9	enh	-6.71165	1.58585	-4.2322	2.6779e-05	4	EnhWk	Enh	False
NC_000022.11:16518214	chr22	16518214	ENSG00000198445.4	CCT8L2	up	1.19193	0.164483	7.24656	1.32501e-12	305	Quies	Quies	False
NC_000004.12:147488545	chr4	147488545	ENSG00000151617.17	EDNRA	up	-1.44337	0.273232	-5.28259	1.78638e-07	150	Quies	Quies	False
NC_000017.11:19202907	chr17	19202907	ENSG00000072134.16	EPN2	body	-0.557695	0.124785	-4.46924	9.39118e-06	233	Quies	Quies	False
NC_000011.10:27637378	chr11	27637378	ENSG00000176697.20	BDNF	up	-1.66811	0.393127	-4.24317	2.55387e-05	78	Het	Het-ZNF	False
NC_000012.12:30878974	chr12	30878974	ENSG00000110900.16	TSPAN11	up	-1.65576	0.306862	-5.39578	9.84514e-08	105	ReprPCWk	Repr	False
NC_000011.10:86599744	chr11	86599744	ENSG00000151376.19	ME3	body	1.23536	0.307414	4.01855	6.60341e-05	137	Quies	Quies	False
NC_000009.12:113064367	chr9	113064367	ENSG00000136866.14	ZFP37	dn	-0.403322	0.100597	-4.00927	6.86115e-05	507	Quies	Quies	False
NC_000012.12:9943431	chr12	9943431	ENSG00000172322.14	CLEC12A	body	-2.94865	0.394628	-7.47197	2.81748e-13	87	EnhWk	Enh	False
NC_000002.12:71682415	chr2	71682415	ENSG00000135636.16	DYSF	enh	-1.05751	0.25005	-4.2292	2.71271e-05	315	Tx	Tx	False
NC_000019.10:22633947	chr19	22633947	ENSG00000229676.3	ZNF492	dn	0.680973	0.170795	3.98707	7.51704e-05	68	TssFlnk	Prom	False
NC_000019.10:22633947	chr19	22633947	ENSG00000229676.3	ZNF492	body	1.78374	0.434745	4.10295	4.64493e-05	34	TssFlnk	Prom	False
NC_000019.10:22633947	chr19	22633947	ENSG00000229676.3	ZNF492	prom	2.84296	0.623128	4.56239	6.13929e-06	19	TssFlnk	Prom	False
NC_000020.11:60115683	chr20	60115683	ENSG00000124215.17	CDH26	dn	0.604905	0.146545	4.12777	4.18357e-05	157	ReprPCWk	Repr	False
NC_000020.11:60115683	chr20	60115683	ENSG00000124215.17	CDH26	enh	0.951953	0.207875	4.57945	5.67496e-06	87	ReprPCWk	Repr	False
NC_000018.10:79374260	chr18	79374260	ENSG00000131196.18	NFATC1	up	0.374814	0.084571	4.43194	1.11106e-05	444	Tx	Tx	False
NC_000001.11:2674100	chr1	2674100	ENSG00000142606.16	MMEL1	dn	-0.149528	0.0346396	-4.31669	1.85364e-05	280	Quies	Quies	False
NC_000015.10:38449154	chr15	38449154	ENSG00000171262.11	FAM98B	dn	0.886957	0.206342	4.29848	2.00761e-05	97	Quies	Quies	False
NC_000018.10:50055599	chr18	50055599	ENSG00000167306.21	MYO5B	body	0.977311	0.234357	4.17018	3.49431e-05	306	Quies	Quies	False
NC_000001.11:152219254	chr1	152219254	ENSG00000197915.7	HRNR	dn	-1.47024	0.251381	-5.84864	8.16085e-09	121	ZNF/Rpts	Het-ZNF	True
NC_000002.12:26178443	chr2	26178443	ENSG00000157833.13	GAREM2	body	1.60214	0.359274	4.45939	9.81873e-06	68	ReprPCWk	Repr	False
NC_000002.12:26178443	chr2	26178443	ENSG00000157833.13	GAREM2	prom	1.60214	0.359274	4.45939	9.81873e-06	68	ReprPCWk	Repr	False
NC_000001.11:209969110	chr1	209969110	ENSG00000143469.21	SYT14	enh	-1.8706	0.402899	-4.64285	4.2272e-06	37	Quies	Quies	False
NC_000006.12:87317235	chr6	87317235	ENSG00000111850.11	SMIM8	body	0.997017	0.241499	4.12846	4.1714e-05	101	Quies	Quies	False
NC_000005.10:66693744	chr5	66693744	ENSG00000069020.19	MAST4	body	0.816242	0.190661	4.28112	2.16571e-05	262	Quies	Quies	False
NC_000006.12:159218260	chr6	159218260	ENSG00000164694.17	FNDC1	body	-0.629594	0.143308	-4.39328	1.32085e-05	237	ReprPCWk	Repr	False
NC_000010.11:38832470	chr10	38832470	ENSG00000283930.1	PLD5P1	up	-1.41749	0.289358	-4.89874	1.24328e-06	122	ZNF/Rpts	Het-ZNF	False
NC_000010.11:38832470	chr10	38832470	ENSG00000283930.1	PLD5P1	body	-1.13198	0.188079	-6.01865	3.06805e-09	190	ZNF/Rpts	Het-ZNF	False
NC_000002.12:3896356	chr2	3896356	ENSG00000214866.9	DCDC2C	dn	1.9557	0.485306	4.02983	6.30236e-05	75	Het	Het-ZNF	False
NC_000001.11:180970585	chr1	180970585	ENSG00000135823.14	STX6	up	-2.64233	0.502068	-5.26288	1.97945e-07	71	TxWk	Tx	False
NC_000001.11:180970585	chr1	180970585	ENSG00000135823.14	STX6	dn	-2.64233	0.502068	-5.26288	1.97945e-07	71	TxWk	Tx	False
NC_000001.11:180970585	chr1	180970585	ENSG00000135823.14	STX6	body	-2.64233	0.502068	-5.26288	1.97945e-07	71	TxWk	Tx	False
NC_000001.11:180970585	chr1	180970585	ENSG00000135823.14	STX6	prom	-2.64233	0.502068	-5.26288	1.97945e-07	71	TxWk	Tx	False
NC_000006.12:157311799	chr6	157311799	ENSG00000215712.11	TMEM242	up	0.175386	0.0428147	4.09639	4.77474e-05	359	TxWk	Tx	False
NC_000006.12:157311799	chr6	157311799	ENSG00000215712.11	TMEM242	dn	0.418525	0.0986928	4.24068	2.58148e-05	190	TxWk	Tx	False
NC_000004.12:151530708	chr4	151530708	ENSG00000164142.16	FHIP1A	body	0.652887	0.118038	5.53116	4.76021e-08	276	Quies	Quies	False
NC_000002.12:74944756	chr2	74944756	ENSG00000115350.12	POLE4	dn	-2.62397	0.402376	-6.52118	1.48563e-10	109	Quies	Quies	False
NC_000006.12:87009038	chr6	87009038	ENSG00000168830.8	HTR1E	up	1.15494	0.283078	4.07996	5.11533e-05	80	Quies	Quies	False
NC_000018.10:12061119	chr18	12061119	ENSG00000181626.12	ANKRD62	dn	-2.57488	0.380016	-6.77572	2.96999e-11	58	Quies	Quies	False
NC_000001.11:748985	chr1	748985	ENSG00000284662.2	OR4F16	dn	-1.07595	0.246881	-4.35818	1.54373e-05	196	Quies	Quies	False
NC_000010.11:14049972	chr10	14049972	ENSG00000151474.23	FRMD4A	up	1.18602	0.258653	4.58538	5.52144e-06	108	Quies	Quies	False
NC_000003.12:125616471	chr3	125616471	ENSG00000144909.8	OSBPL11	prom	-8.15886	1.68756	-4.83471	1.69764e-06	3	Quies	Quies	False
NC_000018.10:103576	chr18	103576	ENSG00000173213.11	TUBB8B	dn	0.20478	0.0504439	4.05957	5.56997e-05	211	Quies	Quies	False
NC_000020.11:30599148	chr20	30599148	ENSG00000215547.1	DEFB115	up	0.239227	0.0584161	4.09523	4.79812e-05	170	NA	NA	False
NC_000018.10:14543742	chr18	14543742	ENSG00000183206.18	POTEC	dn	-2.17634	0.34875	-6.24039	8.26894e-10	116	Het	Het-ZNF	False
NC_000006.12:169567726	chr6	169567726	ENSG00000285733.1	ENSG00000285733	dn	1.09694	0.203604	5.38763	1.02803e-07	324	Quies	Quies	False
NC_000006.12:160634280	chr6	160634280	ENSG00000198670.13	LPA	up	0.50204	0.122174	4.10921	4.52417e-05	185	Quies	Quies	False
NC_000006.12:160634280	chr6	160634280	ENSG00000198670.13	LPA	dn	0.779032	0.131159	5.93958	4.84993e-09	132	Quies	Quies	False
NC_000006.12:160634280	chr6	160634280	ENSG00000198670.13	LPA	body	0.50204	0.122174	4.10921	4.52417e-05	185	Quies	Quies	False
NC_000003.12:125990481	chr3	125990481	ENSG00000114547.10	ROPN1B	up	-1.15633	0.279365	-4.13915	3.9869e-05	183	TssBiv	Biv	False
NC_000003.12:125990481	chr3	125990481	ENSG00000114547.10	ROPN1B	dn	-2.10521	0.292305	-7.2021	1.79004e-12	248	TssBiv	Biv	False
NC_000014.9:80944354	chr14	80944354	ENSG00000165409.18	TSHR	body	0.564723	0.135017	4.18261	3.3137e-05	192	TxWk	Tx	False
NC_000020.11:31215781	chr20	31215781	ENSG00000215547.1	DEFB115	up	0.350224	0.0841582	4.1615	3.62594e-05	170	NA	NA	False
NC_000018.10:76397500	chr18	76397500	ENSG00000101493.11	ZNF516	dn	0.906253	0.226628	3.99886	7.16155e-05	269	ReprPCWk	Repr	False
NC_000001.11:2661472	chr1	2661472	ENSG00000142606.16	MMEL1	up	-0.751459	0.160332	-4.6869	3.43794e-06	162	Quies	Quies	False
NC_000001.11:2661472	chr1	2661472	ENSG00000142606.16	MMEL1	dn	-0.396119	0.0755898	-5.24038	2.22472e-07	280	Quies	Quies	False
NC_000001.11:2661472	chr1	2661472	ENSG00000142606.16	MMEL1	body	-0.751459	0.160332	-4.6869	3.43794e-06	162	Quies	Quies	False
NC_000020.11:5530266	chr20	5530266	ENSG00000125772.14	GPCPD1	enh	-1.97161	0.462615	-4.26187	2.35502e-05	70	EnhWk	Enh	False
NC_000007.14:65081544	chr7	65081544	ENSG00000213462.5	ERV3-1	up	-1.62559	0.344109	-4.72404	2.88443e-06	146	TssA	Prom	False
NC_000011.10:20358953	chr11	20358953	ENSG00000109854.14	HTATIP2	dn	1.07645	0.235591	4.56914	5.95123e-06	40	Quies	Quies	False
NC_000018.10:495672	chr18	495672	ENSG00000158270.12	COLEC12	dn	-1.2547	0.283507	-4.42562	1.14303e-05	285	TxWk	Tx	False
NC_000018.10:495672	chr18	495672	ENSG00000158270.12	COLEC12	body	-1.26715	0.281354	-4.50376	8.02965e-06	285	TxWk	Tx	False
NC_000003.12:111268155	chr3	111268155	ENSG00000153283.13	CD96	up	1.6479	0.385817	4.2712	2.26137e-05	50	Quies	Quies	False
NC_000003.12:133784905	chr3	133784905	ENSG00000144867.13	SRPRB	body	1.08009	0.270341	3.99529	7.26746e-05	115	ReprPCWk	Repr	False
NC_000006.12:160630232	chr6	160630232	ENSG00000198670.13	LPA	up	-1.29862	0.220431	-5.8913	6.39886e-09	185	Quies	Quies	False
NC_000006.12:160630232	chr6	160630232	ENSG00000198670.13	LPA	dn	-2.15996	0.230695	-9.36282	1.55562e-19	132	Quies	Quies	False
NC_000006.12:160630232	chr6	160630232	ENSG00000198670.13	LPA	body	-1.29862	0.220431	-5.8913	6.39886e-09	185	Quies	Quies	False
NC_000009.12:121813067	chr9	121813067	ENSG00000136848.19	DAB2IP	dn	-0.659257	0.15479	-4.25904	2.38414e-05	183	ReprPCWk	Repr	False
NC_000011.10:96507265	chr11	96507265	ENSG00000183340.7	JRKL	body	1.00673	0.208785	4.82184	1.80654e-06	234	Quies	Quies	False
NC_000009.12:113081685	chr9	113081685	ENSG00000136866.14	ZFP37	dn	0.903998	0.130339	6.93572	1.05212e-11	507	Quies	Quies	False
NC_000006.12:85442180	chr6	85442180	ENSG00000135318.12	NT5E	dn	-2.09401	0.463163	-4.5211	7.41915e-06	75	Quies	Quies	False
NC_000009.12:113065776	chr9	113065776	ENSG00000136866.14	ZFP37	dn	0.63899	0.120473	5.304	1.59728e-07	507	Quies	Quies	False
NC_000020.11:31057606	chr20	31057606	ENSG00000215547.1	DEFB115	up	0.121031	0.024024	5.03792	6.24173e-07	170	NA	NA	False
NC_000010.11:109831893	chr10	109831893	ENSG00000108039.18	XPNPEP1	up	-1.30226	0.305379	-4.26439	2.32934e-05	175	Quies	Quies	False
NC_000017.11:21689802	chr17	21689802	ENSG00000260458.3	KCNJ18	dn	4.31806	0.630446	6.84921	1.84846e-11	39	NA	NA	False
NC_000006.12:148444680	chr6	148444680	ENSG00000111961.19	SASH1	up	-0.757487	0.187061	-4.04941	5.81056e-05	171	EnhWk	Enh	False
NC_000001.11:121750915	chr1	121750915	ENSG00000188610.12	FAM72B	up	0.967315	0.242365	3.99116	7.39205e-05	35	NA	NA	False
NC_000014.9:54348992	chr14	54348992	ENSG00000100526.21	CDKN3	up	-0.357656	0.089486	-3.99678	7.22324e-05	346	Quies	Quies	False
NC_000006.12:169565144	chr6	169565144	ENSG00000285733.1	ENSG00000285733	dn	0.633942	0.132336	4.79041	2.10155e-06	324	Quies	Quies	False
NC_000012.12:62460590	chr12	62460590	ENSG00000061987.16	MON2	body	1.31444	0.246773	5.32652	1.41938e-07	269	Quies	Quies	False
NC_000017.11:21722347	chr17	21722347	ENSG00000260458.3	KCNJ18	dn	-2.74413	0.519	-5.28734	1.74261e-07	39	NA	NA	False
NC_000009.12:113065891	chr9	113065891	ENSG00000136866.14	ZFP37	dn	0.775016	0.136532	5.67643	2.14614e-08	507	Quies	Quies	False
NC_000005.10:26795	chr5	26795	ENSG00000153404.15	PLEKHG4B	up	0.77064	0.184346	4.1804	3.34505e-05	252	Quies	Quies	False
NC_000008.11:109536270	chr8	109536270	ENSG00000147654.16	EBAG9	up	-1.41795	0.30236	-4.68962	3.39416e-06	68	Quies	Quies	False
NC_000010.11:46880950	chr10	46880950	ENSG00000204179.11	PTPN20	up	0.962053	0.120758	7.96679	8.25984e-15	219	NA	NA	False
NC_000011.10:5829942	chr11	5829942	ENSG00000205409.3	OR52E6	dn	0.645304	0.161699	3.99077	7.40374e-05	229	Quies	Quies	False
NC_000008.11:66346622	chr8	66346622	ENSG00000179041.4	RRS1	up	-0.807557	0.183592	-4.39864	1.28964e-05	186	EnhA1	Enh	False
NC_000008.11:66311339	chr8	66311339	ENSG00000179041.4	RRS1	up	-0.692064	0.169767	-4.07655	5.18877e-05	186	Quies	Quies	False
NC_000020.11:31176748	chr20	31176748	ENSG00000215547.1	DEFB115	up	0.740981	0.0898171	8.24989	1.013e-15	170	NA	NA	False
NC_000019.10:21565512	chr19	21565512	ENSG00000197013.11	ZNF429	dn	-0.570555	0.0769415	-7.41544	4.16894e-13	204	Quies	Quies	False
NC_000019.10:21565512	chr19	21565512	ENSG00000197013.11	ZNF429	enh	-2.79747	0.608431	-4.59784	5.21209e-06	36	Quies	Quies	False
NC_000001.11:2370113	chr1	2370113	ENSG00000116151.14	MORN1	enh	3.84322	0.90865	4.22959	2.70816e-05	7	Quies	Quies	False
NC_000008.11:24957856	chr8	24957856	ENSG00000277586.4	NEFL	up	-2.03885	0.442489	-4.60768	4.97952e-06	82	ReprPC	Repr	False
NC_000020.11:61623978	chr20	61623978	ENSG00000179242.16	CDH4	up	0.651391	0.16117	4.04163	6.00139e-05	205	Het	Het-ZNF	False
NC_000012.12:13173813	chr12	13173813	ENSG00000134531.10	EMP1	up	0.863695	0.205645	4.19994	3.07669e-05	261	EnhA1	Enh	False
NC_000009.12:74940660	chr9	74940660	ENSG00000135045.7	C9orf40	dn	1.48212	0.316857	4.67756	3.59238e-06	117	Quies	Quies	False
NC_000009.12:113085490	chr9	113085490	ENSG00000136866.14	ZFP37	dn	-0.457472	0.101752	-4.49597	8.31926e-06	507	Quies	Quies	False
NC_000010.11:46879039	chr10	46879039	ENSG00000204179.11	PTPN20	up	0.921009	0.174322	5.28338	1.77904e-07	219	NA	NA	False
NC_000001.11:56668853	chr1	56668853	ENSG00000162409.12	PRKAA2	up	2.3351	0.575398	4.05823	5.60102e-05	53	Quies	Quies	False
NC_000009.12:138176241	chr9	138176241	ENSG00000148408.15	CACNA1B	prom	-2.33488	0.4441	-5.25756	2.03494e-07	58	Quies	Quies	False
NC_000013.11:110200488	chr13	110200488	ENSG00000134871.20	COL4A2	enh	-0.53251	0.121717	-4.37499	1.43287e-05	564	EnhG1	Enh	False
NC_000019.10:21578985	chr19	21578985	ENSG00000197013.11	ZNF429	dn	-0.505231	0.080694	-6.26106	7.30286e-10	204	Het	Het-ZNF	False
NC_000019.10:21578985	chr19	21578985	ENSG00000197013.11	ZNF429	enh	-2.68208	0.631942	-4.24419	2.54259e-05	36	Het	Het-ZNF	False
NC_000005.10:843671	chr5	843671	ENSG00000188818.13	ZDHHC11	up	-0.373949	0.0757269	-4.93813	1.02471e-06	475	ReprPCWk	Repr	False
NC_000005.10:843671	chr5	843671	ENSG00000188818.13	ZDHHC11	dn	-0.378596	0.0757582	-4.99743	7.64026e-07	474	ReprPCWk	Repr	False
NC_000005.10:843671	chr5	843671	ENSG00000188818.13	ZDHHC11	body	-0.378627	0.0758634	-4.9909	7.89222e-07	474	ReprPCWk	Repr	False
NC_000010.11:124555460	chr10	124555460	ENSG00000107902.14	LHPP	body	-0.968046	0.237898	-4.06916	5.35137e-05	250	TxWk	Tx	False
NC_000007.14:155103754	chr7	155103754	ENSG00000157219.5	HTR5A	dn	-0.328731	0.0773822	-4.24814	2.49946e-05	550	ReprPCWk	Repr	False
NC_000006.12:165825786	chr6	165825786	ENSG00000112541.19	PDE10A	body	0.586356	0.145088	4.04139	6.00736e-05	481	ReprPCWk	Repr	False
NC_000008.11:135626540	chr8	135626540	ENSG00000131773.15	KHDRBS3	body	-0.801325	0.138529	-5.78451	1.17314e-08	394	Quies	Quies	False
NC_000010.11:38789112	chr10	38789112	ENSG00000283930.1	PLD5P1	up	-1.87358	0.305869	-6.12542	1.64001e-09	122	ZNF/Rpts	Het-ZNF	False
NC_000010.11:38789112	chr10	38789112	ENSG00000283930.1	PLD5P1	dn	-0.825817	0.170631	-4.83977	1.65652e-06	224	ZNF/Rpts	Het-ZNF	False
NC_000010.11:38789112	chr10	38789112	ENSG00000283930.1	PLD5P1	body	-1.22585	0.200795	-6.10496	1.85045e-09	190	ZNF/Rpts	Het-ZNF	False
NC_000013.11:30471184	chr13	30471184	ENSG00000236444.5	UBE2L5	dn	-1.40731	0.313224	-4.49298	8.43321e-06	220	ReprPCWk	Repr	False
NC_000020.11:31224857	chr20	31224857	ENSG00000215547.1	DEFB115	up	0.281746	0.0543496	5.18395	2.97608e-07	170	ZNF/Rpts	Het-ZNF	False
NC_000004.12:36800	chr4	36800	ENSG00000272602.6	ZNF595	dn	-0.633372	0.153407	-4.1287	4.16702e-05	383	ZNF/Rpts	Het-ZNF	False
NC_000011.10:27637389	chr11	27637389	ENSG00000176697.20	BDNF	up	-1.59019	0.320152	-4.96699	8.88592e-07	78	Het	Het-ZNF	False
NC_000020.11:61203245	chr20	61203245	ENSG00000179242.16	CDH4	up	1.20812	0.267126	4.52267	7.3661e-06	205	ReprPCWk	Repr	False
NC_000012.12:30878984	chr12	30878984	ENSG00000110900.16	TSPAN11	up	-1.69551	0.27671	-6.12739	1.62098e-09	105	ReprPCWk	Repr	False
NC_000019.10:22633830	chr19	22633830	ENSG00000229676.3	ZNF492	up	1.82603	0.425849	4.28797	2.10199e-05	37	TssFlnk	Prom	False
NC_000019.10:22633830	chr19	22633830	ENSG00000229676.3	ZNF492	dn	0.811093	0.159213	5.0944	4.69706e-07	68	TssFlnk	Prom	False
NC_000019.10:22633830	chr19	22633830	ENSG00000229676.3	ZNF492	body	2.0423	0.405773	5.0331	6.39441e-07	34	TssFlnk	Prom	False
NC_000019.10:22633830	chr19	22633830	ENSG00000229676.3	ZNF492	prom	3.77012	0.575418	6.55197	1.22603e-10	19	TssFlnk	Prom	False
NC_000019.10:22633832	chr19	22633832	ENSG00000229676.3	ZNF492	up	1.51274	0.315703	4.79166	2.08896e-06	37	TssFlnk	Prom	False
NC_000019.10:22633832	chr19	22633832	ENSG00000229676.3	ZNF492	prom	2.3483	0.432741	5.42657	8.35658e-08	19	TssFlnk	Prom	False
NC_000001.11:2679692	chr1	2679692	ENSG00000142606.16	MMEL1	up	-0.426065	0.102987	-4.13709	4.02185e-05	162	Het	Het-ZNF	False
NC_000001.11:2679692	chr1	2679692	ENSG00000142606.16	MMEL1	body	-0.426065	0.102987	-4.13709	4.02185e-05	162	Het	Het-ZNF	False
NC_000015.10:51574690	chr15	51574690	ENSG00000104093.14	DMXL2	up	1.16762	0.285112	4.09529	4.79693e-05	153	Quies	Quies	False
NC_000015.10:51574690	chr15	51574690	ENSG00000104093.14	DMXL2	body	1.16762	0.285112	4.09529	4.79693e-05	153	Quies	Quies	False
NC_000008.11:66349146	chr8	66349146	ENSG00000179041.4	RRS1	up	-1.13328	0.157755	-7.18384	2.02458e-12	186	EnhA2	Enh	False
NC_000001.11:179570483	chr1	179570483	ENSG00000116218.13	NPHS2	dn	1.03131	0.255199	4.04119	6.01234e-05	120	Quies	Quies	False
NC_000018.10:46489109	chr18	46489109	ENSG00000141622.14	ARK2C	enh	-5.74992	1.3401	-4.29066	2.07739e-05	3	ReprPCWk	Repr	False
NC_000004.12:72077837	chr4	72077837	ENSG00000056291.19	NPFFR2	body	2.47436	0.615153	4.02236	6.50022e-05	37	Quies	Quies	False
NC_000013.11:27426196	chr13	27426196	ENSG00000122034.17	GTF3A	dn	-0.755246	0.187117	-4.03623	6.13747e-05	247	EnhWk	Enh	False
NC_000004.12:99261125	chr4	99261125	ENSG00000187758.8	ADH1A	up	-0.995882	0.247735	-4.01995	6.56523e-05	430	Quies	Quies	False
NC_000008.11:17463955	chr8	17463955	ENSG00000003989.18	SLC7A2	up	-1.03341	0.248563	-4.15752	3.68776e-05	240	Quies	Quies	False
NC_000012.12:107598387	chr12	107598387	ENSG00000136045.12	PWP1	up	-0.852277	0.185696	-4.58963	5.41412e-06	165	Quies	Quies	False
NC_000001.11:109972331	chr1	109972331	ENSG00000168710.18	AHCYL1	dn	-1.23707	0.291691	-4.24103	2.57759e-05	311	Quies	Quies	False
NC_000010.11:38832365	chr10	38832365	ENSG00000283930.1	PLD5P1	up	-1.19756	0.239391	-5.00252	7.44913e-07	122	ZNF/Rpts	Het-ZNF	False
NC_000010.11:38832365	chr10	38832365	ENSG00000283930.1	PLD5P1	body	-0.768078	0.157271	-4.88379	1.33745e-06	190	ZNF/Rpts	Het-ZNF	False
NC_000010.11:444734	chr10	444734	ENSG00000151240.18	DIP2C	up	-1.01111	0.243979	-4.14425	3.9015e-05	112	Quies	Quies	False
NC_000001.11:121021057	chr1	121021057	ENSG00000263353.4	PPIAL4A	up	-1.02539	0.241679	-4.24277	2.55831e-05	256	NA	NA	False
NC_000001.11:2674232	chr1	2674232	ENSG00000142606.16	MMEL1	up	-0.732023	0.145395	-5.03472	6.34255e-07	162	Quies	Quies	False
NC_000001.11:2674232	chr1	2674232	ENSG00000142606.16	MMEL1	dn	-0.351876	0.0688064	-5.11401	4.25296e-07	280	Quies	Quies	False
NC_000001.11:2674232	chr1	2674232	ENSG00000142606.16	MMEL1	body	-0.732023	0.145395	-5.03472	6.34255e-07	162	Quies	Quies	False
NC_000003.12:4174620	chr3	4174620	ENSG00000170364.13	SETMAR	up	1.0609	0.259873	4.08237	5.06392e-05	221	Het	Het-ZNF	False
NC_000018.10:14543512	chr18	14543512	ENSG00000183206.18	POTEC	dn	-3.20038	0.37336	-8.57185	8.7011e-17	116	Het	Het-ZNF	False
NC_000018.10:14543519	chr18	14543519	ENSG00000183206.18	POTEC	up	-1.46522	0.353339	-4.14679	3.85982e-05	147	Het	Het-ZNF	False
NC_000018.10:14543519	chr18	14543519	ENSG00000183206.18	POTEC	dn	-3.29047	0.386883	-8.50508	1.45609e-16	116	Het	Het-ZNF	False
NC_000006.12:169561226	chr6	169561226	ENSG00000285733.1	ENSG00000285733	dn	0.8551	0.198232	4.31364	1.8786e-05	324	Quies	Quies	False
NC_000020.11:31060648	chr20	31060648	ENSG00000215547.1	DEFB115	up	0.088645	0.0175737	5.04418	6.04896e-07	170	NA	NA	False
NC_000011.10:5922624	chr11	5922624	ENSG00000132256.20	TRIM5	up	0.861839	0.211916	4.06689	5.40235e-05	229	Het	Het-ZNF	False
NC_000002.12:74956349	chr2	74956349	ENSG00000115350.12	POLE4	dn	-1.60275	0.3976	-4.03106	6.27017e-05	109	Quies	Quies	False
NC_000020.11:31244570	chr20	31244570	ENSG00000215547.1	DEFB115	up	-0.332384	0.0696645	-4.77121	2.30402e-06	170	ZNF/Rpts	Het-ZNF	False
NC_000001.11:2668922	chr1	2668922	ENSG00000142606.16	MMEL1	dn	-0.164941	0.0404654	-4.07611	5.19839e-05	280	Quies	Quies	False
NC_000007.14:116264509	chr7	116264509	ENSG00000105971.15	CAV2	up	1.15957	0.195193	5.94063	4.82093e-09	176	TxWk	Tx	False
NC_000014.9:18654690	chr14	18654690	ENSG00000257115.2	OR11H12	up	-1.29013	0.22714	-5.67989	2.10535e-08	71	Quies	Quies	False
NC_000014.9:18654697	chr14	18654697	ENSG00000257115.2	OR11H12	up	-1.21245	0.276861	-4.37927	1.40588e-05	71	Quies	Quies	False
NC_000002.12:38285939	chr2	38285939	ENSG00000119787.14	ATL2	up	2.08202	0.428779	4.85569	1.53353e-06	42	Het	Het-ZNF	False
NC_000002.12:38285939	chr2	38285939	ENSG00000119787.14	ATL2	dn	1.82778	0.391261	4.67151	3.69604e-06	44	Het	Het-ZNF	False
NC_000002.12:38285939	chr2	38285939	ENSG00000119787.14	ATL2	body	2.08202	0.428779	4.85569	1.53353e-06	42	Het	Het-ZNF	False
NC_000009.12:113081214	chr9	113081214	ENSG00000136866.14	ZFP37	dn	0.53662	0.134174	3.99943	7.14488e-05	507	Quies	Quies	False
NC_000005.10:137680686	chr5	137680686	ENSG00000146021.15	KLHL3	up	-1.26131	0.275521	-4.57791	5.71541e-06	115	TxWk	Tx	False
NC_000005.10:137680686	chr5	137680686	ENSG00000146021.15	KLHL3	dn	-1.26131	0.275521	-4.57791	5.71541e-06	115	TxWk	Tx	False
NC_000005.10:137680686	chr5	137680686	ENSG00000146021.15	KLHL3	body	-1.26131	0.275521	-4.57791	5.71541e-06	115	TxWk	Tx	False
NC_000006.12:131265961	chr6	131265961	ENSG00000118507.19	AKAP7	body	-2.31182	0.384506	-6.01244	3.18097e-09	55	Quies	Quies	False
NC_000012.12:42000112	chr12	42000112	ENSG00000151233.11	GXYLT1	dn	-1.4919	0.336948	-4.42769	1.13246e-05	89	Quies	Quies	False
NC_000012.12:42000112	chr12	42000112	ENSG00000151233.11	GXYLT1	body	-1.36343	0.339777	-4.01272	6.76426e-05	88	Quies	Quies	False
NC_000003.12:98149027	chr3	98149027	ENSG00000236032.3	OR5H14	dn	0.239721	0.0585472	4.09449	4.81309e-05	266	Quies	Quies	False
NC_000010.11:122695746	chr10	122695746	ENSG00000183559.12	C10orf120	up	-0.456615	0.0825731	-5.52982	4.79503e-08	468	ReprPCWk	Repr	False
NC_000013.11:27960014	chr13	27960014	ENSG00000165556.10	CDX2	dn	-0.80078	0.198035	-4.04362	5.95202e-05	181	EnhBiv	Biv	False
NC_000006.12:6659077	chr6	6659077	ENSG00000112799.9	LY86	dn	-0.602275	0.137172	-4.39064	1.3365e-05	208	EnhA2	Enh	False
NC_000006.12:6659077	chr6	6659077	ENSG00000112799.9	LY86	enh	-0.617879	0.138709	-4.45451	1.00374e-05	206	EnhA2	Enh	False
NC_000007.14:22725790	chr7	22725790	ENSG00000136244.12	IL6	dn	0.569488	0.126108	4.51589	7.59778e-06	463	EnhA1	Enh	False
NC_000012.12:112532663	chr12	112532663	ENSG00000089169.15	RPH3A	enh	3.93978	0.867421	4.54194	6.74401e-06	8	TxWk	Tx	False
NC_000009.12:113087608	chr9	113087608	ENSG00000136866.14	ZFP37	dn	0.584044	0.105577	5.53195	4.74003e-08	507	Quies	Quies	False
NC_000010.11:34496884	chr10	34496884	ENSG00000148498.17	PARD3	body	0.459797	0.114031	4.03222	6.24009e-05	391	Quies	Quies	False
NC_000006.12:15414543	chr6	15414543	ENSG00000008083.14	JARID2	body	1.90366	0.225877	8.42784	2.63165e-16	294	EnhWk	Enh	False
NC_000001.11:247531206	chr1	247531206	ENSG00000196242.10	OR2C3	up	0.826943	0.179286	4.61243	4.87096e-06	152	TssFlnk	Prom	False
NC_000006.12:149107845	chr6	149107845	ENSG00000055208.20	TAB2	up	-1.38161	0.283448	-4.87428	1.40096e-06	86	EnhWk	Enh	False
NC_000002.12:136121756	chr2	136121756	ENSG00000121966.8	CXCR4	dn	1.47577	0.259928	5.67761	2.13215e-08	64	ReprPC	Repr	False
NC_000009.12:113087721	chr9	113087721	ENSG00000136866.14	ZFP37	dn	0.69283	0.107704	6.43269	2.5692e-10	507	Quies	Quies	False
NC_000012.12:13202391	chr12	13202391	ENSG00000134531.10	EMP1	up	-0.827151	0.198541	-4.16614	3.55494e-05	261	TxWk	Tx	False
NC_000001.11:192893516	chr1	192893516	ENSG00000116741.8	RGS2	dn	1.25765	0.275715	4.5614	6.1674e-06	35	Quies	Quies	False
NC_000005.10:10425955	chr5	10425955	ENSG00000145491.12	ROPN1L	body	-1.21794	0.21958	-5.54665	4.37621e-08	215	Tx	Tx	False
NC_000005.10:10425955	chr5	10425955	ENSG00000145491.12	ROPN1L	enh	-1.25817	0.236324	-5.32391	1.43895e-07	218	Tx	Tx	False
NC_000006.12:72806226	chr6	72806226	ENSG00000185760.18	KCNQ5	body	-1.39732	0.330397	-4.22921	2.71269e-05	61	Quies	Quies	False
NC_000009.12:113081576	chr9	113081576	ENSG00000136866.14	ZFP37	dn	0.951293	0.118928	7.99888	6.52996e-15	507	Quies	Quies	False
NC_000009.12:113065668	chr9	113065668	ENSG00000136866.14	ZFP37	dn	0.422082	0.104554	4.037	6.11789e-05	507	Quies	Quies	False
NC_000006.12:157312738	chr6	157312738	ENSG00000215712.11	TMEM242	dn	0.289743	0.0672644	4.30753	1.92963e-05	190	Tx	Tx	False
NC_000011.10:5929194	chr11	5929194	ENSG00000132256.20	TRIM5	up	0.908925	0.217874	4.17178	3.47043e-05	229	ZNF/Rpts	Het-ZNF	False
NC_000019.10:21561958	chr19	21561958	ENSG00000197013.11	ZNF429	dn	-0.442928	0.0653791	-6.77477	2.98808e-11	204	Het	Het-ZNF	False
NC_000007.14:158916712	chr7	158916712	ENSG00000126870.16	DYNC2I1	body	-0.399646	0.0983566	-4.06324	5.4854e-05	404	TxWk	Tx	False
NC_000009.12:113081695	chr9	113081695	ENSG00000136866.14	ZFP37	dn	1.13424	0.135362	8.3793	3.80946e-16	507	Quies	Quies	False
NC_000010.11:46880841	chr10	46880841	ENSG00000204179.11	PTPN20	up	0.909795	0.118525	7.67601	6.71708e-14	219	NA	NA	False
NC_000007.14:151923081	chr7	151923081	ENSG00000106648.15	GALNTL5	body	0.828634	0.206804	4.00686	6.9295e-05	394	TxWk	Tx	False
NC_000020.11:31398406	chr20	31398406	ENSG00000180483.7	DEFB119	dn	-0.592079	0.142561	-4.15317	3.75654e-05	204	Quies	Quies	False
NC_000004.12:72132434	chr4	72132434	ENSG00000056291.19	NPFFR2	body	1.66458	0.387522	4.29544	2.03448e-05	37	Quies	Quies	False
NC_000006.12:75306790	chr6	75306790	ENSG00000112697.17	TMEM30A	dn	-1.82785	0.376416	-4.85594	1.53167e-06	87	Quies	Quies	False
NC_000019.10:36284151	chr19	36284151	ENSG00000196357.12	ZNF565	up	-0.386289	0.0883217	-4.37367	1.44129e-05	119	Quies	Quies	False
NC_000009.12:36008626	chr9	36008626	ENSG00000243641.3	OR13C7	dn	1.38963	0.328105	4.23533	2.64193e-05	183	Quies	Quies	False
NC_000008.11:17081789	chr8	17081789	ENSG00000155970.12	MICU3	body	2.19366	0.467061	4.69672	3.28229e-06	84	TxWk	Tx	False
NC_000002.12:112388607	chr2	112388607	ENSG00000169629.12	RGPD8	dn	1.70785	0.410817	4.1572	3.69279e-05	31	Quies	Quies	False
NC_000002.12:112388607	chr2	112388607	ENSG00000169629.12	RGPD8	prom	1.77168	0.418408	4.23435	2.65317e-05	30	Quies	Quies	False
NC_000011.10:107152001	chr11	107152001	ENSG00000152402.11	GUCY1A2	body	0.607202	0.146236	4.1522	3.77213e-05	350	Quies	Quies	False
NC_000009.12:113086792	chr9	113086792	ENSG00000136866.14	ZFP37	dn	1.0053	0.134917	7.45127	3.25316e-13	507	Quies	Quies	False
NC_000009.12:113086799	chr9	113086799	ENSG00000136866.14	ZFP37	dn	0.595736	0.10568	5.63716	2.66642e-08	507	Quies	Quies	False
NC_000010.11:38831086	chr10	38831086	ENSG00000283930.1	PLD5P1	dn	-0.39581	0.0939564	-4.2127	2.91257e-05	224	ZNF/Rpts	Het-ZNF	False
NC_000010.11:113509581	chr10	113509581	ENSG00000148702.15	HABP2	up	-0.529222	0.116663	-4.53633	6.91972e-06	295	Quies	Quies	False
NC_000011.10:5919951	chr11	5919951	ENSG00000132256.20	TRIM5	up	0.782787	0.189728	4.12583	4.21801e-05	229	Quies	Quies	False
NC_000022.11:49762316	chr22	49762316	ENSG00000100425.19	BRD1	up	-0.914747	0.172952	-5.28901	1.72753e-07	67	Quies	Quies	False
NC_000022.11:49762316	chr22	49762316	ENSG00000100425.19	BRD1	enh	-1.86601	0.339002	-5.50441	5.5021e-08	43	Quies	Quies	False
NC_000014.9:56209549	chr14	56209549	ENSG00000139946.11	PELI2	body	-0.998779	0.208452	-4.79142	2.09137e-06	136	Quies	Quies	False
NC_000007.14:118442905	chr7	118442905	ENSG00000106013.15	ANKRD7	body	-0.87546	0.193579	-4.5225	7.37192e-06	247	Het	Het-ZNF	False
NC_000005.10:127115014	chr5	127115014	ENSG00000164241.14	C5orf63	dn	1.45608	0.333742	4.3629	1.5118e-05	58	Quies	Quies	False
NC_000011.10:19361082	chr11	19361082	ENSG00000166833.23	NAV2	enh	1.60846	0.232708	6.91193	1.22923e-11	119	EnhA2	Enh	False
NC_000019.10:21617686	chr19	21617686	ENSG00000197013.11	ZNF429	dn	-0.269407	0.0538229	-5.00543	7.34168e-07	204	Het	Het-ZNF	False
NC_000019.10:21564350	chr19	21564350	ENSG00000197013.11	ZNF429	dn	-0.615972	0.0782421	-7.87264	1.639e-14	204	Het	Het-ZNF	False
NC_000019.10:21564350	chr19	21564350	ENSG00000197013.11	ZNF429	enh	-2.9024	0.62169	-4.66857	3.74737e-06	36	Het	Het-ZNF	False
NC_000002.12:74931772	chr2	74931772	ENSG00000115350.12	POLE4	dn	-2.1392	0.401382	-5.32958	1.39674e-07	109	Quies	Quies	False
NC_000014.9:18655511	chr14	18655511	ENSG00000257115.2	OR11H12	up	-1.33003	0.239443	-5.55469	4.18911e-08	71	Quies	Quies	False
NC_000005.10:38334008	chr5	38334008	ENSG00000164318.18	EGFLAM	body	1.30241	0.304595	4.27587	2.21585e-05	419	Het	Het-ZNF	False
NC_000020.11:25775420	chr20	25775420	ENSG00000130684.14	ZNF337	up	-0.551479	0.137549	-4.00933	6.85953e-05	90	Quies	Quies	False
NC_000017.11:26825088	chr17	26825088	ENSG00000109046.15	WSB1	up	-0.483622	0.110486	-4.37724	1.4186e-05	81	NA	NA	False
NC_000019.10:23883946	chr19	23883946	ENSG00000213967.12	ZNF726	dn	-0.358098	0.0772209	-4.63732	4.33779e-06	365	Quies	Quies	False
NC_000007.14:78144788	chr7	78144788	ENSG00000006576.17	PHTF2	up	-2.49805	0.565966	-4.41379	1.20525e-05	37	Quies	Quies	False
NC_000001.11:736827	chr1	736827	ENSG00000284662.2	OR4F16	dn	-0.955971	0.177631	-5.38178	1.06042e-07	196	TxWk	Tx	False
NC_000013.11:94597397	chr13	94597397	ENSG00000088451.11	TGDS	dn	-1.32923	0.289238	-4.59562	5.26595e-06	144	TxWk	Tx	False
NC_000006.12:163956653	chr6	163956653	ENSG00000112531.17	QKI	up	0.607625	0.142171	4.27391	2.23487e-05	295	TxWk	Tx	False
NC_000006.12:163956653	chr6	163956653	ENSG00000112531.17	QKI	enh	1.18067	0.256612	4.60097	5.13691e-06	230	TxWk	Tx	False
NC_000012.12:112636715	chr12	112636715	ENSG00000089169.15	RPH3A	enh	3.92737	0.893182	4.39705	1.29883e-05	8	Quies	Quies	False
NC_000001.11:2675772	chr1	2675772	ENSG00000142606.16	MMEL1	up	-0.575268	0.114664	-5.01699	6.93045e-07	162	Quies	Quies	False
NC_000001.11:2675772	chr1	2675772	ENSG00000142606.16	MMEL1	dn	-0.252084	0.0544623	-4.62859	4.51795e-06	280	Quies	Quies	False
NC_000001.11:2675772	chr1	2675772	ENSG00000142606.16	MMEL1	body	-0.575268	0.114664	-5.01699	6.93045e-07	162	Quies	Quies	False
NC_000010.11:38832499	chr10	38832499	ENSG00000283930.1	PLD5P1	dn	-0.728514	0.143916	-5.06208	5.52892e-07	224	ZNF/Rpts	Het-ZNF	False
NC_000003.12:87305835	chr3	87305835	ENSG00000064835.12	POU1F1	dn	2.79957	0.412094	6.79352	2.64879e-11	93	Quies	Quies	False
NC_000009.12:113060454	chr9	113060454	ENSG00000136866.14	ZFP37	dn	0.600223	0.140363	4.27623	2.21236e-05	507	Het	Het-ZNF	False
NC_000004.12:190120865	chr4	190120865	ENSG00000260596.5	DUX4	up	1.82699	0.37001	4.93768	1.02696e-06	32	Het	Het-ZNF	False
NC_000013.11:19093712	chr13	19093712	ENSG00000198033.13	TUBA3C	dn	0.863024	0.186679	4.62302	4.63667e-06	378	Het	Het-ZNF	False
NC_000005.10:137680698	chr5	137680698	ENSG00000146021.15	KLHL3	up	-1.31517	0.258747	-5.08285	4.97948e-07	115	TxWk	Tx	False
NC_000005.10:137680698	chr5	137680698	ENSG00000146021.15	KLHL3	dn	-1.31517	0.258747	-5.08285	4.97948e-07	115	TxWk	Tx	False
NC_000005.10:137680698	chr5	137680698	ENSG00000146021.15	KLHL3	body	-1.31517	0.258747	-5.08285	4.97948e-07	115	TxWk	Tx	False
NC_000009.12:113065317	chr9	113065317	ENSG00000136866.14	ZFP37	dn	0.855274	0.170478	5.01692	6.93287e-07	507	Quies	Quies	False
NC_000002.12:74936403	chr2	74936403	ENSG00000115350.12	POLE4	dn	-1.92817	0.313409	-6.15225	1.39915e-09	109	Quies	Quies	False
NC_000020.11:31215680	chr20	31215680	ENSG00000215547.1	DEFB115	up	0.293626	0.0728246	4.03196	6.24702e-05	170	NA	NA	False
NC_000002.12:30445039	chr2	30445039	ENSG00000172954.14	LCLAT1	prom	-0.975243	0.236979	-4.11532	4.40929e-05	196	Quies	Quies	False
NC_000009.12:113081346	chr9	113081346	ENSG00000136866.14	ZFP37	dn	0.600817	0.0958707	6.26695	7.04838e-10	507	Quies	Quies	False
NC_000010.11:46883253	chr10	46883253	ENSG00000204179.11	PTPN20	up	1.36378	0.159429	8.55415	9.97655e-17	219	NA	NA	False
NC_000009.12:113065431	chr9	113065431	ENSG00000136866.14	ZFP37	dn	1.26668	0.15632	8.1031	3.02856e-15	507	Quies	Quies	False
NC_000014.9:18611165	chr14	18611165	ENSG00000257115.2	OR11H12	up	-0.448643	0.100758	-4.45267	1.01212e-05	71	Quies	Quies	False
NC_000009.12:101515397	chr9	101515397	ENSG00000165152.9	PGAP4	dn	-1.89986	0.46931	-4.04821	5.83952e-05	68	Quies	Quies	False
NC_000018.10:14001977	chr18	14001977	ENSG00000185231.5	MC2R	up	1.19058	0.284127	4.19031	3.20624e-05	157	Het	Het-ZNF	False
NC_000009.12:113087611	chr9	113087611	ENSG00000136866.14	ZFP37	dn	0.699562	0.119205	5.86857	7.28554e-09	507	Quies	Quies	False
NC_000009.12:113087614	chr9	113087614	ENSG00000136866.14	ZFP37	dn	0.700447	0.103893	6.74197	3.68732e-11	507	Quies	Quies	False
NC_000009.12:113087617	chr9	113087617	ENSG00000136866.14	ZFP37	dn	0.608844	0.116146	5.24205	2.20549e-07	507	Quies	Quies	False
NC_000007.14:48996135	chr7	48996135	ENSG00000218305.5	CDC14C	dn	2.37454	0.315793	7.5193	2.02589e-13	185	Het	Het-ZNF	False
NC_000008.11:66333888	chr8	66333888	ENSG00000179041.4	RRS1	up	-1.14168	0.230766	-4.94734	9.7922e-07	186	Quies	Quies	False
NC_000007.14:102653864	chr7	102653864	ENSG00000173678.15	SPDYE2B	up	-1.36209	0.235964	-5.77244	1.25558e-08	154	Quies	Quies	False
NC_000020.11:31065757	chr20	31065757	ENSG00000215547.1	DEFB115	up	-0.0925623	0.0146034	-6.33842	4.57372e-10	170	NA	NA	False
NC_000016.10:57723377	chr16	57723377	ENSG00000140854.13	KATNB1	up	-0.888654	0.201329	-4.41394	1.20443e-05	174	ReprPCWk	Repr	False
NC_000012.12:199405	chr12	199405	ENSG00000111181.13	SLC6A12	up	0.752454	0.181068	4.15564	3.71734e-05	349	EnhA1	Enh	False
NC_000009.12:113065551	chr9	113065551	ENSG00000136866.14	ZFP37	dn	0.733178	0.130223	5.63017	2.77108e-08	507	Quies	Quies	False
NC_000009.12:113065555	chr9	113065555	ENSG00000136866.14	ZFP37	dn	0.47759	0.110666	4.3156	1.86252e-05	507	Quies	Quies	False
NC_000011.10:16907364	chr11	16907364	ENSG00000166689.18	PLEKHA7	body	1.6279	0.193903	8.39541	3.36993e-16	325	Quies	Quies	False
NC_000012.12:9853334	chr12	9853334	ENSG00000110852.5	CLEC2B	dn	-1.56971	0.39263	-3.99793	7.18898e-05	47	TxWk	Tx	False
NC_000012.12:9853334	chr12	9853334	ENSG00000110852.5	CLEC2B	body	-1.56971	0.39263	-3.99793	7.18898e-05	47	TxWk	Tx	False
NC_000002.12:3181182	chr2	3181182	ENSG00000032389.13	EIPR1	up	-0.317973	0.0656614	-4.84261	1.6339e-06	245	ZNF/Rpts	Het-ZNF	False
NC_000002.12:3181182	chr2	3181182	ENSG00000032389.13	EIPR1	body	-0.242897	0.054552	-4.45258	1.01254e-05	361	ZNF/Rpts	Het-ZNF	False
NC_000006.12:149981403	chr6	149981403	ENSG00000111981.5	ULBP1	dn	-1.68382	0.31733	-5.3062	1.57899e-07	124	ReprPCWk	Repr	False
NC_000006.12:157312627	chr6	157312627	ENSG00000215712.11	TMEM242	up	0.400504	0.0858559	4.66484	3.81353e-06	359	Tx	Tx	False
NC_000006.12:169554750	chr6	169554750	ENSG00000285733.1	ENSG00000285733	dn	0.46441	0.108977	4.26156	2.3582e-05	324	Quies	Quies	False
NC_000009.12:113081589	chr9	113081589	ENSG00000136866.14	ZFP37	dn	1.09006	0.140744	7.74501	4.10758e-14	507	Quies	Quies	False
NC_000009.12:113065670	chr9	113065670	ENSG00000136866.14	ZFP37	dn	0.60111	0.144832	4.15038	3.80133e-05	507	Quies	Quies	False
NC_000010.11:122804618	chr10	122804618	ENSG00000138161.14	CUZD1	up	0.92802	0.168235	5.5162	5.16219e-08	132	ReprPCWk	Repr	False
NC_000011.10:5919604	chr11	5919604	ENSG00000132256.20	TRIM5	up	0.589222	0.132947	4.43201	1.11072e-05	229	Quies	Quies	False
NC_000002.12:102732560	chr2	102732560	ENSG00000135953.11	MFSD9	up	-2.77741	0.678517	-4.09335	4.83604e-05	33	TxWk	Tx	False
NC_000019.10:36298685	chr19	36298685	ENSG00000196357.12	ZNF565	up	-0.400575	0.0960174	-4.1719	3.46868e-05	119	Quies	Quies	False
NC_000005.10:115637177	chr5	115637177	ENSG00000134970.14	TMED7	up	-1.14233	0.253703	-4.50265	8.07045e-06	62	Quies	Quies	False
NC_000005.10:115637177	chr5	115637177	ENSG00000134970.14	TMED7	dn	-0.61128	0.0949902	-6.43519	2.52989e-10	145	Quies	Quies	False
NC_000005.10:115637177	chr5	115637177	ENSG00000134970.14	TMED7	body	-1.14233	0.253703	-4.50265	8.07045e-06	62	Quies	Quies	False
NC_000018.10:45764364	chr18	45764364	ENSG00000197046.12	SIGLEC15	up	-1.74301	0.354921	-4.91099	1.17089e-06	141	ReprPCWk	Repr	False
NC_000003.12:101467297	chr3	101467297	ENSG00000138468.16	SENP7	up	-0.78872	0.127332	-6.19418	1.09027e-09	191	Quies	Quies	False
NC_000003.12:101467297	chr3	101467297	ENSG00000138468.16	SENP7	body	-0.735858	0.121766	-6.04319	2.65886e-09	196	Quies	Quies	False
NC_000004.12:119393461	chr4	119393461	ENSG00000145384.4	FABP2	dn	0.284873	0.0658806	4.32408	1.7944e-05	201	Quies	Quies	False
NC_000003.12:190607020	chr3	190607020	ENSG00000196083.11	IL1RAP	dn	-0.684787	0.167734	-4.08257	5.0597e-05	174	TxWk	Tx	False
NC_000005.10:850176	chr5	850176	ENSG00000188818.13	ZDHHC11	up	-0.320604	0.0601724	-5.3281	1.40763e-07	475	EnhBiv	Biv	False
NC_000005.10:850176	chr5	850176	ENSG00000188818.13	ZDHHC11	dn	-0.31808	0.0602507	-5.27928	1.81747e-07	474	EnhBiv	Biv	False
NC_000005.10:850176	chr5	850176	ENSG00000188818.13	ZDHHC11	body	-0.32154	0.0603042	-5.33196	1.37938e-07	474	EnhBiv	Biv	False
NC_000003.12:194079685	chr3	194079685	ENSG00000114315.4	HES1	up	-1.2577	0.300393	-4.18685	3.25412e-05	170	ReprPCWk	Repr	False
NC_000003.12:194079685	chr3	194079685	ENSG00000114315.4	HES1	enh	-1.26896	0.312854	-4.05606	5.6518e-05	158	ReprPCWk	Repr	False
NC_000002.12:74931309	chr2	74931309	ENSG00000115350.12	POLE4	dn	-2.40667	0.347802	-6.91965	1.16878e-11	109	Quies	Quies	False
NC_000003.12:13683257	chr3	13683257	ENSG00000163520.14	FBLN2	dn	-1.17309	0.283005	-4.14514	3.88689e-05	277	ReprPCWk	Repr	False
NC_000001.11:221349647	chr1	221349647	ENSG00000143507.18	DUSP10	up	0.642027	0.156665	4.0981	4.74062e-05	252	Quies	Quies	False
NC_000017.11:21967834	chr17	21967834	ENSG00000260458.3	KCNJ18	dn	2.06044	0.470529	4.379	1.40757e-05	39	NA	NA	False
NC_000008.11:205911	chr8	205911	ENSG00000172748.14	ZNF596	dn	-0.380149	0.0810746	-4.68888	3.40597e-06	508	EnhA2	Enh	False
NC_000009.12:113083924	chr9	113083924	ENSG00000136866.14	ZFP37	dn	0.347168	0.0710007	4.88964	1.2998e-06	507	Quies	Quies	False
NC_000011.10:103423064	chr11	103423064	ENSG00000187240.17	DYNC2H1	body	-2.75428	0.367531	-7.49401	2.4169e-13	142	Quies	Quies	False
NC_000010.11:133320417	chr10	133320417	ENSG00000130640.15	TUBGCP2	body	-0.795473	0.197633	-4.025	6.42956e-05	243	ReprPCWk	Repr	True
NC_000007.14:99658073	chr7	99658073	ENSG00000106258.16	CYP3A5	up	1.09016	0.248161	4.39295	1.32283e-05	53	TxWk	Tx	False
NC_000017.11:43360601	chr17	43360601	ENSG00000175906.5	ARL4D	up	4.03875	0.580184	6.96115	8.90537e-12	49	TssA	Prom	False
NC_000017.11:43360601	chr17	43360601	ENSG00000175906.5	ARL4D	prom	5.80437	0.782039	7.4221	3.98144e-13	30	TssA	Prom	False
NC_000017.11:43360601	chr17	43360601	ENSG00000175906.5	ARL4D	enh	1.94882	0.371283	5.24889	2.12866e-07	124	TssA	Prom	False
NC_000001.11:209895283	chr1	209895283	ENSG00000143469.21	SYT14	up	-0.693915	0.158216	-4.38588	1.3651e-05	302	ReprPCWk	Repr	False
NC_000009.12:74280375	chr9	74280375	ENSG00000198963.11	RORB	body	-0.67163	0.166856	-4.02521	6.42403e-05	281	Het	Het-ZNF	False
NC_000010.11:113966401	chr10	113966401	ENSG00000043591.6	ADRB1	up	-1.96437	0.447437	-4.39027	1.33869e-05	61	Quies	Quies	False
NC_000009.12:32702979	chr9	32702979	ENSG00000122728.6	TAF1L	dn	1.74619	0.384384	4.54282	6.71712e-06	58	Quies	Quies	False
NC_000001.11:171147122	chr1	171147122	ENSG00000094963.14	FMO2	up	-1.11829	0.261266	-4.28027	2.17378e-05	100	Quies	Quies	False
NC_000009.12:113088903	chr9	113088903	ENSG00000136866.14	ZFP37	dn	0.583205	0.128747	4.52985	7.12833e-06	507	Het	Het-ZNF	False
NC_000010.11:87741550	chr10	87741550	ENSG00000198682.13	PAPSS2	dn	-1.02182	0.220921	-4.62526	4.58874e-06	114	TxWk	Tx	False
NC_000016.10:57179172	chr16	57179172	ENSG00000172775.18	PSME3IP1	dn	0.58108	0.132584	4.38271	1.38449e-05	341	TxWk	Tx	False
NC_000007.14:100998605	chr7	100998605	ENSG00000169876.14	MUC17	dn	0.498333	0.123198	4.04497	5.91865e-05	88	Het	Het-ZNF	False
NC_000007.14:87209636	chr7	87209636	ENSG00000135185.12	TMEM243	up	-1.38281	0.292923	-4.72072	2.93011e-06	224	Quies	Quies	False
NC_000007.14:87209636	chr7	87209636	ENSG00000135185.12	TMEM243	dn	-1.38281	0.292923	-4.72072	2.93011e-06	224	Quies	Quies	False
NC_000007.14:87209636	chr7	87209636	ENSG00000135185.12	TMEM243	body	-1.38281	0.292923	-4.72072	2.93011e-06	224	Quies	Quies	False
NC_000008.11:389172	chr8	389172	ENSG00000147364.17	FBXO25	up	0.595855	0.126214	4.72099	2.92645e-06	446	ReprPCWk	Repr	False
NC_000003.12:169131987	chr3	169131987	ENSG00000085276.19	MECOM	body	0.577338	0.137595	4.19593	3.13001e-05	410	Quies	Quies	False
NC_000001.11:2679350	chr1	2679350	ENSG00000142606.16	MMEL1	up	-0.612182	0.123561	-4.95448	9.4529e-07	162	Het	Het-ZNF	False
NC_000001.11:2679350	chr1	2679350	ENSG00000142606.16	MMEL1	dn	-0.328618	0.0581684	-5.64943	2.49188e-08	280	Het	Het-ZNF	False
NC_000001.11:2679350	chr1	2679350	ENSG00000142606.16	MMEL1	body	-0.612182	0.123561	-4.95448	9.4529e-07	162	Het	Het-ZNF	False
NC_000017.11:73177440	chr17	73177440	ENSG00000180616.9	SSTR2	dn	0.443091	0.0934243	4.74279	2.63864e-06	336	Quies	Quies	False
NC_000017.11:73177440	chr17	73177440	ENSG00000180616.9	SSTR2	prom	0.459982	0.10615	4.33332	1.72284e-05	289	Quies	Quies	False
NC_000002.12:73191342	chr2	73191342	ENSG00000214513.4	NOTO	up	-1.90148	0.450963	-4.2165	2.86543e-05	83	ReprPCWk	Repr	False
NC_000006.12:163323106	chr6	163323106	ENSG00000112531.17	QKI	up	-0.706354	0.161408	-4.37621	1.42513e-05	295	Quies	Quies	False
NC_000006.12:163323106	chr6	163323106	ENSG00000112531.17	QKI	enh	-1.18275	0.292689	-4.04099	6.0173e-05	230	Quies	Quies	False
NC_000011.10:134045936	chr11	134045936	ENSG00000166086.13	JAM3	up	0.543757	0.131129	4.14673	3.86082e-05	333	EnhBiv	Biv	False
NC_000010.11:62344708	chr10	62344708	ENSG00000138311.18	ZNF365	body	2.40028	0.573491	4.18537	3.27475e-05	34	Het	Het-ZNF	False
NC_000010.11:38794746	chr10	38794746	ENSG00000283930.1	PLD5P1	up	-1.39161	0.306225	-4.5444	6.66861e-06	122	ZNF/Rpts	Het-ZNF	False
NC_000010.11:38794746	chr10	38794746	ENSG00000283930.1	PLD5P1	dn	-0.917497	0.16767	-5.47204	6.55027e-08	224	ZNF/Rpts	Het-ZNF	False
NC_000010.11:38794746	chr10	38794746	ENSG00000283930.1	PLD5P1	body	-1.16929	0.198759	-5.88292	6.71281e-09	190	ZNF/Rpts	Het-ZNF	False
NC_000003.12:41288938	chr3	41288938	ENSG00000168036.19	CTNNB1	dn	0.909883	0.225057	4.04291	5.96967e-05	76	Quies	Quies	False
NC_000011.10:19351619	chr11	19351619	ENSG00000166833.23	NAV2	enh	-1.05137	0.25265	-4.16138	3.62767e-05	119	ReprPCWk	Repr	False
NC_000015.10:51972677	chr15	51972677	ENSG00000166477.13	LEO1	dn	-3.57106	0.373939	-9.54986	3.28411e-20	149	EnhWk	Enh	False
NC_000015.10:51972677	chr15	51972677	ENSG00000166477.13	LEO1	enh	-3.57106	0.373939	-9.54986	3.28411e-20	149	EnhWk	Enh	False
NC_000001.11:193316421	chr1	193316421	ENSG00000162630.6	B3GALT2	dn	-3.03264	0.439736	-6.8965	1.35942e-11	117	Quies	Quies	False
NC_000002.12:206954405	chr2	206954405	ENSG00000144410.5	CPO	body	-3.12899	0.725406	-4.31343	1.88033e-05	34	Quies	Quies	False
NC_000010.11:127804478	chr10	127804478	ENSG00000186766.8	FOXI2	dn	-2.37509	0.509611	-4.66059	3.89036e-06	32	Quies	Quies	False
NC_000020.11:31193728	chr20	31193728	ENSG00000215547.1	DEFB115	up	-0.469197	0.0703119	-6.67308	5.71916e-11	170	NA	NA	False
NC_000001.11:7371161	chr1	7371161	ENSG00000049245.13	VAMP3	dn	-0.669931	0.147294	-4.54825	6.55157e-06	378	ReprPCWk	Repr	False
NC_000009.12:113060106	chr9	113060106	ENSG00000136866.14	ZFP37	dn	0.549636	0.116672	4.71094	3.06899e-06	507	ZNF/Rpts	Het-ZNF	False
NC_000001.11:735426	chr1	735426	ENSG00000284662.2	OR4F16	dn	-0.755699	0.165449	-4.56756	5.99498e-06	196	TxWk	Tx	False
NC_000011.10:26645805	chr11	26645805	ENSG00000169550.14	MUC15	dn	-1.26424	0.199549	-6.33548	4.65622e-10	241	Quies	Quies	False
NC_000012.12:112639365	chr12	112639365	ENSG00000089169.15	RPH3A	enh	3.38426	0.845791	4.0013	7.09008e-05	8	Quies	Quies	False
NC_000007.14:100958186	chr7	100958186	ENSG00000169894.18	MUC3A	body	-1.33338	0.201408	-6.6203	7.98469e-11	125	NA	NA	False
NC_000006.12:149025873	chr6	149025873	ENSG00000055208.20	TAB2	enh	2.11812	0.475235	4.457	9.92527e-06	37	Quies	Quies	False
NC_000005.10:416001	chr5	416001	ENSG00000180104.16	EXOC3	up	-0.533005	0.118849	-4.48474	8.7545e-06	385	EnhWk	Enh	False
NC_000005.10:416001	chr5	416001	ENSG00000180104.16	EXOC3	body	-1.71291	0.320167	-5.35004	1.25412e-07	139	EnhWk	Enh	False
NC_000005.10:416001	chr5	416001	ENSG00000180104.16	EXOC3	prom	-2.53957	0.360494	-7.04471	5.13075e-12	100	EnhWk	Enh	False
NC_000005.10:66138590	chr5	66138590	ENSG00000153914.16	SREK1	up	1.76997	0.31244	5.66501	2.28628e-08	213	Quies	Quies	False
NC_000002.12:208604054	chr2	208604054	ENSG00000144407.10	PTH2R	body	0.413924	0.103078	4.01565	6.68281e-05	267	Quies	Quies	False
NC_000009.12:113060221	chr9	113060221	ENSG00000136866.14	ZFP37	dn	0.954133	0.158994	6.00105	3.39886e-09	507	Het	Het-ZNF	False
NC_000001.11:164821329	chr1	164821329	ENSG00000185630.20	PBX1	body	-2.46687	0.426803	-5.77988	1.20411e-08	114	Tx	Tx	False
NC_000004.12:38802920	chr4	38802920	ENSG00000174123.11	TLR10	dn	-1.16085	0.27259	-4.25859	2.38877e-05	373	TssBiv	Biv	False
NC_000010.11:46891276	chr10	46891276	ENSG00000204179.11	PTPN20	up	0.539778	0.103921	5.19412	2.82459e-07	219	NA	NA	False
NC_000021.9:45841579	chr21	45841579	ENSG00000142156.16	COL6A1	up	0.248296	0.0620269	4.00304	7.03949e-05	242	Het	Het-ZNF	False
NC_000001.11:121021079	chr1	121021079	ENSG00000263353.4	PPIAL4A	up	-1.72631	0.326012	-5.29524	1.67218e-07	256	NA	NA	False
NC_000001.11:110296824	chr1	110296824	ENSG00000162775.17	RBM15	up	-0.909282	0.214599	-4.23712	2.62156e-05	137	ReprPCWk	Repr	False
NC_000002.12:192130973	chr2	192130973	ENSG00000144339.12	TMEFF2	up	0.570139	0.130727	4.36129	1.52264e-05	367	Quies	Quies	False
NC_000019.10:36280120	chr19	36280120	ENSG00000196357.12	ZNF565	up	-0.67125	0.146992	-4.56659	6.02162e-06	119	Quies	Quies	False
NC_000006.12:169574474	chr6	169574474	ENSG00000285733.1	ENSG00000285733	dn	1.07423	0.186268	5.76713	1.29367e-08	324	Quies	Quies	False
NC_000003.12:125990276	chr3	125990276	ENSG00000114547.10	ROPN1B	dn	-2.11714	0.313805	-6.74667	3.57814e-11	248	Quies	Quies	False
NC_000009.12:32699277	chr9	32699277	ENSG00000122728.6	TAF1L	dn	1.37239	0.301603	4.55034	6.48911e-06	58	Quies	Quies	False
NC_000002.12:15387105	chr2	15387105	ENSG00000151779.14	NBAS	up	-1.18485	0.290085	-4.08449	5.01909e-05	243	TxWk	Tx	False
NC_000002.12:15387105	chr2	15387105	ENSG00000151779.14	NBAS	body	-0.867133	0.180746	-4.79752	2.03104e-06	378	TxWk	Tx	False
NC_000020.11:31207202	chr20	31207202	ENSG00000215547.1	DEFB115	up	0.421213	0.0959946	4.38788	1.353e-05	170	NA	NA	False
NC_000004.12:190120996	chr4	190120996	ENSG00000260596.5	DUX4	up	1.56248	0.381558	4.095	4.80271e-05	32	Het	Het-ZNF	False
NC_000009.12:113087501	chr9	113087501	ENSG00000136866.14	ZFP37	dn	0.897218	0.126298	7.10398	3.45874e-12	507	Quies	Quies	False
NC_000009.12:113087508	chr9	113087508	ENSG00000136866.14	ZFP37	dn	0.737341	0.108185	6.81555	2.29802e-11	507	Quies	Quies	False
NC_000014.9:20709605	chr14	20709605	ENSG00000259171.1	ENSG00000259171	enh	-2.39612	0.577941	-4.14596	3.87334e-05	23	Quies	Quies	False
NC_000001.11:2674493	chr1	2674493	ENSG00000142606.16	MMEL1	up	-0.37331	0.0756483	-4.93481	1.04157e-06	162	Quies	Quies	False
NC_000001.11:2674493	chr1	2674493	ENSG00000142606.16	MMEL1	dn	-0.167518	0.0358971	-4.66661	3.7821e-06	280	Quies	Quies	False
NC_000001.11:2674493	chr1	2674493	ENSG00000142606.16	MMEL1	body	-0.37331	0.0756483	-4.93481	1.04157e-06	162	Quies	Quies	False
NC_000019.10:21561613	chr19	21561613	ENSG00000197013.11	ZNF429	dn	-0.295047	0.0545109	-5.41263	9.00122e-08	204	Het	Het-ZNF	False
NC_000001.11:2666124	chr1	2666124	ENSG00000142606.16	MMEL1	up	-0.857699	0.126313	-6.79026	2.70492e-11	162	Quies	Quies	False
NC_000001.11:2666124	chr1	2666124	ENSG00000142606.16	MMEL1	dn	-0.489896	0.0587566	-8.33773	5.22225e-16	280	Quies	Quies	False
NC_000001.11:2666124	chr1	2666124	ENSG00000142606.16	MMEL1	body	-0.857699	0.126313	-6.79026	2.70492e-11	162	Quies	Quies	False
NC_000009.12:113081353	chr9	113081353	ENSG00000136866.14	ZFP37	dn	0.478263	0.0896494	5.33481	1.35885e-07	507	Quies	Quies	False
NC_000009.12:113065443	chr9	113065443	ENSG00000136866.14	ZFP37	dn	0.829514	0.156847	5.28869	1.73036e-07	507	Quies	Quies	False
NC_000020.11:23995008	chr20	23995008	ENSG00000149435.12	GGTLC1	dn	1.14519	0.274846	4.16666	3.54706e-05	314	ReprPCWk	Repr	False
NC_000007.14:22807325	chr7	22807325	ENSG00000196683.12	TOMM7	up	0.997608	0.147555	6.76092	3.266e-11	352	Quies	Quies	False
NC_000007.14:22807325	chr7	22807325	ENSG00000196683.12	TOMM7	dn	0.887372	0.152775	5.80835	1.02547e-08	411	Quies	Quies	False
NC_000007.14:22807325	chr7	22807325	ENSG00000196683.12	TOMM7	body	1.60948	0.239003	6.73412	3.8772e-11	262	Quies	Quies	False
NC_000012.12:112583877	chr12	112583877	ENSG00000089169.15	RPH3A	enh	3.06395	0.643237	4.76333	2.39249e-06	8	ReprPCWk	Repr	False
NC_000006.12:149981411	chr6	149981411	ENSG00000111981.5	ULBP1	dn	-1.64026	0.320748	-5.11387	4.25597e-07	124	ReprPCWk	Repr	False
NC_000020.11:2393483	chr20	2393483	ENSG00000166948.10	TGM6	up	-0.974912	0.215576	-4.52235	7.37674e-06	124	Quies	Quies	False
NC_000017.11:21702898	chr17	21702898	ENSG00000260458.3	KCNJ18	dn	-1.64737	0.353734	-4.65709	3.95462e-06	39	NA	NA	False
NC_000009.12:113087741	chr9	113087741	ENSG00000136866.14	ZFP37	dn	1.11857	0.137516	8.13415	2.40539e-15	507	Quies	Quies	False
NC_000009.12:113087743	chr9	113087743	ENSG00000136866.14	ZFP37	dn	0.772548	0.152675	5.06008	5.58468e-07	507	Quies	Quies	False
NC_000001.11:34779938	chr1	34779938	ENSG00000188910.8	GJB3	up	1.07328	0.254743	4.21317	2.90669e-05	258	ReprPCWk	Repr	False
NC_000008.11:66354663	chr8	66354663	ENSG00000179041.4	RRS1	up	-0.858597	0.205367	-4.18079	3.33953e-05	186	Quies	Quies	False
NC_000013.11:50951249	chr13	50951249	ENSG00000136104.22	RNASEH2B	body	-1.45485	0.353077	-4.12048	4.3143e-05	121	TxWk	Tx	False
NC_000013.11:50951249	chr13	50951249	ENSG00000136104.22	RNASEH2B	enh	-1.6079	0.362325	-4.43774	1.08249e-05	121	TxWk	Tx	False
NC_000012.12:42080586	chr12	42080586	ENSG00000151233.11	GXYLT1	up	2.42605	0.500843	4.84393	1.62351e-06	89	Quies	Quies	False
NC_000012.12:42080586	chr12	42080586	ENSG00000151233.11	GXYLT1	dn	2.66574	0.506351	5.2646	1.96184e-07	89	Quies	Quies	False
NC_000012.12:42080586	chr12	42080586	ENSG00000151233.11	GXYLT1	body	2.56914	0.510112	5.03642	6.28884e-07	88	Quies	Quies	False
NC_000004.12:77302949	chr4	77302949	ENSG00000138764.15	CCNG2	body	-0.561776	0.107779	-5.21232	2.57199e-07	441	Quies	Quies	False
NC_000004.12:16389616	chr4	16389616	ENSG00000169762.17	TAPT1	up	-1.54244	0.370839	-4.15931	3.65976e-05	175	Quies	Quies	False
NC_000009.12:113065680	chr9	113065680	ENSG00000136866.14	ZFP37	dn	0.610026	0.12166	5.0142	7.02771e-07	507	Quies	Quies	False
NC_000004.12:119360882	chr4	119360882	ENSG00000145384.4	FABP2	dn	0.621799	0.130661	4.75886	2.44406e-06	201	Quies	Quies	False
NC_000005.10:181289207	chr5	181289207	ENSG00000183718.6	TRIM52	dn	0.749402	0.127494	5.87796	6.90542e-09	305	TxWk	Tx	False
NC_000003.12:155125066	chr3	155125066	ENSG00000196549.13	MME	enh	1.45877	0.354229	4.11815	4.35692e-05	165	TxWk	Tx	False
NC_000013.11:79582482	chr13	79582482	ENSG00000102471.16	NDFIP2	dn	2.32926	0.391337	5.95206	4.51343e-09	110	Quies	Quies	False
NC_000013.11:79582482	chr13	79582482	ENSG00000102471.16	NDFIP2	body	1.4394	0.341518	4.2147	2.88763e-05	245	Quies	Quies	False
NC_000005.10:113098737	chr5	113098737	ENSG00000172795.17	DCP2	dn	0.987751	0.232796	4.24299	2.55591e-05	312	TxWk	Tx	False
NC_000014.9:55500234	chr14	55500234	ENSG00000182521.6	TBPL2	up	-1.88384	0.325453	-5.78836	1.14798e-08	69	Quies	Quies	False
NC_000014.9:55500234	chr14	55500234	ENSG00000182521.6	TBPL2	body	-1.88384	0.325453	-5.78836	1.14798e-08	69	Quies	Quies	False
NC_000002.12:200684307	chr2	200684307	ENSG00000138356.14	AOX1	dn	0.505902	0.123669	4.09078	4.88851e-05	394	Quies	Quies	False
NC_000003.12:14809765	chr3	14809765	ENSG00000154783.12	FGD5	up	0.865324	0.206929	4.18175	3.32591e-05	167	EnhBiv	Biv	False
NC_000004.12:41547219	chr4	41547219	ENSG00000064042.18	LIMCH1	body	0.906568	0.221722	4.08876	4.93022e-05	108	Quies	Quies	False
NC_000001.11:247937288	chr1	247937288	ENSG00000279263.1	OR2L8	enh	-0.991196	0.198472	-4.99414	7.76626e-07	189	TssFlnk	Prom	False
NC_000019.10:36278622	chr19	36278622	ENSG00000196357.12	ZNF565	up	-1.12532	0.232139	-4.8476	1.59489e-06	119	Quies	Quies	False
NC_000010.11:79946336	chr10	79946336	ENSG00000133661.17	SFTPD	up	-1.57542	0.345816	-4.55565	6.33253e-06	114	ReprPCWk	Repr	False
NC_000001.11:719762	chr1	719762	ENSG00000284662.2	OR4F16	prom	-3.33792	0.726759	-4.59288	5.33311e-06	4	Quies	Quies	False
NC_000005.10:843343	chr5	843343	ENSG00000188818.13	ZDHHC11	up	-0.401796	0.0854616	-4.70148	3.20947e-06	475	ReprPCWk	Repr	False
NC_000005.10:843343	chr5	843343	ENSG00000188818.13	ZDHHC11	dn	-0.405352	0.0855122	-4.74028	2.6703e-06	474	ReprPCWk	Repr	False
NC_000005.10:843343	chr5	843343	ENSG00000188818.13	ZDHHC11	body	-0.406515	0.0856215	-4.74781	2.57622e-06	474	ReprPCWk	Repr	False
NC_000002.12:71162951	chr2	71162951	ENSG00000124383.11	MPHOSPH10	up	0.789009	0.187532	4.20733	2.98064e-05	124	Quies	Quies	False
NC_000017.11:73895313	chr17	73895313	ENSG00000069188.17	SDK2	up	0.702204	0.175689	3.99685	7.22102e-05	459	ReprPCWk	Repr	False
NC_000003.12:161528663	chr3	161528663	ENSG00000182447.4	OTOL1	dn	-1.05387	0.223668	-4.71175	3.05725e-06	162	Quies	Quies	False
NC_000007.14:156922540	chr7	156922540	ENSG00000146909.8	NOM1	up	1.07896	0.215107	5.01595	6.96677e-07	188	Quies	Quies	False
NC_000007.14:133141910	chr7	133141910	ENSG00000106554.13	CHCHD3	up	-0.987525	0.234387	-4.21322	2.90608e-05	161	Quies	Quies	False
NC_000007.14:158915689	chr7	158915689	ENSG00000126870.16	DYNC2I1	body	-0.422354	0.0822041	-5.13787	3.76702e-07	404	ZNF/Rpts	Het-ZNF	False
NC_000002.12:156125316	chr2	156125316	ENSG00000153234.16	NR4A2	up	-1.62759	0.384307	-4.23512	2.64426e-05	54	Quies	Quies	False
NC_000017.11:21896030	chr17	21896030	ENSG00000260458.3	KCNJ18	dn	2.51807	0.577826	4.35783	1.54612e-05	39	NA	NA	False
NC_000020.11:60116651	chr20	60116651	ENSG00000124215.17	CDH26	enh	1.66665	0.395396	4.21513	2.88236e-05	87	EnhWk	Enh	False
NC_000004.12:87686462	chr4	87686462	ENSG00000152592.15	DMP1	dn	-1.53035	0.361807	-4.22974	2.70647e-05	63	Quies	Quies	False
NC_000007.14:101000594	chr7	101000594	ENSG00000169876.14	MUC17	up	-0.275237	0.0517063	-5.32309	1.44517e-07	372	Het	Het-ZNF	False
NC_000020.11:31224642	chr20	31224642	ENSG00000215547.1	DEFB115	up	0.265332	0.0604604	4.38852	1.34915e-05	170	ZNF/Rpts	Het-ZNF	False
NC_000008.11:142242245	chr8	142242245	ENSG00000171045.16	TSNARE1	dn	-0.289803	0.072187	-4.01461	6.71155e-05	488	ReprPCWk	Repr	False
NC_000004.12:173437893	chr4	173437893	ENSG00000164106.8	SCRG1	up	1.7921	0.381531	4.69713	3.27599e-06	82	Quies	Quies	False
NC_000004.12:173437893	chr4	173437893	ENSG00000164106.8	SCRG1	dn	1.82805	0.325359	5.61857	2.95376e-08	97	Quies	Quies	False
NC_000004.12:173437893	chr4	173437893	ENSG00000164106.8	SCRG1	body	1.7921	0.381531	4.69713	3.27599e-06	82	Quies	Quies	False
NC_000007.14:99893369	chr7	99893369	ENSG00000244623.2	OR2AE1	dn	-4.21672	0.58033	-7.26608	1.16051e-12	35	TxWk	Tx	False
NC_000021.9:44937247	chr21	44937247	ENSG00000160256.14	SLX9	body	1.00271	0.219823	4.56147	6.1655e-06	73	ReprPCWk	Repr	False
NC_000002.12:74953973	chr2	74953973	ENSG00000115350.12	POLE4	dn	-1.26494	0.216334	-5.84715	8.23033e-09	109	Het	Het-ZNF	False
NC_000014.9:54344500	chr14	54344500	ENSG00000100526.21	CDKN3	up	-0.612621	0.137985	-4.43976	1.07271e-05	346	Quies	Quies	False
NC_000002.12:135833724	chr2	135833724	ENSG00000115850.10	LCT	up	2.00515	0.423191	4.73817	2.69715e-06	52	Quies	Quies	False
NC_000002.12:135833724	chr2	135833724	ENSG00000115850.10	LCT	body	2.00515	0.423191	4.73817	2.69715e-06	52	Quies	Quies	False
NC_000006.12:157285657	chr6	157285657	ENSG00000215712.11	TMEM242	up	-0.492454	0.0879406	-5.59985	3.27331e-08	359	TxWk	Tx	False
NC_000008.11:66376724	chr8	66376724	ENSG00000179041.4	RRS1	up	-0.825817	0.200068	-4.12768	4.18509e-05	186	EnhWk	Enh	False
NC_000010.11:16748959	chr10	16748959	ENSG00000148484.18	RSU1	body	-0.62094	0.154105	-4.02932	6.31558e-05	393	Tx	Tx	False
NC_000001.11:121020906	chr1	121020906	ENSG00000263353.4	PPIAL4A	up	-1.84572	0.348448	-5.29697	1.65712e-07	256	NA	NA	False
NC_000014.9:95939053	chr14	95939053	ENSG00000250366.4	TUNAR	dn	-1.55898	0.380823	-4.09372	4.82865e-05	48	Het	Het-ZNF	False
NC_000004.12:127622321	chr4	127622321	ENSG00000164066.13	INTU	body	2.28415	0.526149	4.34127	1.66356e-05	39	ReprPCWk	Repr	False
NC_000012.12:97123655	chr12	97123655	ENSG00000139350.12	NEDD1	up	1.52753	0.352263	4.33633	1.70014e-05	55	Quies	Quies	True
NC_000002.12:47582219	chr2	47582219	ENSG00000184261.5	KCNK12	dn	0.87482	0.217981	4.01329	6.74834e-05	367	Quies	Quies	False
NC_000008.11:66370697	chr8	66370697	ENSG00000179041.4	RRS1	up	-0.811703	0.178472	-4.54806	6.55751e-06	186	Quies	Quies	False
NC_000010.11:113701465	chr10	113701465	ENSG00000165806.21	CASP7	up	1.24754	0.288136	4.32968	1.75073e-05	330	TxWk	Tx	False
NC_000004.12:174874124	chr4	174874124	ENSG00000168594.15	ADAM29	body	1.74258	0.353929	4.92353	1.10099e-06	123	Quies	Quies	False
NC_000002.12:131129660	chr2	131129660	ENSG00000115762.17	PLEKHB2	body	-0.978438	0.238711	-4.09883	4.72606e-05	282	EnhG1	Enh	True
NC_000002.12:131129660	chr2	131129660	ENSG00000115762.17	PLEKHB2	enh	-1.52107	0.268222	-5.67093	2.21251e-08	264	EnhG1	Enh	False
NC_000010.11:3051026	chr10	3051026	ENSG00000067057.19	PFKP	up	-0.591561	0.14719	-4.01903	6.59031e-05	310	ReprPCWk	Repr	False
NC_000003.12:42478437	chr3	42478437	ENSG00000114812.13	VIPR1	up	-2.13358	0.528892	-4.03405	6.19303e-05	59	TxWk	Tx	False
NC_000010.11:46851979	chr10	46851979	ENSG00000204179.11	PTPN20	up	1.11227	0.154499	7.19923	1.82501e-12	219	NA	NA	False
NC_000011.10:112697625	chr11	112697625	ENSG00000149294.18	NCAM1	prom	4.91598	1.10626	4.4438	1.05337e-05	3	ReprPCWk	Repr	False
NC_000014.9:61763147	chr14	61763147	ENSG00000023608.5	SNAPC1	body	1.19727	0.298882	4.00582	6.9593e-05	281	TssFlnkD	Prom	False
NC_000014.9:61763147	chr14	61763147	ENSG00000023608.5	SNAPC1	prom	1.19727	0.298882	4.00582	6.9593e-05	281	TssFlnkD	Prom	False
NC_000007.14:100994924	chr7	100994924	ENSG00000169876.14	MUC17	up	0.700213	0.125706	5.57025	3.84837e-08	372	Het	Het-ZNF	False
NC_000009.12:1031078	chr9	1031078	ENSG00000173253.16	DMRT2	up	-0.825179	0.203352	-4.05789	5.60889e-05	220	Quies	Quies	False
NC_000002.12:131429739	chr2	131429739	ENSG00000075886.11	TUBA3D	prom	3.05745	0.672023	4.54962	6.51053e-06	10	ReprPCWk	Repr	False
NC_000002.12:131129781	chr2	131129781	ENSG00000115762.17	PLEKHB2	body	-0.991865	0.231472	-4.28503	2.12915e-05	282	EnhG1	Enh	True
NC_000002.12:131129781	chr2	131129781	ENSG00000115762.17	PLEKHB2	enh	-1.535	0.259855	-5.90712	5.84446e-09	264	EnhG1	Enh	False
NC_000020.11:1149892	chr20	1149892	ENSG00000125895.6	TMEM74B	up	-2.05601	0.380871	-5.39817	9.72066e-08	90	TxWk	Tx	False
NC_000009.12:999295	chr9	999295	ENSG00000064218.5	DMRT3	dn	-1.24291	0.292096	-4.25512	2.42496e-05	115	EnhWk	Enh	False
NC_000009.12:999295	chr9	999295	ENSG00000064218.5	DMRT3	enh	-1.41132	0.330782	-4.26662	2.30692e-05	110	EnhWk	Enh	False
NC_000009.12:39509713	chr9	39509713	ENSG00000204849.10	SPATA31A1	dn	-1.52417	0.369651	-4.12328	4.26356e-05	41	NA	NA	False
NC_000003.12:155486802	chr3	155486802	ENSG00000240045.2	STRIT1	dn	-1.14351	0.264598	-4.3217	1.81323e-05	192	Quies	Quies	False
NC_000020.11:2369692	chr20	2369692	ENSG00000166948.10	TGM6	up	-0.875043	0.209335	-4.1801	3.34942e-05	124	Quies	Quies	False
NC_000010.11:90879911	chr10	90879911	ENSG00000148688.14	RPP30	dn	1.90056	0.451406	4.21031	2.94265e-05	53	Tx	Tx	False
NC_000020.11:31216876	chr20	31216876	ENSG00000215547.1	DEFB115	up	0.313942	0.0724497	4.33324	1.72345e-05	170	ZNF/Rpts	Het-ZNF	False
NC_000005.10:127121941	chr5	127121941	ENSG00000164241.14	C5orf63	dn	3.05932	0.537143	5.69555	1.93007e-08	58	Quies	Quies	False
NC_000001.11:152219295	chr1	152219295	ENSG00000197915.7	HRNR	dn	-0.865631	0.203585	-4.25194	2.45871e-05	121	ZNF/Rpts	Het-ZNF	True
NC_000002.12:74994214	chr2	74994214	ENSG00000115350.12	POLE4	dn	-1.54312	0.368262	-4.19027	3.20688e-05	109	Quies	Quies	False
NC_000020.11:31203760	chr20	31203760	ENSG00000215547.1	DEFB115	up	0.610517	0.099283	6.14926	1.42415e-09	170	NA	NA	False
NC_000020.11:31053717	chr20	31053717	ENSG00000215547.1	DEFB115	up	-0.146306	0.0244985	-5.97207	4.02066e-09	170	NA	NA	False
NC_000003.12:195626555	chr3	195626555	ENSG00000189058.9	APOD	dn	-0.679519	0.163513	-4.15575	3.71562e-05	215	ReprPCWk	Repr	False
NC_000009.12:113065212	chr9	113065212	ENSG00000136866.14	ZFP37	dn	0.874943	0.153874	5.68609	2.03419e-08	507	Quies	Quies	False
NC_000004.12:190120882	chr4	190120882	ENSG00000260596.5	DUX4	up	1.77391	0.383716	4.62299	4.63744e-06	32	Het	Het-ZNF	False
NC_000008.11:138142338	chr8	138142338	ENSG00000147724.12	FAM135B	body	0.544808	0.133475	4.08171	5.07789e-05	341	Het	Het-ZNF	False
NC_000014.9:55266937	chr14	55266937	ENSG00000178974.11	FBXO34	body	1.17701	0.251701	4.67622	3.61517e-06	78	Quies	Quies	False
NC_000005.10:34195611	chr5	34195611	ENSG00000273294.1	C1QTNF3-AMACR	up	2.44081	0.405639	6.01721	3.09387e-09	103	Quies	Quies	False
NC_000005.10:34195611	chr5	34195611	ENSG00000273294.1	C1QTNF3-AMACR	body	2.44081	0.405639	6.01721	3.09387e-09	103	Quies	Quies	False
NC_000002.12:177383404	chr2	177383404	ENSG00000018510.18	AGPS	body	-1.08559	0.241096	-4.50273	8.06722e-06	192	Quies	Quies	False
NC_000015.10:48250591	chr15	48250591	ENSG00000074803.21	SLC12A1	body	1.76888	0.355824	4.97122	8.70173e-07	122	Quies	Quies	False
NC_000010.11:46881929	chr10	46881929	ENSG00000204179.11	PTPN20	up	1.24821	0.156169	7.99272	6.83152e-15	219	NA	NA	False
NC_000003.12:137087093	chr3	137087093	ENSG00000174564.13	IL20RB	up	1.19245	0.293762	4.05922	5.57799e-05	313	ReprPCWk	Repr	False
NC_000011.10:123322871	chr11	123322871	ENSG00000023171.20	GRAMD1B	body	-0.862692	0.18777	-4.5944	5.29586e-06	330	Quies	Quies	False
NC_000011.10:123322871	chr11	123322871	ENSG00000023171.20	GRAMD1B	prom	-2.24248	0.320388	-6.99926	6.9298e-12	166	Quies	Quies	False
NC_000017.11:26791791	chr17	26791791	ENSG00000109046.15	WSB1	up	-0.705171	0.176334	-3.99907	7.15541e-05	81	NA	NA	False
NC_000009.12:113081368	chr9	113081368	ENSG00000136866.14	ZFP37	dn	0.915219	0.125757	7.2777	1.07231e-12	507	Quies	Quies	False
NC_000011.10:4392644	chr11	4392644	ENSG00000132109.10	TRIM21	up	-0.622406	0.15382	-4.04632	5.88568e-05	305	TxWk	Tx	False
NC_000004.12:119327431	chr4	119327431	ENSG00000145384.4	FABP2	dn	0.612208	0.0871862	7.02185	5.96964e-12	201	Quies	Quies	False
NC_000015.10:80282579	chr15	80282579	ENSG00000259417.3	CTXND1	dn	1.23047	0.276092	4.45672	9.938e-06	126	ReprPCWk	Repr	False
NC_000009.12:113087635	chr9	113087635	ENSG00000136866.14	ZFP37	dn	0.747987	0.144201	5.1871	2.92847e-07	507	Quies	Quies	False
NC_000006.12:157312522	chr6	157312522	ENSG00000215712.11	TMEM242	up	0.565676	0.0735953	7.6863	6.24327e-14	359	Tx	Tx	False
NC_000010.11:38498028	chr10	38498028	ENSG00000283930.1	PLD5P1	up	-1.07573	0.26666	-4.03409	6.19196e-05	122	ZNF/Rpts	Het-ZNF	False
NC_000001.11:10307510	chr1	10307510	ENSG00000142657.21	PGD	dn	-1.055	0.262567	-4.01801	6.61804e-05	123	TxWk	Tx	False
NC_000012.12:16053773	chr12	16053773	ENSG00000023697.13	DERA	dn	-0.931826	0.186387	-4.99941	7.56512e-07	191	Quies	Quies	False
NC_000003.12:28272591	chr3	28272591	ENSG00000187118.14	CMC1	body	-1.80271	0.379699	-4.74773	2.57723e-06	113	TxWk	Tx	False
NC_000007.14:159116906	chr7	159116906	ENSG00000106018.14	VIPR2	up	0.529681	0.109137	4.85336	1.55094e-06	401	ReprPCWk	Repr	False
NC_000007.14:159116906	chr7	159116906	ENSG00000106018.14	VIPR2	dn	0.645661	0.133759	4.82706	1.76158e-06	272	ReprPCWk	Repr	False
NC_000007.14:159116906	chr7	159116906	ENSG00000106018.14	VIPR2	body	0.531462	0.103214	5.14913	3.55681e-07	406	ReprPCWk	Repr	False
NC_000019.10:36299994	chr19	36299994	ENSG00000196357.12	ZNF565	up	-0.388841	0.0893682	-4.351	1.59358e-05	119	Quies	Quies	False
NC_000019.10:36299994	chr19	36299994	ENSG00000196357.12	ZNF565	dn	-0.662474	0.162752	-4.07044	5.32285e-05	82	Quies	Quies	False
NC_000009.12:21833672	chr9	21833672	ENSG00000099810.21	MTAP	up	-1.47088	0.348764	-4.21741	2.85423e-05	57	TxWk	Tx	False
NC_000010.11:3043494	chr10	3043494	ENSG00000067057.19	PFKP	up	-0.325635	0.0764788	-4.25785	2.39645e-05	310	ReprPCWk	Repr	False
NC_000005.10:181289335	chr5	181289335	ENSG00000183718.6	TRIM52	up	0.51172	0.114	4.48878	8.59556e-06	416	TxWk	Tx	False
NC_000005.10:181289335	chr5	181289335	ENSG00000183718.6	TRIM52	dn	1.00695	0.144491	6.96894	8.461e-12	305	TxWk	Tx	False
NC_000005.10:181289335	chr5	181289335	ENSG00000183718.6	TRIM52	body	1.47955	0.336075	4.40244	1.26795e-05	149	TxWk	Tx	False
NC_000005.10:181289335	chr5	181289335	ENSG00000183718.6	TRIM52	prom	1.01965	0.191959	5.31181	1.53326e-07	287	TxWk	Tx	False
NC_000012.12:112626142	chr12	112626142	ENSG00000089169.15	RPH3A	enh	3.22379	0.721415	4.4687	9.41442e-06	8	Quies	Quies	False
NC_000008.11:66340271	chr8	66340271	ENSG00000179041.4	RRS1	up	-0.666629	0.142176	-4.68875	3.40798e-06	186	EnhA1	Enh	False
NC_000004.12:87568625	chr4	87568625	ENSG00000152583.13	SPARCL1	dn	-1.49041	0.370591	-4.02171	6.51757e-05	115	Quies	Quies	False
NC_000010.11:46888491	chr10	46888491	ENSG00000204179.11	PTPN20	up	0.962467	0.139398	6.90447	1.29054e-11	219	NA	NA	False
NC_000009.12:37749475	chr9	37749475	ENSG00000165275.10	TRMT10B	dn	-2.068	0.42527	-4.86281	1.48137e-06	43	Quies	Quies	False
NC_000009.12:32702631	chr9	32702631	ENSG00000122728.6	TAF1L	dn	2.06279	0.504945	4.08518	5.00475e-05	58	Quies	Quies	False
NC_000005.10:66480723	chr5	66480723	ENSG00000069020.19	MAST4	body	0.856182	0.206097	4.15427	3.73912e-05	262	Quies	Quies	False
NC_000004.12:173438952	chr4	173438952	ENSG00000164106.8	SCRG1	dn	1.39401	0.318881	4.37157	1.45478e-05	97	Quies	Quies	False
NC_000013.11:48622113	chr13	48622113	ENSG00000152207.8	CYSLTR2	up	2.36433	0.587347	4.02543	6.41803e-05	47	Het	Het-ZNF	False
NC_000010.11:49488	chr10	49488	ENSG00000261456.6	TUBB8	dn	1.58507	0.219977	7.20563	1.74794e-12	344	Quies	Quies	False
NC_000010.11:114767134	chr10	114767134	ENSG00000099204.22	ABLIM1	up	2.28846	0.408699	5.59938	3.2817e-08	103	ReprPCWk	Repr	False
NC_000010.11:114767134	chr10	114767134	ENSG00000099204.22	ABLIM1	body	1.46328	0.326679	4.47925	8.9752e-06	137	ReprPCWk	Repr	False
NC_000007.14:100952920	chr7	100952920	ENSG00000169894.18	MUC3A	body	0.576275	0.127309	4.52659	7.2351e-06	125	ReprPCWk	Repr	False
NC_000008.11:66346782	chr8	66346782	ENSG00000179041.4	RRS1	up	-0.949856	0.21983	-4.32086	1.81995e-05	186	EnhA1	Enh	False
NC_000001.11:2679130	chr1	2679130	ENSG00000142606.16	MMEL1	up	-0.658633	0.0999909	-6.58693	9.84987e-11	162	Het	Het-ZNF	False
NC_000001.11:2679130	chr1	2679130	ENSG00000142606.16	MMEL1	dn	-0.266166	0.0478145	-5.56663	3.92517e-08	280	Het	Het-ZNF	False
NC_000001.11:2679130	chr1	2679130	ENSG00000142606.16	MMEL1	body	-0.658633	0.0999909	-6.58693	9.84987e-11	162	Het	Het-ZNF	False
NC_000004.12:151489082	chr4	151489082	ENSG00000164142.16	FHIP1A	body	-0.736346	0.155832	-4.72526	2.8678e-06	276	Quies	Quies	False
NC_000004.12:26437160	chr4	26437160	ENSG00000163394.6	CCKAR	up	-1.25939	0.284455	-4.42739	1.13398e-05	166	Tx	Tx	False
NC_000011.10:26634297	chr11	26634297	ENSG00000169550.14	MUC15	dn	-1.14259	0.227	-5.03344	6.38338e-07	241	Quies	Quies	False
NC_000017.11:73177341	chr17	73177341	ENSG00000180616.9	SSTR2	dn	0.749181	0.160656	4.66325	3.84216e-06	336	Quies	Quies	False
NC_000017.11:73177341	chr17	73177341	ENSG00000180616.9	SSTR2	prom	0.794309	0.182403	4.3547	1.56766e-05	289	Quies	Quies	False
NC_000019.10:36277586	chr19	36277586	ENSG00000196357.12	ZNF565	up	-0.921511	0.163296	-5.64318	2.57946e-08	119	Quies	Quies	False
NC_000006.12:110476302	chr6	110476302	ENSG00000004809.14	SLC22A16	up	1.36278	0.291905	4.66857	3.74733e-06	254	TssBiv	Biv	False
NC_000006.12:110476302	chr6	110476302	ENSG00000004809.14	SLC22A16	dn	1.29363	0.287498	4.49962	8.18223e-06	257	TssBiv	Biv	False
NC_000006.12:110476302	chr6	110476302	ENSG00000004809.14	SLC22A16	body	1.36278	0.291905	4.66857	3.74733e-06	254	TssBiv	Biv	False
NC_000012.12:106500506	chr12	106500506	ENSG00000111783.13	RFX4	up	-1.24071	0.306177	-4.05226	5.74201e-05	210	Tx	Tx	False
NC_000006.12:157286950	chr6	157286950	ENSG00000215712.11	TMEM242	up	-0.324315	0.06408	-5.0611	5.55615e-07	359	TxWk	Tx	False
NC_000009.12:138176282	chr9	138176282	ENSG00000148408.15	CACNA1B	prom	-1.38342	0.339753	-4.07183	5.29204e-05	58	Quies	Quies	False
NC_000004.12:76169340	chr4	76169340	ENSG00000138750.16	NUP54	up	2.03631	0.369071	5.51739	5.12909e-08	97	Tx	Tx	False
NC_000004.12:76169340	chr4	76169340	ENSG00000138750.16	NUP54	dn	2.53126	0.264912	9.55511	3.1428299999999994e-20	230	Tx	Tx	False
NC_000004.12:76169340	chr4	76169340	ENSG00000138750.16	NUP54	body	2.80343	0.647525	4.32946	1.75244e-05	39	Tx	Tx	False
NC_000002.12:66431868	chr2	66431868	ENSG00000143995.20	MEIS1	up	-2.79487	0.40524	-6.89683	1.35648e-11	59	ReprPCWk	Repr	False
NC_000015.10:50877949	chr15	50877949	ENSG00000081014.11	AP4E1	up	-0.590667	0.12288	-4.80685	1.94184e-06	209	TxWk	Tx	False
NC_000020.11:31229512	chr20	31229512	ENSG00000215547.1	DEFB115	up	0.164686	0.0390814	4.21392	2.89741e-05	170	ZNF/Rpts	Het-ZNF	False
NC_000012.12:19652974	chr12	19652974	ENSG00000139154.16	AEBP2	body	-0.747231	0.133281	-5.60642	3.15755e-08	255	EnhA2	Enh	False
NC_000001.11:2679498	chr1	2679498	ENSG00000142606.16	MMEL1	dn	-0.308762	0.0727839	-4.24218	2.56482e-05	280	Het	Het-ZNF	False
NC_000012.12:16078595	chr12	16078595	ENSG00000023697.13	DERA	dn	-0.702199	0.167192	-4.19995	3.07651e-05	191	Quies	Quies	False
NC_000010.11:38833453	chr10	38833453	ENSG00000283930.1	PLD5P1	dn	-0.43185	0.1082	-3.99121	7.39028e-05	224	ZNF/Rpts	Het-ZNF	False
NC_000010.11:38833453	chr10	38833453	ENSG00000283930.1	PLD5P1	body	-0.59306	0.128167	-4.62724	4.54663e-06	190	ZNF/Rpts	Het-ZNF	False
NC_000006.12:157311248	chr6	157311248	ENSG00000215712.11	TMEM242	up	0.132008	0.0291425	4.52975	7.13159e-06	359	TxWk	Tx	False
NC_000012.12:87908595	chr12	87908595	ENSG00000133641.18	RLIG1	up	-1.65541	0.235171	-7.03918	5.32235e-12	376	Quies	Quies	False
NC_000001.11:121020914	chr1	121020914	ENSG00000263353.4	PPIAL4A	up	-1.42676	0.335531	-4.25224	2.45545e-05	256	NA	NA	False
NC_000011.10:26967073	chr11	26967073	ENSG00000176971.4	FIBIN	up	1.55121	0.385361	4.02534	6.42047e-05	34	Quies	Quies	False
NC_000020.11:31060324	chr20	31060324	ENSG00000215547.1	DEFB115	up	0.0701638	0.0158223	4.43449	1.09839e-05	170	NA	NA	False
NC_000001.11:2665093	chr1	2665093	ENSG00000142606.16	MMEL1	dn	-0.235576	0.0522769	-4.50631	7.93702e-06	280	Quies	Quies	False
NC_000018.10:8434566	chr18	8434566	ENSG00000206418.5	RAB12	dn	-1.55927	0.368794	-4.22803	2.72648e-05	33	ReprPCWk	Repr	False
NC_000001.11:93822617	chr1	93822617	ENSG00000137936.18	BCAR3	up	-1.93958	0.196937	-9.84873	2.61416e-21	320	EnhA1	Enh	False
NC_000001.11:93822617	chr1	93822617	ENSG00000137936.18	BCAR3	body	-1.93958	0.196937	-9.84873	2.61416e-21	320	EnhA1	Enh	False
NC_000001.11:152219065	chr1	152219065	ENSG00000197915.7	HRNR	dn	-1.36878	0.270027	-5.06907	5.33775e-07	121	ZNF/Rpts	Het-ZNF	True
NC_000004.12:119330599	chr4	119330599	ENSG00000145384.4	FABP2	dn	0.418233	0.103409	4.04445	5.93161e-05	201	Quies	Quies	False
NC_000009.12:70003865	chr9	70003865	ENSG00000165072.10	MAMDC2	up	1.72732	0.310015	5.57173	3.81747e-08	161	Quies	Quies	False
NC_000010.11:75469438	chr10	75469438	ENSG00000148655.16	LRMDA	enh	2.0267	0.414071	4.89458	1.26885e-06	39	EnhWk	Enh	False
NC_000001.11:2675569	chr1	2675569	ENSG00000142606.16	MMEL1	dn	-0.371725	0.0731853	-5.07924	5.07096e-07	280	Quies	Quies	False
NC_000002.12:74954919	chr2	74954919	ENSG00000115350.12	POLE4	dn	-1.38412	0.244348	-5.66452	2.29246e-08	109	Quies	Quies	False
NC_000011.10:58048456	chr11	58048456	ENSG00000279051.5	OR6Q1	up	-0.869993	0.184407	-4.71779	2.97113e-06	142	Quies	Quies	False
NC_000020.11:61050713	chr20	61050713	ENSG00000179242.16	CDH4	up	1.16357	0.291327	3.99405	7.30461e-05	205	Het	Het-ZNF	False
NC_000010.11:46884458	chr10	46884458	ENSG00000204179.11	PTPN20	up	1.00991	0.15196	6.6459	6.79342e-11	219	NA	NA	False
NC_000004.12:119361831	chr4	119361831	ENSG00000145384.4	FABP2	dn	0.487633	0.110911	4.3966	1.30145e-05	201	Quies	Quies	False
NC_000001.11:184967721	chr1	184967721	ENSG00000135842.17	NIBAN1	dn	-0.657532	0.158611	-4.14557	3.87972e-05	145	Quies	Quies	False
NC_000001.11:178556110	chr1	178556110	ENSG00000240021.10	TEX35	body	-1.18722	0.282532	-4.20208	3.04854e-05	113	Het	Het-ZNF	False
NC_000004.12:119360421	chr4	119360421	ENSG00000145384.4	FABP2	dn	-0.867968	0.13816	-6.28233	6.42425e-10	201	Quies	Quies	False
NC_000009.12:113087400	chr9	113087400	ENSG00000136866.14	ZFP37	dn	0.636773	0.102908	6.18777	1.13277e-09	507	Quies	Quies	False
NC_000001.11:2674391	chr1	2674391	ENSG00000142606.16	MMEL1	up	-0.421953	0.0989949	-4.26237	2.34986e-05	162	Quies	Quies	False
NC_000001.11:2674391	chr1	2674391	ENSG00000142606.16	MMEL1	body	-0.421953	0.0989949	-4.26237	2.34986e-05	162	Quies	Quies	False
NC_000009.12:113087522	chr9	113087522	ENSG00000136866.14	ZFP37	dn	0.542022	0.125211	4.32888	1.75688e-05	507	Quies	Quies	False
NC_000001.11:223058051	chr1	223058051	ENSG00000187554.15	TLR5	up	1.76072	0.244121	7.2125	1.66859e-12	85	ReprPCWk	Repr	False
NC_000012.12:71285552	chr12	71285552	ENSG00000139292.13	LGR5	up	0.716139	0.176196	4.06445	5.45769e-05	238	Het	Het-ZNF	False
NC_000012.12:9614165	chr12	9614165	ENSG00000111796.4	KLRB1	up	-1.55885	0.322873	-4.82807	1.75301e-06	102	Quies	Quies	False
NC_000012.12:9614165	chr12	9614165	ENSG00000111796.4	KLRB1	dn	-1.55885	0.322873	-4.82807	1.75301e-06	102	Quies	Quies	False
NC_000012.12:9614165	chr12	9614165	ENSG00000111796.4	KLRB1	body	-1.55885	0.322873	-4.82807	1.75301e-06	102	Quies	Quies	False
NC_000009.12:113087648	chr9	113087648	ENSG00000136866.14	ZFP37	dn	1.03921	0.170215	6.1053	1.84679e-09	507	Quies	Quies	False
NC_000011.10:118679134	chr11	118679134	ENSG00000118094.12	TREH	dn	1.75997	0.438697	4.01181	6.78949e-05	84	EnhWk	Enh	False
NC_000009.12:1023194	chr9	1023194	ENSG00000173253.16	DMRT2	up	-0.676825	0.165765	-4.08304	5.0497e-05	220	Quies	Quies	False
NC_000012.12:4631621	chr12	4631621	ENSG00000111254.8	AKAP3	up	3.24185	0.334814	9.68255	1.0749899999999999e-20	175	Quies	Quies	False
NC_000012.12:4631621	chr12	4631621	ENSG00000111254.8	AKAP3	dn	1.58338	0.235019	6.73722	3.80123e-11	276	Quies	Quies	False
NC_000012.12:4631621	chr12	4631621	ENSG00000111254.8	AKAP3	body	3.24185	0.334814	9.68255	1.0749899999999999e-20	175	Quies	Quies	False
NC_000008.11:66313847	chr8	66313847	ENSG00000179041.4	RRS1	up	-0.511233	0.123942	-4.12479	4.23648e-05	186	Quies	Quies	False
NC_000006.12:149981439	chr6	149981439	ENSG00000111981.5	ULBP1	dn	-1.57822	0.278241	-5.67213	2.19787e-08	124	ReprPCWk	Repr	False
NC_000006.12:149981439	chr6	149981439	ENSG00000111981.5	ULBP1	body	1.74996	0.365487	4.78801	2.12587e-06	103	ReprPCWk	Repr	False
NC_000019.10:21573456	chr19	21573456	ENSG00000197013.11	ZNF429	dn	-0.420705	0.075495	-5.57262	3.7989e-08	204	Het	Het-ZNF	False
NC_000010.11:46889673	chr10	46889673	ENSG00000204179.11	PTPN20	up	1.27964	0.138063	9.26852	3.37916e-19	219	NA	NA	False
NC_000012.12:112565177	chr12	112565177	ENSG00000089169.15	RPH3A	enh	3.43245	0.824401	4.16357	3.59402e-05	8	Quies	Quies	False
NC_000019.10:21579721	chr19	21579721	ENSG00000197013.11	ZNF429	dn	-0.373791	0.0645065	-5.79463	1.10808e-08	204	Het	Het-ZNF	False
NC_000005.10:844415	chr5	844415	ENSG00000188818.13	ZDHHC11	up	-0.379005	0.0798697	-4.74529	2.60734e-06	475	ReprPCWk	Repr	False
NC_000005.10:844415	chr5	844415	ENSG00000188818.13	ZDHHC11	dn	-0.384823	0.0798967	-4.81651	1.85355e-06	474	ReprPCWk	Repr	False
NC_000005.10:844415	chr5	844415	ENSG00000188818.13	ZDHHC11	body	-0.38553	0.0800019	-4.81901	1.83132e-06	474	ReprPCWk	Repr	False
NC_000020.11:31233840	chr20	31233840	ENSG00000215547.1	DEFB115	up	0.749163	0.0879472	8.51833	1.31503e-16	170	ZNF/Rpts	Het-ZNF	False
NC_000006.12:96996639	chr6	96996639	ENSG00000186231.17	KLHL32	body	1.58931	0.39372	4.03665	6.12669e-05	43	Quies	Quies	False
NC_000006.12:160539839	chr6	160539839	ENSG00000198670.13	LPA	dn	-1.61193	0.305508	-5.27624	1.84649e-07	132	Quies	Quies	False
NC_000007.14:158916750	chr7	158916750	ENSG00000126870.16	DYNC2I1	body	-0.428073	0.0950594	-4.50322	8.04932e-06	404	TxWk	Tx	False
NC_000013.11:111308511	chr13	111308511	ENSG00000153495.11	TEX29	up	-1.01539	0.165896	-6.12067	1.68661e-09	418	Tx	Tx	False
NC_000002.12:3141318	chr2	3141318	ENSG00000032389.13	EIPR1	up	-0.226154	0.0509828	-4.43589	1.0915e-05	245	ReprPCWk	Repr	False
NC_000002.12:3141318	chr2	3141318	ENSG00000032389.13	EIPR1	body	-0.173843	0.0423296	-4.10689	4.56865e-05	361	ReprPCWk	Repr	False
NC_000003.12:8681777	chr3	8681777	ENSG00000182533.7	CAV3	up	0.528005	0.125308	4.21366	2.90065e-05	330	EnhBiv	Biv	False
NC_000004.12:3413624	chr4	3413624	ENSG00000109758.9	HGFAC	up	-0.580843	0.129412	-4.48833	8.61305e-06	355	TxWk	Tx	False
NC_000007.14:158915346	chr7	158915346	ENSG00000126870.16	DYNC2I1	body	-0.775725	0.122381	-6.33862	4.56817e-10	404	ZNF/Rpts	Het-ZNF	False
NC_000003.12:124768990	chr3	124768990	ENSG00000114491.14	UMPS	dn	1.55921	0.313091	4.98004	8.32975e-07	73	Tx	Tx	False
NC_000009.12:113083832	chr9	113083832	ENSG00000136866.14	ZFP37	dn	0.415182	0.102041	4.06878	5.35999e-05	507	Quies	Quies	False
NC_000001.11:2671403	chr1	2671403	ENSG00000142606.16	MMEL1	up	-0.387465	0.0804176	-4.81816	1.83891e-06	162	Quies	Quies	False
NC_000001.11:2671403	chr1	2671403	ENSG00000142606.16	MMEL1	dn	-0.167326	0.0382054	-4.37964	1.40355e-05	280	Quies	Quies	False
NC_000001.11:2671403	chr1	2671403	ENSG00000142606.16	MMEL1	body	-0.387465	0.0804176	-4.81816	1.83891e-06	162	Quies	Quies	False
NC_000018.10:43132749	chr18	43132749	ENSG00000152214.14	RIT2	up	1.14724	0.280538	4.08942	4.91647e-05	117	Quies	Quies	False
NC_000002.12:234530010	chr2	234530010	ENSG00000188042.8	ARL4C	dn	-0.700827	0.144924	-4.83582	1.68853e-06	173	Quies	Quies	False
NC_000010.11:113548874	chr10	113548874	ENSG00000148702.15	HABP2	up	-0.718082	0.173589	-4.13668	4.02876e-05	295	Quies	Quies	False
NC_000009.12:113082428	chr9	113082428	ENSG00000136866.14	ZFP37	dn	0.416478	0.0964086	4.31993	1.82744e-05	507	Quies	Quies	False
NC_000006.12:87277075	chr6	87277075	ENSG00000111850.11	SMIM8	body	-0.822384	0.195796	-4.2002	3.07322e-05	101	Quies	Quies	False
NC_000008.11:205943	chr8	205943	ENSG00000172748.14	ZNF596	dn	-0.426546	0.105794	-4.03186	6.24948e-05	508	EnhA2	Enh	False
NC_000004.12:4329385	chr4	4329385	ENSG00000168824.15	NSG1	enh	6.08115	1.24975	4.8659	1.45925e-06	3	Het	Het-ZNF	False
NC_000010.11:4847533	chr10	4847533	ENSG00000165568.18	AKR1E2	body	-0.694253	0.151089	-4.59501	5.28085e-06	373	TxWk	Tx	False
NC_000009.12:113082544	chr9	113082544	ENSG00000136866.14	ZFP37	dn	0.405437	0.0944055	4.29463	2.04169e-05	507	Quies	Quies	False
NC_000002.12:74953631	chr2	74953631	ENSG00000115350.12	POLE4	dn	-1.12151	0.263575	-4.25499	2.4264e-05	109	Het	Het-ZNF	False
NC_000001.11:153016090	chr1	153016090	ENSG00000163209.15	SPRR3	dn	1.14617	0.282636	4.05529	5.67006e-05	125	ReprPCWk	Repr	False
NC_000009.12:32714582	chr9	32714582	ENSG00000188133.6	TMEM215	up	1.31411	0.301858	4.35342	1.57661e-05	58	ReprPCWk	Repr	False
NC_000002.12:126924508	chr2	126924508	ENSG00000237524.11	TEX51	dn	1.18845	0.275605	4.31214	1.89102e-05	362	Quies	Quies	False
NC_000020.11:31237659	chr20	31237659	ENSG00000215547.1	DEFB115	up	0.189953	0.0474567	4.00266	7.05048e-05	170	ZNF/Rpts	Het-ZNF	False
NC_000010.11:105221016	chr10	105221016	ENSG00000156395.14	SORCS3	body	-2.16644	0.376392	-5.75581	1.37855e-08	59	Het	Het-ZNF	False
NC_000003.12:179121600	chr3	179121600	ENSG00000121879.6	PIK3CA	up	-0.921114	0.22838	-4.03325	6.21367e-05	289	Quies	Quies	False
NC_000001.11:171123878	chr1	171123878	ENSG00000007933.13	FMO3	body	-1.13719	0.269953	-4.21254	2.91465e-05	87	Quies	Quies	False
NC_000007.14:100998630	chr7	100998630	ENSG00000169876.14	MUC17	up	-0.376669	0.0898662	-4.19144	3.19084e-05	372	Het	Het-ZNF	False
NC_000016.10:23783678	chr16	23783678	ENSG00000166869.3	CHP2	up	1.2082	0.280625	4.30539	1.94778e-05	48	Quies	Quies	False
NC_000008.11:61152778	chr8	61152778	ENSG00000177182.11	CLVS1	body	0.688782	0.166569	4.13512	4.05552e-05	384	ReprPCWk	Repr	False
NC_000001.11:207912084	chr1	207912084	ENSG00000174059.17	CD34	enh	-3.91979	0.893102	-4.38896	1.3465e-05	5	ReprPCWk	Repr	False
NC_000011.10:134031207	chr11	134031207	ENSG00000166086.13	JAM3	enh	-3.71177	0.845665	-4.38917	1.34525e-05	5	ReprPC	Repr	False
NC_000001.11:2671889	chr1	2671889	ENSG00000142606.16	MMEL1	dn	-0.185112	0.0439721	-4.20975	2.94975e-05	280	Quies	Quies	False
NC_000020.11:31167256	chr20	31167256	ENSG00000215547.1	DEFB115	up	-0.422594	0.0397812	-10.623	2.8961300000000003e-24	170	NA	NA	False
NC_000003.12:38081021	chr3	38081021	ENSG00000008226.20	DLEC1	body	0.790416	0.147784	5.34847	1.26451e-07	297	Quies	Quies	False
NC_000004.12:72121820	chr4	72121820	ENSG00000056291.19	NPFFR2	body	2.658	0.62245	4.27022	2.271e-05	37	Quies	Quies	False
NC_000013.11:43656506	chr13	43656506	ENSG00000120658.14	ENOX1	body	1.18249	0.270026	4.37915	1.40657e-05	54	Quies	Quies	False
NC_000001.11:121020807	chr1	121020807	ENSG00000263353.4	PPIAL4A	up	-1.80506	0.35593	-5.07141	5.27525e-07	256	NA	NA	False
NC_000003.12:41360872	chr3	41360872	ENSG00000168036.19	CTNNB1	dn	1.09634	0.175772	6.23732	8.42281e-10	76	Quies	Quies	False
NC_000002.12:38151395	chr2	38151395	ENSG00000138061.13	CYP1B1	dn	-3.41867	0.573401	-5.9621	4.2593e-09	42	TxWk	Tx	False
NC_000001.11:121016728	chr1	121016728	ENSG00000263353.4	PPIAL4A	up	-1.66016	0.313714	-5.29194	1.70123e-07	256	NA	NA	False
NC_000005.10:36457128	chr5	36457128	ENSG00000079215.15	SLC1A3	body	-1.86279	0.447296	-4.16455	3.57903e-05	79	TxWk	Tx	False
NC_000011.10:94355188	chr11	94355188	ENSG00000123901.9	GPR83	up	-1.33443	0.223112	-5.98096	3.81893e-09	93	Quies	Quies	False
NC_000004.12:151517138	chr4	151517138	ENSG00000164142.16	FHIP1A	body	0.566846	0.140027	4.04812	5.84176e-05	276	Quies	Quies	False
NC_000005.10:159818912	chr5	159818912	ENSG00000170214.5	ADRA1B	body	-1.83852	0.440669	-4.17211	3.46557e-05	42	TxWk	Tx	False
NC_000009.12:32730011	chr9	32730011	ENSG00000188133.6	TMEM215	up	1.97634	0.429531	4.60116	5.13238e-06	58	Quies	Quies	False
NC_000013.11:94530372	chr13	94530372	ENSG00000080166.16	DCT	dn	-1.00677	0.237104	-4.24609	2.52173e-05	174	Quies	Quies	False
NC_000005.10:116173292	chr5	116173292	ENSG00000145781.9	COMMD10	body	-0.65575	0.155436	-4.21876	2.83761e-05	140	Quies	Quies	False
NC_000009.12:113376077	chr9	113376077	ENSG00000119431.10	HDHD3	up	1.52779	0.310076	4.92716	1.08152e-06	247	TssFlnkD	Prom	False
NC_000009.12:113376077	chr9	113376077	ENSG00000119431.10	HDHD3	dn	0.82999	0.174199	4.7646	2.37804e-06	304	TssFlnkD	Prom	False
NC_000009.12:113376077	chr9	113376077	ENSG00000119431.10	HDHD3	body	1.69718	0.329175	5.15587	3.43654e-07	241	TssFlnkD	Prom	False
NC_000009.12:113376077	chr9	113376077	ENSG00000119431.10	HDHD3	prom	1.69718	0.329175	5.15587	3.43654e-07	241	TssFlnkD	Prom	False
NC_000009.12:113376077	chr9	113376077	ENSG00000119431.10	HDHD3	enh	1.60759	0.335841	4.78675	2.13876e-06	226	TssFlnkD	Prom	False
NC_000017.11:16473115	chr17	16473115	ENSG00000181350.12	LRRC75A	enh	-3.73665	0.769284	-4.85731	1.52148e-06	5	EnhWk	Enh	False
NC_000004.12:76155072	chr4	76155072	ENSG00000138750.16	NUP54	dn	0.889059	0.147864	6.01268	3.17664e-09	230	TxWk	Tx	False
NC_000019.10:21621458	chr19	21621458	ENSG00000197013.11	ZNF429	dn	-0.396721	0.0716185	-5.53936	4.55301e-08	204	Het	Het-ZNF	False
NC_000005.10:154221952	chr5	154221952	ENSG00000164574.16	GALNT10	up	1.57315	0.378614	4.15503	3.72699e-05	46	EnhWk	Enh	False
NC_000001.11:121655593	chr1	121655593	ENSG00000188610.12	FAM72B	dn	0.931937	0.211345	4.40956	1.22826e-05	45	Quies	Quies	False
NC_000004.12:52806866	chr4	52806866	ENSG00000226887.8	ERVMER34-1	dn	1.56879	0.34367	4.5648	6.07162e-06	49	Quies	Quies	False
NC_000001.11:115251701	chr1	115251701	ENSG00000134259.6	NGF	up	1.86618	0.308748	6.04435	2.64091e-09	168	Quies	Quies	False
NC_000002.12:88161469	chr2	88161469	ENSG00000144115.18	THNSL2	up	-1.11962	0.257933	-4.34074	1.66743e-05	66	Quies	Quies	False
NC_000002.12:102210043	chr2	102210043	ENSG00000115598.10	IL1RL2	body	-4.91363	0.390131	-12.5948	1.98417e-32	89	Quies	Quies	False
NC_000020.11:31228594	chr20	31228594	ENSG00000215547.1	DEFB115	up	0.152971	0.0382451	3.99975	7.13556e-05	170	ZNF/Rpts	Het-ZNF	False
NC_000003.12:125990181	chr3	125990181	ENSG00000114547.10	ROPN1B	dn	-0.98271	0.187247	-5.2482	2.13631e-07	248	Quies	Quies	False
NC_000005.10:150973334	chr5	150973334	ENSG00000211445.13	GPX3	enh	3.95216	0.918612	4.30231	1.97424e-05	5	Quies	Quies	False
NC_000004.12:151530641	chr4	151530641	ENSG00000164142.16	FHIP1A	body	1.38507	0.201459	6.8752	1.56156e-11	276	Quies	Quies	False
NC_000003.12:98183582	chr3	98183582	ENSG00000233412.6	OR5H15	dn	-0.260183	0.0601161	-4.32801	1.7636e-05	266	Quies	Quies	False
NC_000012.12:106225269	chr12	106225269	ENSG00000166046.11	TCP11L2	up	-1.79383	0.38352	-4.67727	3.59725e-06	118	Quies	Quies	False
NC_000009.12:113060490	chr9	113060490	ENSG00000136866.14	ZFP37	dn	0.541717	0.117728	4.60143	5.12616e-06	507	Het	Het-ZNF	False
NC_000011.10:96508252	chr11	96508252	ENSG00000183340.7	JRKL	body	-0.544661	0.13602	-4.00427	7.004e-05	234	Quies	Quies	False
NC_000009.12:113087414	chr9	113087414	ENSG00000136866.14	ZFP37	dn	0.539169	0.112631	4.78705	2.13572e-06	507	Quies	Quies	False
NC_000010.11:80583294	chr10	80583294	ENSG00000178217.15	SH2D4B	up	-2.63431	0.507275	-5.19306	2.84008e-07	55	ReprPCWk	Repr	False
NC_000010.11:80583294	chr10	80583294	ENSG00000178217.15	SH2D4B	body	-1.78575	0.271102	-6.58699	9.846e-11	133	ReprPCWk	Repr	False
NC_000009.12:113079997	chr9	113079997	ENSG00000136866.14	ZFP37	dn	-0.485295	0.109068	-4.44948	1.02676e-05	507	Quies	Quies	False
NC_000002.12:113238880	chr2	113238880	ENSG00000125618.18	PAX8	up	-2.152	0.409727	-5.25228	2.0915e-07	68	EnhA2	Enh	False
NC_000002.12:113238880	chr2	113238880	ENSG00000125618.18	PAX8	dn	-2.11458	0.406617	-5.20043	2.73435e-07	70	EnhA2	Enh	False
NC_000002.12:113238880	chr2	113238880	ENSG00000125618.18	PAX8	body	-2.152	0.409727	-5.25228	2.0915e-07	68	EnhA2	Enh	False
NC_000002.12:113238880	chr2	113238880	ENSG00000125618.18	PAX8	enh	-2.57832	0.566056	-4.55488	6.35504e-06	57	EnhA2	Enh	False
NC_000009.12:113087534	chr9	113087534	ENSG00000136866.14	ZFP37	dn	0.849759	0.126838	6.69957	4.833e-11	507	Quies	Quies	False
NC_000010.11:46889444	chr10	46889444	ENSG00000204179.11	PTPN20	up	0.774221	0.134314	5.76426	1.3147e-08	219	NA	NA	False
NC_000011.10:27634323	chr11	27634323	ENSG00000176697.20	BDNF	up	-2.22328	0.43477	-5.1137	4.25955e-07	78	Het	Het-ZNF	False
NC_000001.11:2680717	chr1	2680717	ENSG00000142606.16	MMEL1	up	-0.479963	0.0996503	-4.81647	1.85394e-06	162	Het	Het-ZNF	False
NC_000001.11:2680717	chr1	2680717	ENSG00000142606.16	MMEL1	dn	-0.200183	0.0473936	-4.22384	2.77616e-05	280	Het	Het-ZNF	False
NC_000001.11:2680717	chr1	2680717	ENSG00000142606.16	MMEL1	body	-0.479963	0.0996503	-4.81647	1.85394e-06	162	Het	Het-ZNF	False
NC_000017.11:21740649	chr17	21740649	ENSG00000260458.3	KCNJ18	dn	-1.33258	0.323053	-4.12497	4.23339e-05	39	NA	NA	False
NC_000016.10:70169349	chr16	70169349	ENSG00000157335.21	CLEC18C	up	0.718707	0.135977	5.28549	1.7595e-07	258	Quies	Quies	False
NC_000004.12:26149	chr4	26149	ENSG00000272602.6	ZNF595	dn	0.962513	0.159547	6.03278	2.82554e-09	383	Quies	Quies	False
NC_000009.12:113065474	chr9	113065474	ENSG00000136866.14	ZFP37	dn	1.02807	0.124765	8.24007	1.09047e-15	507	Quies	Quies	False
NC_000012.12:26735220	chr12	26735220	ENSG00000123104.12	ITPR2	up	0.758169	0.177588	4.26926	2.28059e-05	258	Quies	Quies	False
NC_000001.11:2680837	chr1	2680837	ENSG00000142606.16	MMEL1	up	-0.479003	0.102565	-4.67024	3.71817e-06	162	Het	Het-ZNF	False
NC_000001.11:2680837	chr1	2680837	ENSG00000142606.16	MMEL1	dn	-0.246657	0.0484071	-5.09548	4.67152e-07	280	Het	Het-ZNF	False
NC_000001.11:2680837	chr1	2680837	ENSG00000142606.16	MMEL1	body	-0.479003	0.102565	-4.67024	3.71817e-06	162	Het	Het-ZNF	False
NC_000004.12:49868288	chr4	49868288	ENSG00000109182.12	CWH43	up	1.58892	0.371368	4.27857	2.19e-05	117	NA	NA	False
NC_000002.12:3329050	chr2	3329050	ENSG00000032389.13	EIPR1	up	-0.394948	0.0735808	-5.36754	1.14344e-07	245	TxWk	Tx	False
NC_000002.12:3329050	chr2	3329050	ENSG00000032389.13	EIPR1	body	-0.328302	0.0609427	-5.38706	1.03112e-07	361	TxWk	Tx	False
NC_000021.9:45735461	chr21	45735461	ENSG00000183570.17	PCBP3	prom	-5.79808	1.41949	-4.08461	5.01656e-05	5	ReprPCWk	Repr	False
NC_000007.14:158916522	chr7	158916522	ENSG00000126870.16	DYNC2I1	body	-0.481524	0.0990593	-4.86097	1.49468e-06	404	TxWk	Tx	False
NC_000014.9:51197366	chr14	51197366	ENSG00000139921.13	TMX1	up	0.704572	0.170038	4.1436	3.91228e-05	200	Quies	Quies	False
NC_000010.11:133577981	chr10	133577981	ENSG00000171772.17	SYCE1	up	-1.01667	0.237079	-4.28832	2.09878e-05	183	Het	Het-ZNF	False
NC_000011.10:27631807	chr11	27631807	ENSG00000176697.20	BDNF	up	-2.01937	0.407327	-4.95761	9.3081e-07	78	Quies	Quies	False
NC_000004.12:7835710	chr4	7835710	ENSG00000196526.11	AFAP1	up	1.29909	0.307039	4.23103	2.69144e-05	91	TxWk	Tx	False
NC_000015.10:40374647	chr15	40374647	ENSG00000128944.14	KNSTRN	up	-1.53261	0.3799	-4.03424	6.18831e-05	96	TxWk	Tx	False
NC_000008.11:271999	chr8	271999	ENSG00000172748.14	ZNF596	dn	-0.532829	0.080746	-6.59882	9.14075e-11	508	ReprPCWk	Repr	False
NC_000001.11:217133420	chr1	217133420	ENSG00000196482.18	ESRRG	up	-1.03127	0.185866	-5.54849	4.33281e-08	290	ReprPCWk	Repr	False
NC_000001.11:217133420	chr1	217133420	ENSG00000196482.18	ESRRG	body	-0.723603	0.163897	-4.41499	1.19879e-05	321	ReprPCWk	Repr	False
NC_000003.12:17309884	chr3	17309884	ENSG00000154822.18	PLCL2	enh	4.88663	1.21308	4.02829	6.34249e-05	7	TxWk	Tx	False
NC_000001.11:2659554	chr1	2659554	ENSG00000142606.16	MMEL1	dn	-0.268694	0.0604995	-4.44127	1.06543e-05	280	Quies	Quies	False
NC_000012.12:112562547	chr12	112562547	ENSG00000089169.15	RPH3A	enh	4.27003	0.829959	5.14487	3.63493e-07	8	Quies	Quies	False
NC_000009.12:32847659	chr9	32847659	ENSG00000188133.6	TMEM215	up	1.68008	0.399587	4.20455	3.01647e-05	58	ReprPCWk	Repr	False
NC_000011.10:35917592	chr11	35917592	ENSG00000179241.13	LDLRAD3	enh	-1.21064	0.298426	-4.05675	5.63561e-05	24	Quies	Quies	False
NC_000006.12:149981683	chr6	149981683	ENSG00000111981.5	ULBP1	dn	-2.58056	0.25762	-10.0169	6.14375e-22	124	ReprPCWk	Repr	False
NC_000006.12:149981683	chr6	149981683	ENSG00000111981.5	ULBP1	body	1.71331	0.356171	4.81035	1.9094e-06	103	ReprPCWk	Repr	False
NC_000003.12:187108385	chr3	187108385	ENSG00000163923.10	RPL39L	up	-0.597107	0.124417	-4.79923	2.0144e-06	389	Quies	Quies	False
NC_000017.11:73179946	chr17	73179946	ENSG00000166685.13	COG1	dn	0.540452	0.115809	4.66677	3.7791e-06	256	Quies	Quies	False
NC_000017.11:73179946	chr17	73179946	ENSG00000166685.13	COG1	prom	0.562267	0.104738	5.3683	1.13886e-07	289	Quies	Quies	False
NC_000007.14:120906811	chr7	120906811	ENSG00000071243.16	ING3	up	-1.57809	0.38622	-4.08598	4.98785e-05	49	Quies	Quies	False
NC_000014.9:55500387	chr14	55500387	ENSG00000182521.6	TBPL2	up	-2.33107	0.518939	-4.49199	8.47125e-06	69	Quies	Quies	False
NC_000014.9:55500387	chr14	55500387	ENSG00000182521.6	TBPL2	body	-2.33107	0.518939	-4.49199	8.47125e-06	69	Quies	Quies	False
NC_000012.12:112680158	chr12	112680158	ENSG00000089169.15	RPH3A	enh	3.95306	0.904912	4.36845	1.47506e-05	8	ReprPCWk	Repr	False
NC_000020.11:25762592	chr20	25762592	ENSG00000130684.14	ZNF337	up	-1.5095	0.328011	-4.60198	5.11297e-06	90	Het	Het-ZNF	False
NC_000020.11:31238957	chr20	31238957	ENSG00000215547.1	DEFB115	up	0.865239	0.0984394	8.78956	1.58952e-17	170	ZNF/Rpts	Het-ZNF	False
NC_000017.11:43360523	chr17	43360523	ENSG00000175906.5	ARL4D	up	4.03014	0.573015	7.03323	5.53651e-12	49	TssA	Prom	False
NC_000017.11:43360523	chr17	43360523	ENSG00000175906.5	ARL4D	prom	5.19616	0.77935	6.66731	5.93225e-11	30	TssA	Prom	False
NC_000017.11:43360523	chr17	43360523	ENSG00000175906.5	ARL4D	enh	1.81457	0.367932	4.93181	1.05707e-06	124	TssA	Prom	False
NC_000002.12:106707755	chr2	106707755	ENSG00000144057.16	ST6GAL2	up	-2.63567	0.621965	-4.23765	2.61556e-05	38	Het	Het-ZNF	False
NC_000005.10:843377	chr5	843377	ENSG00000188818.13	ZDHHC11	up	-0.325484	0.0736827	-4.41737	1.18606e-05	475	ReprPCWk	Repr	False
NC_000005.10:843377	chr5	843377	ENSG00000188818.13	ZDHHC11	dn	-0.331554	0.073705	-4.4984	8.22798e-06	474	ReprPCWk	Repr	False
NC_000005.10:843377	chr5	843377	ENSG00000188818.13	ZDHHC11	body	-0.331708	0.0738056	-4.49435	8.3807e-06	474	ReprPCWk	Repr	False
NC_000001.11:732942	chr1	732942	ENSG00000284662.2	OR4F16	dn	-0.492215	0.123	-4.00175	7.07701e-05	196	TxWk	Tx	False
NC_000009.12:36008793	chr9	36008793	ENSG00000243641.3	OR13C7	dn	1.60398	0.254576	6.3006	5.75271e-10	183	Quies	Quies	False
NC_000009.12:36008793	chr9	36008793	ENSG00000243641.3	OR13C7	enh	1.03769	0.212883	4.87446	1.39975e-06	211	Quies	Quies	False
NC_000001.11:244438597	chr1	244438597	ENSG00000035687.10	ADSS2	body	-1.8802	0.454152	-4.14002	3.97223e-05	85	TxWk	Tx	False
NC_000009.12:113082672	chr9	113082672	ENSG00000136866.14	ZFP37	dn	0.304459	0.0752353	4.04675	5.875e-05	507	Quies	Quies	False
NC_000008.11:125793399	chr8	125793399	ENSG00000173334.4	TRIB1	enh	-3.56941	0.845596	-4.22118	2.80824e-05	10	Quies	Quies	False
NC_000002.12:177386181	chr2	177386181	ENSG00000018510.18	AGPS	body	-1.06218	0.23726	-4.47687	9.0724e-06	192	Quies	Quies	False
NC_000011.10:5921393	chr11	5921393	ENSG00000132256.20	TRIM5	up	0.905017	0.222168	4.07358	5.25358e-05	229	Het	Het-ZNF	False
NC_000006.12:110476327	chr6	110476327	ENSG00000004809.14	SLC22A16	up	1.42231	0.294282	4.83314	1.71053e-06	254	TssBiv	Biv	False
NC_000006.12:110476327	chr6	110476327	ENSG00000004809.14	SLC22A16	dn	1.34005	0.289944	4.62176	4.6641e-06	257	TssBiv	Biv	False
NC_000006.12:110476327	chr6	110476327	ENSG00000004809.14	SLC22A16	body	1.42231	0.294282	4.83314	1.71053e-06	254	TssBiv	Biv	False
NC_000002.12:165422074	chr2	165422074	ENSG00000178662.16	CSRNP3	up	-1.45248	0.228033	-6.36961	3.78199e-10	256	Het	Het-ZNF	False
NC_000009.12:113082799	chr9	113082799	ENSG00000136866.14	ZFP37	dn	0.408608	0.0857828	4.76329	2.39297e-06	507	Quies	Quies	False
NC_000017.11:73177480	chr17	73177480	ENSG00000180616.9	SSTR2	dn	0.447907	0.0917681	4.88085	1.35679e-06	336	Quies	Quies	False
NC_000017.11:73177480	chr17	73177480	ENSG00000180616.9	SSTR2	prom	0.454705	0.104362	4.35698	1.55197e-05	289	Quies	Quies	False
NC_000004.12:185055799	chr4	185055799	ENSG00000187821.9	HELT	dn	-1.10882	0.19752	-5.61371	3.03372e-08	190	Quies	Quies	False
NC_000001.11:152218905	chr1	152218905	ENSG00000197915.7	HRNR	dn	-1.12345	0.230888	-4.86579	1.46003e-06	121	ZNF/Rpts	Het-ZNF	True
NC_000009.12:4719963	chr9	4719963	ENSG00000147853.17	AK3	up	-3.41815	0.600054	-5.6964	1.92088e-08	125	Tx	Tx	False
NC_000009.12:4719963	chr9	4719963	ENSG00000147853.17	AK3	dn	-3.05706	0.533007	-5.73549	1.54465e-08	136	Tx	Tx	False
NC_000009.12:4719963	chr9	4719963	ENSG00000147853.17	AK3	body	-3.41815	0.600054	-5.6964	1.92088e-08	125	Tx	Tx	False
NC_000002.12:241016474	chr2	241016474	ENSG00000162804.15	SNED1	body	-0.515236	0.114029	-4.51845	7.50928e-06	324	ReprPCWk	Repr	False
NC_000003.12:15640855	chr3	15640855	ENSG00000131373.15	HACL1	up	1.27522	0.272102	4.68657	3.44331e-06	223	TxWk	Tx	False
NC_000003.12:15640855	chr3	15640855	ENSG00000131373.15	HACL1	dn	1.30272	0.2744	4.7475	2.58006e-06	223	TxWk	Tx	False
NC_000003.12:15640855	chr3	15640855	ENSG00000131373.15	HACL1	body	1.30272	0.2744	4.7475	2.58006e-06	223	TxWk	Tx	False
NC_000011.10:32357534	chr11	32357534	ENSG00000184937.16	WT1	up	-1.48352	0.310371	-4.77982	2.21095e-06	82	ReprPCWk	Repr	False
NC_000011.10:32357534	chr11	32357534	ENSG00000184937.16	WT1	dn	-2.14729	0.537746	-3.99312	7.33264e-05	44	ReprPCWk	Repr	False
NC_000011.10:32357534	chr11	32357534	ENSG00000184937.16	WT1	body	-2.14729	0.537746	-3.99312	7.33264e-05	44	ReprPCWk	Repr	False
NC_000006.12:3917079	chr6	3917079	ENSG00000145945.7	FAM50B	dn	0.717288	0.175008	4.0986	4.73074e-05	202	Het	Het-ZNF	False
NC_000006.12:19948854	chr6	19948854	ENSG00000172201.12	ID4	dn	-2.0807	0.370336	-5.61843	2.95606e-08	74	Quies	Quies	False
NC_000012.12:63661436	chr12	63661436	ENSG00000177990.12	DPY19L2	up	1.588	0.39767	3.99327	7.32822e-05	36	Quies	Quies	False
NC_000012.12:63661436	chr12	63661436	ENSG00000177990.12	DPY19L2	dn	1.588	0.39767	3.99327	7.32822e-05	36	Quies	Quies	False
NC_000012.12:63661436	chr12	63661436	ENSG00000177990.12	DPY19L2	body	1.588	0.39767	3.99327	7.32822e-05	36	Quies	Quies	False
NC_000001.11:121020818	chr1	121020818	ENSG00000263353.4	PPIAL4A	up	-1.87611	0.304768	-6.15585	1.36956e-09	256	NA	NA	False
NC_000002.12:3287730	chr2	3287730	ENSG00000032389.13	EIPR1	up	-0.306053	0.0731288	-4.18512	3.2783e-05	245	Quies	Quies	False
NC_000002.12:3287730	chr2	3287730	ENSG00000032389.13	EIPR1	body	-0.243345	0.0606483	-4.01239	6.77341e-05	361	Quies	Quies	False
NC_000006.12:157311384	chr6	157311384	ENSG00000215712.11	TMEM242	up	0.175737	0.0400365	4.38942	1.34376e-05	359	TxWk	Tx	False
NC_000017.11:26869367	chr17	26869367	ENSG00000109046.15	WSB1	up	-0.766395	0.162897	-4.70479	3.15957e-06	81	NA	NA	False
NC_000001.11:121016853	chr1	121016853	ENSG00000263353.4	PPIAL4A	up	-1.9373	0.326426	-5.93489	4.98271e-09	256	NA	NA	False
NC_000003.12:126703910	chr3	126703910	ENSG00000159685.11	CHCHD6	up	2.40188	0.536232	4.47918	8.9781e-06	54	EnhWk	Enh	False
NC_000002.12:113387735	chr2	113387735	ENSG00000136682.16	ZNG1B	body	-0.638415	0.153751	-4.15227	3.77096e-05	138	Quies	Quies	False
NC_000009.12:113376085	chr9	113376085	ENSG00000119431.10	HDHD3	up	1.53807	0.314909	4.88418	1.33491e-06	247	TssFlnkD	Prom	False
NC_000009.12:113376085	chr9	113376085	ENSG00000119431.10	HDHD3	dn	0.783158	0.177311	4.41686	1.18882e-05	304	TssFlnkD	Prom	False
NC_000009.12:113376085	chr9	113376085	ENSG00000119431.10	HDHD3	body	1.67053	0.334638	4.99205	7.84751e-07	241	TssFlnkD	Prom	False
NC_000009.12:113376085	chr9	113376085	ENSG00000119431.10	HDHD3	prom	1.67053	0.334638	4.99205	7.84751e-07	241	TssFlnkD	Prom	False
NC_000006.12:169216176	chr6	169216176	ENSG00000186340.17	THBS2	up	-0.320232	0.0700838	-4.56928	5.9475e-06	464	Quies	Quies	False
NC_000018.10:78793800	chr18	78793800	ENSG00000256463.10	SALL3	dn	0.826656	0.170709	4.84249	1.63486e-06	136	ZNF/Rpts	Het-ZNF	False
NC_000001.11:121647117	chr1	121647117	ENSG00000188610.12	FAM72B	up	1.86857	0.289383	6.4571	2.21022e-10	35	Quies	Quies	False
NC_000010.11:133572530	chr10	133572530	ENSG00000171772.17	SYCE1	body	1.24253	0.296147	4.19566	3.1337e-05	39	Het	Het-ZNF	False
NC_000008.11:121236034	chr8	121236034	ENSG00000170961.7	HAS2	dn	1.32226	0.307729	4.29685	2.02199e-05	37	Quies	Quies	False
NC_000008.11:66355510	chr8	66355510	ENSG00000179041.4	RRS1	up	-0.930731	0.203618	-4.57097	5.90136e-06	186	Quies	Quies	False
NC_000008.11:66333454	chr8	66333454	ENSG00000179041.4	RRS1	up	-0.658701	0.128153	-5.13995	3.72727e-07	186	Quies	Quies	False
NC_000022.11:16502651	chr22	16502651	ENSG00000198445.4	CCT8L2	up	0.853226	0.148766	5.73537	1.54569e-08	305	Quies	Quies	False
NC_000002.12:74943172	chr2	74943172	ENSG00000115350.12	POLE4	dn	-1.15591	0.25344	-4.56089	6.1818e-06	109	Quies	Quies	False
NC_000005.10:8065473	chr5	8065473	ENSG00000124279.12	FASTKD3	dn	-0.970979	0.224029	-4.33416	1.71648e-05	38	Het	Het-ZNF	False
NC_000001.11:118226976	chr1	118226976	ENSG00000155761.14	SPAG17	body	0.883404	0.198801	4.44366	1.05401e-05	58	Quies	Quies	False
NC_000007.14:22057054	chr7	22057054	ENSG00000164649.20	CDCA7L	up	0.977442	0.244583	3.99636	7.23577e-05	148	Quies	Quies	False
NC_000017.11:21748030	chr17	21748030	ENSG00000260458.3	KCNJ18	dn	-1.85409	0.293711	-6.31266	5.34788e-10	39	NA	NA	False
NC_000014.9:20709520	chr14	20709520	ENSG00000259171.1	ENSG00000259171	enh	-3.05842	0.695873	-4.39508	1.31029e-05	23	Quies	Quies	False
NC_000002.12:129204186	chr2	129204186	ENSG00000222014.6	RAB6C	dn	0.970521	0.243263	3.98959	7.43966e-05	45	Quies	Quies	False
NC_000018.10:45765222	chr18	45765222	ENSG00000197046.12	SIGLEC15	up	1.2858	0.278915	4.60999	4.92634e-06	141	ReprPCWk	Repr	False
NC_000006.12:160637625	chr6	160637625	ENSG00000198670.13	LPA	dn	-0.395588	0.0819633	-4.8264	1.76715e-06	132	Quies	Quies	False
NC_000010.11:38829032	chr10	38829032	ENSG00000283930.1	PLD5P1	up	-0.935531	0.19925	-4.69527	3.30492e-06	122	Het	Het-ZNF	False
NC_000010.11:38829032	chr10	38829032	ENSG00000283930.1	PLD5P1	body	-0.598475	0.130897	-4.57211	5.87038e-06	190	Het	Het-ZNF	False
NC_000009.12:113087543	chr9	113087543	ENSG00000136866.14	ZFP37	dn	0.429454	0.100018	4.29376	2.04951e-05	507	Quies	Quies	False
NC_000007.14:54720645	chr7	54720645	ENSG00000132432.14	SEC61G	dn	1.74917	0.407371	4.2938	2.04912e-05	69	Quies	Quies	False
NC_000004.12:151530892	chr4	151530892	ENSG00000164142.16	FHIP1A	up	1.27094	0.263937	4.8153	1.86441e-06	109	Quies	Quies	False
NC_000004.12:151530892	chr4	151530892	ENSG00000164142.16	FHIP1A	body	1.31354	0.146418	8.9712	3.7558800000000015e-18	276	Quies	Quies	False
NC_000012.12:112622487	chr12	112622487	ENSG00000089169.15	RPH3A	enh	3.97559	0.790215	5.03102	6.46112e-07	8	Quies	Quies	False
NC_000005.10:173964129	chr5	173964129	ENSG00000185056.10	C5orf47	prom	7.37244	1.56864	4.69988	3.23375e-06	3	TxWk	Tx	False
NC_000014.9:95424609	chr14	95424609	ENSG00000176438.13	SYNE3	up	0.649874	0.138954	4.67689	3.60377e-06	294	TxWk	Tx	False
NC_000014.9:95424609	chr14	95424609	ENSG00000176438.13	SYNE3	dn	0.649874	0.138954	4.67689	3.60377e-06	294	TxWk	Tx	False
NC_000014.9:95424609	chr14	95424609	ENSG00000176438.13	SYNE3	body	0.649874	0.138954	4.67689	3.60377e-06	294	TxWk	Tx	False
NC_000006.12:160643170	chr6	160643170	ENSG00000198670.13	LPA	up	-0.375433	0.0936292	-4.00979	6.84641e-05	185	Quies	Quies	False
NC_000006.12:160643170	chr6	160643170	ENSG00000198670.13	LPA	dn	-0.622614	0.100185	-6.21464	9.64828e-10	132	Quies	Quies	False
NC_000006.12:160643170	chr6	160643170	ENSG00000198670.13	LPA	body	-0.375433	0.0936292	-4.00979	6.84641e-05	185	Quies	Quies	False
NC_000009.12:113087669	chr9	113087669	ENSG00000136866.14	ZFP37	dn	0.893246	0.127689	6.9955	7.10401e-12	507	Quies	Quies	False
NC_000014.9:57943739	chr14	57943739	ENSG00000151812.15	SLC35F4	up	1.54103	0.366498	4.20476	3.01369e-05	42	Quies	Quies	False
NC_000005.10:137678762	chr5	137678762	ENSG00000146021.15	KLHL3	up	-1.19073	0.238181	-4.99928	7.57011e-07	115	TxWk	Tx	False
NC_000005.10:137678762	chr5	137678762	ENSG00000146021.15	KLHL3	dn	-1.19073	0.238181	-4.99928	7.57011e-07	115	TxWk	Tx	False
NC_000005.10:137678762	chr5	137678762	ENSG00000146021.15	KLHL3	body	-1.19073	0.238181	-4.99928	7.57011e-07	115	TxWk	Tx	False
NC_000010.11:113502951	chr10	113502951	ENSG00000148702.15	HABP2	up	-0.569758	0.0962978	-5.91662	5.53452e-09	295	Quies	Quies	False
NC_000009.12:113087783	chr9	113087783	ENSG00000136866.14	ZFP37	dn	0.622915	0.141288	4.40883	1.23227e-05	507	Quies	Quies	False
NC_000007.14:39541228	chr7	39541228	ENSG00000241127.8	YAE1	up	1.3338	0.22926	5.81786	9.71772e-09	64	Quies	Quies	False
NC_000020.11:31069133	chr20	31069133	ENSG00000215547.1	DEFB115	up	0.0730025	0.0170275	4.28734	2.10781e-05	170	NA	NA	False
NC_000005.10:844436	chr5	844436	ENSG00000188818.13	ZDHHC11	up	-0.286212	0.0686035	-4.17198	3.46756e-05	475	ReprPCWk	Repr	False
NC_000005.10:844436	chr5	844436	ENSG00000188818.13	ZDHHC11	dn	-0.286258	0.0686658	-4.16885	3.5141e-05	474	ReprPCWk	Repr	False
NC_000005.10:844436	chr5	844436	ENSG00000188818.13	ZDHHC11	body	-0.286728	0.068757	-4.17017	3.49448e-05	474	ReprPCWk	Repr	False
NC_000019.10:36278424	chr19	36278424	ENSG00000196357.12	ZNF565	up	-0.937885	0.154567	-6.06784	2.3017e-09	119	Quies	Quies	False
NC_000019.10:36278424	chr19	36278424	ENSG00000196357.12	ZNF565	dn	-1.13921	0.285695	-3.9875	7.50379e-05	82	Quies	Quies	False
NC_000019.10:36278424	chr19	36278424	ENSG00000196357.12	ZNF565	body	-1.41092	0.340664	-4.14167	3.94445e-05	62	Quies	Quies	False
NC_000020.11:31188039	chr20	31188039	ENSG00000215547.1	DEFB115	up	0.413399	0.0688468	6.00462	3.3291e-09	170	NA	NA	False
NC_000010.11:80443286	chr10	80443286	ENSG00000108219.17	TSPAN14	enh	-3.89374	0.949808	-4.0995	4.71277e-05	3	EnhA1	Enh	False
NC_000001.11:25523322	chr1	25523322	ENSG00000157978.12	LDLRAP1	up	1.71398	0.346898	4.94087	1.01097e-06	145	Quies	Quies	False
NC_000002.12:693162	chr2	693162	ENSG00000151353.15	TMEM18	dn	-0.299137	0.0747686	-4.00084	7.10347e-05	489	ReprPCWk	Repr	False
NC_000009.12:113082202	chr9	113082202	ENSG00000136866.14	ZFP37	dn	1.06398	0.1284	8.2864	7.69629e-16	507	Quies	Quies	False
NC_000009.12:113082208	chr9	113082208	ENSG00000136866.14	ZFP37	dn	0.895591	0.135527	6.60821	8.61645e-11	507	Quies	Quies	False
NC_000009.12:113083736	chr9	113083736	ENSG00000136866.14	ZFP37	dn	0.546535	0.112631	4.85244	1.55789e-06	507	Quies	Quies	False
NC_000002.12:74931237	chr2	74931237	ENSG00000115350.12	POLE4	dn	-2.15171	0.325055	-6.61953	8.02368e-11	109	Quies	Quies	False
NC_000005.10:127116122	chr5	127116122	ENSG00000164241.14	C5orf63	dn	1.82006	0.384664	4.73156	2.78323e-06	58	Quies	Quies	False
NC_000019.10:20132848	chr19	20132848	ENSG00000256229.8	ZNF486	up	-1.69362	0.142458	-11.8886	2.08538e-29	357	Quies	Quies	False
NC_000019.10:20132848	chr19	20132848	ENSG00000256229.8	ZNF486	dn	-4.67579	0.41498	-11.2675	7.74012e-27	91	Quies	Quies	False
NC_000011.10:102597993	chr11	102597993	ENSG00000137674.4	MMP20	up	-5.62884	0.473523	-11.8872	2.11455e-29	96	Quies	Quies	False
NC_000011.10:102597993	chr11	102597993	ENSG00000137674.4	MMP20	dn	-3.62579	0.335208	-10.8165	5.00502e-25	148	Quies	Quies	False
NC_000011.10:102597993	chr11	102597993	ENSG00000137674.4	MMP20	body	-5.62884	0.473523	-11.8872	2.11455e-29	96	Quies	Quies	False
NC_000011.10:102597993	chr11	102597993	ENSG00000137674.4	MMP20	enh	-5.62884	0.473523	-11.8872	2.11455e-29	96	Quies	Quies	False
NC_000007.14:93332603	chr7	93332603	ENSG00000004766.17	VPS50	body	1.31657	0.325925	4.03949	6.05497e-05	82	TxWk	Tx	False
NC_000006.12:157286621	chr6	157286621	ENSG00000215712.11	TMEM242	up	-0.373301	0.0908646	-4.10832	4.54117e-05	359	TxWk	Tx	False
NC_000001.11:152220652	chr1	152220652	ENSG00000197915.7	HRNR	dn	-0.986423	0.204139	-4.83211	1.71908e-06	121	Het	Het-ZNF	True
NC_000013.11:95209052	chr13	95209052	ENSG00000125257.16	ABCC4	body	-1.09311	0.272391	-4.01302	6.75581e-05	415	Quies	Quies	False
NC_000004.12:87868729	chr4	87868729	ENSG00000152595.17	MEPE	dn	0.782612	0.176157	4.44269	1.05866e-05	332	Quies	Quies	False
NC_000005.10:843386	chr5	843386	ENSG00000188818.13	ZDHHC11	up	-0.499807	0.0851494	-5.86976	7.23628e-09	475	ReprPCWk	Repr	False
NC_000005.10:843386	chr5	843386	ENSG00000188818.13	ZDHHC11	dn	-0.50409	0.0851871	-5.91744	5.50842e-09	474	ReprPCWk	Repr	False
NC_000005.10:843386	chr5	843386	ENSG00000188818.13	ZDHHC11	body	-0.505472	0.0852939	-5.92624	5.23687e-09	474	ReprPCWk	Repr	False
NC_000003.12:7080514	chr3	7080514	ENSG00000196277.17	GRM7	body	-0.335348	0.0831292	-4.03406	6.19285e-05	501	Quies	Quies	False
NC_000010.11:38487404	chr10	38487404	ENSG00000283930.1	PLD5P1	up	-1.51311	0.241388	-6.26837	6.98843e-10	122	ZNF/Rpts	Het-ZNF	False
NC_000010.11:38487404	chr10	38487404	ENSG00000283930.1	PLD5P1	body	-0.649751	0.161383	-4.02613	6.39949e-05	190	ZNF/Rpts	Het-ZNF	False
NC_000006.12:25955640	chr6	25955640	ENSG00000112343.11	TRIM38	dn	-3.73926	0.708749	-5.27586	1.85017e-07	32	Quies	Quies	False
NC_000006.12:157285218	chr6	157285218	ENSG00000215712.11	TMEM242	up	-0.409576	0.0793848	-5.15937	3.37548e-07	359	TxWk	Tx	False
NC_000017.11:26831683	chr17	26831683	ENSG00000109046.15	WSB1	up	-1.32943	0.285725	-4.65282	4.03464e-06	81	NA	NA	False
NC_000002.12:157568211	chr2	157568211	ENSG00000123612.16	ACVR1C	up	1.23837	0.303103	4.08566	4.9946e-05	253	Quies	Quies	False
NC_000002.12:157568211	chr2	157568211	ENSG00000123612.16	ACVR1C	dn	1.23837	0.303103	4.08566	4.9946e-05	253	Quies	Quies	False
NC_000002.12:157568211	chr2	157568211	ENSG00000123612.16	ACVR1C	body	1.23837	0.303103	4.08566	4.9946e-05	253	Quies	Quies	False
NC_000005.10:150260864	chr5	150260864	ENSG00000070808.17	CAMK2A	up	1.09514	0.264192	4.14522	3.88556e-05	264	TxWk	Tx	False
NC_000005.10:150260864	chr5	150260864	ENSG00000070808.17	CAMK2A	body	1.09514	0.264192	4.14522	3.88556e-05	264	TxWk	Tx	False
NC_000011.10:74433298	chr11	74433298	ENSG00000175538.11	KCNE3	up	0.946961	0.237202	3.99222	7.35995e-05	115	Quies	Quies	False
NC_000011.10:102602218	chr11	102602218	ENSG00000137674.4	MMP20	up	-3.11407	0.339711	-9.16683	7.75087e-19	96	EnhA2	Enh	False
NC_000011.10:102602218	chr11	102602218	ENSG00000137674.4	MMP20	dn	-1.74984	0.242218	-7.22425	1.54116e-12	148	EnhA2	Enh	False
NC_000011.10:102602218	chr11	102602218	ENSG00000137674.4	MMP20	body	-3.11407	0.339711	-9.16683	7.75087e-19	96	EnhA2	Enh	False
NC_000011.10:102602218	chr11	102602218	ENSG00000137674.4	MMP20	enh	-3.11407	0.339711	-9.16683	7.75087e-19	96	EnhA2	Enh	False
NC_000013.11:50400070	chr13	50400070	ENSG00000198553.9	KCNRG	prom	6.76165	1.68145	4.02132	6.52823e-05	3	Quies	Quies	False
NC_000011.10:5921285	chr11	5921285	ENSG00000132256.20	TRIM5	up	1.18286	0.180428	6.55583	1.19683e-10	229	Quies	Quies	False
NC_000011.10:5921285	chr11	5921285	ENSG00000132256.20	TRIM5	body	0.707762	0.135079	5.23962	2.2335e-07	319	Quies	Quies	False
NC_000018.10:36378741	chr18	36378741	ENSG00000134775.16	FHOD3	body	-1.85369	0.374018	-4.95615	9.37559e-07	109	ReprPCWk	Repr	False
NC_000002.12:113259427	chr2	113259427	ENSG00000125618.18	PAX8	up	-1.14334	0.235916	-4.84639	1.60429e-06	68	Tx	Tx	False
NC_000002.12:113259427	chr2	113259427	ENSG00000125618.18	PAX8	dn	-1.12509	0.234098	-4.80606	1.9493e-06	70	Tx	Tx	False
NC_000002.12:113259427	chr2	113259427	ENSG00000125618.18	PAX8	body	-1.14334	0.235916	-4.84639	1.60429e-06	68	Tx	Tx	False
NC_000009.12:113082684	chr9	113082684	ENSG00000136866.14	ZFP37	dn	0.33471	0.0789303	4.24058	2.58269e-05	507	Quies	Quies	False
NC_000006.12:167215026	chr6	167215026	ENSG00000112494.10	UNC93A	up	-0.796049	0.136948	-5.81277	1.00019e-08	390	ReprPCWk	Repr	False
NC_000019.10:21609251	chr19	21609251	ENSG00000197013.11	ZNF429	dn	-0.355294	0.0794112	-4.4741	9.18693e-06	204	Quies	Quies	False
NC_000012.12:109407972	chr12	109407972	ENSG00000174527.11	MYO1H	body	1.00799	0.190278	5.29747	1.65278e-07	256	Quies	Quies	False
NC_000001.11:121016504	chr1	121016504	ENSG00000263353.4	PPIAL4A	up	-1.63474	0.344089	-4.75091	2.53848e-06	256	NA	NA	False
NC_000020.11:31061523	chr20	31061523	ENSG00000215547.1	DEFB115	up	0.0685051	0.0169606	4.03907	6.06556e-05	170	NA	NA	False
NC_000006.12:110476450	chr6	110476450	ENSG00000004809.14	SLC22A16	up	1.20337	0.294177	4.09065	4.89131e-05	254	TssFlnkD	Prom	False
NC_000006.12:110476450	chr6	110476450	ENSG00000004809.14	SLC22A16	body	1.20337	0.294177	4.09065	4.89131e-05	254	TssFlnkD	Prom	False
NC_000006.12:86961829	chr6	86961829	ENSG00000168830.8	HTR1E	up	1.21266	0.302842	4.00427	7.00382e-05	80	Quies	Quies	False
NC_000020.11:31060114	chr20	31060114	ENSG00000215547.1	DEFB115	up	0.0879514	0.0187844	4.68216	3.51545e-06	170	NA	NA	False
NC_000011.10:36572471	chr11	36572471	ENSG00000166352.18	IFTAP	up	1.51858	0.377318	4.02467	6.43841e-05	94	ReprPCWk	Repr	False
NC_000021.9:35866770	chr21	35866770	ENSG00000159216.20	RUNX1	body	0.28143	0.0533258	5.27756	1.83385e-07	496	Quies	Quies	False
NC_000006.12:110484119	chr6	110484119	ENSG00000004809.14	SLC22A16	up	-1.48746	0.23291	-6.38641	3.41297e-10	254	Quies	Quies	False
NC_000006.12:110484119	chr6	110484119	ENSG00000004809.14	SLC22A16	dn	-1.41481	0.229615	-6.16166	1.32315e-09	257	Quies	Quies	False
NC_000006.12:110484119	chr6	110484119	ENSG00000004809.14	SLC22A16	body	-1.48746	0.23291	-6.38641	3.41297e-10	254	Quies	Quies	False
NC_000011.10:110508055	chr11	110508055	ENSG00000137714.3	FDX1	dn	-1.53618	0.285798	-5.37507	1.09874e-07	236	Tx	Tx	False
NC_000011.10:110508055	chr11	110508055	ENSG00000137714.3	FDX1	body	-1.35895	0.337297	-4.02895	6.32541e-05	155	Tx	Tx	False
NC_000020.11:31171596	chr20	31171596	ENSG00000215547.1	DEFB115	up	0.439406	0.0654407	6.71457	4.39253e-11	170	NA	NA	False
NC_000020.11:31060234	chr20	31060234	ENSG00000215547.1	DEFB115	up	0.0652099	0.0159638	4.08485	5.01156e-05	170	NA	NA	False
NC_000010.11:46897238	chr10	46897238	ENSG00000204179.11	PTPN20	up	0.801822	0.145532	5.5096	5.3497e-08	219	NA	NA	False
NC_000006.12:160619142	chr6	160619142	ENSG00000198670.13	LPA	up	-1.73867	0.212455	-8.18375	1.66236e-15	185	Quies	Quies	False
NC_000006.12:160619142	chr6	160619142	ENSG00000198670.13	LPA	dn	-2.63107	0.21909	-12.0091	6.46995e-30	132	Quies	Quies	False
NC_000006.12:160619142	chr6	160619142	ENSG00000198670.13	LPA	body	-1.73867	0.212455	-8.18375	1.66236e-15	185	Quies	Quies	False
NC_000009.12:15299	chr9	15299	ENSG00000181404.18	WASHC1	dn	-1.03463	0.185085	-5.59	3.4547e-08	169	Quies	Quies	False
NC_000013.11:24940493	chr13	24940493	ENSG00000151849.16	CENPJ	dn	-0.848374	0.189359	-4.48025	8.93471e-06	347	Quies	Quies	False
NC_000003.12:126703924	chr3	126703924	ENSG00000159685.11	CHCHD6	up	2.12949	0.496852	4.28597	2.1204e-05	54	EnhWk	Enh	False
NC_000003.12:126703924	chr3	126703924	ENSG00000159685.11	CHCHD6	body	1.62016	0.233509	6.93831	1.03445e-11	127	EnhWk	Enh	False
NC_000003.12:126703924	chr3	126703924	ENSG00000159685.11	CHCHD6	enh	2.73736	0.511441	5.35226	1.23954e-07	51	EnhWk	Enh	False
NC_000020.11:31193898	chr20	31193898	ENSG00000215547.1	DEFB115	up	0.587487	0.0896186	6.55542	1.19993e-10	170	NA	NA	False
NC_000001.11:2668633	chr1	2668633	ENSG00000142606.16	MMEL1	up	-0.36595	0.0751682	-4.86841	1.44155e-06	162	Quies	Quies	False
NC_000001.11:2668633	chr1	2668633	ENSG00000142606.16	MMEL1	dn	-0.1741	0.0355888	-4.892	1.28491e-06	280	Quies	Quies	False
NC_000001.11:2668633	chr1	2668633	ENSG00000142606.16	MMEL1	body	-0.36595	0.0751682	-4.86841	1.44155e-06	162	Quies	Quies	False
NC_000005.10:146916291	chr5	146916291	ENSG00000156475.19	PPP2R2B	up	1.06614	0.238043	4.47878	8.99434e-06	221	Quies	Quies	False
NC_000001.11:2675590	chr1	2675590	ENSG00000142606.16	MMEL1	up	-0.502838	0.115693	-4.34633	1.62681e-05	162	Quies	Quies	False
NC_000001.11:2675590	chr1	2675590	ENSG00000142606.16	MMEL1	dn	-0.295172	0.0543192	-5.43403	8.03017e-08	280	Quies	Quies	False
NC_000001.11:2675590	chr1	2675590	ENSG00000142606.16	MMEL1	body	-0.502838	0.115693	-4.34633	1.62681e-05	162	Quies	Quies	False
NC_000009.12:113065010	chr9	113065010	ENSG00000136866.14	ZFP37	dn	0.810531	0.138069	5.87047	7.20704e-09	507	Quies	Quies	False
NC_000005.10:56908400	chr5	56908400	ENSG00000155542.12	SETD9	up	-1.43788	0.277344	-5.18445	2.96857e-07	177	TssFlnkU	Prom	False
NC_000012.12:132900479	chr12	132900479	ENSG00000072609.18	CHFR	up	0.398142	0.0973382	4.0903	4.89848e-05	203	EnhA2	Enh	False
NC_000012.12:132900479	chr12	132900479	ENSG00000072609.18	CHFR	dn	0.514146	0.107201	4.79609	2.04497e-06	193	EnhA2	Enh	False
NC_000012.12:132900479	chr12	132900479	ENSG00000072609.18	CHFR	body	0.390474	0.0944438	4.13445	4.0669e-05	206	EnhA2	Enh	False
NC_000008.11:66410110	chr8	66410110	ENSG00000179041.4	RRS1	up	-0.766589	0.185602	-4.13028	4.13934e-05	186	Quies	Quies	False
NC_000010.11:67463035	chr10	67463035	ENSG00000183230.18	CTNNA3	body	-0.427754	0.10687	-4.00257	7.05309e-05	558	Het	Het-ZNF	False
NC_000016.10:74789818	chr16	74789818	ENSG00000103089.9	FA2H	dn	1.7522	0.371998	4.71024	3.07916e-06	36	Quies	Quies	False
NC_000012.12:9456245	chr12	9456245	ENSG00000111796.4	KLRB1	up	-1.33613	0.324037	-4.12341	4.26135e-05	102	Quies	Quies	False
NC_000012.12:9456245	chr12	9456245	ENSG00000111796.4	KLRB1	dn	-1.33613	0.324037	-4.12341	4.26135e-05	102	Quies	Quies	False
NC_000012.12:9456245	chr12	9456245	ENSG00000111796.4	KLRB1	body	-1.33613	0.324037	-4.12341	4.26135e-05	102	Quies	Quies	False
NC_000002.12:15653104	chr2	15653104	ENSG00000079785.16	DDX1	body	-1.98358	0.354934	-5.5886	3.48139e-08	72	ReprPCWk	Repr	False
NC_000009.12:113087311	chr9	113087311	ENSG00000136866.14	ZFP37	dn	1.10814	0.153362	7.22562	1.527e-12	507	Quies	Quies	False
NC_000002.12:207021675	chr2	207021675	ENSG00000144410.5	CPO	dn	1.33301	0.317735	4.19536	3.13768e-05	357	Quies	Quies	False
NC_000011.10:63194629	chr11	63194629	ENSG00000196600.13	SLC22A25	up	-0.858141	0.21428	-4.00476	6.98972e-05	170	Quies	Quies	False
NC_000011.10:63194629	chr11	63194629	ENSG00000196600.13	SLC22A25	body	-0.858141	0.21428	-4.00476	6.98972e-05	170	Quies	Quies	False
NC_000005.10:34699489	chr5	34699489	ENSG00000039560.14	RAI14	enh	-1.74316	0.396017	-4.40172	1.27204e-05	21	EnhA1	Enh	False
NC_000009.12:113065253	chr9	113065253	ENSG00000136866.14	ZFP37	dn	1.15789	0.164443	7.04128	5.24901e-12	507	Quies	Quies	False
NC_000018.10:79385511	chr18	79385511	ENSG00000131196.18	NFATC1	up	0.289997	0.0568051	5.10513	4.44886e-07	444	EnhBiv	Biv	False
NC_000015.10:101679495	chr15	101679495	ENSG00000184277.13	TM2D3	dn	-2.17585	0.470705	-4.62254	4.64723e-06	50	TxWk	Tx	False
NC_000013.11:42430340	chr13	42430340	ENSG00000120659.16	TNFSF11	up	-1.25286	0.304195	-4.1186	4.34877e-05	56	Quies	Quies	False
NC_000019.10:21626575	chr19	21626575	ENSG00000197013.11	ZNF429	dn	-0.333744	0.0825193	-4.04444	5.93179e-05	204	Het	Het-ZNF	False
NC_000009.12:113087558	chr9	113087558	ENSG00000136866.14	ZFP37	dn	0.945158	0.121254	7.79483	2.87369e-14	507	Quies	Quies	False
NC_000006.12:157312442	chr6	157312442	ENSG00000215712.11	TMEM242	up	0.227013	0.0556548	4.07895	5.137e-05	359	Tx	Tx	False
NC_000017.11:21689404	chr17	21689404	ENSG00000260458.3	KCNJ18	dn	4.10047	0.64404	6.36679	3.84775e-10	39	NA	NA	False
NC_000009.12:96787486	chr9	96787486	ENSG00000081386.13	ZNF510	dn	-1.40776	0.351541	-4.00453	6.99645e-05	83	Quies	Quies	False
NC_000009.12:113087673	chr9	113087673	ENSG00000136866.14	ZFP37	dn	1.56176	0.142798	10.9369	1.66365e-25	507	Quies	Quies	False
NC_000003.12:120575074	chr3	120575074	ENSG00000065518.8	NDUFB4	body	-0.860161	0.182836	-4.70454	3.16332e-06	179	Quies	Quies	False
NC_000010.11:110708952	chr10	110708952	ENSG00000203867.8	RBM20	body	-1.25935	0.310913	-4.05049	5.78435e-05	79	Quies	Quies	False
NC_000006.12:149981464	chr6	149981464	ENSG00000111981.5	ULBP1	dn	-1.47478	0.216	-6.82766	2.12523e-11	124	ReprPCWk	Repr	False
NC_000006.12:149981464	chr6	149981464	ENSG00000111981.5	ULBP1	body	1.61255	0.284879	5.66046	2.34459e-08	103	ReprPCWk	Repr	False
NC_000006.12:148795660	chr6	148795660	ENSG00000111962.8	UST	enh	1.44285	0.344176	4.19219	3.18059e-05	36	Quies	Quies	False
NC_000004.12:26436901	chr4	26436901	ENSG00000163394.6	CCKAR	up	-1.32293	0.288824	-4.58041	5.64983e-06	166	Tx	Tx	False
NC_000005.10:843035	chr5	843035	ENSG00000188818.13	ZDHHC11	up	-0.391282	0.0688538	-5.68279	2.07172e-08	475	ReprPCWk	Repr	False
NC_000005.10:843035	chr5	843035	ENSG00000188818.13	ZDHHC11	dn	-0.393339	0.0688986	-5.70895	1.79129e-08	474	ReprPCWk	Repr	False
NC_000005.10:843035	chr5	843035	ENSG00000188818.13	ZDHHC11	body	-0.393385	0.0689952	-5.70162	1.86593e-08	474	ReprPCWk	Repr	False
NC_000007.14:51288997	chr7	51288997	ENSG00000106078.19	COBL	up	1.37749	0.317665	4.3363	1.70038e-05	72	Quies	Quies	False
NC_000007.14:24153590	chr7	24153590	ENSG00000122585.8	NPY	up	1.32753	0.258349	5.13853	3.75433e-07	108	Quies	Quies	False
NC_000018.10:9335662	chr18	9335662	ENSG00000128791.12	TWSG1	body	-1.80784	0.363413	-4.97461	8.55683e-07	38	TssFlnk	Prom	False
NC_000002.12:177387132	chr2	177387132	ENSG00000018510.18	AGPS	body	-0.660853	0.14329	-4.612	4.88072e-06	192	Quies	Quies	False
NC_000006.12:117474478	chr6	117474478	ENSG00000164465.19	DCBLD1	body	-1.09319	0.271781	-4.02234	6.50057e-05	204	Quies	Quies	False
NC_000020.11:31069263	chr20	31069263	ENSG00000215547.1	DEFB115	up	0.0685677	0.0167319	4.09803	4.74194e-05	170	NA	NA	False
NC_000009.12:113082210	chr9	113082210	ENSG00000136866.14	ZFP37	dn	0.480853	0.103968	4.62501	4.59393e-06	507	Quies	Quies	False
NC_000009.12:113082213	chr9	113082213	ENSG00000136866.14	ZFP37	dn	0.581711	0.112015	5.19318	2.83839e-07	507	Quies	Quies	False
NC_000009.12:113082218	chr9	113082218	ENSG00000136866.14	ZFP37	dn	0.540422	0.124986	4.32386	1.79608e-05	507	Quies	Quies	False
NC_000007.14:112066606	chr7	112066606	ENSG00000128512.24	DOCK4	body	1.86605	0.253224	7.36917	5.73488e-13	138	Quies	Quies	False
NC_000006.12:6493585	chr6	6493585	ENSG00000112799.9	LY86	up	0.773368	0.190015	4.07003	5.33214e-05	163	Quies	Quies	False
NC_000007.14:53768681	chr7	53768681	ENSG00000221900.6	POM121L12	enh	6.57814	1.26146	5.21469	2.54069e-07	3	Quies	Quies	False
NC_000001.11:2671315	chr1	2671315	ENSG00000142606.16	MMEL1	up	-0.670539	0.13965	-4.80157	1.99182e-06	162	Quies	Quies	False
NC_000001.11:2671315	chr1	2671315	ENSG00000142606.16	MMEL1	body	-0.670539	0.13965	-4.80157	1.99182e-06	162	Quies	Quies	False
NC_000004.12:119316701	chr4	119316701	ENSG00000145384.4	FABP2	dn	-0.551119	0.118459	-4.65241	4.04228e-06	201	Quies	Quies	False
NC_000002.12:169714861	chr2	169714861	ENSG00000213160.10	KLHL23	prom	3.51276	0.846099	4.15172	3.7799e-05	5	Quies	Quies	False
NC_000001.11:2672840	chr1	2672840	ENSG00000142606.16	MMEL1	up	-0.584607	0.119508	-4.89178	1.2863e-06	162	Quies	Quies	False
NC_000001.11:2672840	chr1	2672840	ENSG00000142606.16	MMEL1	dn	-0.290172	0.0564804	-5.13756	3.77296e-07	280	Quies	Quies	False
NC_000001.11:2672840	chr1	2672840	ENSG00000142606.16	MMEL1	body	-0.584607	0.119508	-4.89178	1.2863e-06	162	Quies	Quies	False
NC_000001.11:2672848	chr1	2672848	ENSG00000142606.16	MMEL1	up	-0.413865	0.0828521	-4.99523	7.72433e-07	162	Quies	Quies	False
NC_000001.11:2672848	chr1	2672848	ENSG00000142606.16	MMEL1	dn	-0.217505	0.0390439	-5.57078	3.83725e-08	280	Quies	Quies	False
NC_000001.11:2672848	chr1	2672848	ENSG00000142606.16	MMEL1	body	-0.413865	0.0828521	-4.99523	7.72433e-07	162	Quies	Quies	False
NC_000015.10:61848640	chr15	61848640	ENSG00000129003.19	VPS13C	up	1.11008	0.265962	4.17383	3.44022e-05	146	Quies	Quies	False
NC_000009.12:113082330	chr9	113082330	ENSG00000136866.14	ZFP37	dn	0.524116	0.0940484	5.57284	3.79444e-08	507	Quies	Quies	False
NC_000009.12:113082337	chr9	113082337	ENSG00000136866.14	ZFP37	dn	0.565117	0.113023	5.00003	7.54189e-07	507	Quies	Quies	False
NC_000003.12:62632223	chr3	62632223	ENSG00000163618.18	CADPS	body	1.52694	0.356195	4.28682	2.11255e-05	44	Quies	Quies	False
NC_000017.11:43360428	chr17	43360428	ENSG00000175906.5	ARL4D	up	3.64013	0.557373	6.53086	1.39874e-10	49	TssFlnkU	Prom	False
NC_000017.11:43360428	chr17	43360428	ENSG00000175906.5	ARL4D	prom	4.45257	0.760098	5.85789	7.7427e-09	30	TssFlnkU	Prom	False
NC_000020.11:31398474	chr20	31398474	ENSG00000180483.7	DEFB119	dn	-1.29426	0.297872	-4.34504	1.6361e-05	204	Quies	Quies	False
NC_000004.12:67973382	chr4	67973382	ENSG00000187054.17	TMPRSS11A	dn	-0.772202	0.189239	-4.08056	5.1024e-05	303	Quies	Quies	False
NC_000001.11:152213701	chr1	152213701	ENSG00000197915.7	HRNR	dn	-1.11318	0.210035	-5.29995	1.63146e-07	121	Quies	Quies	True
NC_000018.10:13053318	chr18	13053318	ENSG00000101639.19	CEP192	body	1.00445	0.244564	4.10712	4.56424e-05	259	Tx	Tx	False
NC_000002.12:191763141	chr2	191763141	ENSG00000168497.5	CAVIN2	up	1.97723	0.292742	6.75417	3.41039e-11	169	Quies	Quies	False
NC_000011.10:102602105	chr11	102602105	ENSG00000137674.4	MMP20	up	-3.04401	0.321551	-9.46666	6.57797e-20	96	EnhA2	Enh	False
NC_000011.10:102602105	chr11	102602105	ENSG00000137674.4	MMP20	dn	-1.63456	0.230547	-7.08993	3.79863e-12	148	EnhA2	Enh	False
NC_000011.10:102602105	chr11	102602105	ENSG00000137674.4	MMP20	body	-3.04401	0.321551	-9.46666	6.57797e-20	96	EnhA2	Enh	False
NC_000011.10:102602105	chr11	102602105	ENSG00000137674.4	MMP20	enh	-3.04401	0.321551	-9.46666	6.57797e-20	96	EnhA2	Enh	False
NC_000011.10:102602109	chr11	102602109	ENSG00000137674.4	MMP20	up	-3.57414	0.374104	-9.55388	3.1753499999999995e-20	96	EnhA2	Enh	False
NC_000011.10:102602109	chr11	102602109	ENSG00000137674.4	MMP20	dn	-2.02323	0.267088	-7.57515	1.36979e-13	148	EnhA2	Enh	False
NC_000011.10:102602109	chr11	102602109	ENSG00000137674.4	MMP20	body	-3.57414	0.374104	-9.55388	3.1753499999999995e-20	96	EnhA2	Enh	False
NC_000011.10:102602109	chr11	102602109	ENSG00000137674.4	MMP20	enh	-3.57414	0.374104	-9.55388	3.1753499999999995e-20	96	EnhA2	Enh	False
NC_000001.11:247849678	chr1	247849678	ENSG00000162722.9	TRIM58	up	-0.786325	0.172889	-4.54815	6.55479e-06	300	Quies	Quies	False
NC_000002.12:33639019	chr2	33639019	ENSG00000119812.20	FAM98A	up	-3.16525	0.668543	-4.73454	2.74416e-06	38	Quies	Quies	False
NC_000002.12:33639019	chr2	33639019	ENSG00000119812.20	FAM98A	dn	-3.03232	0.568337	-5.33542	1.3545e-07	42	Quies	Quies	False
NC_000002.12:33639019	chr2	33639019	ENSG00000119812.20	FAM98A	body	-3.16525	0.668543	-4.73454	2.74416e-06	37	Quies	Quies	False
NC_000005.10:12669471	chr5	12669471	ENSG00000169862.21	CTNND2	dn	1.22009	0.283791	4.29927	2.00065e-05	247	Quies	Quies	False
NC_000012.12:112566254	chr12	112566254	ENSG00000089169.15	RPH3A	enh	4.19611	0.934885	4.48836	8.61173e-06	8	Quies	Quies	False
NC_000001.11:2671677	chr1	2671677	ENSG00000142606.16	MMEL1	up	-0.508853	0.116567	-4.36532	1.49566e-05	162	Quies	Quies	False
NC_000001.11:2671677	chr1	2671677	ENSG00000142606.16	MMEL1	body	-0.508853	0.116567	-4.36532	1.49566e-05	162	Quies	Quies	False
NC_000012.12:112634085	chr12	112634085	ENSG00000089169.15	RPH3A	enh	4.74711	0.84432	5.62241	2.89205e-08	8	Quies	Quies	False
NC_000020.11:31229313	chr20	31229313	ENSG00000215547.1	DEFB115	up	0.167501	0.0402895	4.15744	3.6891e-05	170	ZNF/Rpts	Het-ZNF	False
NC_000011.10:134045758	chr11	134045758	ENSG00000166086.13	JAM3	up	0.909	0.200539	4.53277	7.03342e-06	333	EnhBiv	Biv	False
NC_000001.11:2671792	chr1	2671792	ENSG00000142606.16	MMEL1	dn	-0.230026	0.0503887	-4.56504	6.06496e-06	280	Quies	Quies	False
NC_000009.12:998923	chr9	998923	ENSG00000064218.5	DMRT3	dn	-1.38469	0.316557	-4.37422	1.43778e-05	115	EnhWk	Enh	False
NC_000009.12:998923	chr9	998923	ENSG00000064218.5	DMRT3	body	-1.58506	0.317445	-4.99316	7.80406e-07	154	EnhWk	Enh	False
NC_000009.12:998923	chr9	998923	ENSG00000064218.5	DMRT3	enh	-1.6017	0.358264	-4.47074	9.32784e-06	110	EnhWk	Enh	False
NC_000007.14:87209694	chr7	87209694	ENSG00000135185.12	TMEM243	up	-1.15099	0.258419	-4.45398	1.00614e-05	224	Quies	Quies	False
NC_000007.14:87209694	chr7	87209694	ENSG00000135185.12	TMEM243	dn	-1.15099	0.258419	-4.45398	1.00614e-05	224	Quies	Quies	False
NC_000007.14:87209694	chr7	87209694	ENSG00000135185.12	TMEM243	body	-1.15099	0.258419	-4.45398	1.00614e-05	224	Quies	Quies	False
NC_000002.12:200133147	chr2	200133147	ENSG00000196141.14	SPATS2L	up	-2.76458	0.427471	-6.46729	2.07535e-10	120	Quies	Quies	False
NC_000001.11:115259589	chr1	115259589	ENSG00000134259.6	NGF	up	0.777391	0.170634	4.55589	6.32562e-06	168	Quies	Quies	False
NC_000016.10:31661610	chr16	31661610	ENSG00000197302.11	KRBOX5	dn	-1.63957	0.34477	-4.75554	2.48307e-06	78	Het	Het-ZNF	False
NC_000001.11:121016633	chr1	121016633	ENSG00000263353.4	PPIAL4A	up	-1.49386	0.337304	-4.42881	1.12676e-05	256	NA	NA	False
NC_000022.11:24849412	chr22	24849412	ENSG00000167037.19	SGSM1	up	-1.03967	0.228813	-4.54374	6.68862e-06	161	ReprPCWk	Repr	False
NC_000002.12:30761076	chr2	30761076	ENSG00000162949.16	CAPN13	up	1.07206	0.211987	5.05723	5.66539e-07	93	ReprPCWk	Repr	False
NC_000002.12:30761076	chr2	30761076	ENSG00000162949.16	CAPN13	dn	1.07206	0.211987	5.05723	5.66539e-07	93	ReprPCWk	Repr	False
NC_000002.12:30761076	chr2	30761076	ENSG00000162949.16	CAPN13	body	1.07206	0.211987	5.05723	5.66539e-07	93	ReprPCWk	Repr	False
NC_000020.11:31061657	chr20	31061657	ENSG00000215547.1	DEFB115	up	-0.0599496	0.0135067	-4.4385	1.07878e-05	170	NA	NA	False
NC_000017.11:21723597	chr17	21723597	ENSG00000260458.3	KCNJ18	dn	-3.46344	0.368674	-9.39431	1.19912e-19	39	NA	NA	False
NC_000002.12:205772627	chr2	205772627	ENSG00000118257.17	NRP2	dn	-1.11345	0.269436	-4.13252	4.1004e-05	352	TxWk	Tx	False
NC_000006.12:169575461	chr6	169575461	ENSG00000285733.1	ENSG00000285733	dn	0.522255	0.127555	4.09436	4.81568e-05	324	Quies	Quies	False
NC_000009.12:87857247	chr9	87857247	ENSG00000177992.10	SPATA31E1	up	-0.593981	0.0715069	-8.30663	6.60694e-16	305	ReprPCWk	Repr	False
NC_000019.10:22633796	chr19	22633796	ENSG00000229676.3	ZNF492	up	2.68637	0.558323	4.81149	1.89896e-06	37	TssFlnk	Prom	False
NC_000019.10:22633796	chr19	22633796	ENSG00000229676.3	ZNF492	dn	1.16196	0.208704	5.56749	3.90681e-08	68	TssFlnk	Prom	False
NC_000019.10:22633796	chr19	22633796	ENSG00000229676.3	ZNF492	body	3.32853	0.527986	6.3042	5.62902e-10	34	TssFlnk	Prom	False
NC_000019.10:22633796	chr19	22633796	ENSG00000229676.3	ZNF492	prom	4.61683	0.760972	6.06702	2.31273e-09	19	TssFlnk	Prom	False
NC_000002.12:156322685	chr2	156322685	ENSG00000153234.16	NR4A2	up	-1.86716	0.467627	-3.99283	7.34128e-05	54	ReprPC	Repr	False
NC_000010.11:122977280	chr10	122977280	ENSG00000179988.15	PSTK	body	1.12977	0.221585	5.0986	4.59845e-07	102	Quies	Quies	False
NC_000014.9:18652946	chr14	18652946	ENSG00000257115.2	OR11H12	up	-1.05443	0.227387	-4.63714	4.34136e-06	71	Quies	Quies	False
NC_000020.11:31228264	chr20	31228264	ENSG00000215547.1	DEFB115	up	0.426474	0.0799351	5.33525	1.35568e-07	170	ZNF/Rpts	Het-ZNF	False
NC_000001.11:121016877	chr1	121016877	ENSG00000263353.4	PPIAL4A	up	-1.18559	0.283912	-4.17589	3.41013e-05	256	NA	NA	False
NC_000009.12:113060160	chr9	113060160	ENSG00000136866.14	ZFP37	dn	0.705125	0.120132	5.86957	7.24421e-09	507	Het	Het-ZNF	False
NC_000004.12:195280	chr4	195280	ENSG00000250312.8	ZNF718	body	0.67806	0.168546	4.02299	6.4831e-05	383	Het	Het-ZNF	False
NC_000010.11:46884254	chr10	46884254	ENSG00000204179.11	PTPN20	up	0.924315	0.141503	6.53214	1.38755e-10	219	NA	NA	False
NC_000001.11:121016996	chr1	121016996	ENSG00000263353.4	PPIAL4A	up	-1.38993	0.335412	-4.14395	3.90658e-05	256	NA	NA	False
NC_000010.11:46881617	chr10	46881617	ENSG00000204179.11	PTPN20	up	0.714296	0.178142	4.00969	6.84909e-05	219	NA	NA	False
NC_000011.10:123322567	chr11	123322567	ENSG00000023171.20	GRAMD1B	up	-1.14228	0.228616	-4.99652	7.67496e-07	273	Quies	Quies	False
NC_000011.10:123322567	chr11	123322567	ENSG00000023171.20	GRAMD1B	prom	-1.97661	0.298613	-6.61932	8.03434e-11	166	Quies	Quies	False
NC_000005.10:78458004	chr5	78458004	ENSG00000085365.18	SCAMP1	body	0.804984	0.192056	4.19141	3.19124e-05	259	Quies	Quies	False
NC_000006.12:157312211	chr6	157312211	ENSG00000215712.11	TMEM242	up	0.411893	0.0751837	5.47848	6.32723e-08	359	Tx	Tx	False
NC_000006.12:9461926	chr6	9461926	ENSG00000137203.15	TFAP2A	dn	0.629789	0.149969	4.19945	3.0831e-05	200	Quies	Quies	False
NC_000011.10:27634112	chr11	27634112	ENSG00000176697.20	BDNF	up	-1.96916	0.38012	-5.18037	3.03135e-07	78	Het	Het-ZNF	False
NC_000001.11:2680507	chr1	2680507	ENSG00000142606.16	MMEL1	up	-0.691049	0.172848	-3.99801	7.18687e-05	162	Het	Het-ZNF	False
NC_000001.11:2680507	chr1	2680507	ENSG00000142606.16	MMEL1	dn	-0.423853	0.0811065	-5.22588	2.398e-07	280	Het	Het-ZNF	False
NC_000001.11:2680507	chr1	2680507	ENSG00000142606.16	MMEL1	body	-0.691049	0.172848	-3.99801	7.18687e-05	162	Het	Het-ZNF	False
NC_000010.11:125756323	chr10	125756323	ENSG00000154485.5	MMP21	enh	-1.55059	0.359772	-4.30992	1.90948e-05	17	TxWk	Tx	False
NC_000010.11:37188156	chr10	37188156	ENSG00000148513.20	ANKRD30A	dn	-0.858653	0.193405	-4.43965	1.07322e-05	64	Quies	Quies	False
NC_000018.10:14543594	chr18	14543594	ENSG00000183206.18	POTEC	dn	-3.15805	0.389145	-8.11535	2.76565e-15	116	Het	Het-ZNF	False
NC_000006.12:159299013	chr6	159299013	ENSG00000164694.17	FNDC1	body	-0.903209	0.22054	-4.09545	4.79365e-05	237	ReprPCWk	Repr	False
NC_000012.12:15005893	chr12	15005893	ENSG00000139053.3	PDE6H	enh	-2.45774	0.591411	-4.15573	3.71604e-05	16	Quies	Quies	False
NC_000019.10:7450702	chr19	7450702	ENSG00000198723.11	SAXO5	up	-0.595801	0.131618	-4.52676	7.22978e-06	116	ZNF/Rpts	Het-ZNF	False
NC_000003.12:187109342	chr3	187109342	ENSG00000163923.10	RPL39L	up	-0.50577	0.124137	-4.07429	5.23807e-05	389	Quies	Quies	False
NC_000018.10:3282121	chr18	3282121	ENSG00000118680.14	MYL12B	dn	1.6576	0.401679	4.12667	4.20309e-05	93	TxWk	Tx	False
NC_000010.11:10768025	chr10	10768025	ENSG00000048740.19	CELF2	up	-1.1505	0.28332	-4.06077	5.54199e-05	114	Het	Het-ZNF	False
NC_000009.12:113084804	chr9	113084804	ENSG00000136866.14	ZFP37	dn	-0.381347	0.091711	-4.15814	3.67804e-05	507	Quies	Quies	False
NC_000007.14:76956661	chr7	76956661	ENSG00000186645.11	SPDYE17	up	-0.779899	0.153313	-5.08699	4.87642e-07	268	Quies	Quies	False
NC_000009.12:113087685	chr9	113087685	ENSG00000136866.14	ZFP37	dn	0.732187	0.126566	5.785	1.1699e-08	507	Quies	Quies	False
NC_000010.11:38804363	chr10	38804363	ENSG00000283930.1	PLD5P1	up	-1.98858	0.290238	-6.85155	1.82064e-11	122	ZNF/Rpts	Het-ZNF	False
NC_000010.11:38804363	chr10	38804363	ENSG00000283930.1	PLD5P1	dn	-0.871888	0.162403	-5.36867	1.13663e-07	224	ZNF/Rpts	Het-ZNF	False
NC_000010.11:38804363	chr10	38804363	ENSG00000283930.1	PLD5P1	body	-1.21773	0.191462	-6.36015	4.00685e-10	190	ZNF/Rpts	Het-ZNF	False
NC_000019.10:7450940	chr19	7450940	ENSG00000198723.11	SAXO5	up	-0.626785	0.137357	-4.56319	6.11675e-06	116	ZNF/Rpts	Het-ZNF	False
NC_000010.11:91617549	chr10	91617549	ENSG00000119938.9	PPP1R3C	up	3.0325	0.675692	4.488	8.626e-06	31	Quies	Quies	False
NC_000006.12:149981471	chr6	149981471	ENSG00000111981.5	ULBP1	dn	-1.85747	0.245283	-7.57277	1.39289e-13	124	ReprPCWk	Repr	False
NC_000006.12:149981471	chr6	149981471	ENSG00000111981.5	ULBP1	body	1.7043	0.327472	5.20443	2.67862e-07	103	ReprPCWk	Repr	False
NC_000006.12:149981479	chr6	149981479	ENSG00000111981.5	ULBP1	dn	-1.60855	0.318533	-5.04986	5.87889e-07	124	ReprPCWk	Repr	False
NC_000006.12:149981479	chr6	149981479	ENSG00000111981.5	ULBP1	body	1.87743	0.417088	4.50129	8.12035e-06	103	ReprPCWk	Repr	False
NC_000002.12:134330518	chr2	134330518	ENSG00000152127.9	MGAT5	body	-1.18928	0.287251	-4.14022	3.96873e-05	109	TxWk	Tx	False
NC_000001.11:220804128	chr1	220804128	ENSG00000286231.1	ENSG00000286231	body	-0.48069	0.108663	-4.42368	1.15301e-05	250	TxWk	Tx	False
NC_000022.11:16527132	chr22	16527132	ENSG00000198445.4	CCT8L2	up	0.406286	0.0844471	4.81113	1.90224e-06	305	Het	Het-ZNF	False
NC_000020.11:39107999	chr20	39107999	ENSG00000101452.15	DHX35	up	1.26267	0.310621	4.06499	5.44531e-05	164	ReprPCWk	Repr	False
NC_000001.11:2658054	chr1	2658054	ENSG00000142606.16	MMEL1	up	-0.439239	0.109109	-4.0257	6.41108e-05	162	Quies	Quies	False
NC_000001.11:2658054	chr1	2658054	ENSG00000142606.16	MMEL1	dn	-0.290851	0.0509946	-5.70358	1.84572e-08	280	Quies	Quies	False
NC_000001.11:2658054	chr1	2658054	ENSG00000142606.16	MMEL1	body	-0.439239	0.109109	-4.0257	6.41108e-05	162	Quies	Quies	False
NC_000015.10:43329749	chr15	43329749	ENSG00000168806.8	LCMT2	dn	-1.20792	0.248702	-4.85688	1.52464e-06	145	TssFlnkU	Prom	False
NC_000015.10:100909357	chr15	100909357	ENSG00000154237.13	LRRK1	up	0.611964	0.125859	4.86231	1.48498e-06	90	TxWk	Tx	False
NC_000002.12:234544454	chr2	234544454	ENSG00000188042.8	ARL4C	dn	0.613942	0.1447	4.24285	2.55736e-05	173	ReprPCWk	Repr	False
NC_000009.12:113082223	chr9	113082223	ENSG00000136866.14	ZFP37	dn	0.511941	0.100082	5.11522	4.22675e-07	507	Quies	Quies	False
NC_000009.12:113082227	chr9	113082227	ENSG00000136866.14	ZFP37	dn	0.723768	0.112498	6.43361	2.55476e-10	507	Quies	Quies	False
NC_000019.10:21566771	chr19	21566771	ENSG00000197013.11	ZNF429	dn	-0.193668	0.0426718	-4.53855	6.84987e-06	204	Quies	Quies	False
NC_000007.14:158543440	chr7	158543440	ENSG00000155093.20	PTPRN2	up	-0.403188	0.0661434	-6.09567	1.95452e-09	375	ReprPCWk	Repr	False
NC_000002.12:238451063	chr2	238451063	ENSG00000065802.12	ASB1	dn	-1.35762	0.284283	-4.77558	2.25634e-06	161	Tx	Tx	False
NC_000002.12:238451063	chr2	238451063	ENSG00000065802.12	ASB1	body	-4.94214	0.589191	-8.38802	3.56496e-16	46	Tx	Tx	False
NC_000004.12:173438888	chr4	173438888	ENSG00000164106.8	SCRG1	up	1.65327	0.392677	4.21026	2.94335e-05	82	Quies	Quies	False
NC_000004.12:173438888	chr4	173438888	ENSG00000164106.8	SCRG1	dn	1.59633	0.336105	4.74949	2.55579e-06	97	Quies	Quies	False
NC_000004.12:173438888	chr4	173438888	ENSG00000164106.8	SCRG1	body	1.65327	0.392677	4.21026	2.94335e-05	82	Quies	Quies	False
NC_000019.10:36302914	chr19	36302914	ENSG00000196357.12	ZNF565	up	-0.495972	0.112976	-4.39005	1.34002e-05	119	Quies	Quies	False
NC_000010.11:38834315	chr10	38834315	ENSG00000283930.1	PLD5P1	prom	-0.997577	0.189843	-5.25474	2.06499e-07	58	ZNF/Rpts	Het-ZNF	False
NC_000002.12:191764568	chr2	191764568	ENSG00000168497.5	CAVIN2	up	-1.24004	0.251538	-4.92984	1.06736e-06	169	Quies	Quies	False
NC_000012.12:107602500	chr12	107602500	ENSG00000136045.12	PWP1	up	-0.992541	0.240055	-4.13464	4.06374e-05	165	Quies	Quies	False
NC_000020.11:31095771	chr20	31095771	ENSG00000215547.1	DEFB115	up	-0.661053	0.0640133	-10.3268	4.07665e-23	170	NA	NA	False
NC_000013.11:111175936	chr13	111175936	ENSG00000102606.20	ARHGEF7	enh	-3.04336	0.589818	-5.15983	3.36762e-07	34	TxWk	Tx	False
NC_000002.12:74931377	chr2	74931377	ENSG00000115350.12	POLE4	dn	-1.38365	0.29621	-4.67119	3.70156e-06	109	Quies	Quies	False
NC_000009.12:113082468	chr9	113082468	ENSG00000136866.14	ZFP37	dn	0.334258	0.077414	4.31779	1.84463e-05	507	Quies	Quies	False
NC_000011.10:74902618	chr11	74902618	ENSG00000166435.17	XRRA1	body	-2.02049	0.491176	-4.11358	4.44178e-05	61	TxWk	Tx	False
NC_000020.11:31075829	chr20	31075829	ENSG00000215547.1	DEFB115	up	-0.137316	0.0240105	-5.71902	1.69351e-08	170	NA	NA	False
NC_000020.11:31074413	chr20	31074413	ENSG00000215547.1	DEFB115	up	0.0971194	0.0220745	4.39962	1.28405e-05	170	NA	NA	False
NC_000017.11:17276443	chr17	17276443	ENSG00000141030.13	COPS3	up	1.53901	0.361944	4.25206	2.45743e-05	223	TxWk	Tx	False
NC_000017.11:17276443	chr17	17276443	ENSG00000141030.13	COPS3	body	1.53901	0.361944	4.25206	2.45743e-05	223	TxWk	Tx	False
NC_000009.12:135662950	chr9	135662950	ENSG00000148386.10	LCN9	body	0.981479	0.233674	4.2002	3.07321e-05	386	ReprPCWk	Repr	False
NC_000010.11:23189667	chr10	23189667	ENSG00000168267.7	PTF1A	up	-1.17264	0.287988	-4.07182	5.29228e-05	171	ReprPCWk	Repr	False
NC_000020.11:23343202	chr20	23343202	ENSG00000132661.4	NXT1	up	0.630604	0.146172	4.31413	1.87457e-05	261	ReprPCWk	Repr	False
NC_000020.11:23343202	chr20	23343202	ENSG00000132661.4	NXT1	enh	0.959075	0.230282	4.16479	3.57544e-05	228	ReprPCWk	Repr	False
NC_000013.11:26797765	chr13	26797765	ENSG00000132975.8	GPR12	dn	1.40376	0.29467	4.76383	2.38671e-06	219	ReprPCWk	Repr	False
NC_000014.9:51942363	chr14	51942363	ENSG00000087302.9	RTRAF	up	-0.708258	0.150273	-4.71314	3.03723e-06	178	Quies	Quies	False
NC_000001.11:121016527	chr1	121016527	ENSG00000263353.4	PPIAL4A	up	-1.5317	0.338352	-4.52695	7.22342e-06	256	NA	NA	False
NC_000010.11:86318608	chr10	86318608	ENSG00000182771.19	GRID1	body	0.381342	0.0897762	4.2477	2.50429e-05	466	ReprPCWk	Repr	False
NC_000012.12:112678445	chr12	112678445	ENSG00000089169.15	RPH3A	enh	4.02516	0.999266	4.02811	6.34725e-05	8	ReprPCWk	Repr	False
NC_000010.11:46851557	chr10	46851557	ENSG00000204179.11	PTPN20	up	1.11314	0.152055	7.32066	7.99823e-13	219	NA	NA	False
NC_000001.11:4198205	chr1	4198205	ENSG00000198912.12	C1orf174	up	0.440042	0.109714	4.01082	6.81738e-05	404	Quies	Quies	False
NC_000010.11:46885433	chr10	46885433	ENSG00000204179.11	PTPN20	up	1.05958	0.12537	8.45163	2.19406e-16	219	NA	NA	False
NC_000001.11:171140513	chr1	171140513	ENSG00000094963.14	FMO2	up	-1.95808	0.339343	-5.77021	1.27148e-08	100	Quies	Quies	False
NC_000011.10:3441132	chr11	3441132	ENSG00000005801.18	ZNF195	dn	-1.59117	0.296989	-5.35766	1.20469e-07	161	Quies	Quies	False
NC_000010.11:46897259	chr10	46897259	ENSG00000204179.11	PTPN20	up	1.01564	0.160645	6.3223	5.04406e-10	219	NA	NA	False
NC_000020.11:31193798	chr20	31193798	ENSG00000215547.1	DEFB115	up	-0.468855	0.0589279	-7.95642	8.91057e-15	170	NA	NA	False
NC_000010.11:46884149	chr10	46884149	ENSG00000204179.11	PTPN20	up	1.29343	0.146509	8.82831	1.17059e-17	219	NA	NA	False
NC_000001.11:115243960	chr1	115243960	ENSG00000134259.6	NGF	up	1.26944	0.294117	4.31612	1.85828e-05	168	Quies	Quies	False
NC_000009.12:35851760	chr9	35851760	ENSG00000168828.6	OR13J1	up	-0.767418	0.181254	-4.23394	2.65787e-05	188	TxWk	Tx	False
NC_000012.12:112584755	chr12	112584755	ENSG00000089169.15	RPH3A	enh	5.07962	0.899581	5.64666	2.53038e-08	8	ReprPCWk	Repr	False
NC_000020.11:25275003	chr20	25275003	ENSG00000100994.12	PYGB	prom	-3.93258	0.948582	-4.14574	3.87701e-05	18	Tx	Tx	False
NC_000009.12:113067974	chr9	113067974	ENSG00000136866.14	ZFP37	dn	0.576172	0.129627	4.44484	1.04844e-05	507	Quies	Quies	False
NC_000009.12:113065032	chr9	113065032	ENSG00000136866.14	ZFP37	dn	0.65441	0.150555	4.34665	1.62449e-05	507	Quies	Quies	False
NC_000009.12:113087210	chr9	113087210	ENSG00000136866.14	ZFP37	dn	1.27475	0.160825	7.92635	1.10955e-14	507	Quies	Quies	False
NC_000009.12:113087213	chr9	113087213	ENSG00000136866.14	ZFP37	dn	1.12246	0.166588	6.73793	3.78388e-11	507	Quies	Quies	False
NC_000010.11:38491515	chr10	38491515	ENSG00000283930.1	PLD5P1	up	-1.26688	0.267952	-4.72803	2.83037e-06	122	ZNF/Rpts	Het-ZNF	False
NC_000010.11:38491515	chr10	38491515	ENSG00000283930.1	PLD5P1	dn	-0.846288	0.146517	-5.77604	1.23045e-08	224	ZNF/Rpts	Het-ZNF	False
NC_000010.11:38491515	chr10	38491515	ENSG00000283930.1	PLD5P1	body	-1.00722	0.174326	-5.77781	1.21825e-08	190	ZNF/Rpts	Het-ZNF	False
NC_000007.14:128122038	chr7	128122038	ENSG00000128594.8	LRRC4	dn	1.72708	0.289807	5.95941	4.32603e-09	203	EnhWk	Enh	False
NC_000010.11:133623072	chr10	133623072	ENSG00000225899.8	FRG2B	dn	0.910268	0.217834	4.17872	3.36921e-05	324	Quies	Quies	False
NC_000005.10:130010940	chr5	130010940	ENSG00000198108.4	CHSY3	body	-2.77273	0.415192	-6.67819	5.53639e-11	82	Het	Het-ZNF	False
NC_000009.12:113087333	chr9	113087333	ENSG00000136866.14	ZFP37	dn	1.04758	0.138165	7.58213	1.30412e-13	507	Quies	Quies	False
NC_000009.12:113087337	chr9	113087337	ENSG00000136866.14	ZFP37	dn	0.495624	0.100739	4.91991	1.12077e-06	507	Quies	Quies	False
NC_000004.12:119405318	chr4	119405318	ENSG00000145384.4	FABP2	dn	0.396134	0.0779151	5.08417	4.94627e-07	201	Quies	Quies	False
NC_000012.12:69649234	chr12	69649234	ENSG00000198812.5	LRRC10	dn	-0.905038	0.207498	-4.36167	1.52005e-05	421	TxWk	Tx	False
NC_000017.11:21299471	chr17	21299471	ENSG00000034152.20	MAP2K3	body	-4.82981	0.42374	-11.3981	2.26851e-27	107	EnhG2	Enh	False
NC_000009.12:113081184	chr9	113081184	ENSG00000136866.14	ZFP37	dn	0.650236	0.114886	5.65983	2.35272e-08	507	Quies	Quies	False
NC_000009.12:113065273	chr9	113065273	ENSG00000136866.14	ZFP37	dn	0.949731	0.119094	7.97466	7.79803e-15	507	Quies	Quies	False
NC_000008.11:17315413	chr8	17315413	ENSG00000155975.10	VPS37A	up	1.92333	0.452961	4.24612	2.52147e-05	77	ReprPCWk	Repr	False
NC_000018.10:106942	chr18	106942	ENSG00000173213.11	TUBB8B	dn	-0.445856	0.0467077	-9.54566	3.4014799999999997e-20	211	Het	Het-ZNF	False
NC_000019.10:21567714	chr19	21567714	ENSG00000197013.11	ZNF429	dn	-0.258718	0.0441834	-5.85555	7.84635e-09	204	TssFlnk	Prom	False
NC_000009.12:113087450	chr9	113087450	ENSG00000136866.14	ZFP37	dn	0.688542	0.108574	6.3417	4.48331e-10	507	Quies	Quies	False
NC_000009.12:113087452	chr9	113087452	ENSG00000136866.14	ZFP37	dn	0.918859	0.155738	5.90002	6.08713e-09	507	Quies	Quies	False
NC_000004.12:82476246	chr4	82476246	ENSG00000145293.17	ENOPH1	dn	-1.2861	0.302551	-4.25084	2.47039e-05	170	Quies	Quies	False
NC_000001.11:153141228	chr1	153141228	ENSG00000159516.9	SPRR2G	up	1.17984	0.250755	4.70515	3.15421e-06	78	Quies	Quies	False
NC_000001.11:2659115	chr1	2659115	ENSG00000142606.16	MMEL1	up	-0.563053	0.127695	-4.40937	1.22929e-05	162	Quies	Quies	False
NC_000001.11:2659115	chr1	2659115	ENSG00000142606.16	MMEL1	dn	-0.291612	0.0602758	-4.83795	1.67119e-06	280	Quies	Quies	False
NC_000001.11:2659115	chr1	2659115	ENSG00000142606.16	MMEL1	body	-0.563053	0.127695	-4.40937	1.22929e-05	162	Quies	Quies	False
NC_000015.10:57784248	chr15	57784248	ENSG00000255529.9	POLR2M	body	1.02121	0.251449	4.06129	5.5302e-05	311	EnhA2	Enh	False
NC_000007.14:158916324	chr7	158916324	ENSG00000126870.16	DYNC2I1	body	-0.338542	0.0663189	-5.10475	4.45723e-07	404	TxWk	Tx	False
NC_000009.12:113059960	chr9	113059960	ENSG00000136866.14	ZFP37	dn	0.888288	0.174792	5.08196	5.00188e-07	507	ZNF/Rpts	Het-ZNF	False
NC_000009.12:113065391	chr9	113065391	ENSG00000136866.14	ZFP37	dn	1.39074	0.172123	8.0799	3.59591e-15	507	Quies	Quies	False
NC_000008.11:35703721	chr8	35703721	ENSG00000156687.11	UNC5D	body	1.10762	0.234225	4.72888	2.81885e-06	327	Quies	Quies	False
NC_000006.12:149981242	chr6	149981242	ENSG00000111981.5	ULBP1	dn	-0.991223	0.163985	-6.04461	2.63693e-09	124	ReprPCWk	Repr	False
NC_000006.12:149981242	chr6	149981242	ENSG00000111981.5	ULBP1	body	0.913056	0.217065	4.20638	2.99286e-05	103	ReprPCWk	Repr	False
NC_000006.12:157312462	chr6	157312462	ENSG00000215712.11	TMEM242	up	0.367	0.0676296	5.42662	8.35417e-08	359	Tx	Tx	False
NC_000005.10:126500938	chr5	126500938	ENSG00000164904.18	ALDH7A1	up	-4.69084	0.377712	-12.4191	1.1451299999999999e-31	223	TxWk	Tx	False
NC_000011.10:27634366	chr11	27634366	ENSG00000176697.20	BDNF	up	-2.1008	0.411218	-5.10872	4.3685e-07	78	Het	Het-ZNF	False
NC_000006.12:149981360	chr6	149981360	ENSG00000111981.5	ULBP1	dn	-1.77152	0.310913	-5.6978	1.90604e-08	124	ReprPCWk	Repr	False
NC_000006.12:149981360	chr6	149981360	ENSG00000111981.5	ULBP1	body	1.77012	0.409912	4.31829	1.84065e-05	103	ReprPCWk	Repr	False
NC_000009.12:113087695	chr9	113087695	ENSG00000136866.14	ZFP37	dn	1.10476	0.13547	8.15501	2.05964e-15	507	Quies	Quies	False
NC_000011.10:27634489	chr11	27634489	ENSG00000176697.20	BDNF	up	-1.94319	0.31492	-6.1704	1.25612e-09	78	Het	Het-ZNF	False
NC_000017.11:21328801	chr17	21328801	ENSG00000034152.20	MAP2K3	body	-1.40165	0.220916	-6.34469	4.40242e-10	107	ReprPCWk	Repr	False
NC_000002.12:136762465	chr2	136762465	ENSG00000144229.13	THSD7B	dn	0.840631	0.209461	4.01332	6.74756e-05	163	Het	Het-ZNF	False
NC_000003.12:40686241	chr3	40686241	ENSG00000172888.12	ZNF621	body	-1.33253	0.275842	-4.83079	1.73012e-06	353	Quies	Quies	False
NC_000022.11:15592887	chr22	15592887	ENSG00000130538.6	OR11H1	dn	0.924293	0.227578	4.06144	5.52669e-05	31	Quies	Quies	False
NC_000007.14:158916560	chr7	158916560	ENSG00000126870.16	DYNC2I1	body	-0.392778	0.095283	-4.12222	4.28272e-05	404	TxWk	Tx	False
NC_000011.10:5919447	chr11	5919447	ENSG00000132256.20	TRIM5	up	0.72467	0.164567	4.4035	1.26198e-05	229	Quies	Quies	False
NC_000009.12:113082112	chr9	113082112	ENSG00000136866.14	ZFP37	dn	0.692267	0.101526	6.81863	2.25289e-11	507	Quies	Quies	False
NC_000009.12:113082117	chr9	113082117	ENSG00000136866.14	ZFP37	dn	0.778731	0.129874	5.99605	3.49905e-09	507	Quies	Quies	False
NC_000020.11:30394079	chr20	30394079	ENSG00000215547.1	DEFB115	up	-0.971285	0.0861087	-11.2798	6.90032e-27	170	Tx	Tx	False
NC_000005.10:843059	chr5	843059	ENSG00000188818.13	ZDHHC11	up	-0.388545	0.0829936	-4.68162	3.5244e-06	475	ReprPCWk	Repr	False
NC_000005.10:843059	chr5	843059	ENSG00000188818.13	ZDHHC11	dn	-0.395004	0.083019	-4.758	2.45415e-06	474	ReprPCWk	Repr	False
NC_000005.10:843059	chr5	843059	ENSG00000188818.13	ZDHHC11	body	-0.39426	0.0831401	-4.74212	2.64704e-06	474	ReprPCWk	Repr	False
NC_000012.12:112652344	chr12	112652344	ENSG00000089169.15	RPH3A	enh	4.81401	0.933341	5.15783	3.40225e-07	8	Quies	Quies	False
NC_000006.12:106572475	chr6	106572475	ENSG00000130347.13	RTN4IP1	up	1.23201	0.29218	4.2166	2.86414e-05	269	TxWk	Tx	False
NC_000007.14:158915275	chr7	158915275	ENSG00000126870.16	DYNC2I1	body	-0.310546	0.0702364	-4.42144	1.16467e-05	404	ZNF/Rpts	Het-ZNF	False
NC_000008.11:26192218	chr8	26192218	ENSG00000221914.11	PPP2R2A	up	0.898163	0.208401	4.30978	1.91068e-05	130	EnhWk	Enh	False
NC_000010.11:38785161	chr10	38785161	ENSG00000283930.1	PLD5P1	dn	-1.02016	0.172661	-5.90846	5.79978e-09	224	ZNF/Rpts	Het-ZNF	False
NC_000010.11:38785161	chr10	38785161	ENSG00000283930.1	PLD5P1	body	-1.0481	0.206954	-5.06441	5.46444e-07	190	ZNF/Rpts	Het-ZNF	False
NC_000009.12:96925374	chr9	96925374	ENSG00000188152.13	NUTM2G	dn	-1.95918	0.467314	-4.19243	3.17734e-05	66	TxWk	Tx	False
NC_000017.11:43360443	chr17	43360443	ENSG00000175906.5	ARL4D	up	3.13559	0.532986	5.88308	6.70676e-09	49	TssA	Prom	False
NC_000017.11:43360443	chr17	43360443	ENSG00000175906.5	ARL4D	prom	3.93082	0.725093	5.42112	8.60285e-08	30	TssA	Prom	False
NC_000017.11:43360443	chr17	43360443	ENSG00000175906.5	ARL4D	enh	1.71522	0.337888	5.0763	5.14676e-07	124	TssA	Prom	False
NC_000013.11:100575221	chr13	100575221	ENSG00000134864.11	GGACT	dn	-0.882115	0.174753	-5.04778	5.94079e-07	307	Quies	Quies	False
NC_000022.11:49762165	chr22	49762165	ENSG00000100425.19	BRD1	up	-0.955775	0.227519	-4.20086	3.06453e-05	67	Quies	Quies	False
NC_000022.11:49762165	chr22	49762165	ENSG00000100425.19	BRD1	enh	-2.08438	0.445244	-4.68143	3.52761e-06	43	Quies	Quies	False
NC_000002.12:26179004	chr2	26179004	ENSG00000157833.13	GAREM2	body	4.12057	0.525338	7.84365	2.02145e-14	68	TssFlnk	Prom	False
NC_000002.12:26179004	chr2	26179004	ENSG00000157833.13	GAREM2	prom	4.12057	0.525338	7.84365	2.02145e-14	68	TssFlnk	Prom	False
NC_000009.12:113082476	chr9	113082476	ENSG00000136866.14	ZFP37	dn	0.547106	0.102442	5.34065	1.31774e-07	507	Quies	Quies	False
NC_000007.14:30543985	chr7	30543985	ENSG00000281039.1	ENSG00000281039	dn	0.932397	0.178788	5.21509	2.53546e-07	199	TxWk	Tx	False
NC_000012.12:59101756	chr12	59101756	ENSG00000139263.12	LRIG3	enh	-7.00441	1.37043	-5.11109	4.31639e-07	4	Quies	Quies	False
NC_000006.12:116496061	chr6	116496061	ENSG00000178033.6	CALHM5	dn	-0.844054	0.190556	-4.42942	1.12368e-05	245	Quies	Quies	False
NC_000001.11:2664731	chr1	2664731	ENSG00000142606.16	MMEL1	dn	-0.289764	0.0713571	-4.06075	5.54244e-05	280	Quies	Quies	False
NC_000005.10:170875696	chr5	170875696	ENSG00000204764.14	RANBP17	body	-2.13824	0.315186	-6.78408	2.81458e-11	330	Quies	Quies	False
NC_000011.10:20571441	chr11	20571441	ENSG00000165970.12	SLC6A5	up	1.50917	0.339824	4.44102	1.06662e-05	96	Quies	Quies	False
NC_000007.14:158962666	chr7	158962666	ENSG00000126870.16	DYNC2I1	dn	0.556116	0.105207	5.28591	1.75565e-07	541	ReprPCWk	Repr	False
NC_000007.14:158962666	chr7	158962666	ENSG00000126870.16	DYNC2I1	body	0.743652	0.133964	5.55111	4.27137e-08	404	ReprPCWk	Repr	False
NC_000011.10:27635654	chr11	27635654	ENSG00000176697.20	BDNF	up	-1.90408	0.34194	-5.56846	3.88611e-08	78	Het	Het-ZNF	False
NC_000003.12:119730957	chr3	119730957	ENSG00000285585.1	ENSG00000285585	up	2.00121	0.461908	4.33249	1.72918e-05	34	Quies	Quies	False
NC_000009.12:72658562	chr9	72658562	ENSG00000165091.18	TMC1	body	0.927425	0.164051	5.65329	2.43936e-08	115	Quies	Quies	False
NC_000004.12:109429414	chr4	109429414	ENSG00000138802.11	SEC24B	up	1.22209	0.253818	4.81485	1.86848e-06	350	Quies	Quies	False
NC_000004.12:109429414	chr4	109429414	ENSG00000138802.11	SEC24B	body	1.70917	0.31372	5.44807	7.44925e-08	241	Quies	Quies	False
NC_000004.12:143840071	chr4	143840071	ENSG00000197465.14	GYPE	up	1.97364	0.451416	4.37211	1.45127e-05	34	Quies	Quies	False
NC_000002.12:120854042	chr2	120854042	ENSG00000074047.22	GLI2	body	5.55413	0.774753	7.1689	2.23876e-12	40	ReprPCWk	Repr	False
NC_000007.14:48926249	chr7	48926249	ENSG00000218305.5	CDC14C	up	-1.58208	0.210021	-7.53294	1.84157e-13	174	Het	Het-ZNF	False
NC_000007.14:48926249	chr7	48926249	ENSG00000218305.5	CDC14C	dn	-3.89988	0.341986	-11.4036	2.15213e-27	185	Het	Het-ZNF	False
NC_000001.11:2670287	chr1	2670287	ENSG00000142606.16	MMEL1	up	-0.367302	0.082036	-4.47732	9.05406e-06	162	Quies	Quies	False
NC_000001.11:2670287	chr1	2670287	ENSG00000142606.16	MMEL1	body	-0.367302	0.082036	-4.47732	9.05406e-06	162	Quies	Quies	False
NC_000002.12:227924860	chr2	227924860	ENSG00000123977.10	DAW1	body	-1.6017	0.341962	-4.68385	3.48764e-06	176	Quies	Quies	False
NC_000019.10:36301876	chr19	36301876	ENSG00000196357.12	ZNF565	body	-0.716047	0.168712	-4.2442	2.54256e-05	62	Quies	Quies	False
NC_000010.11:3052027	chr10	3052027	ENSG00000067057.19	PFKP	up	-0.636619	0.148534	-4.286	2.1201e-05	310	ReprPCWk	Repr	False
NC_000010.11:77397002	chr10	77397002	ENSG00000156113.25	KCNMA1	body	0.582317	0.145574	4.00015	7.12362e-05	188	ReprPCWk	Repr	False
NC_000022.11:50118605	chr22	50118605	ENSG00000073146.17	MOV10L1	up	0.255642	0.0543562	4.70309	3.18507e-06	568	EnhA1	Enh	False
NC_000002.12:224322915	chr2	224322915	ENSG00000124019.10	FAM124B	up	-3.42304	0.61956	-5.52496	4.92302e-08	65	TxWk	Tx	False
NC_000012.12:49017362	chr12	49017362	ENSG00000181929.13	PRKAG1	dn	4.30507	0.507706	8.47945	1.77285e-16	131	TxWk	Tx	False
NC_000006.12:27777401	chr6	27777401	ENSG00000185130.6	H2BC13	up	-1.2105	0.247012	-4.90057	1.23218e-06	43	Quies	Quies	False
NC_000006.12:86406790	chr6	86406790	ENSG00000168830.8	HTR1E	up	1.24835	0.305148	4.09097	4.88472e-05	80	Quies	Quies	False
NC_000001.11:152218941	chr1	152218941	ENSG00000197915.7	HRNR	dn	-0.767981	0.173536	-4.42548	1.14373e-05	121	ZNF/Rpts	Het-ZNF	True
NC_000011.10:4223315	chr11	4223315	ENSG00000284018.2	SSU72L5	dn	-0.500108	0.113655	-4.40023	1.28054e-05	181	Quies	Quies	False
NC_000011.10:4223315	chr11	4223315	ENSG00000284018.2	SSU72L5	enh	-0.680553	0.163071	-4.17335	3.44736e-05	150	Quies	Quies	False
NC_000018.10:15513317	chr18	15513317	ENSG00000180777.15	ANKRD30B	body	-1.55573	0.330476	-4.70753	3.11896e-06	35	NA	NA	False
NC_000001.11:248707584	chr1	248707584	ENSG00000189181.6	OR14I1	dn	0.265298	0.0646169	4.1057	4.59152e-05	439	Het	Het-ZNF	False
NC_000009.12:93947200	chr9	93947200	ENSG00000131668.14	BARX1	dn	-1.17913	0.263091	-4.48185	8.87003e-06	200	ReprPC	Repr	False
NC_000022.11:42963935	chr22	42963935	ENSG00000100266.19	PACSIN2	up	3.6619	0.346552	10.5666	4.8072900000000014e-24	57	EnhA2	Enh	False
NC_000022.11:42963935	chr22	42963935	ENSG00000100266.19	PACSIN2	body	1.88125	0.257271	7.31236	8.46563e-13	356	EnhA2	Enh	False
NC_000001.11:121016654	chr1	121016654	ENSG00000263353.4	PPIAL4A	up	-1.37306	0.340152	-4.0366	6.12783e-05	256	NA	NA	False
NC_000002.12:225076929	chr2	225076929	ENSG00000135905.21	DOCK10	up	-1.68728	0.209336	-8.06017	4.15992e-15	393	Quies	Quies	False
NC_000002.12:225076929	chr2	225076929	ENSG00000135905.21	DOCK10	body	-1.44017	0.174237	-8.26557	9.00332e-16	449	Quies	Quies	False
NC_000017.11:26810596	chr17	26810596	ENSG00000109046.15	WSB1	up	-0.626902	0.111879	-5.60341	3.20999e-08	81	NA	NA	False
NC_000009.12:138153633	chr9	138153633	ENSG00000148408.15	CACNA1B	prom	-1.58647	0.382681	-4.14567	3.87808e-05	58	Quies	Quies	False
NC_000001.11:121020852	chr1	121020852	ENSG00000263353.4	PPIAL4A	up	-1.9753	0.331032	-5.96711	4.13775e-09	256	NA	NA	False
NC_000008.11:81643272	chr8	81643272	ENSG00000133731.10	IMPA1	up	-3.10095	0.243042	-12.7589	3.8121e-33	247	Quies	Quies	False
NC_000008.11:81643272	chr8	81643272	ENSG00000133731.10	IMPA1	dn	-1.84161	0.379578	-4.85174	1.56321e-06	166	Quies	Quies	False
NC_000008.11:81643272	chr8	81643272	ENSG00000133731.10	IMPA1	body	-1.84161	0.379578	-4.85174	1.56321e-06	165	Quies	Quies	False
NC_000009.12:855292	chr9	855292	ENSG00000137090.12	DMRT1	body	1.40481	0.186433	7.5352	1.81271e-13	201	Quies	Quies	False
NC_000004.12:119361410	chr4	119361410	ENSG00000145384.4	FABP2	dn	1.07155	0.137936	7.76845	3.47301e-14	201	Quies	Quies	False
NC_000020.11:31053302	chr20	31053302	ENSG00000215547.1	DEFB115	up	0.0756623	0.0176255	4.29277	2.05833e-05	170	NA	NA	False
NC_000020.11:31229691	chr20	31229691	ENSG00000215547.1	DEFB115	up	0.424548	0.0713234	5.95243	4.50384e-09	170	ZNF/Rpts	Het-ZNF	False
NC_000009.12:113060060	chr9	113060060	ENSG00000136866.14	ZFP37	dn	0.763941	0.143339	5.32961	1.39655e-07	507	ZNF/Rpts	Het-ZNF	False
NC_000013.11:24300361	chr13	24300361	ENSG00000240654.6	C1QTNF9	body	-1.02289	0.255633	-4.00142	7.08669e-05	81	Tx	Tx	False
NC_000001.11:121020977	chr1	121020977	ENSG00000263353.4	PPIAL4A	up	-1.78829	0.324988	-5.50264	5.55475e-08	256	NA	NA	False
NC_000017.11:21744382	chr17	21744382	ENSG00000260458.3	KCNJ18	dn	-4.02866	0.438826	-9.18055	6.93211e-19	39	NA	NA	False
NC_000001.11:157195424	chr1	157195424	ENSG00000117036.12	ETV3	dn	-0.900526	0.164303	-5.48087	6.24648e-08	155	ReprPCWk	Repr	False
NC_000018.10:8641937	chr18	8641937	ENSG00000206418.5	RAB12	body	-1.13952	0.271551	-4.19633	3.12471e-05	197	TxWk	Tx	False
NC_000006.12:86901127	chr6	86901127	ENSG00000168830.8	HTR1E	up	1.11743	0.257585	4.33809	1.687e-05	80	Quies	Quies	False
NC_000001.11:779614	chr1	779614	ENSG00000284662.2	OR4F16	prom	6.42439	1.39891	4.59241	5.3447e-06	4	TssA	Prom	False
NC_000009.12:113087106	chr9	113087106	ENSG00000136866.14	ZFP37	dn	1.31161	0.170271	7.70306	5.54123e-14	507	Quies	Quies	False
NC_000003.12:125022395	chr3	125022395	ENSG00000173706.15	HEG1	up	-0.719784	0.156798	-4.59052	5.39184e-06	127	TxWk	Tx	False
NC_000003.12:125022395	chr3	125022395	ENSG00000173706.15	HEG1	dn	-0.719784	0.156798	-4.59052	5.39184e-06	127	TxWk	Tx	False
NC_000003.12:125022395	chr3	125022395	ENSG00000173706.15	HEG1	body	-0.719784	0.156798	-4.59052	5.39184e-06	127	TxWk	Tx	False
NC_000008.11:66327948	chr8	66327948	ENSG00000179041.4	RRS1	up	-0.777688	0.152913	-5.08583	4.90511e-07	186	Quies	Quies	False
NC_000019.10:36299341	chr19	36299341	ENSG00000196357.12	ZNF565	up	-0.550257	0.0929908	-5.91733	5.51212e-09	119	Quies	Quies	False
NC_000019.10:36299341	chr19	36299341	ENSG00000196357.12	ZNF565	body	-0.840988	0.204706	-4.10827	4.54211e-05	62	Quies	Quies	False
NC_000015.10:50877531	chr15	50877531	ENSG00000081014.11	AP4E1	up	2.49572	0.186187	13.4043	5.1756e-36	209	TxWk	Tx	False
NC_000009.12:113087225	chr9	113087225	ENSG00000136866.14	ZFP37	dn	0.98972	0.157415	6.28735	6.2327e-10	507	Quies	Quies	False
NC_000009.12:113087228	chr9	113087228	ENSG00000136866.14	ZFP37	dn	1.24756	0.147021	8.48561	1.69109e-16	507	Quies	Quies	False
NC_000012.12:112661537	chr12	112661537	ENSG00000089169.15	RPH3A	enh	4.27006	0.84486	5.05416	5.7533e-07	8	Quies	Quies	False
NC_000012.12:48541814	chr12	48541814	ENSG00000284723.2	OR8S1	up	0.599091	0.139102	4.30685	1.93533e-05	244	Quies	Quies	False
NC_000007.14:159061067	chr7	159061067	ENSG00000106018.14	VIPR2	dn	0.413412	0.0838473	4.93054	1.06372e-06	272	Quies	Quies	False
NC_000007.14:159061067	chr7	159061067	ENSG00000106018.14	VIPR2	body	0.265911	0.0652729	4.07383	5.248e-05	406	Quies	Quies	False
NC_000006.12:160620986	chr6	160620986	ENSG00000198670.13	LPA	dn	-0.451313	0.0957927	-4.71135	3.06307e-06	132	Quies	Quies	False
NC_000020.11:25177003	chr20	25177003	ENSG00000197586.13	ENTPD6	up	-3.51903	0.294818	-11.9363	1.31345e-29	102	Quies	Quies	False
NC_000009.12:138174768	chr9	138174768	ENSG00000148408.15	CACNA1B	prom	-1.95097	0.247589	-7.87988	1.55519e-14	58	Quies	Quies	False
NC_000009.12:138160124	chr9	138160124	ENSG00000148408.15	CACNA1B	prom	-1.64707	0.273694	-6.01793	3.081e-09	58	Quies	Quies	False
NC_000002.12:216889958	chr2	216889958	ENSG00000118245.2	TNP1	up	0.622043	0.154423	4.02817	6.3458e-05	204	Quies	Quies	False
NC_000001.11:199214316	chr1	199214316	ENSG00000081237.21	PTPRC	dn	0.958857	0.225678	4.24877	2.49264e-05	207	Quies	Quies	False
NC_000001.11:132137	chr1	132137	ENSG00000186092.7	OR4F5	dn	1.52056	0.352614	4.31225	1.89005e-05	120	Quies	Quies	False
NC_000018.10:12862127	chr18	12862127	ENSG00000175354.20	PTPN2	up	2.79791	0.400628	6.9838	7.67305e-12	54	EnhA2	Enh	False
NC_000018.10:12862127	chr18	12862127	ENSG00000175354.20	PTPN2	dn	2.80456	0.395302	7.09473	3.67902e-12	58	EnhA2	Enh	False
NC_000018.10:12862127	chr18	12862127	ENSG00000175354.20	PTPN2	body	2.80456	0.395302	7.09473	3.67902e-12	58	EnhA2	Enh	False
NC_000012.12:130700805	chr12	130700805	ENSG00000060709.17	RIMBP2	dn	0.944588	0.229213	4.121	4.3048e-05	296	ReprPCWk	Repr	False
NC_000005.10:845522	chr5	845522	ENSG00000188818.13	ZDHHC11	up	-0.232309	0.0547955	-4.23956	2.594e-05	475	ReprPCWk	Repr	False
NC_000005.10:845522	chr5	845522	ENSG00000188818.13	ZDHHC11	dn	-0.234355	0.054831	-4.27414	2.23264e-05	474	ReprPCWk	Repr	False
NC_000005.10:845522	chr5	845522	ENSG00000188818.13	ZDHHC11	body	-0.23485	0.054903	-4.27754	2.19978e-05	474	ReprPCWk	Repr	False
NC_000009.12:113087462	chr9	113087462	ENSG00000136866.14	ZFP37	dn	0.875317	0.127403	6.87048	1.61018e-11	507	Quies	Quies	False
NC_000006.12:169554486	chr6	169554486	ENSG00000285733.1	ENSG00000285733	dn	0.720572	0.146363	4.92319	1.10286e-06	324	Quies	Quies	False
NC_000007.14:76956563	chr7	76956563	ENSG00000186645.11	SPDYE17	up	-0.659173	0.150931	-4.36739	1.48199e-05	268	Quies	Quies	False
NC_000002.12:215227138	chr2	215227138	ENSG00000138363.15	ATIC	enh	7.80936	1.89914	4.11205	4.47039e-05	3	Quies	Quies	False
NC_000020.11:31232011	chr20	31232011	ENSG00000215547.1	DEFB115	up	0.634748	0.0861176	7.37072	5.67423e-13	170	ZNF/Rpts	Het-ZNF	False
NC_000020.11:5307555	chr20	5307555	ENSG00000101292.8	PROKR2	up	0.467147	0.115208	4.05479	5.68178e-05	288	Het	Het-ZNF	False
NC_000009.12:113059979	chr9	113059979	ENSG00000136866.14	ZFP37	dn	1.12733	0.171165	6.58622	9.89352e-11	507	ZNF/Rpts	Het-ZNF	False
NC_000020.11:2390564	chr20	2390564	ENSG00000166948.10	TGM6	up	-1.05504	0.242112	-4.35764	1.54743e-05	124	Quies	Quies	False
NC_000012.12:112556803	chr12	112556803	ENSG00000089169.15	RPH3A	enh	3.91217	0.944542	4.14187	3.94109e-05	8	Quies	Quies	False
NC_000020.11:31174902	chr20	31174902	ENSG00000215547.1	DEFB115	up	0.676599	0.0818452	8.26681	8.91948e-16	170	NA	NA	False
NC_000020.11:31189365	chr20	31189365	ENSG00000215547.1	DEFB115	up	0.552604	0.0735405	7.51428	2.09819e-13	170	NA	NA	False
NC_000010.11:17289733	chr10	17289733	ENSG00000026025.16	VIM	dn	-1.36404	0.336398	-4.05485	5.68045e-05	56	Quies	Quies	False
NC_000006.12:157312593	chr6	157312593	ENSG00000215712.11	TMEM242	up	0.290449	0.0644851	4.50413	8.01606e-06	359	Tx	Tx	False
NC_000006.12:130310214	chr6	130310214	ENSG00000164483.17	SAMD3	body	0.474827	0.114884	4.13311	4.09019e-05	374	Quies	Quies	False
NC_000010.11:5042534	chr10	5042534	ENSG00000196139.14	AKR1C3	up	-0.788967	0.181036	-4.35805	1.54459e-05	252	Quies	Quies	False
NC_000008.11:135589826	chr8	135589826	ENSG00000131773.15	KHDRBS3	body	-0.576282	0.143093	-4.02733	6.36781e-05	394	Quies	Quies	False
NC_000020.11:31069053	chr20	31069053	ENSG00000215547.1	DEFB115	up	-0.0901292	0.0208289	-4.32711	1.77058e-05	170	NA	NA	False
NC_000007.14:159116855	chr7	159116855	ENSG00000106018.14	VIPR2	up	0.491833	0.103879	4.73468	2.74234e-06	401	ReprPCWk	Repr	False
NC_000007.14:159116855	chr7	159116855	ENSG00000106018.14	VIPR2	dn	0.687515	0.126567	5.43201	8.11718e-08	272	ReprPCWk	Repr	False
NC_000007.14:159116855	chr7	159116855	ENSG00000106018.14	VIPR2	body	0.497971	0.0982146	5.07024	5.30642e-07	406	ReprPCWk	Repr	False
NC_000011.10:234570	chr11	234570	ENSG00000142082.15	SIRT3	enh	-2.89229	0.641842	-4.50623	7.93963e-06	33	TxWk	Tx	False
NC_000009.12:113082004	chr9	113082004	ENSG00000136866.14	ZFP37	dn	0.48538	0.0922413	5.26207	1.98786e-07	507	Quies	Quies	False
NC_000009.12:113082006	chr9	113082006	ENSG00000136866.14	ZFP37	dn	0.587296	0.110293	5.32486	1.43181e-07	507	Quies	Quies	False
NC_000020.11:31225419	chr20	31225419	ENSG00000215547.1	DEFB115	up	0.742765	0.0976751	7.60444	1.11453e-13	170	ZNF/Rpts	Het-ZNF	False
NC_000012.12:112555514	chr12	112555514	ENSG00000089169.15	RPH3A	enh	5.26567	1.31806	3.99502	7.27572e-05	8	Quies	Quies	False
NC_000007.14:115057445	chr7	115057445	ENSG00000135272.13	MDFIC	dn	-3.4133	0.365469	-9.33949	1.88581e-19	142	Quies	Quies	False
NC_000001.11:2671108	chr1	2671108	ENSG00000142606.16	MMEL1	up	-0.560582	0.105167	-5.33042	1.3906e-07	162	Quies	Quies	False
NC_000001.11:2671108	chr1	2671108	ENSG00000142606.16	MMEL1	dn	-0.238807	0.0500261	-4.77365	2.27728e-06	280	Quies	Quies	False
NC_000001.11:2671108	chr1	2671108	ENSG00000142606.16	MMEL1	body	-0.560582	0.105167	-5.33042	1.3906e-07	162	Quies	Quies	False
NC_000017.11:68769729	chr17	68769729	ENSG00000108950.12	FAM20A	enh	7.4915	1.60386	4.67093	3.70611e-06	3	Quies	Quies	False
NC_000010.11:46886970	chr10	46886970	ENSG00000204179.11	PTPN20	up	0.927075	0.137154	6.75936	3.29879e-11	219	NA	NA	False
NC_000002.12:104401243	chr2	104401243	ENSG00000198914.5	POU3F3	dn	1.18038	0.287843	4.10079	4.68732e-05	320	Quies	Quies	False
NC_000005.10:16647680	chr5	16647680	ENSG00000154153.15	RETREG1	up	-0.759384	0.173337	-4.38097	1.39528e-05	305	Quies	Quies	False
NC_000005.10:16647680	chr5	16647680	ENSG00000154153.15	RETREG1	dn	-0.759384	0.173337	-4.38097	1.39528e-05	305	Quies	Quies	False
NC_000005.10:16647680	chr5	16647680	ENSG00000154153.15	RETREG1	body	-0.759384	0.173337	-4.38097	1.39528e-05	305	Quies	Quies	False
NC_000001.11:2658070	chr1	2658070	ENSG00000142606.16	MMEL1	up	-0.417476	0.10344	-4.03592	6.1453e-05	162	Quies	Quies	False
NC_000001.11:2658070	chr1	2658070	ENSG00000142606.16	MMEL1	dn	-0.211297	0.0488884	-4.32203	1.81062e-05	280	Quies	Quies	False
NC_000001.11:2658070	chr1	2658070	ENSG00000142606.16	MMEL1	body	-0.417476	0.10344	-4.03592	6.1453e-05	162	Quies	Quies	False
NC_000018.10:9335692	chr18	9335692	ENSG00000128791.12	TWSG1	body	-2.3583	0.565034	-4.17373	3.44175e-05	38	TssFlnk	Prom	False
NC_000006.12:160615012	chr6	160615012	ENSG00000198670.13	LPA	dn	-0.710163	0.170505	-4.16506	3.57131e-05	132	Quies	Quies	False
NC_000009.12:113082249	chr9	113082249	ENSG00000136866.14	ZFP37	dn	0.59129	0.100313	5.89447	6.28365e-09	507	Quies	Quies	False
NC_000017.11:43360338	chr17	43360338	ENSG00000175906.5	ARL4D	up	3.12159	0.551146	5.66382	2.30141e-08	49	TssFlnkU	Prom	False
NC_000017.11:43360338	chr17	43360338	ENSG00000175906.5	ARL4D	prom	4.40343	0.745013	5.91054	5.73104e-09	30	TssFlnkU	Prom	False
NC_000017.11:43360338	chr17	43360338	ENSG00000175906.5	ARL4D	enh	1.52523	0.350631	4.34996	1.60088e-05	124	TssFlnkU	Prom	False
NC_000009.12:138177286	chr9	138177286	ENSG00000148408.15	CACNA1B	prom	-2.58347	0.51105	-5.05521	5.72298e-07	58	Quies	Quies	False
NC_000008.11:116665823	chr8	116665823	ENSG00000147679.12	UTP23	up	1.51986	0.373488	4.06935	5.3472e-05	31	Quies	Quies	False
NC_000022.11:49762177	chr22	49762177	ENSG00000100425.19	BRD1	enh	-2.16079	0.501819	-4.30591	1.94333e-05	43	Quies	Quies	False
NC_000004.12:97211589	chr4	97211589	ENSG00000163116.10	STPG2	dn	0.368248	0.0839151	4.38833	1.3503e-05	371	Het	Het-ZNF	False
NC_000004.12:97211589	chr4	97211589	ENSG00000163116.10	STPG2	body	0.206024	0.0493196	4.17732	3.38937e-05	494	Het	Het-ZNF	False
NC_000002.12:74931398	chr2	74931398	ENSG00000115350.12	POLE4	dn	-2.0619	0.39445	-5.22728	2.3807e-07	109	Quies	Quies	False
NC_000010.11:46899615	chr10	46899615	ENSG00000204179.11	PTPN20	up	0.866155	0.155211	5.58051	3.6387e-08	219	NA	NA	False
NC_000009.12:3553721	chr9	3553721	ENSG00000080298.16	RFX3	body	0.321529	0.0795641	4.04113	6.01384e-05	409	Quies	Quies	False
NC_000007.14:158962551	chr7	158962551	ENSG00000126870.16	DYNC2I1	up	-0.25573	0.0641346	-3.98739	7.50723e-05	327	ReprPCWk	Repr	False
NC_000012.12:13045008	chr12	13045008	ENSG00000084444.14	FAM234B	body	0.878003	0.219018	4.00881	6.87405e-05	313	TssFlnkU	Prom	False
NC_000012.12:129910677	chr12	129910677	ENSG00000151952.16	TMEM132D	body	-0.255454	0.0557362	-4.58327	5.57574e-06	510	Quies	Quies	False
NC_000001.11:152213974	chr1	152213974	ENSG00000197915.7	HRNR	dn	-1.87572	0.261065	-7.1849	2.01027e-12	121	Quies	Quies	True
NC_000001.11:152218717	chr1	152218717	ENSG00000197915.7	HRNR	dn	-1.41314	0.24715	-5.71772	1.70583e-08	121	ZNF/Rpts	Het-ZNF	True
NC_000001.11:121747758	chr1	121747758	ENSG00000188610.12	FAM72B	dn	0.60534	0.14475	4.18197	3.32274e-05	45	NA	NA	False
NC_000022.11:47371193	chr22	47371193	ENSG00000054611.14	TBC1D22A	enh	-3.17362	0.661843	-4.79512	2.05452e-06	15	ZNF/Rpts	Het-ZNF	False
NC_000020.11:31229343	chr20	31229343	ENSG00000215547.1	DEFB115	up	0.694033	0.0855523	8.11238	2.82715e-15	170	ZNF/Rpts	Het-ZNF	False
NC_000007.14:155072474	chr7	155072474	ENSG00000157219.5	HTR5A	up	0.875629	0.218776	4.00239	7.05838e-05	278	ReprPCWk	Repr	False
NC_000005.10:823597	chr5	823597	ENSG00000188818.13	ZDHHC11	up	-0.289012	0.067836	-4.26046	2.36951e-05	475	ReprPCWk	Repr	False
NC_000005.10:823597	chr5	823597	ENSG00000188818.13	ZDHHC11	dn	-0.295528	0.0678511	-4.35554	1.56185e-05	474	ReprPCWk	Repr	False
NC_000005.10:823597	chr5	823597	ENSG00000188818.13	ZDHHC11	body	-0.296351	0.0679386	-4.36204	1.51754e-05	474	ReprPCWk	Repr	False
NC_000009.12:998951	chr9	998951	ENSG00000064218.5	DMRT3	body	-1.61952	0.368278	-4.39754	1.29598e-05	154	EnhWk	Enh	False
NC_000018.10:54403412	chr18	54403412	ENSG00000174448.9	STARD6	dn	0.891106	0.210757	4.22812	2.72539e-05	144	Quies	Quies	False
NC_000007.14:100994528	chr7	100994528	ENSG00000205277.10	MUC12	body	0.774956	0.122975	6.30176	5.71263e-10	320	Het	Het-ZNF	False
NC_000001.11:912998	chr1	912998	ENSG00000187634.13	SAMD11	up	0.559529	0.118104	4.7376	2.70452e-06	440	EnhBiv	Biv	False
NC_000002.12:105212436	chr2	105212436	ENSG00000135973.3	GPR45	up	1.28753	0.299979	4.29207	2.06468e-05	105	Quies	Quies	False
NC_000013.11:110959417	chr13	110959417	ENSG00000088448.14	ANKRD10	dn	1.13131	0.277629	4.0749	5.22456e-05	76	EnhA2	Enh	False
NC_000013.11:110959417	chr13	110959417	ENSG00000088448.14	ANKRD10	enh	1.87902	0.370316	5.07411	5.20371e-07	62	EnhA2	Enh	False
NC_000001.11:2662163	chr1	2662163	ENSG00000142606.16	MMEL1	up	-0.690313	0.160483	-4.30148	1.98141e-05	162	Quies	Quies	False
NC_000001.11:2662163	chr1	2662163	ENSG00000142606.16	MMEL1	body	-0.690313	0.160483	-4.30148	1.98141e-05	162	Quies	Quies	False
NC_000004.12:119439564	chr4	119439564	ENSG00000145384.4	FABP2	dn	0.458386	0.0954827	4.80072	1.99996e-06	201	TxWk	Tx	False
NC_000001.11:2675394	chr1	2675394	ENSG00000142606.16	MMEL1	up	-0.793654	0.1203	-6.59728	9.22954e-11	162	Quies	Quies	False
NC_000001.11:2675394	chr1	2675394	ENSG00000142606.16	MMEL1	dn	-0.384917	0.0568658	-6.76887	3.10345e-11	280	Quies	Quies	False
NC_000001.11:2675394	chr1	2675394	ENSG00000142606.16	MMEL1	body	-0.793654	0.1203	-6.59728	9.22954e-11	162	Quies	Quies	False
NC_000001.11:2675396	chr1	2675396	ENSG00000142606.16	MMEL1	up	-0.610841	0.0966966	-6.31709	5.20612e-10	162	Quies	Quies	False
NC_000001.11:2675396	chr1	2675396	ENSG00000142606.16	MMEL1	dn	-0.301345	0.0456595	-6.59983	9.08282e-11	280	Quies	Quies	False
NC_000001.11:2675396	chr1	2675396	ENSG00000142606.16	MMEL1	body	-0.610841	0.0966966	-6.31709	5.20612e-10	162	Quies	Quies	False
NC_000006.12:149957344	chr6	149957344	ENSG00000111981.5	ULBP1	body	-1.69624	0.406442	-4.1734	3.4466e-05	103	ReprPCWk	Repr	False
NC_000010.11:94934949	chr10	94934949	ENSG00000138109.11	CYP2C9	up	1.84485	0.302487	6.09895	1.91714e-09	206	Quies	Quies	False
NC_000002.12:152009651	chr2	152009651	ENSG00000283228.1	ENSG00000283228	dn	0.400378	0.0906161	4.41839	1.18066e-05	447	ReprPCWk	Repr	False
NC_000002.12:152009651	chr2	152009651	ENSG00000283228.1	ENSG00000283228	body	0.403046	0.0889935	4.52894	7.15807e-06	452	ReprPCWk	Repr	False
NC_000009.12:138173006	chr9	138173006	ENSG00000148408.15	CACNA1B	prom	-1.94961	0.434889	-4.48302	8.82317e-06	58	Quies	Quies	False
NC_000020.11:9262968	chr20	9262968	ENSG00000101333.19	PLCB4	up	0.92602	0.214827	4.31053	1.90436e-05	227	EnhA2	Enh	False
NC_000022.11:16523119	chr22	16523119	ENSG00000198445.4	CCT8L2	up	1.13104	0.166634	6.78757	2.7521e-11	305	Quies	Quies	False
NC_000010.11:46894637	chr10	46894637	ENSG00000204179.11	PTPN20	up	1.78077	0.16784	10.6099	3.2565900000000004e-24	219	NA	NA	False
NC_000021.9:35469306	chr21	35469306	ENSG00000159216.20	RUNX1	body	0.199456	0.048428	4.11861	4.34847e-05	496	Quies	Quies	False
NC_000013.11:51164009	chr13	51164009	ENSG00000226792.8	C13orf42	up	-0.9451	0.222103	-4.25524	2.42373e-05	121	Quies	Quies	False
NC_000013.11:51164009	chr13	51164009	ENSG00000226792.8	C13orf42	dn	-1.70978	0.334658	-5.10904	4.36141e-07	58	Quies	Quies	False
NC_000013.11:51164009	chr13	51164009	ENSG00000226792.8	C13orf42	body	-0.9451	0.222103	-4.25524	2.42373e-05	121	Quies	Quies	False
NC_000011.10:35404041	chr11	35404041	ENSG00000110436.13	SLC1A2	up	-1.50682	0.335691	-4.48872	8.59798e-06	71	Quies	Quies	False
NC_000011.10:35404041	chr11	35404041	ENSG00000110436.13	SLC1A2	body	-1.50682	0.335691	-4.48872	8.59798e-06	71	Quies	Quies	False
NC_000012.12:112695309	chr12	112695309	ENSG00000089169.15	RPH3A	enh	4.17475	1.04256	4.00431	7.00286e-05	8	Quies	Quies	False
NC_000009.12:113087239	chr9	113087239	ENSG00000136866.14	ZFP37	dn	0.95563	0.133407	7.16326	2.32528e-12	507	Quies	Quies	False
NC_000011.10:27634029	chr11	27634029	ENSG00000176697.20	BDNF	up	-1.47658	0.346444	-4.2621	2.35269e-05	78	Quies	Quies	False
NC_000005.10:66524228	chr5	66524228	ENSG00000069020.19	MAST4	up	-1.13006	0.248507	-4.54737	6.57814e-06	222	Quies	Quies	False
NC_000005.10:34195450	chr5	34195450	ENSG00000273294.1	C1QTNF3-AMACR	up	-2.17588	0.35903	-6.06045	2.40357e-09	103	Quies	Quies	False
NC_000005.10:34195450	chr5	34195450	ENSG00000273294.1	C1QTNF3-AMACR	body	-2.17588	0.35903	-6.06045	2.40357e-09	103	Quies	Quies	False
NC_000009.12:138173248	chr9	138173248	ENSG00000148408.15	CACNA1B	prom	-1.31628	0.293591	-4.48336	8.80958e-06	58	Quies	Quies	False
NC_000009.12:113065178	chr9	113065178	ENSG00000136866.14	ZFP37	dn	0.712597	0.110379	6.45594	2.22613e-10	507	Quies	Quies	False
NC_000001.11:2659019	chr1	2659019	ENSG00000142606.16	MMEL1	dn	-0.182785	0.0443685	-4.11971	4.32843e-05	280	Quies	Quies	False
NC_000011.10:74930240	chr11	74930240	ENSG00000166435.17	XRRA1	dn	-1.80672	0.44091	-4.09772	4.74829e-05	60	TxWk	Tx	False
NC_000011.10:74930240	chr11	74930240	ENSG00000166435.17	XRRA1	body	-1.75101	0.43794	-3.99828	7.17868e-05	61	TxWk	Tx	False
NC_000009.12:113059868	chr9	113059868	ENSG00000136866.14	ZFP37	dn	0.800551	0.178054	4.49611	8.31412e-06	507	ZNF/Rpts	Het-ZNF	False
NC_000009.12:113065293	chr9	113065293	ENSG00000136866.14	ZFP37	dn	1.08583	0.151455	7.16934	2.23215e-12	507	Quies	Quies	False
NC_000005.10:78458150	chr5	78458150	ENSG00000085365.18	SCAMP1	body	0.892191	0.200482	4.45024	1.02324e-05	259	Quies	Quies	False
NC_000005.10:78458156	chr5	78458156	ENSG00000085365.18	SCAMP1	body	0.907165	0.211792	4.28329	2.14539e-05	259	Quies	Quies	False
NC_000009.12:111380593	chr9	111380593	ENSG00000171133.4	OR2K2	dn	1.33256	0.278099	4.79166	2.08898e-06	317	Tx	Tx	False
NC_000009.12:113087472	chr9	113087472	ENSG00000136866.14	ZFP37	dn	0.928968	0.161269	5.76038	1.34365e-08	507	Quies	Quies	False
NC_000005.10:405202	chr5	405202	ENSG00000180104.16	EXOC3	body	0.737685	0.172105	4.28626	2.11777e-05	139	ReprPCWk	Repr	False
NC_000014.9:61846387	chr14	61846387	ENSG00000139973.18	SYT16	up	-0.391819	0.0958116	-4.08947	4.9154e-05	349	Quies	Quies	False
NC_000009.12:32847230	chr9	32847230	ENSG00000188133.6	TMEM215	up	1.31582	0.294032	4.47509	9.14587e-06	58	ReprPCWk	Repr	False
NC_000011.10:107593136	chr11	107593136	ENSG00000110675.13	ELMOD1	body	-1.07036	0.266855	-4.011	6.81242e-05	101	ReprPCWk	Repr	False
NC_000006.12:143154751	chr6	143154751	ENSG00000146416.19	AIG1	body	-2.70245	0.461136	-5.86041	7.63222e-09	62	Quies	Quies	False
NC_000009.12:113059982	chr9	113059982	ENSG00000136866.14	ZFP37	dn	0.997383	0.17269	5.77559	1.23359e-08	507	ZNF/Rpts	Het-ZNF	False
NC_000001.11:2673811	chr1	2673811	ENSG00000142606.16	MMEL1	up	-0.332197	0.0692865	-4.79454	2.06025e-06	162	Quies	Quies	False
NC_000001.11:2673811	chr1	2673811	ENSG00000142606.16	MMEL1	dn	-0.147801	0.032884	-4.49462	8.37034e-06	280	Quies	Quies	False
NC_000001.11:2673811	chr1	2673811	ENSG00000142606.16	MMEL1	body	-0.332197	0.0692865	-4.79454	2.06025e-06	162	Quies	Quies	False
NC_000010.11:38829083	chr10	38829083	ENSG00000283930.1	PLD5P1	dn	-0.695679	0.158196	-4.39757	1.29582e-05	224	Het	Het-ZNF	False
NC_000010.11:46886861	chr10	46886861	ENSG00000204179.11	PTPN20	up	0.847555	0.137195	6.17776	1.20237e-09	219	NA	NA	False
NC_000009.12:113082016	chr9	113082016	ENSG00000136866.14	ZFP37	dn	0.565797	0.101833	5.55614	4.15609e-08	507	Quies	Quies	False
NC_000020.11:42923720	chr20	42923720	ENSG00000196090.14	PTPRT	up	-1.79648	0.429191	-4.18574	3.26968e-05	44	Het	Het-ZNF	False
NC_000004.12:72139864	chr4	72139864	ENSG00000056291.19	NPFFR2	body	1.93111	0.475362	4.06239	5.50468e-05	37	Quies	Quies	False
NC_000002.12:1084586	chr2	1084586	ENSG00000172554.12	SNTG2	up	-0.363686	0.08866	-4.10203	4.66302e-05	477	ZNF/Rpts	Het-ZNF	False
NC_000001.11:2672647	chr1	2672647	ENSG00000142606.16	MMEL1	up	-0.345271	0.0670952	-5.14599	3.61424e-07	162	Quies	Quies	False
NC_000001.11:2672647	chr1	2672647	ENSG00000142606.16	MMEL1	dn	-0.162937	0.0317773	-5.12745	3.9722e-07	280	Quies	Quies	False
NC_000001.11:2672647	chr1	2672647	ENSG00000142606.16	MMEL1	body	-0.345271	0.0670952	-5.14599	3.61424e-07	162	Quies	Quies	False
NC_000002.12:156330134	chr2	156330134	ENSG00000153234.16	NR4A2	up	-1.15557	0.274466	-4.21023	2.94373e-05	54	ReprPC	Repr	False
NC_000009.12:113082131	chr9	113082131	ENSG00000136866.14	ZFP37	dn	0.581535	0.107375	5.41592	8.8446e-08	507	Quies	Quies	False
NC_000020.11:31056071	chr20	31056071	ENSG00000215547.1	DEFB115	up	0.0843584	0.0200661	4.20402	3.02324e-05	170	NA	NA	False
NC_000002.12:74953223	chr2	74953223	ENSG00000115350.12	POLE4	dn	-1.64558	0.394522	-4.17108	3.48084e-05	109	Het	Het-ZNF	False
NC_000012.12:67255754	chr12	67255754	ENSG00000111530.13	CAND1	dn	1.87478	0.344095	5.44845	7.43406e-08	163	Quies	Quies	False
NC_000012.12:67255754	chr12	67255754	ENSG00000111530.13	CAND1	body	2.08732	0.332724	6.27344	6.77818e-10	186	Quies	Quies	False
NC_000017.11:21967575	chr17	21967575	ENSG00000260458.3	KCNJ18	dn	2.83604	0.603396	4.70013	3.22986e-06	39	NA	NA	False
NC_000018.10:79917428	chr18	79917428	ENSG00000122490.19	SLC66A2	up	-0.362043	0.0890111	-4.06739	5.39111e-05	534	Tx	Tx	False
NC_000021.9:34688433	chr21	34688433	ENSG00000159212.13	CLIC6	body	-3.64918	0.489616	-7.45315	3.21093e-13	34	ReprPCWk	Repr	False
NC_000021.9:34688433	chr21	34688433	ENSG00000159212.13	CLIC6	enh	-3.64918	0.489616	-7.45315	3.21093e-13	34	ReprPCWk	Repr	False
NC_000004.12:6356038	chr4	6356038	ENSG00000109501.15	WFS1	up	0.987371	0.244388	4.04017	6.03785e-05	366	ReprPCWk	Repr	False
NC_000019.10:22680850	chr19	22680850	ENSG00000229676.3	ZNF492	dn	0.535876	0.134163	3.99422	7.29954e-05	68	Het	Het-ZNF	False
NC_000001.11:209897009	chr1	209897009	ENSG00000143469.21	SYT14	up	-0.977254	0.20685	-4.72445	2.87879e-06	302	Quies	Quies	False
NC_000001.11:209897009	chr1	209897009	ENSG00000143469.21	SYT14	body	-0.683707	0.158509	-4.31335	1.88095e-05	300	Quies	Quies	False
NC_000002.12:238098651	chr2	238098651	ENSG00000144488.15	ESPNL	body	1.39264	0.339855	4.09774	4.74776e-05	94	EnhWk	Enh	False
NC_000006.12:122362903	chr6	122362903	ENSG00000025156.13	HSF2	up	1.07249	0.260625	4.11507	4.41391e-05	107	Quies	Quies	False
NC_000007.14:76986763	chr7	76986763	ENSG00000186645.11	SPDYE17	dn	-1.1384	0.269409	-4.22554	2.75597e-05	248	TxWk	Tx	False
NC_000010.11:120776330	chr10	120776330	ENSG00000120008.16	WDR11	dn	-2.0873	0.506286	-4.12276	4.27299e-05	31	ReprPCWk	Repr	False
NC_000009.12:14809	chr9	14809	ENSG00000181404.18	WASHC1	dn	-1.01503	0.194057	-5.23058	2.34042e-07	169	Quies	Quies	False
NC_000011.10:58483167	chr11	58483167	ENSG00000198283.3	OR5B21	up	-1.12813	0.243888	-4.62562	4.58102e-06	104	Quies	Quies	False
NC_000008.11:66330759	chr8	66330759	ENSG00000179041.4	RRS1	up	-0.585733	0.134923	-4.34124	1.66375e-05	186	Quies	Quies	False
NC_000002.12:23432115	chr2	23432115	ENSG00000119771.15	KLHL29	body	-1.15113	0.236267	-4.87217	1.41541e-06	212	TxWk	Tx	False
NC_000003.12:69148347	chr3	69148347	ENSG00000163380.16	LMOD3	up	-1.79048	0.345078	-5.18862	2.90568e-07	47	Quies	Quies	False
NC_000003.12:69148347	chr3	69148347	ENSG00000163380.16	LMOD3	dn	-1.27792	0.226815	-5.63421	2.71015e-08	76	Quies	Quies	False
NC_000003.12:69148347	chr3	69148347	ENSG00000163380.16	LMOD3	body	-1.79048	0.345078	-5.18862	2.90568e-07	47	Quies	Quies	False
NC_000010.11:46878974	chr10	46878974	ENSG00000204179.11	PTPN20	up	1.32825	0.1473	9.01732	2.59494e-18	219	NA	NA	False
NC_000004.12:72060673	chr4	72060673	ENSG00000056291.19	NPFFR2	body	1.68625	0.409392	4.1189	4.34316e-05	37	Quies	Quies	False
NC_000003.12:75689025	chr3	75689025	ENSG00000172969.8	FRG2C	dn	-0.529275	0.118794	-4.45541	9.99659e-06	449	Het	Het-ZNF	False
NC_000017.11:43360583	chr17	43360583	ENSG00000175906.5	ARL4D	up	3.71568	0.567798	6.54403	1.28839e-10	49	TssA	Prom	False
NC_000017.11:43360583	chr17	43360583	ENSG00000175906.5	ARL4D	prom	5.06572	0.768911	6.58818	9.77298e-11	30	TssA	Prom	False
NC_000017.11:43360583	chr17	43360583	ENSG00000175906.5	ARL4D	enh	1.84773	0.362213	5.10122	4.53769e-07	124	TssA	Prom	False
NC_000018.10:31996687	chr18	31996687	ENSG00000101695.9	RNF125	dn	-0.798645	0.19757	-4.04234	5.98378e-05	288	Quies	Quies	False
NC_000007.14:100998462	chr7	100998462	ENSG00000169876.14	MUC17	up	-0.36581	0.0818655	-4.46843	9.42575e-06	372	Het	Het-ZNF	False
NC_000002.12:3287313	chr2	3287313	ENSG00000032389.13	EIPR1	up	-0.308768	0.0689099	-4.48076	8.91421e-06	245	Quies	Quies	False
NC_000002.12:3287313	chr2	3287313	ENSG00000032389.13	EIPR1	dn	-0.57077	0.105879	-5.39079	1.0109e-07	269	Quies	Quies	False
NC_000002.12:3287313	chr2	3287313	ENSG00000032389.13	EIPR1	body	-0.285456	0.0568479	-5.02141	6.77937e-07	361	Quies	Quies	False
NC_000011.10:26534771	chr11	26534771	ENSG00000169550.14	MUC15	dn	-1.14804	0.261469	-4.39074	1.33592e-05	241	Quies	Quies	False
NC_000011.10:5796090	chr11	5796090	ENSG00000181001.3	OR52N1	dn	0.538419	0.111199	4.84194	1.63926e-06	255	Quies	Quies	False
NC_000004.12:23338	chr4	23338	ENSG00000272602.6	ZNF595	dn	0.879706	0.13841	6.35581	4.11421e-10	383	Quies	Quies	False
NC_000013.11:95716721	chr13	95716721	ENSG00000102580.15	DNAJC3	dn	-0.841455	0.171417	-4.90882	1.18339e-06	433	TxWk	Tx	False
NC_000011.10:27204419	chr11	27204419	ENSG00000109881.17	CCDC34	up	0.985641	0.234073	4.21082	2.9362e-05	147	TxWk	Tx	False
NC_000006.12:77654672	chr6	77654672	ENSG00000269964.4	MEI4	body	0.992402	0.219312	4.52506	7.286e-06	199	Quies	Quies	False
NC_000005.10:415809	chr5	415809	ENSG00000180104.16	EXOC3	prom	-1.80874	0.409317	-4.41893	1.17784e-05	100	EnhA1	Enh	False
NC_000001.11:207284498	chr1	207284498	ENSG00000196352.18	CD55	body	-2.81239	0.480424	-5.85398	7.91703e-09	67	Quies	Quies	False
NC_000020.11:31061578	chr20	31061578	ENSG00000215547.1	DEFB115	up	0.0731539	0.0181519	4.03009	6.29554e-05	170	NA	NA	False
NC_000004.12:28311	chr4	28311	ENSG00000272602.6	ZNF595	dn	0.762331	0.15801	4.82457	1.78289e-06	383	ZNF/Rpts	Het-ZNF	False
NC_000001.11:121016677	chr1	121016677	ENSG00000263353.4	PPIAL4A	up	-1.36461	0.318214	-4.28833	2.0987e-05	256	NA	NA	False
NC_000002.12:75161752	chr2	75161752	ENSG00000115353.11	TACR1	up	-0.856446	0.186906	-4.58222	5.60279e-06	168	Quies	Quies	False
NC_000002.12:75161752	chr2	75161752	ENSG00000115353.11	TACR1	body	-0.861279	0.186563	-4.61657	4.77804e-06	169	Quies	Quies	False
NC_000006.12:132862597	chr6	132862597	ENSG00000112306.8	RPS12	dn	-2.57269	0.280865	-9.15987	8.20195e-19	49	Quies	Quies	False
NC_000020.11:31066436	chr20	31066436	ENSG00000215547.1	DEFB115	up	0.0985343	0.0214253	4.59896	5.18507e-06	170	NA	NA	False
NC_000003.12:17168722	chr3	17168722	ENSG00000154822.18	PLCL2	enh	3.77663	0.913405	4.13467	4.0632e-05	7	TxWk	Tx	False
NC_000010.11:46885581	chr10	46885581	ENSG00000204179.11	PTPN20	up	1.32012	0.15138	8.72053	2.73429e-17	219	NA	NA	False
NC_000004.12:143776088	chr4	143776088	ENSG00000183090.5	FREM3	up	3.39811	0.596359	5.6981	1.90287e-08	49	Quies	Quies	False
NC_000004.12:143776088	chr4	143776088	ENSG00000183090.5	FREM3	dn	3.39811	0.596359	5.6981	1.90287e-08	49	Quies	Quies	False
NC_000004.12:143776088	chr4	143776088	ENSG00000183090.5	FREM3	body	3.39811	0.596359	5.6981	1.90287e-08	49	Quies	Quies	False
NC_000012.12:57654359	chr12	57654359	ENSG00000135454.14	B4GALNT1	dn	0.435543	0.108148	4.02728	6.3693e-05	425	Quies	Quies	False
NC_000018.10:80038553	chr18	80038553	ENSG00000101546.13	RBFA	up	-1.3647	0.18638	-7.32214	7.91805e-13	329	TxWk	Tx	False
NC_000018.10:80038553	chr18	80038553	ENSG00000101546.13	RBFA	enh	-1.3647	0.18638	-7.32214	7.91805e-13	329	TxWk	Tx	False
NC_000003.12:194690499	chr3	194690499	ENSG00000185112.6	FAM43A	up	-1.09482	0.152792	-7.16542	2.29175e-12	438	EnhA1	Enh	False
NC_000020.11:23549455	chr20	23549455	ENSG00000101435.5	CST9L	up	0.867574	0.181811	4.77184	2.29704e-06	271	Quies	Quies	False
NC_000005.10:56908210	chr5	56908210	ENSG00000155542.12	SETD9	up	-1.21673	0.257104	-4.73245	2.77156e-06	177	TssFlnkD	Prom	False
NC_000014.9:18656314	chr14	18656314	ENSG00000257115.2	OR11H12	up	-1.20078	0.26201	-4.58294	5.58404e-06	71	Quies	Quies	False
NC_000012.12:81204554	chr12	81204554	ENSG00000111052.8	LIN7A	up	1.13174	0.280522	4.03443	6.1834e-05	123	Quies	Quies	False
NC_000011.10:27634039	chr11	27634039	ENSG00000176697.20	BDNF	up	-1.79757	0.425658	-4.22305	2.78569e-05	78	Quies	Quies	False
NC_000006.12:41366331	chr6	41366331	ENSG00000096264.14	NCR2	dn	0.989408	0.229966	4.3024	1.97346e-05	163	ReprPCWk	Repr	False
NC_000020.11:31200974	chr20	31200974	ENSG00000215547.1	DEFB115	up	0.359079	0.0844596	4.25149	2.46347e-05	170	NA	NA	False
NC_000022.11:47229329	chr22	47229329	ENSG00000054611.14	TBC1D22A	dn	0.652025	0.120523	5.40997	9.12955e-08	305	ReprPCWk	Repr	False
NC_000011.10:27287020	chr11	27287020	ENSG00000109881.17	CCDC34	up	-1.6741	0.302257	-5.53865	4.57067e-08	147	Quies	Quies	False
NC_000021.9:35645867	chr21	35645867	ENSG00000159216.20	RUNX1	body	0.284851	0.0680175	4.18791	3.23943e-05	496	Quies	Quies	False
NC_000009.12:113065180	chr9	113065180	ENSG00000136866.14	ZFP37	dn	0.81398	0.124446	6.54084	1.3143e-10	507	Quies	Quies	False
NC_000011.10:27634158	chr11	27634158	ENSG00000176697.20	BDNF	up	-1.57587	0.328032	-4.80401	1.96855e-06	78	Het	Het-ZNF	False
NC_000011.10:27287146	chr11	27287146	ENSG00000109881.17	CCDC34	up	-1.73102	0.34414	-5.03	6.49427e-07	147	Quies	Quies	False
NC_000011.10:5907416	chr11	5907416	ENSG00000277932.2	OR52E5	up	0.921052	0.185634	4.96166	9.12372e-07	245	Quies	Quies	False
NC_000016.10:31538312	chr16	31538312	ENSG00000169877.10	AHSP	dn	-3.65791	0.808442	-4.52464	7.3e-06	35	TxWk	Tx	False
NC_000008.11:100752329	chr8	100752329	ENSG00000070756.17	PABPC1	dn	0.82351	0.202443	4.06785	5.38083e-05	163	TxWk	Tx	False
NC_000002.12:208485469	chr2	208485469	ENSG00000144407.10	PTH2R	body	0.676612	0.134515	5.03	6.49437e-07	267	Quies	Quies	False
NC_000006.12:169598737	chr6	169598737	ENSG00000285733.1	ENSG00000285733	dn	0.998762	0.196469	5.08357	4.96132e-07	324	Quies	Quies	False
NC_000001.11:2657917	chr1	2657917	ENSG00000142606.16	MMEL1	up	-0.386427	0.0826848	-4.67349	3.6618e-06	162	Quies	Quies	False
NC_000001.11:2657917	chr1	2657917	ENSG00000142606.16	MMEL1	dn	-0.24359	0.0385989	-6.3108	5.40829e-10	280	Quies	Quies	False
NC_000001.11:2657917	chr1	2657917	ENSG00000142606.16	MMEL1	body	-0.386427	0.0826848	-4.67349	3.6618e-06	162	Quies	Quies	False
NC_000019.10:21567861	chr19	21567861	ENSG00000197013.11	ZNF429	dn	-0.400037	0.0606021	-6.60105	9.01373e-11	204	TssFlnkD	Prom	False
NC_000019.10:21567861	chr19	21567861	ENSG00000197013.11	ZNF429	enh	-2.05885	0.475951	-4.32576	1.78121e-05	36	TssFlnkD	Prom	False
NC_000011.10:122539863	chr11	122539863	ENSG00000154127.10	UBASH3B	up	1.36448	0.28993	4.70622	3.13829e-06	152	Quies	Quies	False
NC_000020.11:31238424	chr20	31238424	ENSG00000215547.1	DEFB115	up	0.697752	0.0858899	8.12379	2.59762e-15	170	ZNF/Rpts	Het-ZNF	False
NC_000002.12:74932347	chr2	74932347	ENSG00000115350.12	POLE4	dn	-1.7768	0.286894	-6.19323	1.09649e-09	109	Quies	Quies	False
NC_000004.12:186520124	chr4	186520124	ENSG00000272297.2	ENSG00000272297	up	-0.726495	0.175658	-4.13585	4.04295e-05	316	Quies	Quies	False
NC_000012.12:112591396	chr12	112591396	ENSG00000089169.15	RPH3A	enh	4.11561	0.757094	5.43606	7.94335e-08	8	Quies	Quies	False
NC_000010.11:37741463	chr10	37741463	ENSG00000198105.16	ZNF248	up	1.23753	0.278369	4.44564	1.04466e-05	128	Quies	Quies	False
NC_000010.11:37741463	chr10	37741463	ENSG00000198105.16	ZNF248	dn	1.21733	0.279476	4.35575	1.56044e-05	127	Quies	Quies	False
NC_000010.11:37741463	chr10	37741463	ENSG00000198105.16	ZNF248	body	1.21733	0.279476	4.35575	1.56044e-05	127	Quies	Quies	False
NC_000004.12:6684193	chr4	6684193	ENSG00000163993.7	S100P	up	1.23029	0.276858	4.44376	1.05355e-05	79	Quies	Quies	False
NC_000004.12:173435808	chr4	173435808	ENSG00000164106.8	SCRG1	dn	1.28419	0.318981	4.0259	6.40562e-05	97	Quies	Quies	False
NC_000009.12:113082026	chr9	113082026	ENSG00000136866.14	ZFP37	dn	1.12132	0.131477	8.52862	1.21478e-16	507	Quies	Quies	False
NC_000013.11:100555656	chr13	100555656	ENSG00000134864.11	GGACT	dn	-1.136	0.282702	-4.01837	6.60821e-05	307	Quies	Quies	False
NC_000020.11:22310285	chr20	22310285	ENSG00000125798.15	FOXA2	up	0.644806	0.150728	4.27795	2.19591e-05	551	ReprPCWk	Repr	False
NC_000010.11:86822624	chr10	86822624	ENSG00000107779.16	BMPR1A	up	2.32693	0.569148	4.08844	4.93666e-05	41	Quies	Quies	False
NC_000010.11:86822624	chr10	86822624	ENSG00000107779.16	BMPR1A	body	1.31802	0.278094	4.73948	2.68046e-06	98	Quies	Quies	False
NC_000006.12:129839421	chr6	129839421	ENSG00000203756.8	TMEM244	dn	1.26883	0.292967	4.33098	1.7407e-05	251	Quies	Quies	False
NC_000018.10:79950532	chr18	79950532	ENSG00000122490.19	SLC66A2	enh	1.17888	0.273648	4.30803	1.92535e-05	298	TssFlnkU	Prom	False
NC_000006.12:4020739	chr6	4020739	ENSG00000112739.17	PRPF4B	body	1.27938	0.304231	4.20529	3.00688e-05	251	EnhA2	Enh	False
NC_000016.10:20649881	chr16	20649881	ENSG00000005187.12	ACSM3	body	-0.881826	0.191834	-4.59681	5.23701e-06	181	Quies	Quies	False
NC_000009.12:21805208	chr9	21805208	ENSG00000099810.21	MTAP	up	-3.0652	0.701427	-4.36995	1.46529e-05	57	TxWk	Tx	False
NC_000001.11:2678928	chr1	2678928	ENSG00000142606.16	MMEL1	up	-0.4092	0.0990482	-4.13133	4.12109e-05	162	Het	Het-ZNF	False
NC_000001.11:2678928	chr1	2678928	ENSG00000142606.16	MMEL1	dn	-0.208259	0.0467997	-4.45002	1.02428e-05	280	Het	Het-ZNF	False
NC_000001.11:2678928	chr1	2678928	ENSG00000142606.16	MMEL1	body	-0.4092	0.0990482	-4.13133	4.12109e-05	162	Het	Het-ZNF	False
NC_000006.12:156118568	chr6	156118568	ENSG00000049618.25	ARID1B	body	0.817611	0.204133	4.00528	6.97485e-05	163	Quies	Quies	False
NC_000019.10:36291755	chr19	36291755	ENSG00000196357.12	ZNF565	up	-0.50484	0.102857	-4.90816	1.18723e-06	119	Quies	Quies	False
NC_000005.10:181462972	chr5	181462972	ENSG00000230178.1	OR4F3	up	-1.41404	0.193361	-7.31295	8.43132e-13	259	Quies	Quies	False
NC_000005.10:181462972	chr5	181462972	ENSG00000230178.1	OR4F3	prom	-2.08262	0.305109	-6.82583	2.15049e-11	210	Quies	Quies	False
NC_000006.12:157285038	chr6	157285038	ENSG00000215712.11	TMEM242	up	-0.396959	0.0925724	-4.2881	2.10082e-05	359	TxWk	Tx	False
NC_000020.11:45756606	chr20	45756606	ENSG00000149651.4	SPINT4	body	1.23078	0.292328	4.21029	2.94294e-05	128	Quies	Quies	False
NC_000008.11:66377636	chr8	66377636	ENSG00000179041.4	RRS1	up	-0.943228	0.213958	-4.40848	1.23418e-05	186	TxWk	Tx	False
NC_000020.11:31224262	chr20	31224262	ENSG00000215547.1	DEFB115	up	0.220155	0.054532	4.03717	6.11348e-05	170	ZNF/Rpts	Het-ZNF	False
NC_000017.11:43360478	chr17	43360478	ENSG00000175906.5	ARL4D	up	3.68217	0.563649	6.53274	1.38239e-10	49	TssA	Prom	False
NC_000017.11:43360478	chr17	43360478	ENSG00000175906.5	ARL4D	prom	5.19926	0.761284	6.82959	2.09878e-11	30	TssA	Prom	False
NC_000017.11:43360478	chr17	43360478	ENSG00000175906.5	ARL4D	enh	1.54395	0.361796	4.26745	2.29859e-05	124	TssA	Prom	False
NC_000011.10:102602034	chr11	102602034	ENSG00000137674.4	MMP20	up	-3.4314	0.400547	-8.56678	9.04902e-17	96	EnhA2	Enh	False
NC_000011.10:102602034	chr11	102602034	ENSG00000137674.4	MMP20	dn	-1.8509	0.285605	-6.48063	1.91094e-10	148	EnhA2	Enh	False
NC_000011.10:102602034	chr11	102602034	ENSG00000137674.4	MMP20	body	-3.4314	0.400547	-8.56678	9.04902e-17	96	EnhA2	Enh	False
NC_000011.10:102602034	chr11	102602034	ENSG00000137674.4	MMP20	enh	-3.4314	0.400547	-8.56678	9.04902e-17	96	EnhA2	Enh	False
NC_000012.12:111211622	chr12	111211622	ENSG00000198324.14	PHETA1	up	-0.732968	0.182697	-4.01194	6.78585e-05	104	ReprPCWk	Repr	False
NC_000002.12:172691605	chr2	172691605	ENSG00000091428.18	RAPGEF4	up	1.52921	0.340873	4.48617	8.69777e-06	88	Quies	Quies	False
NC_000010.11:46877453	chr10	46877453	ENSG00000204179.11	PTPN20	up	0.697303	0.153152	4.55303	6.40948e-06	219	NA	NA	False
NC_000002.12:3287207	chr2	3287207	ENSG00000032389.13	EIPR1	up	-0.31989	0.0715234	-4.47252	9.25317e-06	245	Quies	Quies	False
NC_000002.12:3287207	chr2	3287207	ENSG00000032389.13	EIPR1	body	-0.248196	0.0593701	-4.18048	3.34395e-05	361	Quies	Quies	False
NC_000009.12:121811259	chr9	121811259	ENSG00000136848.19	DAB2IP	dn	-0.944085	0.236138	-3.99802	7.18646e-05	183	ReprPCWk	Repr	False
NC_000005.10:410718	chr5	410718	ENSG00000180104.16	EXOC3	enh	-4.03907	0.973711	-4.14812	3.83801e-05	5	ReprPCWk	Repr	False
NC_000020.11:54016614	chr20	54016614	ENSG00000064787.14	BCAS1	up	1.48531	0.363688	4.08403	5.02884e-05	51	Quies	Quies	False
NC_000020.11:54016614	chr20	54016614	ENSG00000064787.14	BCAS1	dn	1.48531	0.363688	4.08403	5.02884e-05	51	Quies	Quies	False
NC_000020.11:54016614	chr20	54016614	ENSG00000064787.14	BCAS1	body	1.48531	0.363688	4.08403	5.02884e-05	51	Quies	Quies	False
NC_000014.9:18660769	chr14	18660769	ENSG00000257115.2	OR11H12	up	-1.14769	0.287689	-3.98934	7.44726e-05	71	Het	Het-ZNF	False
NC_000018.10:45770781	chr18	45770781	ENSG00000197046.12	SIGLEC15	up	-1.2093	0.286643	-4.21883	2.83674e-05	141	ReprPCWk	Repr	False
NC_000020.11:22562122	chr20	22562122	ENSG00000125798.15	FOXA2	up	0.604339	0.138306	4.36958	1.46767e-05	551	ReprPCWk	Repr	False
NC_000002.12:172546560	chr2	172546560	ENSG00000152256.14	PDK1	dn	0.788809	0.17969	4.38984	1.34124e-05	107	EnhWk	Enh	False
NC_000004.12:82485104	chr4	82485104	ENSG00000145293.17	ENOPH1	dn	-1.33922	0.325334	-4.11646	4.38816e-05	170	Quies	Quies	False
NC_000017.11:21855172	chr17	21855172	ENSG00000260458.3	KCNJ18	dn	2.67541	0.613707	4.35944	1.53517e-05	39	NA	NA	False
NC_000011.10:86623514	chr11	86623514	ENSG00000151376.19	ME3	up	-2.5464	0.507465	-5.01787	6.90004e-07	78	EnhWk	Enh	False
NC_000011.10:86623514	chr11	86623514	ENSG00000151376.19	ME3	body	-1.85477	0.336516	-5.51169	5.28956e-08	137	EnhWk	Enh	False
NC_000007.14:100969450	chr7	100969450	ENSG00000205277.10	MUC12	up	0.391723	0.0915754	4.2776	2.19921e-05	212	NA	NA	False
NC_000012.12:112592564	chr12	112592564	ENSG00000089169.15	RPH3A	enh	4.06088	0.828834	4.89951	1.23859e-06	8	Quies	Quies	False
NC_000006.12:157285398	chr6	157285398	ENSG00000215712.11	TMEM242	up	-0.293562	0.0554131	-5.2977	1.65076e-07	359	TxWk	Tx	False
NC_000020.11:58637360	chr20	58637360	ENSG00000124222.23	STX16	up	0.923214	0.209785	4.40077	1.27748e-05	235	ReprPC	Repr	False
NC_000011.10:118680425	chr11	118680425	ENSG00000118094.12	TREH	dn	-1.65909	0.365824	-4.5352	6.95577e-06	84	Quies	Quies	False
NC_000010.11:38090950	chr10	38090950	ENSG00000075407.19	ZNF37A	up	-1.66842	0.321143	-5.19526	2.80814e-07	122	Quies	Quies	False
NC_000006.12:52064720	chr6	52064720	ENSG00000170927.15	PKHD1	up	0.9571	0.163957	5.83749	8.69462e-09	208	Quies	Quies	False
NC_000006.12:52064720	chr6	52064720	ENSG00000170927.15	PKHD1	body	0.60487	0.146643	4.12479	4.23651e-05	297	Quies	Quies	True
NC_000017.11:21742708	chr17	21742708	ENSG00000260458.3	KCNJ18	dn	-1.15209	0.27057	-4.25801	2.39483e-05	39	NA	NA	False
NC_000013.11:24311918	chr13	24311918	ENSG00000240654.6	C1QTNF9	body	3.12688	0.482904	6.47517	1.97667e-10	81	ReprPCWk	Repr	False
NC_000005.10:150802909	chr5	150802909	ENSG00000256235.3	SMIM3	dn	-0.54562	0.123474	-4.41891	1.17791e-05	359	Quies	Quies	False
NC_000010.11:46890969	chr10	46890969	ENSG00000204179.11	PTPN20	up	1.2238	0.17295	7.07605	4.16659e-12	219	NA	NA	False
NC_000006.12:147985580	chr6	147985580	ENSG00000111961.19	SASH1	up	-0.601205	0.140336	-4.28405	2.13829e-05	171	TxWk	Tx	False
NC_000012.12:110992251	chr12	110992251	ENSG00000111249.14	CUX2	up	1.03495	0.225936	4.58073	5.64147e-06	61	Quies	Quies	False
NC_000009.12:127251527	chr9	127251527	ENSG00000136895.19	GARNL3	prom	-2.63978	0.645646	-4.08859	4.93359e-05	42	Quies	Quies	False
NC_000012.12:16054208	chr12	16054208	ENSG00000023697.13	DERA	dn	-1.30558	0.22492	-5.80465	1.04719e-08	191	Quies	Quies	False
NC_000001.11:121016686	chr1	121016686	ENSG00000263353.4	PPIAL4A	up	-1.39635	0.33555	-4.16137	3.62786e-05	256	NA	NA	False
NC_000003.12:125991196	chr3	125991196	ENSG00000114547.10	ROPN1B	dn	-1.01787	0.248905	-4.08941	4.91675e-05	248	ReprPCWk	Repr	False
NC_000001.11:121020882	chr1	121020882	ENSG00000263353.4	PPIAL4A	up	-1.94667	0.327323	-5.94725	4.64031e-09	256	NA	NA	False
NC_000001.11:119437299	chr1	119437299	ENSG00000203859.10	HSD3B2	up	-2.5666	0.38011	-6.75224	3.45266e-11	61	Quies	Quies	False
NC_000001.11:119437299	chr1	119437299	ENSG00000203859.10	HSD3B2	body	-2.4031	0.38353	-6.26573	7.10039e-10	64	Quies	Quies	False
NC_000002.12:14381209	chr2	14381209	ENSG00000162981.14	LRATD1	up	1.48331	0.364219	4.07258	5.27558e-05	33	Quies	Quies	False
NC_000005.10:131863507	chr5	131863507	ENSG00000217128.13	FNIP1	up	1.06638	0.253445	4.20755	2.97785e-05	113	Het	Het-ZNF	False
NC_000005.10:131863507	chr5	131863507	ENSG00000217128.13	FNIP1	body	1.04621	0.251626	4.15781	3.68322e-05	115	Het	Het-ZNF	False
NC_000019.10:36286028	chr19	36286028	ENSG00000196357.12	ZNF565	up	-0.472264	0.109285	-4.3214	1.81563e-05	119	Quies	Quies	False
NC_000009.12:138173026	chr9	138173026	ENSG00000148408.15	CACNA1B	prom	-1.83105	0.449057	-4.07755	5.16702e-05	58	Quies	Quies	False
NC_000008.11:123666693	chr8	123666693	ENSG00000175946.9	KLHL38	dn	-1.27631	0.301338	-4.23548	2.64025e-05	120	TxWk	Tx	False
NC_000009.12:113087131	chr9	113087131	ENSG00000136866.14	ZFP37	dn	1.36659	0.167147	8.17602	1.76111e-15	507	Quies	Quies	False
NC_000019.10:21464520	chr19	21464520	ENSG00000197013.11	ZNF429	dn	0.320834	0.0774609	4.14189	3.94089e-05	204	Quies	Quies	False
NC_000012.12:55679431	chr12	55679431	ENSG00000170439.8	TMT1B	up	0.699798	0.159628	4.38393	1.37703e-05	421	Quies	Quies	False
NC_000007.14:57839089	chr7	57839089	ENSG00000182111.9	ZNF716	dn	-0.900119	0.222409	-4.04714	5.86559e-05	161	Het	Het-ZNF	False
NC_000002.12:99487036	chr2	99487036	ENSG00000135945.10	REV1	up	-2.65822	0.409181	-6.49645	1.73245e-10	66	TxWk	Tx	False
NC_000002.12:99487036	chr2	99487036	ENSG00000135945.10	REV1	dn	-2.65822	0.409181	-6.49645	1.73245e-10	66	TxWk	Tx	False
NC_000002.12:99487036	chr2	99487036	ENSG00000135945.10	REV1	body	-2.65822	0.409181	-6.49645	1.73245e-10	66	TxWk	Tx	False
NC_000002.12:99487036	chr2	99487036	ENSG00000135945.10	REV1	prom	-2.65822	0.409181	-6.49645	1.73245e-10	66	TxWk	Tx	False
NC_000005.10:56908466	chr5	56908466	ENSG00000155542.12	SETD9	up	-1.3472	0.253525	-5.31386	1.5169e-07	177	TssFlnkU	Prom	False
NC_000009.12:104633983	chr9	104633983	ENSG00000136839.1	OR13C9	dn	1.26073	0.259526	4.85782	1.51771e-06	223	ZNF/Rpts	Het-ZNF	False
NC_000009.12:113087256	chr9	113087256	ENSG00000136866.14	ZFP37	dn	1.16123	0.129205	8.98749	3.2964600000000004e-18	507	Quies	Quies	False
NC_000002.12:74933409	chr2	74933409	ENSG00000115350.12	POLE4	dn	-1.67656	0.267614	-6.26485	7.13819e-10	109	Quies	Quies	False
NC_000004.12:25251012	chr4	25251012	ENSG00000168228.16	ZCCHC4	up	-1.37817	0.227154	-6.06714	2.31109e-09	159	Quies	Quies	False
NC_000015.10:45214483	chr15	45214483	ENSG00000138606.20	SHF	up	-2.34269	0.416448	-5.62541	2.84469e-08	116	Quies	Quies	False
NC_000012.12:26708863	chr12	26708863	ENSG00000123104.12	ITPR2	up	0.540391	0.131608	4.10607	4.58437e-05	258	Tx	Tx	False
NC_000012.12:79999900	chr12	79999900	ENSG00000058272.19	PPP1R12A	up	-1.71861	0.429571	-4.00077	7.1057e-05	75	Quies	Quies	False
NC_000012.12:79999900	chr12	79999900	ENSG00000058272.19	PPP1R12A	body	-1.71861	0.429571	-4.00077	7.1057e-05	75	Quies	Quies	False
NC_000012.12:101776106	chr12	101776106	ENSG00000139351.15	SYCP3	dn	1.06353	0.258996	4.10636	4.5789e-05	187	TxWk	Tx	False
NC_000007.14:158916248	chr7	158916248	ENSG00000126870.16	DYNC2I1	body	-0.353999	0.0760687	-4.65367	4.01856e-06	404	TxWk	Tx	False
NC_000010.11:38799242	chr10	38799242	ENSG00000283930.1	PLD5P1	up	-1.75261	0.270514	-6.47881	1.93266e-10	122	ZNF/Rpts	Het-ZNF	False
NC_000010.11:38799242	chr10	38799242	ENSG00000283930.1	PLD5P1	dn	-0.948731	0.149419	-6.34947	4.27613e-10	224	ZNF/Rpts	Het-ZNF	False
NC_000010.11:38799242	chr10	38799242	ENSG00000283930.1	PLD5P1	body	-1.22006	0.17677	-6.90194	1.31202e-11	190	ZNF/Rpts	Het-ZNF	False
NC_000001.11:160077919	chr1	160077919	ENSG00000162728.5	KCNJ9	up	-2.05391	0.349178	-5.88213	6.74299e-09	97	ReprPCWk	Repr	False
NC_000013.11:51164388	chr13	51164388	ENSG00000226792.8	C13orf42	dn	-1.84362	0.368991	-4.99638	7.68033e-07	58	Quies	Quies	False
NC_000010.11:38831961	chr10	38831961	ENSG00000283930.1	PLD5P1	up	-2.56499	0.305707	-8.39036	3.50191e-16	122	ZNF/Rpts	Het-ZNF	False
NC_000010.11:38831961	chr10	38831961	ENSG00000283930.1	PLD5P1	dn	-1.44121	0.168266	-8.56505	9.17039e-17	224	ZNF/Rpts	Het-ZNF	False
NC_000010.11:38831961	chr10	38831961	ENSG00000283930.1	PLD5P1	body	-1.59661	0.201833	-7.91052	1.24505e-14	190	ZNF/Rpts	Het-ZNF	False
NC_000008.11:81841434	chr8	81841434	ENSG00000104497.15	SNX16	up	0.899321	0.216657	4.1509	3.79299e-05	371	TssFlnk	Prom	False
NC_000005.10:144132073	chr5	144132073	ENSG00000145817.17	YIPF5	up	2.68861	0.285996	9.40087	1.13571e-19	127	Quies	Quies	False
NC_000002.12:112432312	chr2	112432312	ENSG00000169629.12	RGPD8	up	-0.67129	0.140607	-4.77424	2.27085e-06	132	Quies	Quies	False
NC_000002.12:112432312	chr2	112432312	ENSG00000169629.12	RGPD8	dn	-2.39807	0.3778	-6.34747	4.32858e-10	31	Quies	Quies	False
NC_000002.12:112432312	chr2	112432312	ENSG00000169629.12	RGPD8	prom	-2.5235	0.38412	-6.56956	1.09829e-10	30	Quies	Quies	False
NC_000018.10:87311	chr18	87311	ENSG00000173213.11	TUBB8B	dn	0.165483	0.0413774	3.99936	7.14682e-05	211	Quies	Quies	False
NC_000012.12:112563792	chr12	112563792	ENSG00000089169.15	RPH3A	enh	2.83781	0.642057	4.41988	1.17283e-05	8	Quies	Quies	False
NC_000014.9:19723115	chr14	19723115	ENSG00000176294.6	OR4N2	body	1.03505	0.256999	4.02746	6.36453e-05	504	Quies	Quies	False
NC_000013.11:114297039	chr13	114297039	ENSG00000169062.15	UPF3A	up	0.359087	0.0894675	4.0136	6.73968e-05	563	Tx	Tx	False
NC_000009.12:113082034	chr9	113082034	ENSG00000136866.14	ZFP37	dn	0.378763	0.0889031	4.26041	2.37002e-05	507	Quies	Quies	False
NC_000009.12:113082037	chr9	113082037	ENSG00000136866.14	ZFP37	dn	0.825125	0.127807	6.45604	2.22476e-10	507	Quies	Quies	False
NC_000004.12:102843081	chr4	102843081	ENSG00000109332.20	UBE2D3	up	-0.944387	0.22807	-4.14077	3.95955e-05	171	Quies	Quies	False
NC_000004.12:102843081	chr4	102843081	ENSG00000109332.20	UBE2D3	dn	-0.944387	0.22807	-4.14077	3.95955e-05	171	Quies	Quies	False
NC_000004.12:102843081	chr4	102843081	ENSG00000109332.20	UBE2D3	body	-0.944387	0.22807	-4.14077	3.95955e-05	171	Quies	Quies	False
NC_000011.10:6852366	chr11	6852366	ENSG00000166363.6	OR10A5	dn	1.38525	0.191058	7.25042	1.29076e-12	155	Het	Het-ZNF	False
NC_000004.12:82482833	chr4	82482833	ENSG00000145293.17	ENOPH1	dn	-2.01417	0.335414	-6.00504	3.32098e-09	170	Quies	Quies	False
NC_000008.11:19868637	chr8	19868637	ENSG00000175445.17	LPL	up	1.05182	0.261213	4.02667	6.38533e-05	173	ReprPCWk	Repr	False
NC_000001.11:42372262	chr1	42372262	ENSG00000177181.15	RIMKLA	up	2.00296	0.416432	4.80982	1.91434e-06	67	Quies	Quies	False
NC_000012.12:62458272	chr12	62458272	ENSG00000061987.16	MON2	body	0.909016	0.217655	4.17642	3.40252e-05	269	Quies	Quies	False
NC_000020.11:31237141	chr20	31237141	ENSG00000215547.1	DEFB115	up	0.295477	0.0583346	5.06521	5.44252e-07	170	ZNF/Rpts	Het-ZNF	False
NC_000008.11:66330417	chr8	66330417	ENSG00000179041.4	RRS1	up	-1.01053	0.183671	-5.50184	5.57896e-08	186	Quies	Quies	False
NC_000013.11:32268712	chr13	32268712	ENSG00000139618.19	BRCA2	up	-1.07586	0.261342	-4.11667	4.3843e-05	84	TxWk	Tx	False
NC_000011.10:14050394	chr11	14050394	ENSG00000262655.4	SPON1	body	0.832904	0.194131	4.29041	2.07967e-05	349	Quies	Quies	False
NC_000021.9:36450674	chr21	36450674	ENSG00000159259.8	CHAF1B	dn	1.33742	0.24589	5.43909	7.81578e-08	114	Quies	Quies	False
NC_000002.12:177387192	chr2	177387192	ENSG00000018510.18	AGPS	body	-0.604762	0.143506	-4.21419	2.89403e-05	192	Quies	Quies	False
NC_000011.10:112904113	chr11	112904113	ENSG00000149294.18	NCAM1	prom	8.99018	1.64255	5.47329	6.50636e-08	3	Quies	Quies	False
NC_000009.12:113082275	chr9	113082275	ENSG00000136866.14	ZFP37	dn	0.364367	0.0772776	4.71504	3.01008e-06	507	Quies	Quies	False
NC_000002.12:118892104	chr2	118892104	ENSG00000163064.7	EN1	dn	0.628869	0.116236	5.41026	9.11524e-08	192	Quies	Quies	False
NC_000018.10:79147549	chr18	79147549	ENSG00000166377.21	ATP9B	up	3.94176	0.497873	7.91721	1.18589e-14	56	TxWk	Tx	False
NC_000018.10:79147549	chr18	79147549	ENSG00000166377.21	ATP9B	body	0.881907	0.103683	8.50577	1.44841e-16	469	TxWk	Tx	False
NC_000008.11:22922365	chr8	22922365	ENSG00000008853.18	RHOBTB2	up	-1.20268	0.226464	-5.31071	1.54214e-07	116	EnhA1	Enh	False
NC_000008.11:22922365	chr8	22922365	ENSG00000008853.18	RHOBTB2	enh	-1.20268	0.226464	-5.31071	1.54214e-07	116	EnhA1	Enh	False
NC_000009.12:94569483	chr9	94569483	ENSG00000130957.5	FBP2	dn	-1.46387	0.365863	-4.00114	7.09485e-05	85	Quies	Quies	False
NC_000006.12:122362923	chr6	122362923	ENSG00000025156.13	HSF2	up	1.38899	0.341314	4.06953	5.34324e-05	107	Quies	Quies	False
NC_000005.10:38312947	chr5	38312947	ENSG00000164318.18	EGFLAM	body	0.950734	0.227924	4.17128	3.47787e-05	419	Quies	Quies	False
NC_000011.10:102602049	chr11	102602049	ENSG00000137674.4	MMP20	up	-2.69574	0.345828	-7.79504	2.86945e-14	96	EnhA2	Enh	False
NC_000011.10:102602049	chr11	102602049	ENSG00000137674.4	MMP20	dn	-1.38281	0.246281	-5.61475	3.01632e-08	148	EnhA2	Enh	False
NC_000011.10:102602049	chr11	102602049	ENSG00000137674.4	MMP20	body	-2.69574	0.345828	-7.79504	2.86945e-14	96	EnhA2	Enh	False
NC_000011.10:102602049	chr11	102602049	ENSG00000137674.4	MMP20	enh	-2.69574	0.345828	-7.79504	2.86945e-14	96	EnhA2	Enh	False
NC_000002.12:96741650	chr2	96741650	ENSG00000114988.12	LMAN2L	enh	4.74759	1.1119	4.26982	2.27505e-05	5	ReprPCWk	Repr	False
NC_000005.10:36792721	chr5	36792721	ENSG00000164190.19	NIPBL	up	1.03131	0.256407	4.02218	6.50506e-05	239	Quies	Quies	False
NC_000001.11:161470393	chr1	161470393	ENSG00000143226.16	FCGR2A	up	1.00297	0.251548	3.98722	7.51263e-05	161	ReprPCWk	Repr	False
NC_000002.12:3287336	chr2	3287336	ENSG00000032389.13	EIPR1	up	-0.305154	0.0742197	-4.11149	4.48097e-05	245	Quies	Quies	False
NC_000006.12:104498042	chr6	104498042	ENSG00000085382.12	HACE1	dn	1.24142	0.298679	4.15638	3.70571e-05	42	Quies	Quies	False
NC_000017.11:70206424	chr17	70206424	ENSG00000123700.5	KCNJ2	dn	2.98664	0.368156	8.11243	2.82621e-15	200	EnhA2	Enh	False
NC_000002.12:74950962	chr2	74950962	ENSG00000115350.12	POLE4	dn	-1.62138	0.371413	-4.36545	1.49482e-05	109	Het	Het-ZNF	False
NC_000006.12:169586929	chr6	169586929	ENSG00000285733.1	ENSG00000285733	dn	0.440016	0.104004	4.23075	2.69471e-05	324	Quies	Quies	False
NC_000006.12:109950993	chr6	109950993	ENSG00000146360.9	GPR6	enh	-4.72595	1.14525	-4.12656	4.20491e-05	6	Quies	Quies	False
NC_000010.11:98264790	chr10	98264790	ENSG00000138131.4	LOXL4	up	-2.34779	0.471218	-4.98238	8.23335e-07	41	EnhWk	Enh	False
NC_000010.11:98264790	chr10	98264790	ENSG00000138131.4	LOXL4	body	-2.34779	0.471218	-4.98238	8.23335e-07	41	EnhWk	Enh	False
NC_000001.11:121643383	chr1	121643383	ENSG00000188610.12	FAM72B	up	-1.45887	0.310804	-4.69385	3.32707e-06	35	Het	Het-ZNF	False
NC_000001.11:121643383	chr1	121643383	ENSG00000188610.12	FAM72B	dn	-1.26451	0.278014	-4.54838	6.54769e-06	45	Het	Het-ZNF	False
NC_000001.11:58636123	chr1	58636123	ENSG00000184292.7	TACSTD2	dn	0.874945	0.214425	4.08042	5.10543e-05	256	Het	Het-ZNF	False
NC_000011.10:36048366	chr11	36048366	ENSG00000179241.13	LDLRAD3	body	0.632073	0.15428	4.09691	4.76433e-05	265	Quies	Quies	False
NC_000016.10:75621302	chr16	75621302	ENSG00000065457.11	ADAT1	up	2.32506	0.470261	4.94418	9.94611e-07	54	EnhWk	Enh	False
NC_000016.10:75621302	chr16	75621302	ENSG00000065457.11	ADAT1	dn	2.91711	0.67784	4.30354	1.96364e-05	38	EnhWk	Enh	False
NC_000016.10:75621302	chr16	75621302	ENSG00000065457.11	ADAT1	body	2.91711	0.67784	4.30354	1.96364e-05	38	EnhWk	Enh	False
NC_000016.10:75621302	chr16	75621302	ENSG00000065457.11	ADAT1	enh	2.91711	0.67784	4.30354	1.96364e-05	38	EnhWk	Enh	False
NC_000005.10:102752133	chr5	102752133	ENSG00000145730.21	PAM	up	-1.99618	0.42473	-4.69987	3.23384e-06	82	ReprPCWk	Repr	False
NC_000005.10:102752133	chr5	102752133	ENSG00000145730.21	PAM	enh	-1.99618	0.42473	-4.69987	3.23384e-06	82	ReprPCWk	Repr	False
NC_000001.11:2662070	chr1	2662070	ENSG00000142606.16	MMEL1	dn	-0.186851	0.0460046	-4.06156	5.52387e-05	280	Quies	Quies	False
NC_000006.12:109966145	chr6	109966145	ENSG00000146360.9	GPR6	enh	-3.0574	0.76001	-4.02284	6.4873e-05	6	ReprPCWk	Repr	False
NC_000001.11:121020771	chr1	121020771	ENSG00000263353.4	PPIAL4A	up	-1.6198	0.3475	-4.66128	3.87774e-06	256	NA	NA	False
NC_000001.11:121020775	chr1	121020775	ENSG00000263353.4	PPIAL4A	up	-2.16253	0.330442	-6.54437	1.28567e-10	256	NA	NA	False
NC_000002.12:74942836	chr2	74942836	ENSG00000115350.12	POLE4	dn	-2.2418	0.388632	-5.76844	1.28412e-08	109	Quies	Quies	False
NC_000003.12:151384132	chr3	151384132	ENSG00000169313.10	P2RY12	up	1.13403	0.271638	4.17477	3.42646e-05	107	Tx	Tx	False
NC_000001.11:2669876	chr1	2669876	ENSG00000142606.16	MMEL1	up	-0.347955	0.0825412	-4.21553	2.87741e-05	162	Quies	Quies	False
NC_000001.11:2669876	chr1	2669876	ENSG00000142606.16	MMEL1	dn	-0.160184	0.0391187	-4.09482	4.80647e-05	280	Quies	Quies	False
NC_000001.11:2669876	chr1	2669876	ENSG00000142606.16	MMEL1	body	-0.347955	0.0825412	-4.21553	2.87741e-05	162	Quies	Quies	False
NC_000009.12:113079362	chr9	113079362	ENSG00000136866.14	ZFP37	dn	-0.481839	0.0932824	-5.16538	3.27332e-07	507	Quies	Quies	False
NC_000007.14:26329719	chr7	26329719	ENSG00000086300.17	SNX10	dn	1.1053	0.227055	4.86799	1.44449e-06	183	TxWk	Tx	False
NC_000017.11:68431762	chr17	68431762	ENSG00000070540.13	WIPI1	up	-1.52731	0.194257	-7.86231	1.76637e-14	205	Tx	Tx	False
NC_000017.11:68431762	chr17	68431762	ENSG00000070540.13	WIPI1	dn	-0.891202	0.138302	-6.44387	2.3983e-10	233	Tx	Tx	False
NC_000017.11:68431762	chr17	68431762	ENSG00000070540.13	WIPI1	body	-1.52731	0.194257	-7.86231	1.76637e-14	205	Tx	Tx	False
NC_000014.9:66659184	chr14	66659184	ENSG00000171723.16	GPHN	up	-2.08453	0.382733	-5.44645	7.51423e-08	85	Het	Het-ZNF	False
NC_000014.9:66659184	chr14	66659184	ENSG00000171723.16	GPHN	body	-0.876677	0.0975488	-8.98706	3.3080800000000007e-18	246	Het	Het-ZNF	False
NC_000007.14:137771001	chr7	137771001	ENSG00000157680.17	DGKI	up	1.42995	0.343585	4.16186	3.62026e-05	148	Quies	Quies	False
NC_000020.11:31065043	chr20	31065043	ENSG00000215547.1	DEFB115	up	0.0908205	0.0224094	4.05278	5.72967e-05	170	NA	NA	False
NC_000010.11:79953806	chr10	79953806	ENSG00000133661.17	SFTPD	body	2.03232	0.309029	6.57646	1.05181e-10	75	Het	Het-ZNF	False
NC_000006.12:167214800	chr6	167214800	ENSG00000112494.10	UNC93A	up	-0.566513	0.131718	-4.30096	1.98593e-05	390	ReprPCWk	Repr	False
NC_000009.12:113087022	chr9	113087022	ENSG00000136866.14	ZFP37	dn	1.37205	0.133558	10.273	6.55464e-23	507	Quies	Quies	False
NC_000004.12:119369076	chr4	119369076	ENSG00000145384.4	FABP2	dn	0.457344	0.0937049	4.88068	1.35791e-06	201	Quies	Quies	False
NC_000009.12:113066376	chr9	113066376	ENSG00000136866.14	ZFP37	dn	0.454111	0.0866392	5.24141	2.21288e-07	507	Quies	Quies	False
NC_000011.10:126507594	chr11	126507594	ENSG00000110080.20	ST3GAL4	enh	-7.80336	1.58423	-4.92564	1.08963e-06	3	ReprPCWk	Repr	False
NC_000002.12:238432451	chr2	238432451	ENSG00000065802.12	ASB1	body	-2.69061	0.313283	-8.58841	7.65381e-17	46	TxWk	Tx	False
NC_000015.10:100058573	chr15	100058573	ENSG00000140470.15	ADAMTS17	dn	0.59473	0.132051	4.50378	8.02899e-06	222	ReprPCWk	Repr	False
NC_000006.12:54831629	chr6	54831629	ENSG00000168143.9	FAM83B	up	1.63798	0.270464	6.0562	2.46413e-09	75	Quies	Quies	False
NC_000005.10:56908352	chr5	56908352	ENSG00000155542.12	SETD9	up	-1.1586	0.234829	-4.93381	1.04674e-06	177	TssFlnkD	Prom	False
NC_000019.10:21562662	chr19	21562662	ENSG00000197013.11	ZNF429	dn	-0.396341	0.0600989	-6.5948	9.37455e-11	204	Het	Het-ZNF	False
NC_000009.12:113087141	chr9	113087141	ENSG00000136866.14	ZFP37	dn	1.05157	0.174287	6.03354	2.81302e-09	507	Quies	Quies	False
NC_000013.11:24935707	chr13	24935707	ENSG00000151849.16	CENPJ	dn	0.952622	0.160544	5.93373	5.01618e-09	347	Quies	Quies	False
NC_000002.12:56429089	chr2	56429089	ENSG00000055813.6	CCDC85A	dn	-0.605739	0.140282	-4.318	1.84295e-05	284	Quies	Quies	False
NC_000006.12:157283942	chr6	157283942	ENSG00000215712.11	TMEM242	up	-0.37483	0.0773006	-4.849	1.58412e-06	359	TxWk	Tx	False
NC_000001.11:201688642	chr1	201688642	ENSG00000198700.10	IPO9	up	1.04211	0.254782	4.0902	4.90042e-05	341	TxWk	Tx	False
NC_000001.11:201688642	chr1	201688642	ENSG00000198700.10	IPO9	enh	1.15023	0.270184	4.2572	2.40323e-05	331	TxWk	Tx	False
NC_000010.11:79952638	chr10	79952638	ENSG00000133661.17	SFTPD	dn	-0.860508	0.206638	-4.16432	3.58253e-05	180	ZNF/Rpts	Het-ZNF	False
NC_000003.12:10656471	chr3	10656471	ENSG00000157087.20	ATP2B2	up	1.29038	0.304623	4.23599	2.63442e-05	112	ReprPCWk	Repr	False
NC_000010.11:25896556	chr10	25896556	ENSG00000095777.17	MYO3A	up	0.755844	0.176886	4.27306	2.24313e-05	264	Quies	Quies	False
NC_000004.12:77308731	chr4	77308731	ENSG00000138764.15	CCNG2	body	0.645752	0.145649	4.43362	1.10272e-05	441	EnhWk	Enh	False
NC_000016.10:20768202	chr16	20768202	ENSG00000066654.14	THUMPD1	dn	-1.83986	0.348024	-5.28659	1.74942e-07	144	Quies	Quies	False
NC_000009.12:113087387	chr9	113087387	ENSG00000136866.14	ZFP37	dn	1.07519	0.120359	8.93317	5.0897600000000015e-18	507	Quies	Quies	False
NC_000007.14:34611615	chr7	34611615	ENSG00000187258.14	NPSR1	up	-0.794522	0.189998	-4.18174	3.326e-05	207	Quies	Quies	False
NC_000011.10:110486275	chr11	110486275	ENSG00000137714.3	FDX1	dn	-1.72115	0.295776	-5.81911	9.64919e-09	236	TxWk	Tx	False
NC_000011.10:110486275	chr11	110486275	ENSG00000137714.3	FDX1	body	-1.73392	0.34803	-4.9821	8.24489e-07	155	TxWk	Tx	False
NC_000019.10:23891013	chr19	23891013	ENSG00000213967.12	ZNF726	dn	-0.344004	0.0831836	-4.13548	4.04936e-05	365	Het	Het-ZNF	False
NC_000004.12:37103514	chr4	37103514	ENSG00000174145.8	NWD2	enh	-6.6655	1.45077	-4.59446	5.29422e-06	3	Quies	Quies	False
NC_000006.12:157312392	chr6	157312392	ENSG00000215712.11	TMEM242	up	0.167352	0.0396031	4.22572	2.75376e-05	359	Tx	Tx	False
NC_000009.12:32713903	chr9	32713903	ENSG00000188133.6	TMEM215	up	1.34665	0.331587	4.06123	5.53139e-05	58	ReprPCWk	Repr	False
NC_000003.12:126865955	chr3	126865955	ENSG00000114554.12	PLXNA1	up	-3.47333	0.643809	-5.39496	9.88771e-08	51	Quies	Quies	False
NC_000003.12:126865955	chr3	126865955	ENSG00000114554.12	PLXNA1	enh	-3.47333	0.643809	-5.39496	9.88771e-08	51	Quies	Quies	False
NC_000001.11:2659164	chr1	2659164	ENSG00000142606.16	MMEL1	dn	-0.320193	0.0802402	-3.99043	7.41416e-05	280	Quies	Quies	False
NC_000003.12:189631146	chr3	189631146	ENSG00000073282.14	TP63	body	0.806193	0.199153	4.0481	5.84215e-05	225	Quies	Quies	False
NC_000012.12:112654971	chr12	112654971	ENSG00000089169.15	RPH3A	enh	4.18025	1.0329	4.0471	5.86661e-05	8	Quies	Quies	False
NC_000008.11:103125405	chr8	103125405	ENSG00000164929.17	BAALC	up	-1.38427	0.304043	-4.55289	6.41346e-06	97	Quies	Quies	False
NC_000011.10:11787772	chr11	11787772	ENSG00000170242.19	USP47	up	-1.38421	0.272506	-5.07958	5.0623e-07	116	Quies	Quies	False
NC_000012.12:98427418	chr12	98427418	ENSG00000120802.14	TMPO	enh	-3.8615	0.907474	-4.25522	2.42392e-05	7	Quies	Quies	False
NC_000017.11:73178027	chr17	73178027	ENSG00000180616.9	SSTR2	dn	0.583685	0.119888	4.8686	1.44021e-06	336	Quies	Quies	False
NC_000017.11:73178027	chr17	73178027	ENSG00000180616.9	SSTR2	prom	0.687794	0.135588	5.07267	5.24179e-07	289	Quies	Quies	False
NC_000006.12:27440982	chr6	27440982	ENSG00000096654.16	ZNF184	up	-1.00769	0.237172	-4.24875	2.49293e-05	144	Quies	Quies	False
NC_000003.12:56540400	chr3	56540400	ENSG00000180376.17	CCDC66	body	-0.968196	0.188656	-5.13208	3.87968e-07	182	Quies	Quies	False
NC_000007.14:158543149	chr7	158543149	ENSG00000155093.20	PTPRN2	up	-0.415371	0.0793949	-5.23171	2.3268e-07	375	ReprPCWk	Repr	False
NC_000004.12:42326509	chr4	42326509	ENSG00000178343.5	SHISA3	up	1.08645	0.221652	4.90159	1.22605e-06	248	Quies	Quies	False
NC_000007.14:100952437	chr7	100952437	ENSG00000169894.18	MUC3A	body	-3.86744	0.354934	-10.8962	2.41526e-25	125	ReprPCWk	Repr	False
NC_000020.11:26469828	chr20	26469828	ENSG00000130684.14	ZNF337	up	-0.213723	0.050711	-4.21453	2.88971e-05	90	NA	NA	False
NC_000005.10:179103784	chr5	179103784	ENSG00000177932.7	ZNF354C	dn	-0.575634	0.111228	-5.17526	3.11183e-07	318	Het	Het-ZNF	False
NC_000001.11:115252844	chr1	115252844	ENSG00000134259.6	NGF	up	0.842903	0.209615	4.0212	6.53142e-05	168	Quies	Quies	False
NC_000021.9:34688340	chr21	34688340	ENSG00000159212.13	CLIC6	body	-3.86724	0.540233	-7.15846	2.40154e-12	34	ReprPCWk	Repr	False
NC_000021.9:34688340	chr21	34688340	ENSG00000159212.13	CLIC6	enh	-3.86724	0.540233	-7.15846	2.40154e-12	34	ReprPCWk	Repr	False
NC_000009.12:113082162	chr9	113082162	ENSG00000136866.14	ZFP37	dn	0.593589	0.0909257	6.52828	1.42137e-10	507	Quies	Quies	False
NC_000009.12:113082165	chr9	113082165	ENSG00000136866.14	ZFP37	dn	0.374865	0.0932143	4.02153	6.52236e-05	507	Quies	Quies	False
NC_000009.12:113082168	chr9	113082168	ENSG00000136866.14	ZFP37	dn	0.384566	0.0829455	4.63637	4.35712e-06	507	Quies	Quies	False
NC_000001.11:90725880	chr1	90725880	ENSG00000143032.8	BARHL2	dn	-1.89749	0.461336	-4.11304	4.45184e-05	46	EnhBiv	Biv	False
NC_000003.12:173522196	chr3	173522196	ENSG00000169760.18	NLGN1	dn	2.09672	0.502859	4.1696	3.50293e-05	32	Quies	Quies	False
NC_000011.10:27635221	chr11	27635221	ENSG00000176697.20	BDNF	up	-1.9623	0.373079	-5.25974	2.01209e-07	78	Het	Het-ZNF	False
NC_000013.11:24686716	chr13	24686716	ENSG00000075673.12	ATP12A	body	-1.55649	0.380921	-4.08611	4.98515e-05	99	TxWk	Tx	False
NC_000014.9:31473679	chr14	31473679	ENSG00000214943.5	GPR33	up	0.725215	0.131931	5.49694	5.72843e-08	194	Quies	Quies	False
NC_000020.11:22674679	chr20	22674679	ENSG00000125798.15	FOXA2	dn	-2.08804	0.394724	-5.28987	1.71979e-07	35	ReprPCWk	Repr	False
NC_000008.11:31685376	chr8	31685376	ENSG00000157168.22	NRG1	body	0.866191	0.211817	4.08934	4.91808e-05	294	Quies	Quies	False
NC_000010.11:27715201	chr10	27715201	ENSG00000150051.14	MKX	up	-1.22595	0.301152	-4.07086	5.3137e-05	271	Quies	Quies	False
NC_000010.11:27715201	chr10	27715201	ENSG00000150051.14	MKX	dn	-0.576782	0.140067	-4.11789	4.36173e-05	402	Quies	Quies	False
NC_000018.10:10280774	chr18	10280774	ENSG00000154856.13	APCDD1	enh	-2.03163	0.429527	-4.72992	2.80505e-06	81	EnhWk	Enh	False
NC_000010.11:46898000	chr10	46898000	ENSG00000204179.11	PTPN20	up	0.775012	0.132725	5.83921	8.61009e-09	219	NA	NA	False
NC_000006.12:149129448	chr6	149129448	ENSG00000055208.20	TAB2	enh	2.74788	0.630564	4.35781	1.54625e-05	37	EnhA1	Enh	False
NC_000009.12:1033176	chr9	1033176	ENSG00000173253.16	DMRT2	up	-0.746051	0.180461	-4.13413	4.07247e-05	220	Quies	Quies	False
NC_000004.12:82485009	chr4	82485009	ENSG00000145293.17	ENOPH1	dn	-1.20779	0.288289	-4.18949	3.21752e-05	170	Quies	Quies	False
NC_000010.11:46898122	chr10	46898122	ENSG00000204179.11	PTPN20	up	0.725967	0.124854	5.81451	9.90401e-09	219	NA	NA	False
NC_000013.11:23665582	chr13	23665582	ENSG00000127863.16	TNFRSF19	body	1.63804	0.302283	5.41888	8.70646e-08	190	Quies	Quies	False
NC_000003.12:125990914	chr3	125990914	ENSG00000114547.10	ROPN1B	dn	-2.33512	0.329532	-7.08619	3.8946e-12	248	TssBiv	Biv	False
NC_000003.12:125990917	chr3	125990917	ENSG00000114547.10	ROPN1B	dn	-2.78935	0.33374	-8.35785	4.48336e-16	248	TssBiv	Biv	False
NC_000020.11:30280361	chr20	30280361	ENSG00000215547.1	DEFB115	up	-0.50606	0.0984525	-5.14015	3.72359e-07	170	Quies	Quies	False
NC_000001.11:121644684	chr1	121644684	ENSG00000188610.12	FAM72B	dn	-1.09034	0.256941	-4.24355	2.54971e-05	45	ZNF/Rpts	Het-ZNF	False
NC_000009.12:121816139	chr9	121816139	ENSG00000136848.19	DAB2IP	dn	-0.909538	0.222859	-4.08123	5.08811e-05	183	ReprPCWk	Repr	False
NC_000012.12:87927647	chr12	87927647	ENSG00000133641.18	RLIG1	up	-1.78678	0.228589	-7.81657	2.45748e-14	376	Quies	Quies	False
NC_000008.11:123667649	chr8	123667649	ENSG00000175946.9	KLHL38	dn	-1.38264	0.331049	-4.17654	3.40074e-05	120	TxWk	Tx	False
NC_000003.12:4097287	chr3	4097287	ENSG00000170364.13	SETMAR	up	1.02433	0.250371	4.09123	4.87937e-05	221	Quies	Quies	False
NC_000010.11:11764642	chr10	11764642	ENSG00000134463.15	ECHDC3	prom	-1.11909	0.25956	-4.31149	1.8964e-05	260	Tx	Tx	False
NC_000003.12:64400317	chr3	64400317	ENSG00000163637.13	PRICKLE2	up	-1.37447	0.316391	-4.34421	1.64207e-05	57	Quies	Quies	False
NC_000001.11:2675194	chr1	2675194	ENSG00000142606.16	MMEL1	up	-0.573882	0.114037	-5.0324	6.41663e-07	162	Quies	Quies	False
NC_000001.11:2675194	chr1	2675194	ENSG00000142606.16	MMEL1	dn	-0.268655	0.0540276	-4.97255	8.64494e-07	280	Quies	Quies	False
NC_000001.11:2675194	chr1	2675194	ENSG00000142606.16	MMEL1	body	-0.573882	0.114037	-5.0324	6.41663e-07	162	Quies	Quies	False
NC_000012.12:26783759	chr12	26783759	ENSG00000123104.12	ITPR2	up	0.713021	0.104586	6.81753	2.26889e-11	258	Quies	Quies	False
NC_000012.12:26783759	chr12	26783759	ENSG00000123104.12	ITPR2	body	0.39672	0.0758677	5.2291	2.35846e-07	447	Quies	Quies	False
NC_000002.12:74954540	chr2	74954540	ENSG00000115350.12	POLE4	dn	-1.51799	0.289953	-5.23529	2.28414e-07	109	Quies	Quies	False
NC_000019.10:36287334	chr19	36287334	ENSG00000196357.12	ZNF565	up	-0.37986	0.0911411	-4.16782	3.52958e-05	119	Quies	Quies	False
NC_000005.10:824320	chr5	824320	ENSG00000188818.13	ZDHHC11	up	-0.22518	0.0534803	-4.21053	2.93989e-05	475	ReprPCWk	Repr	False
NC_000005.10:824320	chr5	824320	ENSG00000188818.13	ZDHHC11	dn	-0.23183	0.0534817	-4.33475	1.71202e-05	474	ReprPCWk	Repr	False
NC_000005.10:824320	chr5	824320	ENSG00000188818.13	ZDHHC11	body	-0.232743	0.0535487	-4.34637	1.6265e-05	474	ReprPCWk	Repr	False
NC_000003.12:61254798	chr3	61254798	ENSG00000189283.11	FHIT	up	1.43464	0.304456	4.71216	3.05143e-06	318	Quies	Quies	False
NC_000015.10:77772440	chr15	77772440	ENSG00000169783.13	LINGO1	up	-0.501243	0.12511	-4.00643	6.94179e-05	262	ReprPCWk	Repr	False
NC_000009.12:104834884	chr9	104834884	ENSG00000165028.12	NIPSNAP3B	dn	-0.350038	0.0843912	-4.1478	3.84321e-05	379	EnhG2	Enh	False
NC_000008.11:138541589	chr8	138541589	ENSG00000147724.12	FAM135B	up	0.735277	0.169014	4.35038	1.59793e-05	265	Het	Het-ZNF	False
NC_000009.12:113087035	chr9	113087035	ENSG00000136866.14	ZFP37	dn	1.11299	0.159528	6.97681	8.03429e-12	507	Quies	Quies	False
NC_000002.12:96451832	chr2	96451832	ENSG00000163121.10	NEURL3	up	0.835196	0.209392	3.98867	7.46777e-05	275	Quies	Quies	False
NC_000001.11:45330146	chr1	45330146	ENSG00000186603.7	HPDL	dn	2.23821	0.361715	6.18777	1.13276e-09	109	EnhA2	Enh	False
NC_000001.11:45330146	chr1	45330146	ENSG00000186603.7	HPDL	enh	2.46487	0.367324	6.71034	4.51275e-11	103	EnhA2	Enh	False
NC_000010.11:7932290	chr10	7932290	ENSG00000107485.18	GATA3	up	-0.833687	0.177799	-4.68893	3.4051e-06	310	Quies	Quies	False
NC_000002.12:177383049	chr2	177383049	ENSG00000018510.18	AGPS	body	-1.45088	0.244956	-5.92301	5.33505e-09	192	Quies	Quies	False
NC_000011.10:123322390	chr11	123322390	ENSG00000023171.20	GRAMD1B	prom	-1.34692	0.290476	-4.63694	4.34554e-06	166	Quies	Quies	False
NC_000012.12:16079397	chr12	16079397	ENSG00000023697.13	DERA	dn	-1.11486	0.257082	-4.33659	1.69823e-05	191	Quies	Quies	False
NC_000004.12:119328485	chr4	119328485	ENSG00000145384.4	FABP2	dn	0.630734	0.133442	4.72664	2.84898e-06	201	Quies	Quies	False
NC_000010.11:46881569	chr10	46881569	ENSG00000204179.11	PTPN20	up	1.08996	0.1283	8.49542	1.56831e-16	219	NA	NA	False
NC_000002.12:73898051	chr2	73898051	ENSG00000163017.14	ACTG2	body	1.44794	0.160164	9.04041	2.1553e-18	219	ReprPCWk	Repr	False
NC_000007.14:22813997	chr7	22813997	ENSG00000196683.12	TOMM7	body	1.21682	0.30415	4.00072	7.10696e-05	262	Tx	Tx	False
NC_000020.11:31052187	chr20	31052187	ENSG00000215547.1	DEFB115	up	0.0799187	0.019289	4.14322	3.91868e-05	170	NA	NA	False
NC_000020.11:31234766	chr20	31234766	ENSG00000215547.1	DEFB115	up	0.546668	0.0891264	6.13362	1.56234e-09	170	ZNF/Rpts	Het-ZNF	False
NC_000009.12:113087276	chr9	113087276	ENSG00000136866.14	ZFP37	dn	0.853771	0.130265	6.5541	1.20986e-10	507	Quies	Quies	False
NC_000011.10:124206387	chr11	124206387	ENSG00000255425.6	OR8G3P	up	-1.86932	0.462063	-4.04561	5.90308e-05	39	Quies	Quies	False
NC_000011.10:124206387	chr11	124206387	ENSG00000255425.6	OR8G3P	dn	-0.775401	0.17484	-4.43491	1.09635e-05	127	Quies	Quies	False
NC_000006.12:27440638	chr6	27440638	ENSG00000096654.16	ZNF184	up	-0.685716	0.158378	-4.32962	1.75119e-05	144	Quies	Quies	False
NC_000018.10:44924938	chr18	44924938	ENSG00000152217.20	SETBP1	body	0.808084	0.195778	4.12756	4.18721e-05	71	Quies	Quies	False
NC_000009.12:113087391	chr9	113087391	ENSG00000136866.14	ZFP37	dn	0.809656	0.107244	7.54969	1.63773e-13	507	Quies	Quies	False
NC_000011.10:92874624	chr11	92874624	ENSG00000134640.3	MTNR1B	up	1.96983	0.310611	6.34178	4.48102e-10	229	Quies	Quies	False
NC_000011.10:92874624	chr11	92874624	ENSG00000134640.3	MTNR1B	prom	2.00089	0.310619	6.44161	2.4319e-10	227	Quies	Quies	False
NC_000001.11:223120110	chr1	223120110	ENSG00000187554.15	TLR5	up	1.45272	0.26658	5.44947	7.39348e-08	85	TxWk	Tx	False
NC_000001.11:223120110	chr1	223120110	ENSG00000187554.15	TLR5	body	2.89165	0.403428	7.16768	2.25718e-12	46	TxWk	Tx	False
NC_000002.12:127173025	chr2	127173025	ENSG00000186684.14	CYP27C1	up	-0.733372	0.177783	-4.1251	4.23107e-05	95	EnhWk	Enh	False
NC_000002.12:127173025	chr2	127173025	ENSG00000186684.14	CYP27C1	dn	-0.733372	0.177783	-4.1251	4.23107e-05	95	EnhWk	Enh	False
NC_000002.12:127173025	chr2	127173025	ENSG00000186684.14	CYP27C1	body	-0.733372	0.177783	-4.1251	4.23107e-05	95	EnhWk	Enh	False
NC_000001.11:53605041	chr1	53605041	ENSG00000174332.6	GLIS1	dn	-3.65256	0.742693	-4.918	1.13134e-06	47	ReprPCWk	Repr	False
NC_000018.10:63786303	chr18	63786303	ENSG00000166396.13	SERPINB7	body	-1.30154	0.315928	-4.11974	4.32781e-05	245	Quies	Quies	False
NC_000001.11:121750475	chr1	121750475	ENSG00000188610.12	FAM72B	dn	-0.692498	0.159906	-4.33065	1.74327e-05	45	NA	NA	False
NC_000019.10:21579471	chr19	21579471	ENSG00000197013.11	ZNF429	dn	-0.236954	0.0480285	-4.93362	1.04773e-06	204	Het	Het-ZNF	False
NC_000001.11:2672327	chr1	2672327	ENSG00000142606.16	MMEL1	up	-0.418506	0.0643134	-6.5073	1.61961e-10	162	Quies	Quies	False
NC_000001.11:2672327	chr1	2672327	ENSG00000142606.16	MMEL1	dn	-0.218398	0.0302231	-7.22621	1.5209e-12	280	Quies	Quies	False
NC_000001.11:2672327	chr1	2672327	ENSG00000142606.16	MMEL1	body	-0.418506	0.0643134	-6.5073	1.61961e-10	162	Quies	Quies	False
NC_000007.14:159116668	chr7	159116668	ENSG00000106018.14	VIPR2	up	0.499738	0.116158	4.30223	1.97494e-05	401	ReprPCWk	Repr	False
NC_000007.14:159116668	chr7	159116668	ENSG00000106018.14	VIPR2	dn	0.630665	0.142201	4.43503	1.09573e-05	272	ReprPCWk	Repr	False
NC_000007.14:159116668	chr7	159116668	ENSG00000106018.14	VIPR2	body	0.474646	0.110108	4.31072	1.90279e-05	406	ReprPCWk	Repr	False
NC_000018.10:50077092	chr18	50077092	ENSG00000167306.21	MYO5B	body	-0.640014	0.151012	-4.23817	2.6097e-05	306	Quies	Quies	False
NC_000005.10:841409	chr5	841409	ENSG00000188818.13	ZDHHC11	up	-0.248465	0.0619977	-4.00764	6.90722e-05	475	ReprPCWk	Repr	False
NC_000005.10:841409	chr5	841409	ENSG00000188818.13	ZDHHC11	dn	-0.253483	0.0620203	-4.0871	4.96457e-05	474	ReprPCWk	Repr	False
NC_000005.10:841409	chr5	841409	ENSG00000188818.13	ZDHHC11	body	-0.254495	0.0620985	-4.09825	4.73767e-05	474	ReprPCWk	Repr	False
NC_000020.11:22675730	chr20	22675730	ENSG00000125798.15	FOXA2	dn	-1.97534	0.401337	-4.92191	1.10983e-06	35	ReprPCWk	Repr	False
NC_000001.11:152999879	chr1	152999879	ENSG00000163209.15	SPRR3	dn	0.829073	0.203775	4.06856	5.3649e-05	125	Quies	Quies	False
NC_000020.11:31057281	chr20	31057281	ENSG00000215547.1	DEFB115	up	0.0755913	0.0187651	4.02828	6.34279e-05	170	NA	NA	False
NC_000012.12:119554504	chr12	119554504	ENSG00000224982.4	TMEM233	up	-0.60172	0.111596	-5.39197	1.00463e-07	334	Quies	Quies	False
NC_000004.12:119396519	chr4	119396519	ENSG00000145384.4	FABP2	dn	-0.873765	0.136879	-6.38347	3.47488e-10	201	Quies	Quies	False
NC_000009.12:113083460	chr9	113083460	ENSG00000136866.14	ZFP37	dn	0.401049	0.0785182	5.10772	4.39078e-07	507	Quies	Quies	False
NC_000018.10:12085554	chr18	12085554	ENSG00000181626.12	ANKRD62	up	1.50937	0.369849	4.08105	5.09192e-05	82	ReprPCWk	Repr	False
NC_000010.11:16253954	chr10	16253954	ENSG00000165983.15	PTER	body	-1.85077	0.41423	-4.46796	9.44565e-06	34	Quies	Quies	False
NC_000001.11:152220388	chr1	152220388	ENSG00000197915.7	HRNR	dn	-1.65782	0.274301	-6.04379	2.64965e-09	121	Het	Het-ZNF	True
NC_000007.14:12297851	chr7	12297851	ENSG00000106460.20	TMEM106B	dn	0.525994	0.127651	4.12058	4.31251e-05	489	EnhWk	Enh	False
NC_000009.12:113082171	chr9	113082171	ENSG00000136866.14	ZFP37	dn	0.441273	0.0966579	4.56531	6.05734e-06	507	Quies	Quies	False
NC_000006.12:97022760	chr6	97022760	ENSG00000186231.17	KLHL32	body	1.55259	0.362538	4.28254	2.15235e-05	43	Quies	Quies	False
NC_000017.11:43360264	chr17	43360264	ENSG00000175906.5	ARL4D	up	2.42224	0.490141	4.94193	1.0057e-06	49	TssFlnkU	Prom	False
NC_000017.11:43360264	chr17	43360264	ENSG00000175906.5	ARL4D	prom	3.31583	0.663765	4.99549	7.71422e-07	30	TssFlnkU	Prom	False
NC_000010.11:98265742	chr10	98265742	ENSG00000138131.4	LOXL4	up	2.47969	0.595566	4.16358	3.59391e-05	41	TxWk	Tx	False
NC_000010.11:98265742	chr10	98265742	ENSG00000138131.4	LOXL4	body	2.47969	0.595566	4.16358	3.59391e-05	41	TxWk	Tx	False
NC_000007.14:158502674	chr7	158502674	ENSG00000155093.20	PTPRN2	up	0.196605	0.0472509	4.16088	3.63541e-05	375	ReprPCWk	Repr	False
NC_000014.9:56235475	chr14	56235475	ENSG00000139946.11	PELI2	body	-0.720409	0.136691	-5.27033	1.90416e-07	136	Quies	Quies	False
NC_000009.12:2272999	chr9	2272999	ENSG00000080503.25	SMARCA2	dn	-1.0139	0.228211	-4.44281	1.05805e-05	344	Quies	Quies	False
NC_000021.9:34688471	chr21	34688471	ENSG00000159212.13	CLIC6	body	-2.80608	0.483351	-5.80546	1.04237e-08	34	ReprPCWk	Repr	False
NC_000021.9:34688471	chr21	34688471	ENSG00000159212.13	CLIC6	enh	-2.80608	0.483351	-5.80546	1.04237e-08	34	ReprPCWk	Repr	False
NC_000009.12:113082295	chr9	113082295	ENSG00000136866.14	ZFP37	dn	0.750002	0.10545	7.1124	3.26979e-12	507	Quies	Quies	False
NC_000020.11:31204105	chr20	31204105	ENSG00000215547.1	DEFB115	up	0.740804	0.0970018	7.63701	8.85553e-14	170	NA	NA	False
NC_000002.12:74937474	chr2	74937474	ENSG00000115350.12	POLE4	dn	-1.73385	0.258661	-6.70318	4.72324e-11	109	Quies	Quies	False
NC_000001.11:2671395	chr1	2671395	ENSG00000142606.16	MMEL1	up	-0.49324	0.110755	-4.45344	1.0086e-05	162	Quies	Quies	False
NC_000001.11:2671395	chr1	2671395	ENSG00000142606.16	MMEL1	dn	-0.244404	0.0523646	-4.66735	3.76883e-06	280	Quies	Quies	False
NC_000001.11:2671395	chr1	2671395	ENSG00000142606.16	MMEL1	body	-0.49324	0.110755	-4.45344	1.0086e-05	162	Quies	Quies	False
NC_000019.10:36307720	chr19	36307720	ENSG00000196357.12	ZNF565	up	-0.82589	0.206956	-3.99065	7.40735e-05	119	Quies	Quies	False
NC_000011.10:33441496	chr11	33441496	ENSG00000110427.17	KIAA1549L	body	-0.607897	0.150559	-4.03761	6.10236e-05	359	Quies	Quies	False
NC_000003.12:125990803	chr3	125990803	ENSG00000114547.10	ROPN1B	dn	-2.30321	0.327301	-7.03699	5.40018e-12	248	TssBiv	Biv	False
NC_000006.12:148862918	chr6	148862918	ENSG00000111962.8	UST	body	2.14911	0.333704	6.44018	2.45345e-10	237	Quies	Quies	False
NC_000020.11:42733175	chr20	42733175	ENSG00000196090.14	PTPRT	up	-1.73838	0.430538	-4.03768	6.10053e-05	44	ZNF/Rpts	Het-ZNF	False
NC_000012.12:107608848	chr12	107608848	ENSG00000136045.12	PWP1	up	-1.98097	0.296864	-6.673	5.722e-11	165	ReprPCWk	Repr	False
