site	gene_id	gene_name	chrom	pos	n_sig_windows	min_p	windows
NC_000006.12:7437906	ENSG00000124784.9	RIOK1	chr6	7437906	1	9.3387e-51	dn
NC_000003.12:122480288	ENSG00000114030.13	KPNA1	chr3	122480288	2	4.07591e-42	body,up
NC_000007.14:100956290	ENSG00000169894.18	MUC3A	chr7	100956290	1	3.11659e-41	body
NC_000015.10:50877531	ENSG00000081014.11	AP4E1	chr15	50877531	1	5.1756e-36	up
NC_000007.14:94840778	ENSG00000158528.12	PPP1R9A	chr7	94840778	1	3.692e-35	up
NC_000001.11:93137625	ENSG00000122483.18	CCDC18	chr1	93137625	2	4.3252200000000006e-34	dn,prom
NC_000008.11:81643272	ENSG00000133731.10	IMPA1	chr8	81643272	3	3.8121e-33	body,dn,up
NC_000002.12:102210043	ENSG00000115598.10	IL1RL2	chr2	102210043	1	1.98417e-32	body
NC_000005.10:126500938	ENSG00000164904.18	ALDH7A1	chr5	126500938	1	1.1451299999999999e-31	up
NC_000006.12:160619142	ENSG00000198670.13	LPA	chr6	160619142	3	6.46995e-30	body,dn,up
NC_000020.11:25177003	ENSG00000197586.13	ENTPD6	chr20	25177003	1	1.31345e-29	up
NC_000003.12:100124901	ENSG00000168386.19	FILIP1L	chr3	100124901	2	1.55699e-29	body,dn
NC_000019.10:20132848	ENSG00000256229.8	ZNF486	chr19	20132848	2	2.08538e-29	dn,up
NC_000011.10:102597993	ENSG00000137674.4	MMP20	chr11	102597993	4	2.11455e-29	body,dn,enh,up
NC_000011.10:102608691	ENSG00000137674.4	MMP20	chr11	102608691	4	4.21511e-28	body,dn,enh,up
NC_000007.14:48926249	ENSG00000218305.5	CDC14C	chr7	48926249	2	2.1521299999999997e-27	dn,up
NC_000017.11:21299471	ENSG00000034152.20	MAP2K3	chr17	21299471	1	2.26851e-27	body
NC_000020.11:30394079	ENSG00000215547.1	DEFB115	chr20	30394079	1	6.90032e-27	up
NC_000008.11:691184	ENSG00000198010.13	DLGAP2	chr8	691184	2	1.33539e-25	enh,up
NC_000002.12:662442	ENSG00000151353.15	TMEM18	chr2	662442	3	1.62389e-25	body,dn,up
NC_000009.12:113087673	ENSG00000136866.14	ZFP37	chr9	113087673	1	1.66365e-25	dn
NC_000007.14:100952437	ENSG00000169894.18	MUC3A	chr7	100952437	1	2.41526e-25	body
NC_000001.11:93835042	ENSG00000137936.18	BCAR3	chr1	93835042	2	3.52458e-25	body,up
NC_000020.11:31167256	ENSG00000215547.1	DEFB115	chr20	31167256	1	2.8961300000000003e-24	up
NC_000010.11:46894637	ENSG00000204179.11	PTPN20	chr10	46894637	1	3.2565900000000004e-24	up
NC_000022.11:42963935	ENSG00000100266.19	PACSIN2	chr22	42963935	2	4.807290000000001e-24	body,up
NC_000018.10:106343	ENSG00000173213.11	TUBB8B	chr18	106343	1	6.5955700000000004e-24	dn
NC_000004.12:56635840	ENSG00000171476.23	HOPX	chr4	56635840	2	8.318330000000001e-24	enh,up
NC_000009.12:94025614	ENSG00000158079.16	PTPDC1	chr9	94025614	1	1.0415e-23	up
NC_000006.12:87533288	ENSG00000146282.19	RARS2	chr6	87533288	3	1.30158e-23	body,dn,up
NC_000009.12:113081753	ENSG00000136866.14	ZFP37	chr9	113081753	1	2.28754e-23	dn
NC_000008.11:63246844	ENSG00000185728.17	YTHDF3	chr8	63246844	1	3.29197e-23	dn
NC_000020.11:31095771	ENSG00000215547.1	DEFB115	chr20	31095771	1	4.07665e-23	up
NC_000010.11:46882371	ENSG00000204179.11	PTPN20	chr10	46882371	1	5.0272500000000003e-23	up
NC_000009.12:113087022	ENSG00000136866.14	ZFP37	chr9	113087022	1	6.55464e-23	dn
NC_000014.9:18661497	ENSG00000257115.2	OR11H12	chr14	18661497	1	7.39758e-23	up
NC_000007.14:141759526	ENSG00000127362.2	TAS2R3	chr7	141759526	2	2.16652e-22	dn,up
NC_000006.12:149981683	ENSG00000111981.5	ULBP1	chr6	149981683	2	6.1437499999999995e-22	body,dn
NC_000001.11:93822617	ENSG00000137936.18	BCAR3	chr1	93822617	2	2.61416e-21	body,up
NC_000017.11:21307355	ENSG00000034152.20	MAP2K3	chr17	21307355	1	3.7511899999999996e-21	body
NC_000011.10:100662631	ENSG00000165895.19	ARHGAP42	chr11	100662631	2	4.37047e-21	body,up
NC_000009.12:113081727	ENSG00000136866.14	ZFP37	chr9	113081727	1	5.0775399999999994e-21	dn
NC_000020.11:31236705	ENSG00000215547.1	DEFB115	chr20	31236705	1	6.25637e-21	up
NC_000012.12:4631621	ENSG00000111254.8	AKAP3	chr12	4631621	3	1.0749899999999999e-20	body,dn,up
NC_000003.12:125990896	ENSG00000114547.10	ROPN1B	chr3	125990896	1	1.1217199999999998e-20	dn
NC_000010.11:133609029	ENSG00000225899.8	FRG2B	chr10	133609029	2	1.13898e-20	dn,up
NC_000014.9:21777825	ENSG00000276240.4	OR4E1	chr14	21777825	1	1.9774799999999998e-20	dn
NC_000004.12:76169340	ENSG00000138750.16	NUP54	chr4	76169340	3	3.1428299999999994e-20	body,dn,up
NC_000011.10:102602109	ENSG00000137674.4	MMP20	chr11	102602109	4	3.1753499999999995e-20	body,dn,enh,up
NC_000015.10:51972677	ENSG00000166477.13	LEO1	chr15	51972677	2	3.28411e-20	dn,enh
NC_000018.10:106942	ENSG00000173213.11	TUBB8B	chr18	106942	1	3.4014799999999997e-20	dn
NC_000012.12:42084461	ENSG00000151233.11	GXYLT1	chr12	42084461	3	3.4275599999999995e-20	body,dn,up
NC_000010.11:46883223	ENSG00000204179.11	PTPN20	chr10	46883223	1	3.6229299999999997e-20	up
NC_000011.10:102602105	ENSG00000137674.4	MMP20	chr11	102602105	4	6.57797e-20	body,dn,enh,up
NC_000013.11:94597248	ENSG00000088451.11	TGDS	chr13	94597248	2	7.586919999999999e-20	dn,up
NC_000005.10:144132073	ENSG00000145817.17	YIPF5	chr5	144132073	1	1.13571e-19	up
NC_000017.11:21723597	ENSG00000260458.3	KCNJ18	chr17	21723597	1	1.19912e-19	dn
NC_000006.12:160630232	ENSG00000198670.13	LPA	chr6	160630232	3	1.55562e-19	body,dn,up
NC_000007.14:115057445	ENSG00000135272.13	MDFIC	chr7	115057445	1	1.88581e-19	dn
NC_000010.11:46889673	ENSG00000204179.11	PTPN20	chr10	46889673	1	3.37916e-19	up
NC_000007.14:121433171	ENSG00000196937.11	FAM3C	chr7	121433171	2	4.2688000000000005e-19	dn,enh
NC_000001.11:247461375	ENSG00000177535.10	OR2B11	chr1	247461375	1	4.29373e-19	dn
NC_000006.12:19940364	ENSG00000172201.12	ID4	chr6	19940364	1	4.9863400000000005e-19	dn
NC_000004.12:39294497	ENSG00000035928.17	RFC1	chr4	39294497	3	5.71877e-19	body,dn,up
NC_000017.11:21744382	ENSG00000260458.3	KCNJ18	chr17	21744382	1	6.93211e-19	dn
NC_000011.10:102602218	ENSG00000137674.4	MMP20	chr11	102602218	4	7.75087e-19	body,dn,enh,up
NC_000006.12:132862597	ENSG00000112306.8	RPS12	chr6	132862597	1	8.20195e-19	dn
NC_000005.10:34188371	ENSG00000273294.1	C1QTNF3-AMACR	chr5	34188371	2	8.48475e-19	body,up
NC_000002.12:26178974	ENSG00000157833.13	GAREM2	chr2	26178974	2	8.53776e-19	body,prom
NC_000006.12:169566662	ENSG00000285733.1	ENSG00000285733	chr6	169566662	1	1.20814e-18	dn
NC_000002.12:73898051	ENSG00000163017.14	ACTG2	chr2	73898051	1	2.1553e-18	body
NC_000005.10:43598230	ENSG00000112992.18	NNT	chr5	43598230	1	2.5899e-18	up
NC_000010.11:46878974	ENSG00000204179.11	PTPN20	chr10	46878974	1	2.59494e-18	up
NC_000009.12:113087256	ENSG00000136866.14	ZFP37	chr9	113087256	1	3.2964600000000004e-18	dn
NC_000009.12:113086814	ENSG00000136866.14	ZFP37	chr9	113086814	1	3.3018500000000003e-18	dn
NC_000014.9:66659184	ENSG00000171723.16	GPHN	chr14	66659184	2	3.3080800000000003e-18	body,up
NC_000009.12:113087191	ENSG00000136866.14	ZFP37	chr9	113087191	1	3.4222e-18	dn
NC_000010.11:38836575	ENSG00000283930.1	PLD5P1	chr10	38836575	3	3.47252e-18	body,dn,up
NC_000010.11:46883109	ENSG00000204179.11	PTPN20	chr10	46883109	1	3.62376e-18	up
NC_000004.12:151530892	ENSG00000164142.16	FHIP1A	chr4	151530892	2	3.755880000000001e-18	body,up
NC_000020.11:31231825	ENSG00000215547.1	DEFB115	chr20	31231825	1	4.13208e-18	up
NC_000009.12:113087387	ENSG00000136866.14	ZFP37	chr9	113087387	1	5.089760000000001e-18	dn
NC_000010.11:46875612	ENSG00000204179.11	PTPN20	chr10	46875612	1	1.03363e-17	up
NC_000010.11:46884149	ENSG00000204179.11	PTPN20	chr10	46884149	1	1.17059e-17	up
NC_000011.10:102602093	ENSG00000137674.4	MMP20	chr11	102602093	4	1.19424e-17	body,dn,enh,up
NC_000009.12:113081745	ENSG00000136866.14	ZFP37	chr9	113081745	1	1.25846e-17	dn
NC_000009.12:113087055	ENSG00000136866.14	ZFP37	chr9	113087055	1	1.52413e-17	dn
NC_000020.11:31238957	ENSG00000215547.1	DEFB115	chr20	31238957	1	1.58952e-17	up
NC_000017.11:21309506	ENSG00000034152.20	MAP2K3	chr17	21309506	1	2.12937e-17	body
NC_000010.11:46885581	ENSG00000204179.11	PTPN20	chr10	46885581	1	2.73429e-17	up
NC_000017.11:21303127	ENSG00000034152.20	MAP2K3	chr17	21303127	1	4.95393e-17	body
NC_000011.10:45293616	ENSG00000019505.8	SYT13	chr11	45293616	1	5.8935e-17	dn
NC_000002.12:238432451	ENSG00000065802.12	ASB1	chr2	238432451	1	7.65381e-17	body
NC_000011.10:60204395	ENSG00000110079.19	MS4A4A	chr11	60204395	2	7.94066e-17	body,up
NC_000018.10:14543512	ENSG00000183206.18	POTEC	chr18	14543512	1	8.7011e-17	dn
NC_000011.10:102602034	ENSG00000137674.4	MMP20	chr11	102602034	4	9.04902e-17	body,dn,enh,up
NC_000010.11:38831961	ENSG00000283930.1	PLD5P1	chr10	38831961	3	9.17039e-17	body,dn,up
NC_000001.11:2673343	ENSG00000142606.16	MMEL1	chr1	2673343	3	9.59442e-17	body,dn,up
NC_000010.11:46883253	ENSG00000204179.11	PTPN20	chr10	46883253	1	9.97655e-17	up
NC_000009.12:113082026	ENSG00000136866.14	ZFP37	chr9	113082026	1	1.21478e-16	dn
NC_000009.12:113065409	ENSG00000136866.14	ZFP37	chr9	113065409	1	1.2816e-16	dn
NC_000020.11:31233840	ENSG00000215547.1	DEFB115	chr20	31233840	1	1.31503e-16	up
NC_000020.11:23346724	ENSG00000132661.4	NXT1	chr20	23346724	2	1.32788e-16	enh,up
NC_000018.10:79147549	ENSG00000166377.21	ATP9B	chr18	79147549	2	1.44841e-16	body,up
NC_000018.10:14543519	ENSG00000183206.18	POTEC	chr18	14543519	2	1.45609e-16	dn,up
NC_000003.12:125990899	ENSG00000114547.10	ROPN1B	chr3	125990899	1	1.49331e-16	dn
NC_000010.11:46881569	ENSG00000204179.11	PTPN20	chr10	46881569	1	1.56831e-16	up
NC_000013.11:94597204	ENSG00000088451.11	TGDS	chr13	94597204	2	1.63974e-16	dn,up
NC_000009.12:113087228	ENSG00000136866.14	ZFP37	chr9	113087228	1	1.69109e-16	dn
NC_000012.12:49017362	ENSG00000181929.13	PRKAG1	chr12	49017362	1	1.77285e-16	dn
NC_000010.11:38830131	ENSG00000283930.1	PLD5P1	chr10	38830131	3	1.88057e-16	body,dn,up
NC_000020.11:31191831	ENSG00000215547.1	DEFB115	chr20	31191831	1	2.0646e-16	up
NC_000009.12:113087173	ENSG00000136866.14	ZFP37	chr9	113087173	1	2.07433e-16	dn
NC_000010.11:46885433	ENSG00000204179.11	PTPN20	chr10	46885433	1	2.19406e-16	up
NC_000008.11:142899850	ENSG00000179142.2	CYP11B2	chr8	142899850	1	2.23951e-16	up
NC_000010.11:46888904	ENSG00000204179.11	PTPN20	chr10	46888904	1	2.57319e-16	up
NC_000006.12:15414543	ENSG00000008083.14	JARID2	chr6	15414543	1	2.63165e-16	body
NC_000011.10:102601987	ENSG00000137674.4	MMP20	chr11	102601987	4	3.05402e-16	body,dn,enh,up
NC_000011.10:16907364	ENSG00000166689.18	PLEKHA7	chr11	16907364	1	3.36993e-16	body
NC_000002.12:238451063	ENSG00000065802.12	ASB1	chr2	238451063	2	3.56496e-16	body,dn
NC_000009.12:113081695	ENSG00000136866.14	ZFP37	chr9	113081695	1	3.80946e-16	dn
NC_000003.12:125990564	ENSG00000114547.10	ROPN1B	chr3	125990564	1	3.9585e-16	dn
NC_000003.12:125990917	ENSG00000114547.10	ROPN1B	chr3	125990917	1	4.48336e-16	dn
NC_000017.11:21673387	ENSG00000260458.3	KCNJ18	chr17	21673387	1	4.88453e-16	dn
NC_000001.11:2666124	ENSG00000142606.16	MMEL1	chr1	2666124	3	5.22225e-16	body,dn,up
NC_000009.12:87857247	ENSG00000177992.10	SPATA31E1	chr9	87857247	1	6.60694e-16	up
NC_000009.12:113082202	ENSG00000136866.14	ZFP37	chr9	113082202	1	7.69629e-16	dn
NC_000020.11:31174902	ENSG00000215547.1	DEFB115	chr20	31174902	1	8.91948e-16	up
NC_000002.12:225076929	ENSG00000135905.21	DOCK10	chr2	225076929	2	9.00332e-16	body,up
NC_000020.11:31176748	ENSG00000215547.1	DEFB115	chr20	31176748	1	1.013e-15	up
NC_000009.12:113065474	ENSG00000136866.14	ZFP37	chr9	113065474	1	1.09047e-15	dn
NC_000009.12:113081767	ENSG00000136866.14	ZFP37	chr9	113081767	1	1.17626e-15	dn
NC_000016.10:49945982	ENSG00000205423.12	CNEP1R1	chr16	49945982	1	1.28421e-15	up
NC_000009.12:113081782	ENSG00000136866.14	ZFP37	chr9	113081782	1	1.3498e-15	dn
NC_000010.11:38831756	ENSG00000283930.1	PLD5P1	chr10	38831756	3	1.59622e-15	body,dn,up
NC_000009.12:113087199	ENSG00000136866.14	ZFP37	chr9	113087199	1	1.67625e-15	dn
NC_000009.12:113087131	ENSG00000136866.14	ZFP37	chr9	113087131	1	1.76111e-15	dn
NC_000011.10:102601971	ENSG00000137674.4	MMP20	chr11	102601971	4	1.76528e-15	body,dn,enh,up
NC_000009.12:113087695	ENSG00000136866.14	ZFP37	chr9	113087695	1	2.05964e-15	dn
NC_000009.12:113081514	ENSG00000136866.14	ZFP37	chr9	113081514	1	2.32809e-15	dn
NC_000009.12:113087741	ENSG00000136866.14	ZFP37	chr9	113087741	1	2.40539e-15	dn
NC_000009.12:113087075	ENSG00000136866.14	ZFP37	chr9	113087075	1	2.49252e-15	dn
NC_000020.11:31238424	ENSG00000215547.1	DEFB115	chr20	31238424	1	2.59762e-15	up
NC_000018.10:14543594	ENSG00000183206.18	POTEC	chr18	14543594	1	2.76565e-15	dn
NC_000017.11:70206424	ENSG00000123700.5	KCNJ2	chr17	70206424	1	2.82621e-15	dn
NC_000020.11:31229343	ENSG00000215547.1	DEFB115	chr20	31229343	1	2.82715e-15	up
NC_000009.12:113065431	ENSG00000136866.14	ZFP37	chr9	113065431	1	3.02856e-15	dn
NC_000009.12:113081764	ENSG00000136866.14	ZFP37	chr9	113081764	1	3.59269e-15	dn
NC_000009.12:113065391	ENSG00000136866.14	ZFP37	chr9	113065391	1	3.59591e-15	dn
NC_000009.12:113086960	ENSG00000136866.14	ZFP37	chr9	113086960	1	5.34849e-15	dn
NC_000022.11:25201743	ENSG00000100053.10	CRYBB3	chr22	25201743	1	5.40175e-15	up
NC_000009.12:113081576	ENSG00000136866.14	ZFP37	chr9	113081576	1	6.52996e-15	dn
NC_000010.11:46881929	ENSG00000204179.11	PTPN20	chr10	46881929	1	6.83152e-15	up
NC_000009.12:113065273	ENSG00000136866.14	ZFP37	chr9	113065273	1	7.79803e-15	dn
NC_000009.12:113081609	ENSG00000136866.14	ZFP37	chr9	113081609	1	8.05862e-15	dn
NC_000010.11:46880950	ENSG00000204179.11	PTPN20	chr10	46880950	1	8.25984e-15	up
NC_000020.11:31193798	ENSG00000215547.1	DEFB115	chr20	31193798	1	8.91057e-15	up
NC_000005.10:34181808	ENSG00000273294.1	C1QTNF3-AMACR	chr5	34181808	2	9.1779e-15	body,up
NC_000020.11:31169280	ENSG00000215547.1	DEFB115	chr20	31169280	1	9.34399e-15	up
NC_000009.12:113086994	ENSG00000136866.14	ZFP37	chr9	113086994	1	1.04011e-14	dn
NC_000009.12:113087210	ENSG00000136866.14	ZFP37	chr9	113087210	1	1.10955e-14	dn
NC_000003.12:125990864	ENSG00000114547.10	ROPN1B	chr3	125990864	1	1.27761e-14	dn
NC_000020.11:31224087	ENSG00000215547.1	DEFB115	chr20	31224087	1	1.29552e-14	up
NC_000011.10:128552721	ENSG00000134954.14	ETS1	chr11	128552721	2	1.49878e-14	dn,enh
NC_000002.12:65370327	ENSG00000198369.10	SPRED2	chr2	65370327	3	1.54698e-14	body,dn,up
NC_000009.12:138174768	ENSG00000148408.15	CACNA1B	chr9	138174768	1	1.55519e-14	prom
NC_000019.10:21564350	ENSG00000197013.11	ZNF429	chr19	21564350	2	1.639e-14	dn,enh
NC_000017.11:68431762	ENSG00000070540.13	WIPI1	chr17	68431762	3	1.76637e-14	body,dn,up
NC_000002.12:26179004	ENSG00000157833.13	GAREM2	chr2	26179004	2	2.02145e-14	body,prom
NC_000003.12:125990546	ENSG00000114547.10	ROPN1B	chr3	125990546	1	2.16683e-14	dn
NC_000010.11:38833901	ENSG00000283930.1	PLD5P1	chr10	38833901	3	2.36072e-14	body,dn,up
NC_000012.12:87927647	ENSG00000133641.18	RLIG1	chr12	87927647	1	2.45748e-14	up
NC_000011.10:102602049	ENSG00000137674.4	MMP20	chr11	102602049	4	2.86945e-14	body,dn,enh,up
NC_000009.12:113087558	ENSG00000136866.14	ZFP37	chr9	113087558	1	2.87369e-14	dn
NC_000004.12:119361410	ENSG00000145384.4	FABP2	chr4	119361410	1	3.47301e-14	dn
NC_000009.12:113081589	ENSG00000136866.14	ZFP37	chr9	113081589	1	4.10758e-14	dn
NC_000009.12:113087106	ENSG00000136866.14	ZFP37	chr9	113087106	1	5.54123e-14	dn
NC_000006.12:157312522	ENSG00000215712.11	TMEM242	chr6	157312522	1	6.24327e-14	up
NC_000010.11:46880841	ENSG00000204179.11	PTPN20	chr10	46880841	1	6.71708e-14	up
NC_000010.11:46882298	ENSG00000204179.11	PTPN20	chr10	46882298	1	7.52274e-14	up
NC_000009.12:113081810	ENSG00000136866.14	ZFP37	chr9	113081810	1	7.81735e-14	dn
NC_000021.9:34688374	ENSG00000159212.13	CLIC6	chr21	34688374	2	8.27002e-14	body,enh
NC_000018.10:80032970	ENSG00000141759.15	TXNL4A	chr18	80032970	4	8.7802e-14	body,dn,enh,up
NC_000020.11:31204105	ENSG00000215547.1	DEFB115	chr20	31204105	1	8.85553e-14	up
NC_000006.12:149981728	ENSG00000111981.5	ULBP1	chr6	149981728	2	1.02056e-13	body,dn
NC_000020.11:31225419	ENSG00000215547.1	DEFB115	chr20	31225419	1	1.11453e-13	up
NC_000007.14:65095198	ENSG00000213462.5	ERV3-1	chr7	65095198	1	1.22169e-13	up
NC_000009.12:113087333	ENSG00000136866.14	ZFP37	chr9	113087333	1	1.30412e-13	dn
NC_000009.12:113081629	ENSG00000136866.14	ZFP37	chr9	113081629	1	1.37448e-13	dn
NC_000006.12:149981471	ENSG00000111981.5	ULBP1	chr6	149981471	2	1.39289e-13	body,dn
NC_000009.12:113065509	ENSG00000136866.14	ZFP37	chr9	113065509	1	1.51533e-13	dn
NC_000009.12:113087391	ENSG00000136866.14	ZFP37	chr9	113087391	1	1.63773e-13	dn
NC_000009.12:855292	ENSG00000137090.12	DMRT1	chr9	855292	1	1.81271e-13	body
NC_000009.12:113081548	ENSG00000136866.14	ZFP37	chr9	113081548	1	2.01587e-13	dn
NC_000002.12:3329107	ENSG00000032389.13	EIPR1	chr2	3329107	3	2.0248e-13	body,dn,up
NC_000007.14:48996135	ENSG00000218305.5	CDC14C	chr7	48996135	1	2.02589e-13	dn
NC_000020.11:31189365	ENSG00000215547.1	DEFB115	chr20	31189365	1	2.09819e-13	up
NC_000010.11:46886436	ENSG00000204179.11	PTPN20	chr10	46886436	1	2.18575e-13	up
NC_000011.10:103423064	ENSG00000187240.17	DYNC2H1	chr11	103423064	1	2.4169e-13	body
NC_000004.12:77308669	ENSG00000138764.15	CCNG2	chr4	77308669	1	2.65227e-13	body
NC_000011.10:123322912	ENSG00000023171.20	GRAMD1B	chr11	123322912	2	2.70305e-13	prom,up
NC_000004.12:22430977	ENSG00000152990.14	ADGRA3	chr4	22430977	3	2.79319e-13	body,dn,up
NC_000012.12:9943431	ENSG00000172322.14	CLEC12A	chr12	9943431	1	2.81748e-13	body
NC_000001.11:93822279	ENSG00000137936.18	BCAR3	chr1	93822279	2	2.87242e-13	body,up
NC_000009.12:113081941	ENSG00000136866.14	ZFP37	chr9	113081941	1	2.92587e-13	dn
NC_000021.9:34688433	ENSG00000159212.13	CLIC6	chr21	34688433	2	3.21093e-13	body,enh
NC_000009.12:113086792	ENSG00000136866.14	ZFP37	chr9	113086792	1	3.25316e-13	dn
NC_000017.11:43360601	ENSG00000175906.5	ARL4D	chr17	43360601	3	3.98144e-13	enh,prom,up
NC_000019.10:21565512	ENSG00000197013.11	ZNF429	chr19	21565512	2	4.16894e-13	dn,enh
NC_000004.12:56635823	ENSG00000171476.23	HOPX	chr4	56635823	2	4.44736e-13	enh,up
NC_000002.12:3374250	ENSG00000032389.13	EIPR1	chr2	3374250	3	5.21932e-13	body,dn,up
NC_000020.11:31232011	ENSG00000215547.1	DEFB115	chr20	31232011	1	5.67423e-13	up
NC_000007.14:112066606	ENSG00000128512.24	DOCK4	chr7	112066606	1	5.73488e-13	body
NC_000014.9:56211768	ENSG00000139946.11	PELI2	chr14	56211768	1	7.20385e-13	body
NC_000019.10:21565501	ENSG00000197013.11	ZNF429	chr19	21565501	2	7.68484e-13	dn,enh
NC_000018.10:80038553	ENSG00000101546.13	RBFA	chr18	80038553	2	7.91805e-13	enh,up
NC_000010.11:46851557	ENSG00000204179.11	PTPN20	chr10	46851557	1	7.99823e-13	up
NC_000005.10:181462972	ENSG00000230178.1	OR4F3	chr5	181462972	2	8.43132e-13	prom,up
NC_000001.11:2672085	ENSG00000142606.16	MMEL1	chr1	2672085	3	9.82087e-13	body,dn,up
NC_000009.12:113081368	ENSG00000136866.14	ZFP37	chr9	113081368	1	1.07231e-12	dn
NC_000009.12:113081845	ENSG00000136866.14	ZFP37	chr9	113081845	1	1.09206e-12	dn
NC_000009.12:113081653	ENSG00000136866.14	ZFP37	chr9	113081653	1	1.10133e-12	dn
NC_000007.14:99893369	ENSG00000244623.2	OR2AE1	chr7	99893369	1	1.16051e-12	dn
NC_000011.10:6852366	ENSG00000166363.6	OR10A5	chr11	6852366	1	1.29076e-12	dn
NC_000022.11:16518214	ENSG00000198445.4	CCT8L2	chr22	16518214	1	1.32501e-12	up
NC_000009.12:113081861	ENSG00000136866.14	ZFP37	chr9	113081861	1	1.3545e-12	dn
NC_000001.11:2672327	ENSG00000142606.16	MMEL1	chr1	2672327	3	1.5209e-12	body,dn,up
NC_000009.12:113087311	ENSG00000136866.14	ZFP37	chr9	113087311	1	1.527e-12	dn
NC_000001.11:223058051	ENSG00000187554.15	TLR5	chr1	223058051	1	1.66859e-12	up
NC_000001.11:2679303	ENSG00000142606.16	MMEL1	chr1	2679303	3	1.70183e-12	body,dn,up
NC_000020.11:31230767	ENSG00000215547.1	DEFB115	chr20	31230767	1	1.71673e-12	up
NC_000010.11:49488	ENSG00000261456.6	TUBB8	chr10	49488	1	1.74794e-12	dn
NC_000003.12:125990481	ENSG00000114547.10	ROPN1B	chr3	125990481	2	1.79004e-12	dn,up
NC_000010.11:46851979	ENSG00000204179.11	PTPN20	chr10	46851979	1	1.82501e-12	up
NC_000001.11:152213974	ENSG00000197915.7	HRNR	chr1	152213974	1	2.01027e-12	dn
NC_000008.11:66349146	ENSG00000179041.4	RRS1	chr8	66349146	1	2.02458e-12	up
NC_000009.12:113081891	ENSG00000136866.14	ZFP37	chr9	113081891	1	2.03854e-12	dn
NC_000009.12:113065293	ENSG00000136866.14	ZFP37	chr9	113065293	1	2.23215e-12	dn
NC_000002.12:120854042	ENSG00000074047.22	GLI2	chr2	120854042	1	2.23876e-12	body
NC_000001.11:223120110	ENSG00000187554.15	TLR5	chr1	223120110	2	2.25718e-12	body,up
NC_000003.12:194690499	ENSG00000185112.6	FAM43A	chr3	194690499	1	2.29175e-12	up
NC_000009.12:113087239	ENSG00000136866.14	ZFP37	chr9	113087239	1	2.32528e-12	dn
NC_000021.9:34688340	ENSG00000159212.13	CLIC6	chr21	34688340	2	2.40154e-12	body,enh
NC_000020.11:31054041	ENSG00000215547.1	DEFB115	chr20	31054041	1	2.64434e-12	up
NC_000009.12:113082295	ENSG00000136866.14	ZFP37	chr9	113082295	1	3.26979e-12	dn
NC_000009.12:113087501	ENSG00000136866.14	ZFP37	chr9	113087501	1	3.45874e-12	dn
NC_000018.10:12862127	ENSG00000175354.20	PTPN2	chr18	12862127	3	3.67902e-12	body,dn,up
NC_000003.12:125990914	ENSG00000114547.10	ROPN1B	chr3	125990914	1	3.8946e-12	dn
NC_000010.11:46890969	ENSG00000204179.11	PTPN20	chr10	46890969	1	4.16659e-12	up
NC_000003.12:125990536	ENSG00000114547.10	ROPN1B	chr3	125990536	1	4.76374e-12	dn
NC_000010.11:38830122	ENSG00000283930.1	PLD5P1	chr10	38830122	3	4.99318e-12	body,dn,up
NC_000007.14:100953155	ENSG00000169894.18	MUC3A	chr7	100953155	1	5.09876e-12	body
NC_000005.10:416001	ENSG00000180104.16	EXOC3	chr5	416001	3	5.13075e-12	body,prom,up
NC_000017.11:21732926	ENSG00000260458.3	KCNJ18	chr17	21732926	1	5.20618e-12	dn
NC_000009.12:113065253	ENSG00000136866.14	ZFP37	chr9	113065253	1	5.24901e-12	dn
NC_000003.12:140628923	ENSG00000155890.4	TRIM42	chr3	140628923	1	5.32079e-12	dn
NC_000012.12:87908595	ENSG00000133641.18	RLIG1	chr12	87908595	1	5.32235e-12	up
NC_000009.12:113081977	ENSG00000136866.14	ZFP37	chr9	113081977	1	5.32592e-12	dn
NC_000003.12:125990803	ENSG00000114547.10	ROPN1B	chr3	125990803	1	5.40018e-12	dn
NC_000017.11:43360523	ENSG00000175906.5	ARL4D	chr17	43360523	3	5.53651e-12	enh,prom,up
NC_000004.12:119327431	ENSG00000145384.4	FABP2	chr4	119327431	1	5.96964e-12	dn
NC_000010.11:38831570	ENSG00000283930.1	PLD5P1	chr10	38831570	3	6.09445e-12	body,dn,up
NC_000017.11:21307570	ENSG00000034152.20	MAP2K3	chr17	21307570	1	6.5713e-12	body
NC_000002.12:26178655	ENSG00000157833.13	GAREM2	chr2	26178655	2	6.81318e-12	body,prom
NC_000011.10:123322871	ENSG00000023171.20	GRAMD1B	chr11	123322871	2	6.9298e-12	body,prom
NC_000003.12:125990604	ENSG00000114547.10	ROPN1B	chr3	125990604	1	7.01116e-12	dn
NC_000019.10:21567080	ENSG00000197013.11	ZNF429	chr19	21567080	1	7.01298e-12	dn
NC_000009.12:113087669	ENSG00000136866.14	ZFP37	chr9	113087669	1	7.10401e-12	dn
NC_000009.12:113087035	ENSG00000136866.14	ZFP37	chr9	113087035	1	8.03429e-12	dn
NC_000005.10:181289335	ENSG00000183718.6	TRIM52	chr5	181289335	4	8.461e-12	body,dn,prom,up
NC_000003.12:125990517	ENSG00000114547.10	ROPN1B	chr3	125990517	1	8.87784e-12	dn
NC_000010.11:5108430	ENSG00000196139.14	AKR1C3	chr10	5108430	1	9.73989e-12	dn
NC_000003.12:155613812	ENSG00000114805.18	PLCH1	chr3	155613812	2	1.02724e-11	body,up
NC_000003.12:126703924	ENSG00000159685.11	CHCHD6	chr3	126703924	3	1.03445e-11	body,enh,up
NC_000009.12:113081685	ENSG00000136866.14	ZFP37	chr9	113081685	1	1.05212e-11	dn
NC_000002.12:74931309	ENSG00000115350.12	POLE4	chr2	74931309	1	1.16878e-11	dn
NC_000011.10:19361082	ENSG00000166833.23	NAV2	chr11	19361082	1	1.22923e-11	enh
NC_000010.11:46888491	ENSG00000204179.11	PTPN20	chr10	46888491	1	1.29054e-11	up
NC_000010.11:38799242	ENSG00000283930.1	PLD5P1	chr10	38799242	3	1.31202e-11	body,dn,up
NC_000011.10:27636077	ENSG00000176697.20	BDNF	chr11	27636077	1	1.33118e-11	up
NC_000002.12:66431868	ENSG00000143995.20	MEIS1	chr2	66431868	1	1.35648e-11	up
NC_000001.11:193316421	ENSG00000162630.6	B3GALT2	chr1	193316421	1	1.35942e-11	dn
NC_000006.12:157286009	ENSG00000215712.11	TMEM242	chr6	157286009	1	1.36199e-11	up
NC_000004.12:151530641	ENSG00000164142.16	FHIP1A	chr4	151530641	1	1.56156e-11	body
NC_000004.12:119438721	ENSG00000145384.4	FABP2	chr4	119438721	1	1.58594e-11	dn
NC_000009.12:113087462	ENSG00000136866.14	ZFP37	chr9	113087462	1	1.61018e-11	dn
NC_000011.10:48964801	ENSG00000220948.6	TRIM51G	chr11	48964801	1	1.67602e-11	up
NC_000001.11:727805	ENSG00000284662.2	OR4F16	chr1	727805	1	1.72928e-11	dn
NC_000010.11:38804363	ENSG00000283930.1	PLD5P1	chr10	38804363	3	1.82064e-11	body,dn,up
NC_000017.11:21689802	ENSG00000260458.3	KCNJ18	chr17	21689802	1	1.84846e-11	dn
NC_000017.11:43360478	ENSG00000175906.5	ARL4D	chr17	43360478	3	2.09878e-11	enh,prom,up
NC_000006.12:149981464	ENSG00000111981.5	ULBP1	chr6	149981464	2	2.12523e-11	body,dn
NC_000009.12:113082112	ENSG00000136866.14	ZFP37	chr9	113082112	1	2.25289e-11	dn
NC_000014.9:90222590	ENSG00000100764.14	PSMC1	chr14	90222590	1	2.26312e-11	up
NC_000012.12:26783759	ENSG00000123104.12	ITPR2	chr12	26783759	2	2.26889e-11	body,up
NC_000009.12:113087508	ENSG00000136866.14	ZFP37	chr9	113087508	1	2.29802e-11	dn
NC_000008.11:135626734	ENSG00000131773.15	KHDRBS3	chr8	135626734	1	2.4362e-11	body
NC_000009.12:113081900	ENSG00000136866.14	ZFP37	chr9	113081900	1	2.54544e-11	dn
NC_000004.12:119361015	ENSG00000145384.4	FABP2	chr4	119361015	1	2.55648e-11	dn
NC_000004.12:80489466	ENSG00000197826.13	CFAP299	chr4	80489466	2	2.64086e-11	body,up
NC_000003.12:87305835	ENSG00000064835.12	POU1F1	chr3	87305835	1	2.64879e-11	dn
NC_000013.11:111452260	ENSG00000153495.11	TEX29	chr13	111452260	1	2.66884e-11	dn
NC_000010.11:46874736	ENSG00000204179.11	PTPN20	chr10	46874736	1	2.74898e-11	up
NC_000022.11:16523119	ENSG00000198445.4	CCT8L2	chr22	16523119	1	2.7521e-11	up
NC_000017.11:26825872	ENSG00000109046.15	WSB1	chr17	26825872	1	2.77541e-11	up
NC_000005.10:170875696	ENSG00000204764.14	RANBP17	chr5	170875696	1	2.81458e-11	body
NC_000018.10:12061119	ENSG00000181626.12	ANKRD62	chr18	12061119	1	2.96999e-11	dn
NC_000019.10:21561958	ENSG00000197013.11	ZNF429	chr19	21561958	1	2.98808e-11	dn
NC_000001.11:2675394	ENSG00000142606.16	MMEL1	chr1	2675394	3	3.10345e-11	body,dn,up
NC_000002.12:74944726	ENSG00000115350.12	POLE4	chr2	74944726	1	3.14769e-11	dn
NC_000009.12:113081793	ENSG00000136866.14	ZFP37	chr9	113081793	1	3.15474e-11	dn
NC_000009.12:113081660	ENSG00000136866.14	ZFP37	chr9	113081660	1	3.23781e-11	dn
NC_000007.14:22807325	ENSG00000196683.12	TOMM7	chr7	22807325	3	3.266e-11	body,dn,up
NC_000010.11:46886970	ENSG00000204179.11	PTPN20	chr10	46886970	1	3.29879e-11	up
NC_000002.12:191763141	ENSG00000168497.5	CAVIN2	chr2	191763141	1	3.41039e-11	up
NC_000010.11:46870756	ENSG00000204179.11	PTPN20	chr10	46870756	1	3.42943e-11	up
NC_000010.11:46886350	ENSG00000204179.11	PTPN20	chr10	46886350	1	3.43038e-11	up
NC_000001.11:119437299	ENSG00000203859.10	HSD3B2	chr1	119437299	2	3.45266e-11	body,up
NC_000010.11:1126175	ENSG00000047056.18	WDR37	chr10	1126175	1	3.45697e-11	enh
NC_000008.11:272027	ENSG00000172748.14	ZNF596	chr8	272027	1	3.49022e-11	dn
NC_000003.12:125990276	ENSG00000114547.10	ROPN1B	chr3	125990276	1	3.57814e-11	dn
NC_000009.12:113087614	ENSG00000136866.14	ZFP37	chr9	113087614	1	3.68732e-11	dn
NC_000009.12:113087213	ENSG00000136866.14	ZFP37	chr9	113087213	1	3.78388e-11	dn
NC_000005.10:34183167	ENSG00000273294.1	C1QTNF3-AMACR	chr5	34183167	2	4.15738e-11	body,up
NC_000020.11:31171596	ENSG00000215547.1	DEFB115	chr20	31171596	1	4.39253e-11	up
NC_000010.11:46878074	ENSG00000204179.11	PTPN20	chr10	46878074	1	4.42711e-11	up
NC_000001.11:45330146	ENSG00000186603.7	HPDL	chr1	45330146	2	4.51275e-11	dn,enh
NC_000002.12:74937474	ENSG00000115350.12	POLE4	chr2	74937474	1	4.72324e-11	dn
NC_000009.12:113081779	ENSG00000136866.14	ZFP37	chr9	113081779	1	4.81809e-11	dn
NC_000009.12:113087534	ENSG00000136866.14	ZFP37	chr9	113087534	1	4.833e-11	dn
NC_000003.12:14011597	ENSG00000163528.13	CHCHD4	chr3	14011597	1	5.46487e-11	dn
NC_000008.11:706197	ENSG00000198010.13	DLGAP2	chr8	706197	1	5.5039e-11	up
NC_000005.10:130010940	ENSG00000198108.4	CHSY3	chr5	130010940	1	5.53639e-11	body
NC_000005.10:119433137	ENSG00000133835.18	HSD17B4	chr5	119433137	1	5.70221e-11	up
NC_000020.11:31193728	ENSG00000215547.1	DEFB115	chr20	31193728	1	5.71916e-11	up
NC_000012.12:107608848	ENSG00000136045.12	PWP1	chr12	107608848	1	5.722e-11	up
NC_000010.11:46884458	ENSG00000204179.11	PTPN20	chr10	46884458	1	6.79342e-11	up
NC_000003.12:114185040	ENSG00000151577.14	DRD3	chr3	114185040	3	7.17378e-11	body,dn,up
NC_000001.11:2658933	ENSG00000142606.16	MMEL1	chr1	2658933	3	7.49356e-11	body,dn,up
NC_000007.14:100958186	ENSG00000169894.18	MUC3A	chr7	100958186	1	7.98469e-11	body
NC_000002.12:74931237	ENSG00000115350.12	POLE4	chr2	74931237	1	8.02368e-11	dn
NC_000011.10:123322567	ENSG00000023171.20	GRAMD1B	chr11	123322567	2	8.03434e-11	prom,up
NC_000003.12:122924509	ENSG00000082684.16	SEMA5B	chr3	122924509	3	8.16883e-11	body,dn,up
NC_000009.12:113082208	ENSG00000136866.14	ZFP37	chr9	113082208	1	8.61645e-11	dn
NC_000012.12:42021847	ENSG00000151233.11	GXYLT1	chr12	42021847	3	8.79085e-11	body,dn,up
NC_000012.12:103899226	ENSG00000166598.16	HSP90B1	chr12	103899226	1	8.9396e-11	up
NC_000019.10:21567861	ENSG00000197013.11	ZNF429	chr19	21567861	2	9.01373e-11	dn,enh
NC_000001.11:2675396	ENSG00000142606.16	MMEL1	chr1	2675396	3	9.08282e-11	body,dn,up
NC_000008.11:271999	ENSG00000172748.14	ZNF596	chr8	271999	1	9.14075e-11	dn
NC_000009.12:113087291	ENSG00000136866.14	ZFP37	chr9	113087291	1	9.29164e-11	dn
NC_000019.10:36280958	ENSG00000196357.12	ZNF565	chr19	36280958	2	9.34371e-11	body,up
NC_000019.10:21562662	ENSG00000197013.11	ZNF429	chr19	21562662	1	9.37455e-11	dn
NC_000019.10:21567482	ENSG00000197013.11	ZNF429	chr19	21567482	2	9.47537e-11	dn,enh
NC_000010.11:46885040	ENSG00000204179.11	PTPN20	chr10	46885040	1	9.60965e-11	up
NC_000017.11:43360583	ENSG00000175906.5	ARL4D	chr17	43360583	3	9.77298e-11	enh,prom,up
NC_000010.11:80583294	ENSG00000178217.15	SH2D4B	chr10	80583294	2	9.846e-11	body,up
NC_000001.11:2679130	ENSG00000142606.16	MMEL1	chr1	2679130	3	9.84987e-11	body,dn,up
NC_000009.12:113059979	ENSG00000136866.14	ZFP37	chr9	113059979	1	9.89352e-11	dn
NC_000006.12:130375986	ENSG00000164484.12	TMEM200A	chr6	130375986	1	1.01849e-10	up
NC_000009.12:113087099	ENSG00000136866.14	ZFP37	chr9	113087099	1	1.02994e-10	dn
NC_000010.11:79953806	ENSG00000133661.17	SFTPD	chr10	79953806	1	1.05181e-10	body
NC_000002.12:112432312	ENSG00000169629.12	RGPD8	chr2	112432312	3	1.09829e-10	dn,prom,up
NC_000011.10:5921285	ENSG00000132256.20	TRIM5	chr11	5921285	2	1.19683e-10	body,up
NC_000020.11:31193898	ENSG00000215547.1	DEFB115	chr20	31193898	1	1.19993e-10	up
NC_000009.12:113087276	ENSG00000136866.14	ZFP37	chr9	113087276	1	1.20986e-10	dn
NC_000019.10:22633830	ENSG00000229676.3	ZNF492	chr19	22633830	4	1.22603e-10	body,dn,prom,up
NC_000001.11:121020775	ENSG00000263353.4	PPIAL4A	chr1	121020775	1	1.28567e-10	up
NC_000009.12:113065180	ENSG00000136866.14	ZFP37	chr9	113065180	1	1.3143e-10	dn
NC_000019.10:21577820	ENSG00000197013.11	ZNF429	chr19	21577820	2	1.3687e-10	dn,enh
NC_000010.11:46884254	ENSG00000204179.11	PTPN20	chr10	46884254	1	1.38755e-10	up
NC_000017.11:43360428	ENSG00000175906.5	ARL4D	chr17	43360428	2	1.39874e-10	prom,up
NC_000009.12:113082162	ENSG00000136866.14	ZFP37	chr9	113082162	1	1.42137e-10	dn
NC_000002.12:74944756	ENSG00000115350.12	POLE4	chr2	74944756	1	1.48563e-10	dn
NC_000005.10:32801610	ENSG00000113389.16	NPR3	chr5	32801610	1	1.65614e-10	body
NC_000002.12:99487036	ENSG00000135945.10	REV1	chr2	99487036	4	1.73245e-10	body,dn,prom,up
NC_000003.12:125990306	ENSG00000114547.10	ROPN1B	chr3	125990306	1	1.85336e-10	dn
NC_000008.11:650326	ENSG00000198010.13	DLGAP2	chr8	650326	2	1.94318e-10	enh,up
NC_000013.11:24311918	ENSG00000240654.6	C1QTNF9	chr13	24311918	1	1.97667e-10	body
NC_000002.12:200133147	ENSG00000196141.14	SPATS2L	chr2	200133147	1	2.07535e-10	up
NC_000009.12:90452160	ENSG00000165023.7	DIRAS2	chr9	90452160	1	2.12107e-10	up
NC_000019.10:40120661	ENSG00000197782.15	ZNF780A	chr19	40120661	1	2.12688e-10	dn
NC_000001.11:121647117	ENSG00000188610.12	FAM72B	chr1	121647117	1	2.21022e-10	up
NC_000009.12:113082037	ENSG00000136866.14	ZFP37	chr9	113082037	1	2.22476e-10	dn
NC_000009.12:113065178	ENSG00000136866.14	ZFP37	chr9	113065178	1	2.22613e-10	dn
NC_000011.10:92874624	ENSG00000134640.3	MTNR1B	chr11	92874624	2	2.4319e-10	prom,up
NC_000006.12:148862918	ENSG00000111962.8	UST	chr6	148862918	1	2.45345e-10	body
NC_000006.12:169556034	ENSG00000285733.1	ENSG00000285733	chr6	169556034	1	2.49715e-10	dn
NC_000005.10:115637177	ENSG00000134970.14	TMED7	chr5	115637177	3	2.52989e-10	body,dn,up
NC_000009.12:113082227	ENSG00000136866.14	ZFP37	chr9	113082227	1	2.55476e-10	dn
NC_000009.12:113087721	ENSG00000136866.14	ZFP37	chr9	113087721	1	2.5692e-10	dn
NC_000009.12:113081887	ENSG00000136866.14	ZFP37	chr9	113081887	1	2.61504e-10	dn
NC_000010.11:46883682	ENSG00000204179.11	PTPN20	chr10	46883682	1	2.63017e-10	up
NC_000008.11:377300	ENSG00000147364.17	FBXO25	chr8	377300	1	2.73729e-10	up
NC_000019.10:21567426	ENSG00000197013.11	ZNF429	chr19	21567426	2	2.91451e-10	dn,enh
NC_000006.12:110484119	ENSG00000004809.14	SLC22A16	chr6	110484119	3	3.41297e-10	body,dn,up
NC_000004.12:119396519	ENSG00000145384.4	FABP2	chr4	119396519	1	3.47488e-10	dn
NC_000002.12:165422074	ENSG00000178662.16	CSRNP3	chr2	165422074	1	3.78199e-10	up
NC_000017.11:21689404	ENSG00000260458.3	KCNJ18	chr17	21689404	1	3.84775e-10	dn
NC_000002.12:100476055	ENSG00000204640.1	NMS	chr2	100476055	2	3.86782e-10	dn,up
NC_000004.12:23338	ENSG00000272602.6	ZNF595	chr4	23338	1	4.11421e-10	dn
NC_000015.10:72733353	ENSG00000175202.6	HIGD2B	chr15	72733353	1	4.14883e-10	dn
NC_000017.11:21328801	ENSG00000034152.20	MAP2K3	chr17	21328801	1	4.40242e-10	body
NC_000009.12:113087450	ENSG00000136866.14	ZFP37	chr9	113087450	1	4.48331e-10	dn
NC_000007.14:158915346	ENSG00000126870.16	DYNC2I1	chr7	158915346	1	4.56817e-10	body
NC_000020.11:31065757	ENSG00000215547.1	DEFB115	chr20	31065757	1	4.57372e-10	up
NC_000011.10:26645805	ENSG00000169550.14	MUC15	chr11	26645805	1	4.65622e-10	dn
NC_000001.11:2677136	ENSG00000142606.16	MMEL1	chr1	2677136	3	4.82367e-10	body,dn,up
NC_000010.11:46897259	ENSG00000204179.11	PTPN20	chr10	46897259	1	5.04406e-10	up
NC_000017.11:21748030	ENSG00000260458.3	KCNJ18	chr17	21748030	1	5.34788e-10	dn
NC_000001.11:2657917	ENSG00000142606.16	MMEL1	chr1	2657917	3	5.40829e-10	body,dn,up
NC_000019.10:22633796	ENSG00000229676.3	ZNF492	chr19	22633796	4	5.62902e-10	body,dn,prom,up
NC_000007.14:100994528	ENSG00000205277.10	MUC12	chr7	100994528	1	5.71263e-10	body
NC_000009.12:36008793	ENSG00000243641.3	OR13C7	chr9	36008793	2	5.75271e-10	dn,enh
NC_000005.10:103039215	ENSG00000145723.17	GIN1	chr5	103039215	3	6.15643e-10	body,dn,up
NC_000009.12:113087225	ENSG00000136866.14	ZFP37	chr9	113087225	1	6.2327e-10	dn
NC_000004.12:119360421	ENSG00000145384.4	FABP2	chr4	119360421	1	6.42425e-10	dn
NC_000012.12:67255754	ENSG00000111530.13	CAND1	chr12	67255754	2	6.77818e-10	body,dn
NC_000020.11:31192944	ENSG00000215547.1	DEFB115	chr20	31192944	1	6.91775e-10	up
NC_000010.11:38487404	ENSG00000283930.1	PLD5P1	chr10	38487404	2	6.98843e-10	body,up
NC_000004.12:77308694	ENSG00000138764.15	CCNG2	chr4	77308694	1	7.01064e-10	body
NC_000009.12:113081346	ENSG00000136866.14	ZFP37	chr9	113081346	1	7.04838e-10	dn
NC_000002.12:74933409	ENSG00000115350.12	POLE4	chr2	74933409	1	7.13819e-10	dn
NC_000019.10:21578985	ENSG00000197013.11	ZNF429	chr19	21578985	2	7.30286e-10	dn,enh
NC_000006.12:169574415	ENSG00000285733.1	ENSG00000285733	chr6	169574415	1	7.45718e-10	dn
NC_000009.12:113065959	ENSG00000136866.14	ZFP37	chr9	113065959	1	8.07856e-10	dn
NC_000018.10:14543742	ENSG00000183206.18	POTEC	chr18	14543742	1	8.26894e-10	dn
NC_000003.12:41360872	ENSG00000168036.19	CTNNB1	chr3	41360872	1	8.42281e-10	dn
NC_000009.12:113082062	ENSG00000136866.14	ZFP37	chr9	113082062	1	9.01325e-10	dn
NC_000017.11:21674672	ENSG00000260458.3	KCNJ18	chr17	21674672	1	9.38045e-10	dn
NC_000006.12:160643170	ENSG00000198670.13	LPA	chr6	160643170	3	9.64828e-10	body,dn,up
NC_000009.12:113081903	ENSG00000136866.14	ZFP37	chr9	113081903	1	9.79356e-10	dn
NC_000003.12:101467297	ENSG00000138468.16	SENP7	chr3	101467297	2	1.09027e-09	body,up
NC_000002.12:74932347	ENSG00000115350.12	POLE4	chr2	74932347	1	1.09649e-09	dn
NC_000009.12:113087400	ENSG00000136866.14	ZFP37	chr9	113087400	1	1.13277e-09	dn
NC_000009.12:113081945	ENSG00000136866.14	ZFP37	chr9	113081945	1	1.14363e-09	dn
NC_000020.11:31174571	ENSG00000215547.1	DEFB115	chr20	31174571	1	1.1835e-09	up
NC_000010.11:46886861	ENSG00000204179.11	PTPN20	chr10	46886861	1	1.20237e-09	up
NC_000011.10:27634489	ENSG00000176697.20	BDNF	chr11	27634489	1	1.25612e-09	up
NC_000022.11:18996572	ENSG00000286025.2	FAM246C	chr22	18996572	1	1.29427e-09	up
NC_000001.11:121020818	ENSG00000263353.4	PPIAL4A	chr1	121020818	1	1.36956e-09	up
NC_000002.12:74936403	ENSG00000115350.12	POLE4	chr2	74936403	1	1.39915e-09	dn
NC_000020.11:31203760	ENSG00000215547.1	DEFB115	chr20	31203760	1	1.42415e-09	up
NC_000020.11:31234766	ENSG00000215547.1	DEFB115	chr20	31234766	1	1.56234e-09	up
NC_000008.11:22921969	ENSG00000008853.18	RHOBTB2	chr8	22921969	2	1.58826e-09	enh,up
NC_000012.12:30878984	ENSG00000110900.16	TSPAN11	chr12	30878984	1	1.62098e-09	up
NC_000010.11:38789112	ENSG00000283930.1	PLD5P1	chr10	38789112	3	1.64001e-09	body,dn,up
NC_000013.11:111308511	ENSG00000153495.11	TEX29	chr13	111308511	1	1.68661e-09	up
NC_000021.9:43664950	ENSG00000160208.13	RRP1B	chr21	43664950	2	1.72621e-09	enh,up
NC_000009.12:113087648	ENSG00000136866.14	ZFP37	chr9	113087648	1	1.84679e-09	dn
NC_000007.14:57838778	ENSG00000182111.9	ZNF716	chr7	57838778	2	1.90682e-09	dn,up
NC_000011.10:27204451	ENSG00000109881.17	CCDC34	chr11	27204451	1	1.90716e-09	up
NC_000010.11:94934949	ENSG00000138109.11	CYP2C9	chr10	94934949	1	1.91714e-09	up
NC_000019.10:36283495	ENSG00000196357.12	ZNF565	chr19	36283495	3	1.9177e-09	body,dn,up
NC_000007.14:158543440	ENSG00000155093.20	PTPRN2	chr7	158543440	1	1.95452e-09	up
NC_000014.9:18656017	ENSG00000257115.2	OR11H12	chr14	18656017	1	2.10951e-09	up
NC_000009.12:93612946	ENSG00000197724.12	PHF2	chr9	93612946	1	2.18015e-09	body
NC_000019.10:36278424	ENSG00000196357.12	ZNF565	chr19	36278424	3	2.3017e-09	body,dn,up
NC_000004.12:25251012	ENSG00000168228.16	ZCCHC4	chr4	25251012	1	2.31109e-09	up
NC_000012.12:112580217	ENSG00000089169.15	RPH3A	chr12	112580217	1	2.33315e-09	enh
NC_000005.10:34195450	ENSG00000273294.1	C1QTNF3-AMACR	chr5	34195450	2	2.40357e-09	body,up
NC_000006.12:54831629	ENSG00000168143.9	FAM83B	chr6	54831629	1	2.46413e-09	up
NC_000002.12:74930852	ENSG00000115350.12	POLE4	chr2	74930852	1	2.53887e-09	dn
NC_000007.14:159039669	ENSG00000106018.14	VIPR2	chr7	159039669	3	2.55997e-09	body,dn,up
NC_000006.12:149981242	ENSG00000111981.5	ULBP1	chr6	149981242	2	2.63693e-09	body,dn
NC_000001.11:115251701	ENSG00000134259.6	NGF	chr1	115251701	1	2.64091e-09	up
NC_000001.11:152220388	ENSG00000197915.7	HRNR	chr1	152220388	1	2.64965e-09	dn
NC_000009.12:113081516	ENSG00000136866.14	ZFP37	chr9	113081516	1	2.79999e-09	dn
NC_000009.12:113087141	ENSG00000136866.14	ZFP37	chr9	113087141	1	2.81302e-09	dn
NC_000008.11:272031	ENSG00000172748.14	ZNF596	chr8	272031	1	2.82343e-09	dn
NC_000004.12:26149	ENSG00000272602.6	ZNF595	chr4	26149	1	2.82554e-09	dn
NC_000001.11:233206452	ENSG00000135749.20	PCNX2	chr1	233206452	2	2.94765e-09	body,up
NC_000010.11:35521	ENSG00000261456.6	TUBB8	chr10	35521	1	3.01291e-09	dn
NC_000010.11:38832470	ENSG00000283930.1	PLD5P1	chr10	38832470	2	3.06805e-09	body,up
NC_000009.12:138160124	ENSG00000148408.15	CACNA1B	chr9	138160124	1	3.081e-09	prom
NC_000005.10:34195611	ENSG00000273294.1	C1QTNF3-AMACR	chr5	34195611	2	3.09387e-09	body,up
NC_000009.12:113081974	ENSG00000136866.14	ZFP37	chr9	113081974	1	3.09678e-09	dn
NC_000002.12:74930873	ENSG00000115350.12	POLE4	chr2	74930873	1	3.17316e-09	dn
NC_000004.12:76155072	ENSG00000138750.16	NUP54	chr4	76155072	1	3.17664e-09	dn
NC_000006.12:131265961	ENSG00000118507.19	AKAP7	chr6	131265961	1	3.18097e-09	body
NC_000005.10:845145	ENSG00000188818.13	ZDHHC11	chr5	845145	3	3.20522e-09	body,dn,up
NC_000004.12:82482833	ENSG00000145293.17	ENOPH1	chr4	82482833	1	3.32098e-09	dn
NC_000020.11:31188039	ENSG00000215547.1	DEFB115	chr20	31188039	1	3.3291e-09	up
NC_000009.12:113060221	ENSG00000136866.14	ZFP37	chr9	113060221	1	3.39886e-09	dn
NC_000009.12:113082117	ENSG00000136866.14	ZFP37	chr9	113082117	1	3.49905e-09	dn
NC_000020.11:31176086	ENSG00000215547.1	DEFB115	chr20	31176086	1	3.56905e-09	up
NC_000009.12:113065961	ENSG00000136866.14	ZFP37	chr9	113065961	1	3.6884e-09	dn
NC_000011.10:94355188	ENSG00000123901.9	GPR83	chr11	94355188	1	3.81893e-09	up
NC_000020.11:31053717	ENSG00000215547.1	DEFB115	chr20	31053717	1	4.02066e-09	up
NC_000001.11:121020852	ENSG00000263353.4	PPIAL4A	chr1	121020852	1	4.13775e-09	up
NC_000002.12:38151395	ENSG00000138061.13	CYP1B1	chr2	38151395	1	4.2593e-09	dn
NC_000007.14:128122038	ENSG00000128594.8	LRRC4	chr7	128122038	1	4.32603e-09	dn
NC_000020.11:31229691	ENSG00000215547.1	DEFB115	chr20	31229691	1	4.50384e-09	up
NC_000013.11:79582482	ENSG00000102471.16	NDFIP2	chr13	79582482	2	4.51343e-09	body,dn
NC_000001.11:121020882	ENSG00000263353.4	PPIAL4A	chr1	121020882	1	4.64031e-09	up
NC_000007.14:116264509	ENSG00000105971.15	CAV2	chr7	116264509	1	4.82093e-09	up
NC_000006.12:160634280	ENSG00000198670.13	LPA	chr6	160634280	3	4.84993e-09	body,dn,up
NC_000009.12:113081865	ENSG00000136866.14	ZFP37	chr9	113081865	1	4.86151e-09	dn
NC_000001.11:121016853	ENSG00000263353.4	PPIAL4A	chr1	121016853	1	4.98271e-09	up
NC_000011.10:110507580	ENSG00000137714.3	FDX1	chr11	110507580	1	4.9891e-09	dn
NC_000013.11:24935707	ENSG00000151849.16	CENPJ	chr13	24935707	1	5.01618e-09	dn
NC_000014.9:18656074	ENSG00000257115.2	OR11H12	chr14	18656074	1	5.17174e-09	up
NC_000005.10:843386	ENSG00000188818.13	ZDHHC11	chr5	843386	3	5.23687e-09	body,dn,up
NC_000002.12:177383049	ENSG00000018510.18	AGPS	chr2	177383049	1	5.33505e-09	body
NC_000008.11:103125222	ENSG00000164929.17	BAALC	chr8	103125222	1	5.43006e-09	up
NC_000019.10:36299341	ENSG00000196357.12	ZNF565	chr19	36299341	2	5.51212e-09	body,up
NC_000010.11:113502951	ENSG00000148702.15	HABP2	chr10	113502951	1	5.53452e-09	up
NC_000010.11:46882436	ENSG00000204179.11	PTPN20	chr10	46882436	1	5.55881e-09	up
NC_000017.11:43360338	ENSG00000175906.5	ARL4D	chr17	43360338	3	5.73104e-09	enh,prom,up
NC_000010.11:38785161	ENSG00000283930.1	PLD5P1	chr10	38785161	2	5.79978e-09	body,dn
NC_000002.12:131129781	ENSG00000115762.17	PLEKHB2	chr2	131129781	2	5.84446e-09	body,enh
NC_000004.12:77309852	ENSG00000138764.15	CCNG2	chr4	77309852	1	5.93213e-09	body
NC_000009.12:113087452	ENSG00000136866.14	ZFP37	chr9	113087452	1	6.08713e-09	dn
NC_000020.11:31190879	ENSG00000215547.1	DEFB115	chr20	31190879	1	6.21802e-09	up
NC_000001.11:2670538	ENSG00000142606.16	MMEL1	chr1	2670538	3	6.28174e-09	body,dn,up
NC_000009.12:113082249	ENSG00000136866.14	ZFP37	chr9	113082249	1	6.28365e-09	dn
NC_000003.12:98324556	ENSG00000232535.2	OR5H8	chr3	98324556	1	6.52356e-09	up
NC_000001.11:201347336	ENSG00000118194.22	TNNT2	chr1	201347336	2	6.56529e-09	enh,up
NC_000017.11:43360443	ENSG00000175906.5	ARL4D	chr17	43360443	3	6.70676e-09	enh,prom,up
NC_000010.11:38794746	ENSG00000283930.1	PLD5P1	chr10	38794746	3	6.71281e-09	body,dn,up
NC_000001.11:160077919	ENSG00000162728.5	KCNJ9	chr1	160077919	1	6.74299e-09	up
NC_000005.10:181289207	ENSG00000183718.6	TRIM52	chr5	181289207	1	6.90542e-09	dn
NC_000010.11:37177351	ENSG00000148513.20	ANKRD30A	chr10	37177351	2	6.93704e-09	dn,up
NC_000009.12:113065010	ENSG00000136866.14	ZFP37	chr9	113065010	1	7.20704e-09	dn
NC_000014.9:51199575	ENSG00000139921.13	TMX1	chr14	51199575	2	7.20961e-09	body,up
NC_000009.12:113060160	ENSG00000136866.14	ZFP37	chr9	113060160	1	7.24421e-09	dn
NC_000009.12:113087611	ENSG00000136866.14	ZFP37	chr9	113087611	1	7.28554e-09	dn
NC_000009.12:113081911	ENSG00000136866.14	ZFP37	chr9	113081911	1	7.35505e-09	dn
NC_000006.12:143154751	ENSG00000146416.19	AIG1	chr6	143154751	1	7.63222e-09	body
NC_000001.11:115252745	ENSG00000134259.6	NGF	chr1	115252745	1	7.72213e-09	up
NC_000009.12:113065752	ENSG00000136866.14	ZFP37	chr9	113065752	1	7.79299e-09	dn
NC_000019.10:21567714	ENSG00000197013.11	ZNF429	chr19	21567714	1	7.84635e-09	dn
NC_000001.11:207284498	ENSG00000196352.18	CD55	chr1	207284498	1	7.91703e-09	body
NC_000014.9:55510179	ENSG00000126777.18	KTN1	chr14	55510179	1	8.01952e-09	up
NC_000001.11:152219254	ENSG00000197915.7	HRNR	chr1	152219254	1	8.16085e-09	dn
NC_000005.10:56908057	ENSG00000155542.12	SETD9	chr5	56908057	1	8.22504e-09	up
NC_000002.12:74953973	ENSG00000115350.12	POLE4	chr2	74953973	1	8.23033e-09	dn
NC_000009.12:113081663	ENSG00000136866.14	ZFP37	chr9	113081663	1	8.39276e-09	dn
NC_000010.11:46898000	ENSG00000204179.11	PTPN20	chr10	46898000	1	8.61009e-09	up
NC_000006.12:52064720	ENSG00000170927.15	PKHD1	chr6	52064720	2	8.69462e-09	body,up
NC_000005.10:56908087	ENSG00000155542.12	SETD9	chr5	56908087	1	9.25198e-09	up
NC_000019.10:22633933	ENSG00000229676.3	ZNF492	chr19	22633933	4	9.36313e-09	body,dn,prom,up
NC_000011.10:110486275	ENSG00000137714.3	FDX1	chr11	110486275	2	9.64919e-09	body,dn
NC_000007.14:39541228	ENSG00000241127.8	YAE1	chr7	39541228	1	9.71772e-09	up
NC_000010.11:46898122	ENSG00000204179.11	PTPN20	chr10	46898122	1	9.90401e-09	up
NC_000006.12:167215026	ENSG00000112494.10	UNC93A	chr6	167215026	1	1.00019e-08	up
NC_000003.12:87234993	ENSG00000083937.10	CHMP2B	chr3	87234993	1	1.03848e-08	dn
NC_000021.9:34688471	ENSG00000159212.13	CLIC6	chr21	34688471	2	1.04237e-08	body,enh
NC_000012.12:16054208	ENSG00000023697.13	DERA	chr12	16054208	1	1.04719e-08	dn
NC_000010.11:49242685	ENSG00000204161.15	TMEM273	chr10	49242685	1	1.06786e-08	dn
NC_000019.10:21579721	ENSG00000197013.11	ZNF429	chr19	21579721	1	1.10808e-08	dn
NC_000009.12:113065609	ENSG00000136866.14	ZFP37	chr9	113065609	1	1.10869e-08	dn
NC_000006.12:116429560	ENSG00000285446.1	ENSG00000285446	chr6	116429560	1	1.14203e-08	body
NC_000014.9:55500234	ENSG00000182521.6	TBPL2	chr14	55500234	2	1.14798e-08	body,up
NC_000002.12:74951772	ENSG00000115350.12	POLE4	chr2	74951772	1	1.15006e-08	dn
NC_000012.12:109515525	ENSG00000151148.14	UBE3B	chr12	109515525	1	1.15524e-08	up
NC_000009.12:113087685	ENSG00000136866.14	ZFP37	chr9	113087685	1	1.1699e-08	dn
NC_000008.11:135626540	ENSG00000131773.15	KHDRBS3	chr8	135626540	1	1.17314e-08	body
NC_000018.10:76406330	ENSG00000101493.11	ZNF516	chr18	76406330	3	1.18482e-08	body,dn,up
NC_000012.12:48542425	ENSG00000284723.2	OR8S1	chr12	48542425	1	1.19933e-08	up
NC_000001.11:164821329	ENSG00000185630.20	PBX1	chr1	164821329	1	1.20411e-08	body
NC_000010.11:38491515	ENSG00000283930.1	PLD5P1	chr10	38491515	3	1.21825e-08	body,dn,up
NC_000009.12:113059982	ENSG00000136866.14	ZFP37	chr9	113059982	1	1.23359e-08	dn
NC_000007.14:102653864	ENSG00000173678.15	SPDYE2B	chr7	102653864	1	1.25558e-08	up
NC_000001.11:171140513	ENSG00000094963.14	FMO2	chr1	171140513	1	1.27148e-08	up
NC_000002.12:74942836	ENSG00000115350.12	POLE4	chr2	74942836	1	1.28412e-08	dn
NC_000006.12:169574474	ENSG00000285733.1	ENSG00000285733	chr6	169574474	1	1.29367e-08	dn
NC_000002.12:23431708	ENSG00000119771.15	KLHL29	chr2	23431708	1	1.31336e-08	body
NC_000010.11:46889444	ENSG00000204179.11	PTPN20	chr10	46889444	1	1.3147e-08	up
NC_000009.12:113087472	ENSG00000136866.14	ZFP37	chr9	113087472	1	1.34365e-08	dn
NC_000003.12:133889734	ENSG00000154917.11	RAB6B	chr3	133889734	3	1.36026e-08	body,dn,up
NC_000010.11:105221016	ENSG00000156395.14	SORCS3	chr10	105221016	1	1.37855e-08	body
NC_000006.12:157311701	ENSG00000215712.11	TMEM242	chr6	157311701	2	1.40801e-08	dn,up
NC_000016.10:58379890	ENSG00000103034.15	NDRG4	chr16	58379890	1	1.45807e-08	up
NC_000007.14:65080892	ENSG00000213462.5	ERV3-1	chr7	65080892	1	1.50222e-08	up
NC_000003.12:12031450	ENSG00000157152.17	SYN2	chr3	12031450	1	1.51645e-08	body
NC_000003.12:125990639	ENSG00000114547.10	ROPN1B	chr3	125990639	1	1.51776e-08	dn
NC_000009.12:4719963	ENSG00000147853.17	AK3	chr9	4719963	3	1.54465e-08	body,dn,up
NC_000022.11:16502651	ENSG00000198445.4	CCT8L2	chr22	16502651	1	1.54569e-08	up
NC_000001.11:121020794	ENSG00000263353.4	PPIAL4A	chr1	121020794	1	1.56712e-08	up
NC_000011.10:110611817	ENSG00000137727.13	ARHGAP20	chr11	110611817	3	1.57011e-08	body,dn,up
NC_000011.10:5896280	ENSG00000277932.2	OR52E5	chr11	5896280	1	1.59087e-08	up
NC_000010.11:685952	ENSG00000151240.18	DIP2C	chr10	685952	1	1.60429e-08	body
NC_000020.11:31075829	ENSG00000215547.1	DEFB115	chr20	31075829	1	1.69351e-08	up
NC_000001.11:152218717	ENSG00000197915.7	HRNR	chr1	152218717	1	1.70583e-08	dn
NC_000001.11:152219836	ENSG00000197915.7	HRNR	chr1	152219836	1	1.73808e-08	dn
NC_000005.10:843035	ENSG00000188818.13	ZDHHC11	chr5	843035	3	1.79129e-08	body,dn,up
NC_000020.11:31231941	ENSG00000215547.1	DEFB115	chr20	31231941	1	1.82843e-08	up
NC_000001.11:2658054	ENSG00000142606.16	MMEL1	chr1	2658054	3	1.84572e-08	body,dn,up
NC_000009.12:113088227	ENSG00000136866.14	ZFP37	chr9	113088227	1	1.85568e-08	dn
NC_000004.12:143776088	ENSG00000183090.5	FREM3	chr4	143776088	3	1.90287e-08	body,dn,up
NC_000006.12:149981360	ENSG00000111981.5	ULBP1	chr6	149981360	2	1.90604e-08	body,dn
NC_000005.10:127121941	ENSG00000164241.14	C5orf63	chr5	127121941	1	1.93007e-08	dn
NC_000009.12:113065212	ENSG00000136866.14	ZFP37	chr9	113065212	1	2.03419e-08	dn
NC_000006.12:157284804	ENSG00000215712.11	TMEM242	chr6	157284804	1	2.0394e-08	up
NC_000014.9:18654690	ENSG00000257115.2	OR11H12	chr14	18654690	1	2.10535e-08	up
NC_000002.12:136121756	ENSG00000121966.8	CXCR4	chr2	136121756	1	2.13215e-08	dn
NC_000009.12:113065891	ENSG00000136866.14	ZFP37	chr9	113065891	1	2.14614e-08	dn
NC_000005.10:415254	ENSG00000180104.16	EXOC3	chr5	415254	3	2.17387e-08	body,dn,prom
NC_000006.12:149981439	ENSG00000111981.5	ULBP1	chr6	149981439	2	2.19787e-08	body,dn
NC_000002.12:3328650	ENSG00000032389.13	EIPR1	chr2	3328650	3	2.20776e-08	body,dn,up
NC_000002.12:131129660	ENSG00000115762.17	PLEKHB2	chr2	131129660	2	2.21251e-08	body,enh
NC_000001.11:167484011	ENSG00000198821.12	CD247	chr1	167484011	1	2.23421e-08	enh
NC_000001.11:2678731	ENSG00000142606.16	MMEL1	chr1	2678731	3	2.28177e-08	body,dn,up
NC_000005.10:66138590	ENSG00000153914.16	SREK1	chr5	66138590	1	2.28628e-08	up
NC_000002.12:74954919	ENSG00000115350.12	POLE4	chr2	74954919	1	2.29246e-08	dn
NC_000009.12:113081184	ENSG00000136866.14	ZFP37	chr9	113081184	1	2.35272e-08	dn
NC_000006.12:52064587	ENSG00000170927.15	PKHD1	chr6	52064587	1	2.36067e-08	up
NC_000006.12:160632078	ENSG00000198670.13	LPA	chr6	160632078	1	2.36272e-08	dn
NC_000001.11:152218243	ENSG00000197915.7	HRNR	chr1	152218243	1	2.3813e-08	dn
NC_000009.12:72658562	ENSG00000165091.18	TMC1	chr9	72658562	1	2.43936e-08	body
NC_000001.11:2679350	ENSG00000142606.16	MMEL1	chr1	2679350	3	2.49188e-08	body,dn,up
NC_000001.11:2679314	ENSG00000142606.16	MMEL1	chr1	2679314	3	2.51418e-08	body,dn,up
NC_000012.12:112584755	ENSG00000089169.15	RPH3A	chr12	112584755	1	2.53038e-08	enh
NC_000019.10:36277586	ENSG00000196357.12	ZNF565	chr19	36277586	1	2.57946e-08	up
NC_000009.12:113086799	ENSG00000136866.14	ZFP37	chr9	113086799	1	2.66642e-08	dn
NC_000003.12:69148347	ENSG00000163380.16	LMOD3	chr3	69148347	3	2.71015e-08	body,dn,up
NC_000009.12:113065551	ENSG00000136866.14	ZFP37	chr9	113065551	1	2.77108e-08	dn
NC_000015.10:45214483	ENSG00000138606.20	SHF	chr15	45214483	1	2.84469e-08	up
NC_000012.12:112634085	ENSG00000089169.15	RPH3A	chr12	112634085	1	2.89205e-08	enh
NC_000004.12:173437893	ENSG00000164106.8	SCRG1	chr4	173437893	3	2.95376e-08	body,dn,up
NC_000006.12:19948854	ENSG00000172201.12	ID4	chr6	19948854	1	2.95606e-08	dn
NC_000004.12:185055799	ENSG00000187821.9	HELT	chr4	185055799	1	3.03372e-08	dn
NC_000003.12:126703692	ENSG00000159685.11	CHCHD6	chr3	126703692	2	3.10231e-08	body,enh
NC_000002.12:74954364	ENSG00000115350.12	POLE4	chr2	74954364	1	3.12083e-08	dn
NC_000012.12:19652974	ENSG00000139154.16	AEBP2	chr12	19652974	1	3.15755e-08	body
NC_000009.12:113082198	ENSG00000136866.14	ZFP37	chr9	113082198	1	3.16185e-08	dn
NC_000017.11:26810596	ENSG00000109046.15	WSB1	chr17	26810596	1	3.20999e-08	up
NC_000001.11:2679858	ENSG00000142606.16	MMEL1	chr1	2679858	3	3.2216e-08	body,dn,up
NC_000004.12:119406221	ENSG00000145384.4	FABP2	chr4	119406221	1	3.23697e-08	dn
NC_000006.12:157285657	ENSG00000215712.11	TMEM242	chr6	157285657	1	3.27331e-08	up
NC_000010.11:114767134	ENSG00000099204.22	ABLIM1	chr10	114767134	2	3.2817e-08	body,up
NC_000020.11:31053247	ENSG00000215547.1	DEFB115	chr20	31053247	1	3.29045e-08	up
NC_000002.12:74942733	ENSG00000115350.12	POLE4	chr2	74942733	1	3.30509e-08	dn
NC_000005.10:199298	ENSG00000185028.4	LRRC14B	chr5	199298	1	3.30953e-08	dn
NC_000001.11:121645275	ENSG00000188610.12	FAM72B	chr1	121645275	1	3.34621e-08	up
NC_000001.11:2672480	ENSG00000142606.16	MMEL1	chr1	2672480	3	3.39793e-08	body,dn,up
NC_000009.12:15299	ENSG00000181404.18	WASHC1	chr9	15299	1	3.4547e-08	dn
NC_000002.12:15653104	ENSG00000079785.16	DDX1	chr2	15653104	1	3.48139e-08	body
NC_000010.11:46899615	ENSG00000204179.11	PTPN20	chr10	46899615	1	3.6387e-08	up
NC_000010.11:46886031	ENSG00000204179.11	PTPN20	chr10	46886031	1	3.67185e-08	up
NC_000018.10:49495204	ENSG00000265681.8	RPL17	chr18	49495204	1	3.78597e-08	enh
NC_000009.12:113082330	ENSG00000136866.14	ZFP37	chr9	113082330	1	3.79444e-08	dn
NC_000019.10:21573456	ENSG00000197013.11	ZNF429	chr19	21573456	1	3.7989e-08	dn
NC_000009.12:70003865	ENSG00000165072.10	MAMDC2	chr9	70003865	1	3.81747e-08	up
NC_000001.11:94390851	ENSG00000117528.14	ABCD3	chr1	94390851	1	3.82632e-08	up
NC_000001.11:2672848	ENSG00000142606.16	MMEL1	chr1	2672848	3	3.83725e-08	body,dn,up
NC_000007.14:100994924	ENSG00000169876.14	MUC17	chr7	100994924	1	3.84837e-08	up
NC_000011.10:27635654	ENSG00000176697.20	BDNF	chr11	27635654	1	3.88611e-08	up
NC_000007.14:65080784	ENSG00000213462.5	ERV3-1	chr7	65080784	1	3.93983e-08	up
NC_000009.12:113065605	ENSG00000136866.14	ZFP37	chr9	113065605	1	4.04084e-08	dn
NC_000001.11:115258825	ENSG00000134259.6	NGF	chr1	115258825	1	4.15303e-08	up
NC_000009.12:113082016	ENSG00000136866.14	ZFP37	chr9	113082016	1	4.15609e-08	dn
NC_000002.12:23431753	ENSG00000119771.15	KLHL29	chr2	23431753	1	4.17519e-08	body
NC_000014.9:18655511	ENSG00000257115.2	OR11H12	chr14	18655511	1	4.18911e-08	up
NC_000003.12:12031946	ENSG00000157152.17	SYN2	chr3	12031946	1	4.21039e-08	body
NC_000007.14:158962666	ENSG00000126870.16	DYNC2I1	chr7	158962666	2	4.27137e-08	body,dn
NC_000005.10:31498636	ENSG00000113360.17	DROSHA	chr5	31498636	3	4.2962e-08	body,dn,up
NC_000001.11:217133420	ENSG00000196482.18	ESRRG	chr1	217133420	2	4.33281e-08	body,up
NC_000005.10:10425955	ENSG00000145491.12	ROPN1L	chr5	10425955	2	4.37621e-08	body,enh
NC_000008.11:272141	ENSG00000172748.14	ZNF596	chr8	272141	1	4.41416e-08	dn
NC_000012.12:9942746	ENSG00000172322.14	CLEC12A	chr12	9942746	1	4.45703e-08	body
NC_000019.10:21621458	ENSG00000197013.11	ZNF429	chr19	21621458	1	4.55301e-08	dn
NC_000011.10:27287020	ENSG00000109881.17	CCDC34	chr11	27287020	1	4.57067e-08	up
NC_000008.11:56362321	ENSG00000170786.13	SDR16C5	chr8	56362321	1	4.66213e-08	dn
NC_000009.12:113087608	ENSG00000136866.14	ZFP37	chr9	113087608	1	4.74003e-08	dn
NC_000004.12:151530708	ENSG00000164142.16	FHIP1A	chr4	151530708	1	4.76021e-08	body
NC_000010.11:122695746	ENSG00000183559.12	C10orf120	chr10	122695746	1	4.79503e-08	up
NC_000006.12:75347697	ENSG00000112697.17	TMEM30A	chr6	75347697	1	4.87465e-08	dn
NC_000002.12:224322915	ENSG00000124019.10	FAM124B	chr2	224322915	1	4.92302e-08	up
NC_000020.11:31062128	ENSG00000215547.1	DEFB115	chr20	31062128	1	4.982e-08	up
NC_000001.11:2675616	ENSG00000142606.16	MMEL1	chr1	2675616	3	5.12903e-08	body,dn,up
NC_000010.11:122804618	ENSG00000138161.14	CUZD1	chr10	122804618	1	5.16219e-08	up
NC_000011.10:86623514	ENSG00000151376.19	ME3	chr11	86623514	2	5.28956e-08	body,up
NC_000010.11:46897238	ENSG00000204179.11	PTPN20	chr10	46897238	1	5.3497e-08	up
NC_000022.11:49762316	ENSG00000100425.19	BRD1	chr22	49762316	2	5.5021e-08	enh,up
NC_000001.11:121020977	ENSG00000263353.4	PPIAL4A	chr1	121020977	1	5.55475e-08	up
NC_000008.11:66330417	ENSG00000179041.4	RRS1	chr8	66330417	1	5.57896e-08	up
NC_000009.12:113081675	ENSG00000136866.14	ZFP37	chr9	113081675	1	5.72628e-08	dn
NC_000014.9:31473679	ENSG00000214943.5	GPR33	chr14	31473679	1	5.72843e-08	up
NC_000001.11:2669215	ENSG00000142606.16	MMEL1	chr1	2669215	3	5.83309e-08	body,dn,up
NC_000001.11:157195424	ENSG00000117036.12	ETV3	chr1	157195424	1	6.24648e-08	dn
NC_000005.10:127106407	ENSG00000164241.14	C5orf63	chr5	127106407	1	6.30147e-08	dn
NC_000004.12:72039619	ENSG00000056291.19	NPFFR2	chr4	72039619	1	6.31714e-08	body
NC_000006.12:157312211	ENSG00000215712.11	TMEM242	chr6	157312211	1	6.32723e-08	up
NC_000001.11:2672138	ENSG00000142606.16	MMEL1	chr1	2672138	3	6.39199e-08	body,dn,up
NC_000011.10:112904113	ENSG00000149294.18	NCAM1	chr11	112904113	1	6.50636e-08	prom
NC_000020.11:43103987	ENSG00000196090.14	PTPRT	chr20	43103987	1	6.6548e-08	up
NC_000012.12:30879115	ENSG00000110900.16	TSPAN11	chr12	30879115	1	7.34568e-08	up
NC_000012.12:48542545	ENSG00000284723.2	OR8S1	chr12	48542545	1	7.38158e-08	up
NC_000004.12:109429414	ENSG00000138802.11	SEC24B	chr4	109429414	2	7.44925e-08	body,up
NC_000012.12:63735167	ENSG00000118600.13	RXYLT1	chr12	63735167	1	7.57024e-08	up
NC_000021.9:36450674	ENSG00000159259.8	CHAF1B	chr21	36450674	1	7.81578e-08	dn
NC_000012.12:112591396	ENSG00000089169.15	RPH3A	chr12	112591396	1	7.94335e-08	enh
NC_000020.11:31167895	ENSG00000215547.1	DEFB115	chr20	31167895	1	7.96721e-08	up
NC_000001.11:2675590	ENSG00000142606.16	MMEL1	chr1	2675590	3	8.03017e-08	body,dn,up
NC_000007.14:159116855	ENSG00000106018.14	VIPR2	chr7	159116855	3	8.11718e-08	body,dn,up
NC_000006.12:157312462	ENSG00000215712.11	TMEM242	chr6	157312462	1	8.35417e-08	up
NC_000019.10:22633832	ENSG00000229676.3	ZNF492	chr19	22633832	2	8.35658e-08	prom,up
NC_000010.11:46885286	ENSG00000204179.11	PTPN20	chr10	46885286	1	8.38935e-08	up
NC_000004.12:82474156	ENSG00000145293.17	ENOPH1	chr4	82474156	1	8.5189e-08	dn
NC_000005.10:179109578	ENSG00000177932.7	ZNF354C	chr5	179109578	1	8.62427e-08	dn
NC_000013.11:23665582	ENSG00000127863.16	TNFRSF19	chr13	23665582	1	8.70646e-08	body
NC_000013.11:94401660	ENSG00000080166.16	DCT	chr13	94401660	1	8.82688e-08	up
NC_000009.12:113082131	ENSG00000136866.14	ZFP37	chr9	113082131	1	8.8446e-08	dn
NC_000004.12:82482261	ENSG00000145293.17	ENOPH1	chr4	82482261	1	8.91157e-08	dn
NC_000019.10:21561613	ENSG00000197013.11	ZNF429	chr19	21561613	1	9.00122e-08	dn
NC_000002.12:118892104	ENSG00000163064.7	EN1	chr2	118892104	1	9.11524e-08	dn
NC_000022.11:47229329	ENSG00000054611.14	TBC1D22A	chr22	47229329	1	9.12955e-08	dn
NC_000001.11:2673224	ENSG00000142606.16	MMEL1	chr1	2673224	3	9.24377e-08	body,dn,up
NC_000002.12:1170166	ENSG00000115705.22	TPO	chr2	1170166	1	9.29083e-08	up
NC_000012.12:15352135	ENSG00000134533.6	RERG	chr12	15352135	2	9.55952e-08	body,dn
NC_000020.11:1149892	ENSG00000125895.6	TMEM74B	chr20	1149892	1	9.72066e-08	up
NC_000012.12:30878974	ENSG00000110900.16	TSPAN11	chr12	30878974	1	9.84514e-08	up
NC_000009.12:138176443	ENSG00000148408.15	CACNA1B	chr9	138176443	1	9.84782e-08	prom
NC_000003.12:126865955	ENSG00000114554.12	PLXNA1	chr3	126865955	2	9.88771e-08	enh,up
NC_000012.12:119554504	ENSG00000224982.4	TMEM233	chr12	119554504	1	1.00463e-07	up
NC_000002.12:3287313	ENSG00000032389.13	EIPR1	chr2	3287313	3	1.0109e-07	body,dn,up
NC_000006.12:169567726	ENSG00000285733.1	ENSG00000285733	chr6	169567726	1	1.02803e-07	dn
NC_000002.12:3329050	ENSG00000032389.13	EIPR1	chr2	3329050	2	1.03112e-07	body,up
NC_000006.12:157311786	ENSG00000215712.11	TMEM242	chr6	157311786	1	1.0329e-07	up
NC_000020.11:31097246	ENSG00000215547.1	DEFB115	chr20	31097246	1	1.04756e-07	up
NC_000009.12:113082189	ENSG00000136866.14	ZFP37	chr9	113082189	1	1.05128e-07	dn
NC_000001.11:736827	ENSG00000284662.2	OR4F16	chr1	736827	1	1.06042e-07	dn
NC_000006.12:116604944	ENSG00000111834.13	RSPH4A	chr6	116604944	1	1.07078e-07	up
NC_000009.12:138175266	ENSG00000148408.15	CACNA1B	chr9	138175266	1	1.07529e-07	prom
NC_000011.10:110508055	ENSG00000137714.3	FDX1	chr11	110508055	2	1.09874e-07	body,dn
NC_000002.12:112424689	ENSG00000169629.12	RGPD8	chr2	112424689	3	1.1336e-07	dn,prom,up
NC_000017.11:73179946	ENSG00000166685.13	COG1	chr17	73179946	2	1.13886e-07	dn,prom
NC_000002.12:102219113	ENSG00000115598.10	IL1RL2	chr2	102219113	1	1.14233e-07	body
NC_000006.12:166613753	ENSG00000235272.3	RAMACL	chr6	166613753	2	1.15083e-07	dn,enh
NC_000011.10:63224958	ENSG00000196600.13	SLC22A25	chr11	63224958	2	1.17474e-07	body,up
NC_000020.11:31231831	ENSG00000215547.1	DEFB115	chr20	31231831	1	1.18954e-07	up
NC_000011.10:3441132	ENSG00000005801.18	ZNF195	chr11	3441132	1	1.20469e-07	dn
NC_000003.12:38081021	ENSG00000008226.20	DLEC1	chr3	38081021	1	1.26451e-07	body
NC_000001.11:115319904	ENSG00000134259.6	NGF	chr1	115319904	1	1.27255e-07	up
NC_000008.11:272124	ENSG00000172748.14	ZNF596	chr8	272124	1	1.31232e-07	dn
NC_000009.12:113082476	ENSG00000136866.14	ZFP37	chr9	113082476	1	1.31774e-07	dn
NC_000021.9:44059022	ENSG00000160218.13	TRAPPC10	chr21	44059022	2	1.32734e-07	body,enh
NC_000020.11:31175806	ENSG00000215547.1	DEFB115	chr20	31175806	1	1.33498e-07	up
NC_000002.12:33639019	ENSG00000119812.20	FAM98A	chr2	33639019	3	1.3545e-07	body,dn,up
NC_000020.11:31228264	ENSG00000215547.1	DEFB115	chr20	31228264	1	1.35568e-07	up
NC_000009.12:113081353	ENSG00000136866.14	ZFP37	chr9	113081353	1	1.35885e-07	dn
NC_000005.10:850176	ENSG00000188818.13	ZDHHC11	chr5	850176	3	1.37938e-07	body,dn,up
NC_000007.14:108103032	ENSG00000091128.13	LAMB4	chr7	108103032	1	1.38011e-07	enh
NC_000001.11:2671108	ENSG00000142606.16	MMEL1	chr1	2671108	3	1.3906e-07	body,dn,up
NC_000009.12:113060060	ENSG00000136866.14	ZFP37	chr9	113060060	1	1.39655e-07	dn
NC_000002.12:74931772	ENSG00000115350.12	POLE4	chr2	74931772	1	1.39674e-07	dn
NC_000012.12:62460590	ENSG00000061987.16	MON2	chr12	62460590	1	1.41938e-07	body
NC_000008.11:66342051	ENSG00000179041.4	RRS1	chr8	66342051	1	1.42585e-07	up
NC_000009.12:113082006	ENSG00000136866.14	ZFP37	chr9	113082006	1	1.43181e-07	dn
NC_000007.14:101000594	ENSG00000169876.14	MUC17	chr7	101000594	1	1.44517e-07	up
NC_000005.10:56908466	ENSG00000155542.12	SETD9	chr5	56908466	1	1.5169e-07	up
NC_000011.10:5896172	ENSG00000277932.2	OR52E5	chr11	5896172	1	1.54179e-07	up
NC_000008.11:22922365	ENSG00000008853.18	RHOBTB2	chr8	22922365	2	1.54214e-07	enh,up
NC_000010.11:38215389	ENSG00000283930.1	PLD5P1	chr10	38215389	2	1.55401e-07	body,dn
NC_000006.12:149981403	ENSG00000111981.5	ULBP1	chr6	149981403	1	1.57899e-07	dn
NC_000019.10:23892142	ENSG00000213967.12	ZNF726	chr19	23892142	1	1.57985e-07	dn
NC_000009.12:113065853	ENSG00000136866.14	ZFP37	chr9	113065853	1	1.58809e-07	dn
NC_000008.11:66365538	ENSG00000179041.4	RRS1	chr8	66365538	1	1.5886e-07	up
NC_000009.12:113065776	ENSG00000136866.14	ZFP37	chr9	113065776	1	1.59728e-07	dn
NC_000001.11:152213701	ENSG00000197915.7	HRNR	chr1	152213701	1	1.63146e-07	dn
NC_000012.12:108836003	ENSG00000084112.15	SSH1	chr12	108836003	3	1.64557e-07	body,dn,up
NC_000006.12:157285398	ENSG00000215712.11	TMEM242	chr6	157285398	1	1.65076e-07	up
NC_000012.12:109407972	ENSG00000174527.11	MYO1H	chr12	109407972	1	1.65278e-07	body
NC_000001.11:121020906	ENSG00000263353.4	PPIAL4A	chr1	121020906	1	1.65712e-07	up
NC_000001.11:121021079	ENSG00000263353.4	PPIAL4A	chr1	121021079	1	1.67218e-07	up
NC_000012.12:27971403	ENSG00000087494.16	PTHLH	chr12	27971403	2	1.67329e-07	body,dn
NC_000001.11:121016728	ENSG00000263353.4	PPIAL4A	chr1	121016728	1	1.70123e-07	up
NC_000020.11:22674679	ENSG00000125798.15	FOXA2	chr20	22674679	1	1.71979e-07	dn
NC_000009.12:113065443	ENSG00000136866.14	ZFP37	chr9	113065443	1	1.73036e-07	dn
NC_000017.11:21722347	ENSG00000260458.3	KCNJ18	chr17	21722347	1	1.74261e-07	dn
NC_000010.11:79957579	ENSG00000133661.17	SFTPD	chr10	79957579	2	1.74721e-07	body,up
NC_000016.10:20768202	ENSG00000066654.14	THUMPD1	chr16	20768202	1	1.74942e-07	dn
NC_000016.10:70169349	ENSG00000157335.21	CLEC18C	chr16	70169349	1	1.7595e-07	up
NC_000010.11:46879039	ENSG00000204179.11	PTPN20	chr10	46879039	1	1.77904e-07	up
NC_000004.12:147488545	ENSG00000151617.17	EDNRA	chr4	147488545	1	1.78638e-07	up
NC_000021.9:35866770	ENSG00000159216.20	RUNX1	chr21	35866770	1	1.83385e-07	body
NC_000006.12:160539839	ENSG00000198670.13	LPA	chr6	160539839	1	1.84649e-07	dn
NC_000006.12:25955640	ENSG00000112343.11	TRIM38	chr6	25955640	1	1.85017e-07	dn
NC_000019.10:36293627	ENSG00000196357.12	ZNF565	chr19	36293627	2	1.86765e-07	dn,up
NC_000009.12:113082088	ENSG00000136866.14	ZFP37	chr9	113082088	1	1.86974e-07	dn
NC_000004.12:82482289	ENSG00000145293.17	ENOPH1	chr4	82482289	1	1.89716e-07	dn
NC_000014.9:56235475	ENSG00000139946.11	PELI2	chr14	56235475	1	1.90416e-07	body
NC_000012.12:42080586	ENSG00000151233.11	GXYLT1	chr12	42080586	3	1.96184e-07	body,dn,up
NC_000001.11:180970585	ENSG00000135823.14	STX6	chr1	180970585	4	1.97945e-07	body,dn,prom,up
NC_000009.12:113082004	ENSG00000136866.14	ZFP37	chr9	113082004	1	1.98786e-07	dn
NC_000003.12:195623141	ENSG00000189058.9	APOD	chr3	195623141	1	1.99511e-07	dn
NC_000011.10:27635221	ENSG00000176697.20	BDNF	chr11	27635221	1	2.01209e-07	up
NC_000011.10:13325619	ENSG00000133794.20	BMAL1	chr11	13325619	1	2.03381e-07	up
NC_000009.12:138176241	ENSG00000148408.15	CACNA1B	chr9	138176241	1	2.03494e-07	prom
NC_000010.11:38834315	ENSG00000283930.1	PLD5P1	chr10	38834315	1	2.06499e-07	prom
NC_000002.12:113238880	ENSG00000125618.18	PAX8	chr2	113238880	4	2.0915e-07	body,dn,enh,up
NC_000003.12:125990181	ENSG00000114547.10	ROPN1B	chr3	125990181	1	2.13631e-07	dn
NC_000008.11:66362971	ENSG00000179041.4	RRS1	chr8	66362971	1	2.17037e-07	up
NC_000009.12:113087617	ENSG00000136866.14	ZFP37	chr9	113087617	1	2.20549e-07	dn
NC_000009.12:113066376	ENSG00000136866.14	ZFP37	chr9	113066376	1	2.21288e-07	dn
NC_000001.11:2661472	ENSG00000142606.16	MMEL1	chr1	2661472	3	2.22472e-07	body,dn,up
NC_000004.12:61160608	ENSG00000150471.17	ADGRL3	chr4	61160608	1	2.23282e-07	up
NC_000010.11:38792584	ENSG00000283930.1	PLD5P1	chr10	38792584	3	2.25497e-07	body,dn,up
NC_000017.11:21734652	ENSG00000260458.3	KCNJ18	chr17	21734652	1	2.26935e-07	dn
NC_000002.12:74954540	ENSG00000115350.12	POLE4	chr2	74954540	1	2.28414e-07	dn
NC_000007.14:158543149	ENSG00000155093.20	PTPRN2	chr7	158543149	1	2.3268e-07	up
NC_000009.12:14809	ENSG00000181404.18	WASHC1	chr9	14809	1	2.34042e-07	dn
NC_000002.12:74931398	ENSG00000115350.12	POLE4	chr2	74931398	1	2.3807e-07	dn
NC_000001.11:2680507	ENSG00000142606.16	MMEL1	chr1	2680507	3	2.398e-07	body,dn,up
NC_000002.12:74930944	ENSG00000115350.12	POLE4	chr2	74930944	1	2.4823e-07	dn
NC_000007.14:30543985	ENSG00000281039.1	ENSG00000281039	chr7	30543985	1	2.53546e-07	dn
NC_000007.14:53768681	ENSG00000221900.6	POM121L12	chr7	53768681	1	2.54069e-07	enh
NC_000004.12:77302949	ENSG00000138764.15	CCNG2	chr4	77302949	1	2.57199e-07	body
NC_000008.11:272046	ENSG00000172748.14	ZNF596	chr8	272046	1	2.62924e-07	dn
NC_000018.10:49814989	ENSG00000167315.18	ACAA2	chr18	49814989	2	2.68717e-07	enh,up
NC_000010.11:38490702	ENSG00000283930.1	PLD5P1	chr10	38490702	1	2.72969e-07	up
NC_000010.11:38090950	ENSG00000075407.19	ZNF37A	chr10	38090950	1	2.80814e-07	up
NC_000002.12:234529438	ENSG00000188042.8	ARL4C	chr2	234529438	1	2.81163e-07	dn
NC_000010.11:46891276	ENSG00000204179.11	PTPN20	chr10	46891276	1	2.82459e-07	up
NC_000010.11:46895989	ENSG00000204179.11	PTPN20	chr10	46895989	1	2.83147e-07	up
NC_000009.12:113082213	ENSG00000136866.14	ZFP37	chr9	113082213	1	2.83839e-07	dn
NC_000009.12:138175440	ENSG00000148408.15	CACNA1B	chr9	138175440	1	2.92392e-07	prom
NC_000009.12:113087635	ENSG00000136866.14	ZFP37	chr9	113087635	1	2.92847e-07	dn
NC_000007.14:87209820	ENSG00000135185.12	TMEM243	chr7	87209820	3	2.9417e-07	body,dn,up
NC_000017.11:73191448	ENSG00000166685.13	COG1	chr17	73191448	1	2.96024e-07	prom
NC_000005.10:56908400	ENSG00000155542.12	SETD9	chr5	56908400	1	2.96857e-07	up
NC_000020.11:31224857	ENSG00000215547.1	DEFB115	chr20	31224857	1	2.97608e-07	up
NC_000018.10:107486	ENSG00000173213.11	TUBB8B	chr18	107486	1	3.00817e-07	dn
NC_000011.10:27634112	ENSG00000176697.20	BDNF	chr11	27634112	1	3.03135e-07	up
NC_000009.12:138176853	ENSG00000148408.15	CACNA1B	chr9	138176853	1	3.08199e-07	prom
NC_000005.10:179103784	ENSG00000177932.7	ZNF354C	chr5	179103784	1	3.11183e-07	dn
NC_000009.12:113065829	ENSG00000136866.14	ZFP37	chr9	113065829	1	3.11884e-07	dn
NC_000021.9:12710249	ENSG00000166351.11	POTED	chr21	12710249	1	3.21553e-07	dn
NC_000005.10:843936	ENSG00000188818.13	ZDHHC11	chr5	843936	3	3.25561e-07	body,dn,up
NC_000009.12:113079362	ENSG00000136866.14	ZFP37	chr9	113079362	1	3.27332e-07	dn
NC_000005.10:73061022	ENSG00000157111.13	TMEM171	chr5	73061022	1	3.32179e-07	up
NC_000019.10:22633705	ENSG00000229676.3	ZNF492	chr19	22633705	3	3.33147e-07	body,dn,prom
NC_000008.11:108312651	ENSG00000104408.11	EIF3E	chr8	108312651	2	3.33759e-07	body,up
NC_000013.11:111175936	ENSG00000102606.20	ARHGEF7	chr13	111175936	1	3.36762e-07	enh
NC_000006.12:157285218	ENSG00000215712.11	TMEM242	chr6	157285218	1	3.37548e-07	up
NC_000005.10:127116826	ENSG00000164241.14	C5orf63	chr5	127116826	1	3.39017e-07	dn
NC_000012.12:112652344	ENSG00000089169.15	RPH3A	chr12	112652344	1	3.40225e-07	enh
NC_000001.11:121647847	ENSG00000188610.12	FAM72B	chr1	121647847	1	3.41759e-07	up
NC_000009.12:113376077	ENSG00000119431.10	HDHD3	chr9	113376077	5	3.43654e-07	body,dn,enh,prom,up
NC_000001.11:153129814	ENSG00000244094.2	SPRR2F	chr1	153129814	1	3.50427e-07	dn
NC_000001.11:2672496	ENSG00000142606.16	MMEL1	chr1	2672496	3	3.55547e-07	body,dn,up
NC_000007.14:159116906	ENSG00000106018.14	VIPR2	chr7	159116906	3	3.55681e-07	body,dn,up
NC_000009.12:113081954	ENSG00000136866.14	ZFP37	chr9	113081954	1	3.56735e-07	dn
NC_000006.12:169572678	ENSG00000285733.1	ENSG00000285733	chr6	169572678	1	3.57901e-07	dn
NC_000012.12:39752235	ENSG00000180116.15	REDIC1	chr12	39752235	1	3.60734e-07	body
NC_000001.11:2672647	ENSG00000142606.16	MMEL1	chr1	2672647	3	3.61424e-07	body,dn,up
NC_000012.12:112562547	ENSG00000089169.15	RPH3A	chr12	112562547	1	3.63493e-07	enh
NC_000011.10:102601720	ENSG00000137674.4	MMP20	chr11	102601720	4	3.66744e-07	body,dn,enh,up
NC_000020.11:30280361	ENSG00000215547.1	DEFB115	chr20	30280361	1	3.72359e-07	up
NC_000008.11:66333454	ENSG00000179041.4	RRS1	chr8	66333454	1	3.72727e-07	up
NC_000007.14:24153590	ENSG00000122585.8	NPY	chr7	24153590	1	3.75433e-07	up
NC_000007.14:158915689	ENSG00000126870.16	DYNC2I1	chr7	158915689	1	3.76702e-07	body
NC_000001.11:2672840	ENSG00000142606.16	MMEL1	chr1	2672840	3	3.77296e-07	body,dn,up
NC_000018.10:58727460	ENSG00000172175.16	MALT1	chr18	58727460	1	3.82185e-07	dn
NC_000001.11:214486920	ENSG00000152104.12	PTPN14	chr1	214486920	2	3.83154e-07	body,dn
NC_000003.12:56540400	ENSG00000180376.17	CCDC66	chr3	56540400	1	3.87968e-07	body
NC_000001.11:121020670	ENSG00000263353.4	PPIAL4A	chr1	121020670	1	3.88439e-07	up
NC_000005.10:11262621	ENSG00000112977.16	DAP	chr5	11262621	1	3.90986e-07	prom
NC_000007.14:65188559	ENSG00000213462.5	ERV3-1	chr7	65188559	1	3.9427e-07	up
NC_000006.12:52066755	ENSG00000170927.15	PKHD1	chr6	52066755	1	3.96738e-07	up
NC_000010.11:46879405	ENSG00000204179.11	PTPN20	chr10	46879405	1	4.16138e-07	up
NC_000009.12:113082223	ENSG00000136866.14	ZFP37	chr9	113082223	1	4.22675e-07	dn
NC_000001.11:2674232	ENSG00000142606.16	MMEL1	chr1	2674232	3	4.25296e-07	body,dn,up
NC_000006.12:149981411	ENSG00000111981.5	ULBP1	chr6	149981411	1	4.25597e-07	dn
NC_000011.10:27634323	ENSG00000176697.20	BDNF	chr11	27634323	1	4.25955e-07	up
NC_000012.12:59101756	ENSG00000139263.12	LRIG3	chr12	59101756	1	4.31639e-07	enh
NC_000013.11:51164009	ENSG00000226792.8	C13orf42	chr13	51164009	3	4.36141e-07	body,dn,up
NC_000011.10:27634366	ENSG00000176697.20	BDNF	chr11	27634366	1	4.3685e-07	up
NC_000009.12:113083460	ENSG00000136866.14	ZFP37	chr9	113083460	1	4.39078e-07	dn
NC_000018.10:79385511	ENSG00000131196.18	NFATC1	chr18	79385511	1	4.44886e-07	up
NC_000007.14:158916324	ENSG00000126870.16	DYNC2I1	chr7	158916324	1	4.45723e-07	body
NC_000001.11:2673383	ENSG00000142606.16	MMEL1	chr1	2673383	3	4.46436e-07	body,dn,up
NC_000010.11:122977280	ENSG00000179988.15	PSTK	chr10	122977280	1	4.59845e-07	body
NC_000008.11:66315538	ENSG00000179041.4	RRS1	chr8	66315538	1	4.62783e-07	up
NC_000001.11:2680837	ENSG00000142606.16	MMEL1	chr1	2680837	3	4.67152e-07	body,dn,up
NC_000014.9:34672924	ENSG00000165410.15	CFL2	chr14	34672924	1	4.75394e-07	up
NC_000001.11:107764322	ENSG00000134215.16	VAV3	chr1	107764322	1	4.79141e-07	body
NC_000002.12:234544958	ENSG00000188042.8	ARL4C	chr2	234544958	1	4.80838e-07	dn
NC_000007.14:76956661	ENSG00000186645.11	SPDYE17	chr7	76956661	1	4.87642e-07	up
NC_000012.12:112708744	ENSG00000089169.15	RPH3A	chr12	112708744	1	4.87732e-07	enh
NC_000008.11:66327948	ENSG00000179041.4	RRS1	chr8	66327948	1	4.90511e-07	up
NC_000010.11:133541612	ENSG00000130649.10	CYP2E1	chr10	133541612	1	4.91145e-07	body
NC_000004.12:119405318	ENSG00000145384.4	FABP2	chr4	119405318	1	4.94627e-07	dn
NC_000006.12:169598737	ENSG00000285733.1	ENSG00000285733	chr6	169598737	1	4.96132e-07	dn
NC_000002.12:74950227	ENSG00000115350.12	POLE4	chr2	74950227	1	4.97472e-07	dn
NC_000005.10:137680698	ENSG00000146021.15	KLHL3	chr5	137680698	3	4.97948e-07	body,dn,up
NC_000009.12:113059960	ENSG00000136866.14	ZFP37	chr9	113059960	1	5.00188e-07	dn
NC_000002.12:200687794	ENSG00000138356.14	AOX1	chr2	200687794	1	5.05919e-07	dn
NC_000011.10:11787772	ENSG00000170242.19	USP47	chr11	11787772	1	5.0623e-07	up
NC_000001.11:2675569	ENSG00000142606.16	MMEL1	chr1	2675569	1	5.07096e-07	dn
NC_000010.11:46886587	ENSG00000204179.11	PTPN20	chr10	46886587	1	5.09894e-07	up
NC_000013.11:110959417	ENSG00000088448.14	ANKRD10	chr13	110959417	2	5.20371e-07	dn,enh
NC_000017.11:73178027	ENSG00000180616.9	SSTR2	chr17	73178027	2	5.24179e-07	dn,prom
NC_000002.12:197912493	ENSG00000115896.17	PLCL1	chr2	197912493	1	5.26703e-07	body
NC_000001.11:121020807	ENSG00000263353.4	PPIAL4A	chr1	121020807	1	5.27525e-07	up
NC_000001.11:152219065	ENSG00000197915.7	HRNR	chr1	152219065	1	5.33775e-07	dn
NC_000009.12:86013291	ENSG00000135040.16	NAA35	chr9	86013291	1	5.37146e-07	dn
NC_000003.12:133875270	ENSG00000154917.11	RAB6B	chr3	133875270	3	5.41469e-07	body,dn,up
NC_000017.11:73178199	ENSG00000180616.9	SSTR2	chr17	73178199	2	5.43927e-07	dn,prom
NC_000020.11:31237141	ENSG00000215547.1	DEFB115	chr20	31237141	1	5.44252e-07	up
NC_000002.12:74944503	ENSG00000115350.12	POLE4	chr2	74944503	1	5.44987e-07	dn
NC_000010.11:38832499	ENSG00000283930.1	PLD5P1	chr10	38832499	1	5.52892e-07	dn
NC_000006.12:157286950	ENSG00000215712.11	TMEM242	chr6	157286950	1	5.55615e-07	up
NC_000009.12:113087743	ENSG00000136866.14	ZFP37	chr9	113087743	1	5.58468e-07	dn
NC_000003.12:14209963	ENSG00000170860.4	LSM3	chr3	14209963	1	5.58617e-07	up
NC_000022.11:49761421	ENSG00000100425.19	BRD1	chr22	49761421	2	5.59324e-07	enh,up
NC_000002.12:30761076	ENSG00000162949.16	CAPN13	chr2	30761076	3	5.66539e-07	body,dn,up
NC_000009.12:138177286	ENSG00000148408.15	CACNA1B	chr9	138177286	1	5.72298e-07	prom
NC_000012.12:112661537	ENSG00000089169.15	RPH3A	chr12	112661537	1	5.7533e-07	enh
NC_000006.12:149981479	ENSG00000111981.5	ULBP1	chr6	149981479	2	5.87889e-07	body,dn
NC_000013.11:100575221	ENSG00000134864.11	GGACT	chr13	100575221	1	5.94079e-07	dn
NC_000008.11:143323853	ENSG00000185730.8	ZNF696	chr8	143323853	1	6.02675e-07	up
NC_000020.11:31060648	ENSG00000215547.1	DEFB115	chr20	31060648	1	6.04896e-07	up
NC_000001.11:2670740	ENSG00000142606.16	MMEL1	chr1	2670740	3	6.23584e-07	body,dn,up
NC_000020.11:31057606	ENSG00000215547.1	DEFB115	chr20	31057606	1	6.24173e-07	up
NC_000002.12:613730	ENSG00000151353.15	TMEM18	chr2	613730	1	6.28701e-07	enh
NC_000010.11:46901120	ENSG00000204179.11	PTPN20	chr10	46901120	1	6.31559e-07	up
NC_000001.11:121117621	ENSG00000171943.12	SRGAP2C	chr1	121117621	2	6.36624e-07	body,up
NC_000011.10:26634297	ENSG00000169550.14	MUC15	chr11	26634297	1	6.38338e-07	dn
NC_000001.11:2675194	ENSG00000142606.16	MMEL1	chr1	2675194	3	6.41663e-07	body,dn,up
NC_000012.12:8184269	ENSG00000196946.11	ZNF705A	chr12	8184269	1	6.43174e-07	body
NC_000012.12:112622487	ENSG00000089169.15	RPH3A	chr12	112622487	1	6.46112e-07	enh
NC_000002.12:3299188	ENSG00000032389.13	EIPR1	chr2	3299188	3	6.49251e-07	body,dn,up
NC_000011.10:27287146	ENSG00000109881.17	CCDC34	chr11	27287146	1	6.49427e-07	up
NC_000002.12:208485469	ENSG00000144407.10	PTH2R	chr2	208485469	1	6.49437e-07	body
NC_000011.10:5905994	ENSG00000277932.2	OR52E5	chr11	5905994	1	6.56012e-07	up
NC_000006.12:169569010	ENSG00000285733.1	ENSG00000285733	chr6	169569010	1	6.60727e-07	dn
NC_000002.12:74933462	ENSG00000115350.12	POLE4	chr2	74933462	1	6.63804e-07	dn
NC_000011.10:112566455	ENSG00000188771.5	PLET1	chr11	112566455	1	6.67016e-07	enh
NC_000007.14:128121237	ENSG00000128594.8	LRRC4	chr7	128121237	2	6.68398e-07	dn,up
NC_000008.11:135626618	ENSG00000131773.15	KHDRBS3	chr8	135626618	1	6.83576e-07	body
NC_000001.11:2675772	ENSG00000142606.16	MMEL1	chr1	2675772	3	6.93045e-07	body,dn,up
NC_000009.12:113065317	ENSG00000136866.14	ZFP37	chr9	113065317	1	6.93287e-07	dn
NC_000007.14:156922540	ENSG00000146909.8	NOM1	chr7	156922540	1	6.96677e-07	up
NC_000006.12:157286901	ENSG00000215712.11	TMEM242	chr6	157286901	1	6.99359e-07	up
NC_000009.12:113065680	ENSG00000136866.14	ZFP37	chr9	113065680	1	7.02771e-07	dn
NC_000020.11:31052807	ENSG00000215547.1	DEFB115	chr20	31052807	1	7.22929e-07	up
NC_000005.10:109968944	ENSG00000112893.10	MAN2A1	chr5	109968944	1	7.26479e-07	dn
NC_000019.10:21617686	ENSG00000197013.11	ZNF429	chr19	21617686	1	7.34168e-07	dn
NC_000011.10:26605830	ENSG00000169550.14	MUC15	chr11	26605830	1	7.34727e-07	dn
NC_000008.11:23910970	ENSG00000159167.12	STC1	chr8	23910970	1	7.39185e-07	dn
NC_000009.12:113088158	ENSG00000136866.14	ZFP37	chr9	113088158	1	7.39248e-07	dn
NC_000002.12:74955256	ENSG00000115350.12	POLE4	chr2	74955256	1	7.43025e-07	dn
NC_000012.12:112546396	ENSG00000089169.15	RPH3A	chr12	112546396	1	7.43897e-07	enh
NC_000010.11:38832365	ENSG00000283930.1	PLD5P1	chr10	38832365	2	7.44913e-07	body,up
NC_000005.10:34196689	ENSG00000273294.1	C1QTNF3-AMACR	chr5	34196689	2	7.49899e-07	body,up
NC_000009.12:113082337	ENSG00000136866.14	ZFP37	chr9	113082337	1	7.54189e-07	dn
NC_000012.12:16053773	ENSG00000023697.13	DERA	chr12	16053773	1	7.56512e-07	dn
NC_000005.10:137678762	ENSG00000146021.15	KLHL3	chr5	137678762	3	7.57011e-07	body,dn,up
NC_000005.10:843671	ENSG00000188818.13	ZDHHC11	chr5	843671	3	7.64026e-07	body,dn,up
NC_000003.12:133832484	ENSG00000144867.13	SRPRB	chr3	133832484	1	7.64136e-07	body
NC_000013.11:51164388	ENSG00000226792.8	C13orf42	chr13	51164388	1	7.68033e-07	dn
NC_000017.11:43360264	ENSG00000175906.5	ARL4D	chr17	43360264	2	7.71422e-07	prom,up
NC_000012.12:33952338	ENSG00000139133.7	ALG10	chr12	33952338	1	7.75436e-07	up
NC_000001.11:247937288	ENSG00000279263.1	OR2L8	chr1	247937288	1	7.76626e-07	enh
NC_000009.12:998923	ENSG00000064218.5	DMRT3	chr9	998923	3	7.80406e-07	body,dn,enh
NC_000009.12:113376085	ENSG00000119431.10	HDHD3	chr9	113376085	4	7.84751e-07	body,dn,prom,up
NC_000015.10:101784422	ENSG00000184140.6	OR4F6	chr15	101784422	2	7.88017e-07	prom,up
NC_000009.12:113081924	ENSG00000136866.14	ZFP37	chr9	113081924	1	7.9315e-07	dn
NC_000006.12:168086457	ENSG00000153303.18	FRMD1	chr6	168086457	3	7.95332e-07	body,dn,up
NC_000007.14:76996543	ENSG00000186645.11	SPDYE17	chr7	76996543	1	8.05762e-07	up
NC_000001.11:182069069	ENSG00000179930.6	ZNF648	chr1	182069069	1	8.08038e-07	dn
NC_000019.10:21601272	ENSG00000197013.11	ZNF429	chr19	21601272	1	8.09532e-07	dn
NC_000012.12:91261496	ENSG00000011465.18	DCN	chr12	91261496	1	8.12784e-07	enh
NC_000010.11:98264790	ENSG00000138131.4	LOXL4	chr10	98264790	2	8.23335e-07	body,up
NC_000003.12:124768990	ENSG00000114491.14	UMPS	chr3	124768990	1	8.32975e-07	dn
NC_000001.11:211495902	ENSG00000198570.7	RD3	chr1	211495902	1	8.37943e-07	up
NC_000019.10:36296150	ENSG00000196357.12	ZNF565	chr19	36296150	1	8.43056e-07	up
NC_000006.12:110061841	ENSG00000146360.9	GPR6	chr6	110061841	1	8.48802e-07	enh
NC_000002.12:115208301	ENSG00000175497.17	DPP10	chr2	115208301	1	8.51166e-07	dn
NC_000018.10:9335662	ENSG00000128791.12	TWSG1	chr18	9335662	1	8.55683e-07	body
NC_000007.14:16304262	ENSG00000214960.11	CRPPA	chr7	16304262	1	8.59081e-07	dn
NC_000009.12:138172300	ENSG00000148408.15	CACNA1B	chr9	138172300	1	8.60064e-07	prom
NC_000017.11:21750039	ENSG00000260458.3	KCNJ18	chr17	21750039	1	8.62381e-07	dn
NC_000001.11:2679324	ENSG00000142606.16	MMEL1	chr1	2679324	3	8.63775e-07	body,dn,up
NC_000003.12:111268462	ENSG00000153283.13	CD96	chr3	111268462	1	8.67778e-07	up
NC_000015.10:48250591	ENSG00000074803.21	SLC12A1	chr15	48250591	1	8.70173e-07	body
NC_000001.11:2669213	ENSG00000142606.16	MMEL1	chr1	2669213	2	8.72944e-07	body,up
NC_000022.11:49762853	ENSG00000100425.19	BRD1	chr22	49762853	2	8.77877e-07	enh,up
NC_000010.11:113476791	ENSG00000148702.15	HABP2	chr10	113476791	1	8.83238e-07	up
NC_000011.10:27637389	ENSG00000176697.20	BDNF	chr11	27637389	1	8.88592e-07	up
NC_000004.12:163544441	ENSG00000198498.10	TMA16	chr4	163544441	1	9.01976e-07	up
NC_000004.12:3285508	ENSG00000159788.20	RGS12	chr4	3285508	1	9.09911e-07	prom
NC_000011.10:5907416	ENSG00000277932.2	OR52E5	chr11	5907416	1	9.12372e-07	up
NC_000008.11:103125589	ENSG00000164929.17	BAALC	chr8	103125589	1	9.28316e-07	up
NC_000008.11:61097497	ENSG00000177182.11	CLVS1	chr8	61097497	1	9.29468e-07	body
NC_000011.10:27631807	ENSG00000176697.20	BDNF	chr11	27631807	1	9.3081e-07	up
NC_000009.12:113088149	ENSG00000136866.14	ZFP37	chr9	113088149	1	9.36432e-07	dn
NC_000018.10:36378741	ENSG00000134775.16	FHOD3	chr18	36378741	1	9.37559e-07	body
NC_000011.10:5829187	ENSG00000205409.3	OR52E6	chr11	5829187	1	9.46187e-07	dn
NC_000003.12:22746141	ENSG00000151789.13	ZNF385D	chr3	22746141	1	9.46231e-07	up
NC_000019.10:36283693	ENSG00000196357.12	ZNF565	chr19	36283693	2	9.48041e-07	dn,up
NC_000011.10:5925246	ENSG00000132256.20	TRIM5	chr11	5925246	2	9.57298e-07	body,up
NC_000008.11:66333888	ENSG00000179041.4	RRS1	chr8	66333888	1	9.7922e-07	up
NC_000010.11:46887475	ENSG00000204179.11	PTPN20	chr10	46887475	1	9.89414e-07	up
NC_000016.10:75621302	ENSG00000065457.11	ADAT1	chr16	75621302	4	9.94611e-07	body,dn,enh,up
NC_000001.11:25523322	ENSG00000157978.12	LDLRAP1	chr1	25523322	1	1.01097e-06	up
NC_000014.9:55500558	ENSG00000182521.6	TBPL2	chr14	55500558	2	1.0173e-06	body,up
NC_000004.12:190120865	ENSG00000260596.5	DUX4	chr4	190120865	1	1.02696e-06	up
NC_000001.11:2674493	ENSG00000142606.16	MMEL1	chr1	2674493	3	1.04157e-06	body,dn,up
NC_000005.10:56908352	ENSG00000155542.12	SETD9	chr5	56908352	1	1.04674e-06	up
NC_000019.10:21579471	ENSG00000197013.11	ZNF429	chr19	21579471	1	1.04773e-06	dn
NC_000001.11:121745969	ENSG00000188610.12	FAM72B	chr1	121745969	1	1.05038e-06	dn
NC_000007.14:159061067	ENSG00000106018.14	VIPR2	chr7	159061067	2	1.06372e-06	body,dn
NC_000006.12:160617551	ENSG00000198670.13	LPA	chr6	160617551	1	1.06527e-06	dn
NC_000002.12:191764568	ENSG00000168497.5	CAVIN2	chr2	191764568	1	1.06736e-06	up
NC_000011.10:126507594	ENSG00000110080.20	ST3GAL4	chr11	126507594	1	1.08963e-06	enh
NC_000020.11:58637297	ENSG00000124222.23	STX16	chr20	58637297	1	1.09174e-06	up
NC_000012.12:112727119	ENSG00000089169.15	RPH3A	chr12	112727119	1	1.09689e-06	enh
NC_000004.12:174874124	ENSG00000168594.15	ADAM29	chr4	174874124	1	1.10099e-06	body
NC_000006.12:169554486	ENSG00000285733.1	ENSG00000285733	chr6	169554486	1	1.10286e-06	dn
NC_000019.10:36288564	ENSG00000196357.12	ZNF565	chr19	36288564	1	1.10427e-06	up
NC_000020.11:22675730	ENSG00000125798.15	FOXA2	chr20	22675730	1	1.10983e-06	dn
NC_000003.12:41289031	ENSG00000168036.19	CTNNB1	chr3	41289031	1	1.11402e-06	dn
NC_000001.11:152218884	ENSG00000197915.7	HRNR	chr1	152218884	1	1.11863e-06	dn
NC_000009.12:113087337	ENSG00000136866.14	ZFP37	chr9	113087337	1	1.12077e-06	dn
NC_000007.14:158917054	ENSG00000126870.16	DYNC2I1	chr7	158917054	1	1.12253e-06	body
NC_000001.11:53605041	ENSG00000174332.6	GLIS1	chr1	53605041	1	1.13134e-06	dn
NC_000003.12:119703511	ENSG00000285585.1	ENSG00000285585	chr3	119703511	1	1.1384e-06	up
NC_000005.10:56908166	ENSG00000155542.12	SETD9	chr5	56908166	1	1.14555e-06	up
NC_000012.12:112656636	ENSG00000089169.15	RPH3A	chr12	112656636	1	1.15482e-06	enh
NC_000009.12:113065866	ENSG00000136866.14	ZFP37	chr9	113065866	1	1.15592e-06	dn
NC_000002.12:156128588	ENSG00000153234.16	NR4A2	chr2	156128588	1	1.16791e-06	up
NC_000018.10:45764364	ENSG00000197046.12	SIGLEC15	chr18	45764364	1	1.17089e-06	up
NC_000013.11:95716721	ENSG00000102580.15	DNAJC3	chr13	95716721	1	1.18339e-06	dn
NC_000019.10:36291755	ENSG00000196357.12	ZNF565	chr19	36291755	1	1.18723e-06	up
NC_000020.11:31056970	ENSG00000215547.1	DEFB115	chr20	31056970	1	1.19522e-06	up
NC_000003.12:195617550	ENSG00000189058.9	APOD	chr3	195617550	1	1.20705e-06	dn
NC_000010.11:95016705	ENSG00000138115.15	CYP2C8	chr10	95016705	1	1.20815e-06	up
NC_000001.11:732020	ENSG00000284662.2	OR4F16	chr1	732020	1	1.2146e-06	dn
NC_000015.10:53688098	ENSG00000166415.15	WDR72	chr15	53688098	1	1.22028e-06	up
NC_000019.10:21577931	ENSG00000197013.11	ZNF429	chr19	21577931	1	1.22273e-06	dn
NC_000004.12:42326509	ENSG00000178343.5	SHISA3	chr4	42326509	1	1.22605e-06	up
NC_000006.12:27777401	ENSG00000185130.6	H2BC13	chr6	27777401	1	1.23218e-06	up
NC_000005.10:10630058	ENSG00000164236.12	ANKRD33B	chr5	10630058	1	1.23787e-06	body
NC_000012.12:112592564	ENSG00000089169.15	RPH3A	chr12	112592564	1	1.23859e-06	enh
NC_000011.10:5834178	ENSG00000205409.3	OR52E6	chr11	5834178	1	1.25007e-06	dn
NC_000008.11:25203971	ENSG00000147459.18	DOCK5	chr8	25203971	1	1.25017e-06	body
NC_000015.10:37864293	ENSG00000166069.14	TMCO5A	chr15	37864293	1	1.25817e-06	up
NC_000010.11:75469438	ENSG00000148655.16	LRMDA	chr10	75469438	1	1.26885e-06	enh
NC_000014.9:65795521	ENSG00000033170.17	FUT8	chr14	65795521	2	1.26922e-06	enh,up
NC_000020.11:31053097	ENSG00000215547.1	DEFB115	chr20	31053097	1	1.27347e-06	up
NC_000001.11:2668633	ENSG00000142606.16	MMEL1	chr1	2668633	3	1.28491e-06	body,dn,up
NC_000004.12:119444240	ENSG00000145384.4	FABP2	chr4	119444240	1	1.28649e-06	dn
NC_000009.12:113083924	ENSG00000136866.14	ZFP37	chr9	113083924	1	1.2998e-06	dn
NC_000006.12:50820650	ENSG00000008196.13	TFAP2B	chr6	50820650	1	1.30377e-06	up
NC_000002.12:148804877	ENSG00000168280.18	KIF5C	chr2	148804877	1	1.30795e-06	up
NC_000019.10:36306267	ENSG00000196357.12	ZNF565	chr19	36306267	1	1.32571e-06	up
NC_000012.12:107821675	ENSG00000187855.6	ASCL4	chr12	107821675	1	1.34509e-06	dn
NC_000017.11:73177480	ENSG00000180616.9	SSTR2	chr17	73177480	2	1.35679e-06	dn,prom
NC_000004.12:119369076	ENSG00000145384.4	FABP2	chr4	119369076	1	1.35791e-06	dn
NC_000002.12:113205052	ENSG00000125637.16	PSD4	chr2	113205052	1	1.37065e-06	dn
NC_000010.11:79957492	ENSG00000133661.17	SFTPD	chr10	79957492	2	1.37949e-06	body,up
NC_000005.10:151370051	ENSG00000186335.9	SLC36A2	chr5	151370051	1	1.38644e-06	dn
NC_000006.12:149107845	ENSG00000055208.20	TAB2	chr6	149107845	1	1.40096e-06	up
NC_000007.14:65080549	ENSG00000213462.5	ERV3-1	chr7	65080549	1	1.40597e-06	up
NC_000019.10:21569850	ENSG00000197013.11	ZNF429	chr19	21569850	1	1.40895e-06	dn
NC_000001.11:248828333	ENSG00000175137.11	SH3BP5L	chr1	248828333	1	1.41115e-06	dn
NC_000002.12:23432115	ENSG00000119771.15	KLHL29	chr2	23432115	1	1.41541e-06	body
NC_000006.12:168229239	ENSG00000164488.12	DACT2	chr6	168229239	1	1.43236e-06	up
NC_000001.11:152219245	ENSG00000197915.7	HRNR	chr1	152219245	1	1.43823e-06	dn
NC_000007.14:26329719	ENSG00000086300.17	SNX10	chr7	26329719	1	1.44449e-06	dn
NC_000004.12:55157999	ENSG00000128052.10	KDR	chr4	55157999	1	1.44526e-06	dn
NC_000011.10:8978399	ENSG00000175348.11	TMEM9B	chr11	8978399	1	1.45198e-06	dn
NC_000004.12:4329385	ENSG00000168824.15	NSG1	chr4	4329385	1	1.45925e-06	enh
NC_000001.11:152218905	ENSG00000197915.7	HRNR	chr1	152218905	1	1.46003e-06	dn
NC_000009.12:37749475	ENSG00000165275.10	TRMT10B	chr9	37749475	1	1.48137e-06	dn
NC_000001.11:121020488	ENSG00000263353.4	PPIAL4A	chr1	121020488	1	1.48437e-06	up
NC_000015.10:100909357	ENSG00000154237.13	LRRK1	chr15	100909357	1	1.48498e-06	up
NC_000007.14:158916522	ENSG00000126870.16	DYNC2I1	chr7	158916522	1	1.49468e-06	body
NC_000004.12:153153891	ENSG00000288637.1	ENSG00000288637	chr4	153153891	1	1.49796e-06	up
NC_000009.12:104633983	ENSG00000136839.1	OR13C9	chr9	104633983	1	1.51771e-06	dn
NC_000020.11:31167906	ENSG00000215547.1	DEFB115	chr20	31167906	1	1.51884e-06	up
NC_000017.11:16473115	ENSG00000181350.12	LRRC75A	chr17	16473115	1	1.52148e-06	enh
NC_000015.10:43329749	ENSG00000168806.8	LCMT2	chr15	43329749	1	1.52464e-06	dn
NC_000006.12:75306790	ENSG00000112697.17	TMEM30A	chr6	75306790	1	1.53167e-06	dn
NC_000002.12:38285939	ENSG00000119787.14	ATL2	chr2	38285939	3	1.53353e-06	body,dn,up
NC_000003.12:75772746	ENSG00000227124.11	ZNF717	chr3	75772746	3	1.55068e-06	body,dn,up
NC_000009.12:113083736	ENSG00000136866.14	ZFP37	chr9	113083736	1	1.55789e-06	dn
NC_000006.12:130322613	ENSG00000164483.17	SAMD3	chr6	130322613	2	1.57029e-06	body,up
NC_000006.12:157283942	ENSG00000215712.11	TMEM242	chr6	157283942	1	1.58412e-06	up
NC_000002.12:74930806	ENSG00000115350.12	POLE4	chr2	74930806	1	1.59395e-06	dn
NC_000019.10:36278622	ENSG00000196357.12	ZNF565	chr19	36278622	1	1.59489e-06	up
NC_000002.12:113259427	ENSG00000125618.18	PAX8	chr2	113259427	3	1.60429e-06	body,dn,up
NC_000012.12:112608207	ENSG00000089169.15	RPH3A	chr12	112608207	1	1.63056e-06	enh
NC_000002.12:3181182	ENSG00000032389.13	EIPR1	chr2	3181182	2	1.6339e-06	body,up
NC_000018.10:78793800	ENSG00000256463.10	SALL3	chr18	78793800	1	1.63486e-06	dn
NC_000008.11:26590007	ENSG00000240694.9	PNMA2	chr8	26590007	1	1.63621e-06	dn
NC_000011.10:5796090	ENSG00000181001.3	OR52N1	chr11	5796090	1	1.63926e-06	dn
NC_000001.11:121748356	ENSG00000188610.12	FAM72B	chr1	121748356	1	1.64609e-06	dn
NC_000018.10:74163586	ENSG00000075336.12	TIMM21	chr18	74163586	1	1.66223e-06	up
NC_000006.12:168229462	ENSG00000164488.12	DACT2	chr6	168229462	1	1.66782e-06	up
NC_000001.11:2659115	ENSG00000142606.16	MMEL1	chr1	2659115	3	1.67119e-06	body,dn,up
NC_000008.11:108090162	ENSG00000147655.12	RSPO2	chr8	108090162	2	1.68289e-06	body,up
NC_000002.12:234530010	ENSG00000188042.8	ARL4C	chr2	234530010	1	1.68853e-06	dn
NC_000010.11:11741974	ENSG00000134463.15	ECHDC3	chr10	11741974	2	1.68887e-06	prom,up
NC_000003.12:125616471	ENSG00000144909.8	OSBPL11	chr3	125616471	1	1.69764e-06	prom
NC_000008.11:120353080	ENSG00000172167.8	MTBP	chr8	120353080	1	1.70447e-06	up
NC_000017.11:34133244	ENSG00000108684.15	ASIC2	chr17	34133244	1	1.70976e-06	up
NC_000006.12:110476327	ENSG00000004809.14	SLC22A16	chr6	110476327	3	1.71053e-06	body,dn,up
NC_000001.11:152220652	ENSG00000197915.7	HRNR	chr1	152220652	1	1.71908e-06	dn
NC_000004.12:77308686	ENSG00000138764.15	CCNG2	chr4	77308686	1	1.71956e-06	body
NC_000018.10:107540	ENSG00000173213.11	TUBB8B	chr18	107540	1	1.72954e-06	dn
NC_000003.12:40686241	ENSG00000172888.12	ZNF621	chr3	40686241	1	1.73012e-06	body
NC_000009.12:113082703	ENSG00000136866.14	ZFP37	chr9	113082703	1	1.73743e-06	dn
NC_000012.12:9614165	ENSG00000111796.4	KLRB1	chr12	9614165	3	1.75301e-06	body,dn,up
NC_000006.12:160637625	ENSG00000198670.13	LPA	chr6	160637625	1	1.76715e-06	dn
NC_000009.12:113081830	ENSG00000136866.14	ZFP37	chr9	113081830	1	1.76818e-06	dn
NC_000004.12:28311	ENSG00000272602.6	ZNF595	chr4	28311	1	1.78289e-06	dn
NC_000006.12:157285702	ENSG00000215712.11	TMEM242	chr6	157285702	1	1.80145e-06	up
NC_000011.10:96507265	ENSG00000183340.7	JRKL	chr11	96507265	1	1.80654e-06	body
NC_000005.10:844415	ENSG00000188818.13	ZDHHC11	chr5	844415	3	1.83132e-06	body,dn,up
NC_000012.12:5918111	ENSG00000047617.18	ANO2	chr12	5918111	1	1.83853e-06	up
NC_000001.11:2671403	ENSG00000142606.16	MMEL1	chr1	2671403	3	1.83891e-06	body,dn,up
NC_000020.11:2376505	ENSG00000166948.10	TGM6	chr20	2376505	1	1.83992e-06	up
NC_000012.12:13025590	ENSG00000084444.14	FAM234B	chr12	13025590	1	1.84963e-06	up
NC_000001.11:2680717	ENSG00000142606.16	MMEL1	chr1	2680717	3	1.85394e-06	body,dn,up
NC_000001.11:2669013	ENSG00000142606.16	MMEL1	chr1	2669013	1	1.87102e-06	dn
NC_000001.11:178532127	ENSG00000240021.10	TEX35	chr1	178532127	1	1.87824e-06	body
NC_000011.10:5925310	ENSG00000132256.20	TRIM5	chr11	5925310	2	1.89214e-06	body,up
NC_000022.11:16527132	ENSG00000198445.4	CCT8L2	chr22	16527132	1	1.90224e-06	up
NC_000006.12:2972145	ENSG00000124570.21	SERPINB6	chr6	2972145	2	1.91216e-06	dn,prom
NC_000001.11:42372262	ENSG00000177181.15	RIMKLA	chr1	42372262	1	1.91434e-06	up
NC_000007.14:65179999	ENSG00000213462.5	ERV3-1	chr7	65179999	1	1.91882e-06	up
NC_000006.12:159277866	ENSG00000164694.17	FNDC1	chr6	159277866	1	1.92238e-06	dn
NC_000015.10:50877949	ENSG00000081014.11	AP4E1	chr15	50877949	1	1.94184e-06	up
NC_000016.10:19344251	ENSG00000261210.8	CLEC19A	chr16	19344251	1	1.94813e-06	body
NC_000022.11:35252583	ENSG00000100281.14	HMGXB4	chr22	35252583	1	1.96666e-06	up
NC_000011.10:27634158	ENSG00000176697.20	BDNF	chr11	27634158	1	1.96855e-06	up
NC_000001.11:2671315	ENSG00000142606.16	MMEL1	chr1	2671315	2	1.99182e-06	body,up
NC_000014.9:66467275	ENSG00000171723.16	GPHN	chr14	66467275	1	1.99852e-06	body
NC_000005.10:842554	ENSG00000188818.13	ZDHHC11	chr5	842554	3	1.99896e-06	body,dn,up
NC_000004.12:119439564	ENSG00000145384.4	FABP2	chr4	119439564	1	1.99996e-06	dn
NC_000010.11:69238772	ENSG00000156510.13	HKDC1	chr10	69238772	1	2.00533e-06	body
NC_000003.12:187108385	ENSG00000163923.10	RPL39L	chr3	187108385	1	2.0144e-06	up
NC_000001.11:152219827	ENSG00000197915.7	HRNR	chr1	152219827	1	2.01743e-06	dn
NC_000019.10:21555360	ENSG00000197013.11	ZNF429	chr19	21555360	1	2.02548e-06	dn
NC_000002.12:15387105	ENSG00000151779.14	NBAS	chr2	15387105	2	2.03104e-06	body,up
NC_000012.12:132900479	ENSG00000072609.18	CHFR	chr12	132900479	3	2.04497e-06	body,dn,up
NC_000009.12:113088122	ENSG00000136866.14	ZFP37	chr9	113088122	1	2.04992e-06	dn
NC_000022.11:47371193	ENSG00000054611.14	TBC1D22A	chr22	47371193	1	2.05452e-06	enh
NC_000001.11:2673811	ENSG00000142606.16	MMEL1	chr1	2673811	3	2.06025e-06	body,dn,up
NC_000020.11:31055871	ENSG00000215547.1	DEFB115	chr20	31055871	1	2.06225e-06	up
NC_000001.11:2670960	ENSG00000142606.16	MMEL1	chr1	2670960	3	2.08568e-06	body,dn,up
NC_000009.12:111380593	ENSG00000171133.4	OR2K2	chr9	111380593	1	2.08898e-06	dn
NC_000002.12:74951890	ENSG00000115350.12	POLE4	chr2	74951890	1	2.09087e-06	dn
NC_000014.9:56209549	ENSG00000139946.11	PELI2	chr14	56209549	1	2.09137e-06	body
NC_000006.12:169565144	ENSG00000285733.1	ENSG00000285733	chr6	169565144	1	2.10155e-06	dn
NC_000015.10:80632330	ENSG00000136379.12	ABHD17C	chr15	80632330	1	2.1019e-06	enh
NC_000009.12:6639394	ENSG00000178445.10	GLDC	chr9	6639394	4	2.12485e-06	body,dn,enh,up
NC_000009.12:113087414	ENSG00000136866.14	ZFP37	chr9	113087414	1	2.13572e-06	dn
NC_000001.11:121117516	ENSG00000171943.12	SRGAP2C	chr1	121117516	2	2.14829e-06	body,up
NC_000011.10:86804010	ENSG00000150687.12	PRSS23	chr11	86804010	1	2.15183e-06	up
NC_000001.11:2678588	ENSG00000142606.16	MMEL1	chr1	2678588	3	2.179e-06	body,dn,up
NC_000002.12:74934241	ENSG00000115350.12	POLE4	chr2	74934241	1	2.18341e-06	dn
NC_000011.10:32357534	ENSG00000184937.16	WT1	chr11	32357534	3	2.21095e-06	body,dn,up
NC_000005.10:34189558	ENSG00000273294.1	C1QTNF3-AMACR	chr5	34189558	2	2.21966e-06	body,up
NC_000011.10:11279598	ENSG00000254598.3	CSNK2A3	chr11	11279598	1	2.24264e-06	up
NC_000006.12:167234273	ENSG00000112494.10	UNC93A	chr6	167234273	1	2.26738e-06	up
NC_000020.11:23549455	ENSG00000101435.5	CST9L	chr20	23549455	1	2.29704e-06	up
NC_000020.11:31244570	ENSG00000215547.1	DEFB115	chr20	31244570	1	2.30402e-06	up
NC_000006.12:164966	ENSG00000112679.15	DUSP22	chr6	164966	1	2.30582e-06	up
NC_000009.12:138156995	ENSG00000148408.15	CACNA1B	chr9	138156995	1	2.32422e-06	prom
NC_000009.12:32703040	ENSG00000122728.6	TAF1L	chr9	32703040	1	2.32927e-06	dn
NC_000012.12:112566744	ENSG00000089169.15	RPH3A	chr12	112566744	1	2.38002e-06	enh
NC_000013.11:26797765	ENSG00000132975.8	GPR12	chr13	26797765	1	2.38671e-06	dn
NC_000012.12:112583877	ENSG00000089169.15	RPH3A	chr12	112583877	1	2.39249e-06	enh
NC_000009.12:113082799	ENSG00000136866.14	ZFP37	chr9	113082799	1	2.39297e-06	dn
NC_000001.11:2679716	ENSG00000142606.16	MMEL1	chr1	2679716	2	2.43135e-06	body,up
NC_000006.12:168229430	ENSG00000164488.12	DACT2	chr6	168229430	1	2.44204e-06	up
NC_000004.12:119360882	ENSG00000145384.4	FABP2	chr4	119360882	1	2.44406e-06	dn
NC_000005.10:843059	ENSG00000188818.13	ZDHHC11	chr5	843059	3	2.45415e-06	body,dn,up
NC_000009.12:32635769	ENSG00000122728.6	TAF1L	chr9	32635769	1	2.46447e-06	dn
NC_000016.10:31661610	ENSG00000197302.11	KRBOX5	chr16	31661610	1	2.48307e-06	dn
NC_000010.11:80546805	ENSG00000178217.15	SH2D4B	chr10	80546805	1	2.49595e-06	up
NC_000010.11:52745231	ENSG00000165471.7	MBL2	chr10	52745231	1	2.51737e-06	dn
NC_000002.12:100452918	ENSG00000204640.1	NMS	chr2	100452918	1	2.52625e-06	up
NC_000011.10:26625282	ENSG00000169550.14	MUC15	chr11	26625282	1	2.53237e-06	dn
NC_000001.11:121016504	ENSG00000263353.4	PPIAL4A	chr1	121016504	1	2.53848e-06	up
NC_000009.12:113082802	ENSG00000136866.14	ZFP37	chr9	113082802	1	2.54669e-06	dn
NC_000010.11:75468936	ENSG00000148655.16	LRMDA	chr10	75468936	1	2.55298e-06	enh
NC_000004.12:173438888	ENSG00000164106.8	SCRG1	chr4	173438888	3	2.55579e-06	body,dn,up
NC_000005.10:843343	ENSG00000188818.13	ZDHHC11	chr5	843343	3	2.57622e-06	body,dn,up
NC_000003.12:28272591	ENSG00000187118.14	CMC1	chr3	28272591	1	2.57723e-06	body
NC_000003.12:15640855	ENSG00000131373.15	HACL1	chr3	15640855	3	2.58006e-06	body,dn,up
NC_000010.11:43701979	ENSG00000169740.14	ZNF32	chr10	43701979	1	2.58879e-06	dn
NC_000002.12:227601517	ENSG00000284643.1	SCYGR2	chr2	227601517	1	2.58906e-06	body
NC_000006.12:157311936	ENSG00000215712.11	TMEM242	chr6	157311936	1	2.60037e-06	up
NC_000005.10:127122477	ENSG00000164241.14	C5orf63	chr5	127122477	1	2.60578e-06	dn
NC_000012.12:112549756	ENSG00000089169.15	RPH3A	chr12	112549756	1	2.61549e-06	enh
NC_000017.11:73177440	ENSG00000180616.9	SSTR2	chr17	73177440	2	2.63864e-06	dn,prom
NC_000015.10:77778156	ENSG00000169783.13	LINGO1	chr15	77778156	2	2.64117e-06	body,up
NC_000004.12:185056135	ENSG00000187821.9	HELT	chr4	185056135	1	2.65515e-06	dn
NC_000010.11:86822624	ENSG00000107779.16	BMPR1A	chr10	86822624	2	2.68046e-06	body,up
NC_000002.12:135833724	ENSG00000115850.10	LCT	chr2	135833724	2	2.69715e-06	body,up
NC_000001.11:912998	ENSG00000187634.13	SAMD11	chr1	912998	1	2.70452e-06	up
NC_000019.10:36296348	ENSG00000196357.12	ZNF565	chr19	36296348	2	2.71903e-06	dn,up
NC_000005.10:131809470	ENSG00000217128.13	FNIP1	chr5	131809470	2	2.74619e-06	body,up
NC_000005.10:56908210	ENSG00000155542.12	SETD9	chr5	56908210	1	2.77156e-06	up
NC_000008.11:66337889	ENSG00000179041.4	RRS1	chr8	66337889	1	2.77868e-06	up
NC_000005.10:127116122	ENSG00000164241.14	C5orf63	chr5	127116122	1	2.78323e-06	dn
NC_000001.11:2672049	ENSG00000142606.16	MMEL1	chr1	2672049	3	2.78616e-06	body,dn,up
NC_000018.10:10280774	ENSG00000154856.13	APCDD1	chr18	10280774	1	2.80505e-06	enh
NC_000008.11:35703721	ENSG00000156687.11	UNC5D	chr8	35703721	1	2.81885e-06	body
NC_000006.12:169573863	ENSG00000285733.1	ENSG00000285733	chr6	169573863	1	2.82872e-06	dn
NC_000004.12:119328485	ENSG00000145384.4	FABP2	chr4	119328485	1	2.84898e-06	dn
NC_000007.14:86986520	ENSG00000164659.15	ELAPOR2	chr7	86986520	2	2.85391e-06	body,up
NC_000009.12:138176545	ENSG00000148408.15	CACNA1B	chr9	138176545	1	2.86563e-06	prom
NC_000019.10:36303752	ENSG00000196357.12	ZNF565	chr19	36303752	1	2.86634e-06	up
NC_000004.12:151489082	ENSG00000164142.16	FHIP1A	chr4	151489082	1	2.8678e-06	body
NC_000020.11:5321577	ENSG00000101292.8	PROKR2	chr20	5321577	1	2.87472e-06	up
NC_000001.11:209897009	ENSG00000143469.21	SYT14	chr1	209897009	2	2.87879e-06	body,up
NC_000007.14:65081544	ENSG00000213462.5	ERV3-1	chr7	65081544	1	2.88443e-06	up
NC_000011.10:74911139	ENSG00000166435.17	XRRA1	chr11	74911139	2	2.8862e-06	body,dn
NC_000001.11:223021815	ENSG00000187554.15	TLR5	chr1	223021815	1	2.91873e-06	enh
NC_000012.12:53943586	ENSG00000123364.5	HOXC13	chr12	53943586	1	2.92309e-06	up
NC_000005.10:153606687	ENSG00000155511.19	GRIA1	chr5	153606687	1	2.92428e-06	body
NC_000008.11:389172	ENSG00000147364.17	FBXO25	chr8	389172	1	2.92645e-06	up
NC_000007.14:87209636	ENSG00000135185.12	TMEM243	chr7	87209636	3	2.93011e-06	body,dn,up
NC_000020.11:31075446	ENSG00000215547.1	DEFB115	chr20	31075446	1	2.96612e-06	up
NC_000011.10:58048456	ENSG00000279051.5	OR6Q1	chr11	58048456	1	2.97113e-06	up
NC_000008.11:272339	ENSG00000172748.14	ZNF596	chr8	272339	1	2.97813e-06	dn
NC_000009.12:113082275	ENSG00000136866.14	ZFP37	chr9	113082275	1	3.01008e-06	dn
NC_000014.9:56139445	ENSG00000139946.11	PELI2	chr14	56139445	1	3.03592e-06	body
NC_000014.9:51942363	ENSG00000087302.9	RTRAF	chr14	51942363	1	3.03723e-06	up
NC_000003.12:61254798	ENSG00000189283.11	FHIT	chr3	61254798	1	3.05143e-06	up
NC_000003.12:161528663	ENSG00000182447.4	OTOL1	chr3	161528663	1	3.05725e-06	dn
NC_000006.12:160620986	ENSG00000198670.13	LPA	chr6	160620986	1	3.06307e-06	dn
NC_000009.12:113060106	ENSG00000136866.14	ZFP37	chr9	113060106	1	3.06899e-06	dn
NC_000016.10:74789818	ENSG00000103089.9	FA2H	chr16	74789818	1	3.07916e-06	dn
NC_000018.10:15513317	ENSG00000180777.15	ANKRD30B	chr18	15513317	1	3.11896e-06	body
NC_000012.12:8184283	ENSG00000196946.11	ZNF705A	chr12	8184283	1	3.13174e-06	body
NC_000011.10:122539863	ENSG00000154127.10	UBASH3B	chr11	122539863	1	3.13829e-06	up
NC_000001.11:220823575	ENSG00000286231.1	ENSG00000286231	chr1	220823575	1	3.14254e-06	body
NC_000001.11:153141228	ENSG00000159516.9	SPRR2G	chr1	153141228	1	3.15421e-06	up
NC_000010.11:79684928	ENSG00000188199.11	NUTM2B	chr10	79684928	1	3.15736e-06	up
NC_000017.11:26869367	ENSG00000109046.15	WSB1	chr17	26869367	1	3.15957e-06	up
NC_000003.12:120575074	ENSG00000065518.8	NDUFB4	chr3	120575074	1	3.16332e-06	body
NC_000022.11:50118605	ENSG00000073146.17	MOV10L1	chr22	50118605	1	3.18507e-06	up
NC_000002.12:222580005	ENSG00000116120.11	FARSB	chr2	222580005	2	3.18613e-06	body,dn
NC_000008.11:66333192	ENSG00000179041.4	RRS1	chr8	66333192	1	3.1906e-06	up
NC_000017.11:21967575	ENSG00000260458.3	KCNJ18	chr17	21967575	1	3.22986e-06	dn
NC_000005.10:173964129	ENSG00000185056.10	C5orf47	chr5	173964129	1	3.23375e-06	prom
NC_000005.10:102752133	ENSG00000145730.21	PAM	chr5	102752133	2	3.23384e-06	enh,up
NC_000019.10:36298883	ENSG00000196357.12	ZNF565	chr19	36298883	3	3.23847e-06	body,dn,up
NC_000008.11:17081789	ENSG00000155970.12	MICU3	chr8	17081789	1	3.28229e-06	body
NC_000010.11:38829032	ENSG00000283930.1	PLD5P1	chr10	38829032	2	3.30492e-06	body,up
NC_000007.14:155776004	ENSG00000164690.8	SHH	chr7	155776004	1	3.31782e-06	up
NC_000001.11:121643383	ENSG00000188610.12	FAM72B	chr1	121643383	2	3.32707e-06	dn,up
NC_000009.12:138176116	ENSG00000148408.15	CACNA1B	chr9	138176116	1	3.32861e-06	prom
NC_000008.11:109536270	ENSG00000147654.16	EBAG9	chr8	109536270	1	3.39416e-06	up
NC_000010.11:7932290	ENSG00000107485.18	GATA3	chr10	7932290	1	3.4051e-06	up
NC_000008.11:205911	ENSG00000172748.14	ZNF596	chr8	205911	1	3.40597e-06	dn
NC_000008.11:66340271	ENSG00000179041.4	RRS1	chr8	66340271	1	3.40798e-06	up
NC_000002.12:227924860	ENSG00000123977.10	DAW1	chr2	227924860	1	3.48764e-06	body
NC_000001.11:198335148	ENSG00000151414.15	NEK7	chr1	198335148	1	3.51354e-06	enh
NC_000020.11:31060114	ENSG00000215547.1	DEFB115	chr20	31060114	1	3.51545e-06	up
NC_000022.11:49762165	ENSG00000100425.19	BRD1	chr22	49762165	2	3.52761e-06	enh,up
NC_000009.12:74940660	ENSG00000135045.7	C9orf40	chr9	74940660	1	3.59238e-06	dn
NC_000020.11:2643728	ENSG00000101361.17	NOP56	chr20	2643728	1	3.59613e-06	dn
NC_000012.12:106225269	ENSG00000166046.11	TCP11L2	chr12	106225269	1	3.59725e-06	up
NC_000014.9:95424609	ENSG00000176438.13	SYNE3	chr14	95424609	3	3.60377e-06	body,dn,up
NC_000001.11:152218691	ENSG00000197915.7	HRNR	chr1	152218691	1	3.60529e-06	dn
NC_000014.9:55266937	ENSG00000178974.11	FBXO34	chr14	55266937	1	3.61517e-06	body
NC_000006.12:139001401	ENSG00000135597.19	REPS1	chr6	139001401	1	3.63836e-06	dn
NC_000003.12:10690350	ENSG00000157087.20	ATP2B2	chr3	10690350	1	3.64024e-06	up
NC_000009.12:113085465	ENSG00000136866.14	ZFP37	chr9	113085465	1	3.6594e-06	dn
NC_000011.10:27637584	ENSG00000176697.20	BDNF	chr11	27637584	1	3.69171e-06	up
NC_000002.12:74931377	ENSG00000115350.12	POLE4	chr2	74931377	1	3.70156e-06	dn
NC_000017.11:68769729	ENSG00000108950.12	FAM20A	chr17	68769729	1	3.70611e-06	enh
NC_000001.11:733661	ENSG00000284662.2	OR4F16	chr1	733661	1	3.74317e-06	dn
NC_000006.12:110476302	ENSG00000004809.14	SLC22A16	chr6	110476302	3	3.74733e-06	body,dn,up
NC_000001.11:2671395	ENSG00000142606.16	MMEL1	chr1	2671395	3	3.76883e-06	body,dn,up
NC_000006.12:157312627	ENSG00000215712.11	TMEM242	chr6	157312627	1	3.81353e-06	up
NC_000014.9:51197500	ENSG00000139921.13	TMX1	chr14	51197500	1	3.82341e-06	up
NC_000017.11:73177341	ENSG00000180616.9	SSTR2	chr17	73177341	2	3.84216e-06	dn,prom
NC_000001.11:121020771	ENSG00000263353.4	PPIAL4A	chr1	121020771	1	3.87774e-06	up
NC_000010.11:127804478	ENSG00000186766.8	FOXI2	chr10	127804478	1	3.89036e-06	dn
NC_000020.11:41495084	ENSG00000124177.16	CHD6	chr20	41495084	1	3.89393e-06	up
NC_000017.11:21702898	ENSG00000260458.3	KCNJ18	chr17	21702898	1	3.95462e-06	dn
NC_000020.11:45676401	ENSG00000180083.11	WFDC11	chr20	45676401	1	3.99203e-06	dn
NC_000001.11:175887565	ENSG00000116147.19	TNR	chr1	175887565	1	3.99536e-06	dn
NC_000001.11:121020214	ENSG00000263353.4	PPIAL4A	chr1	121020214	1	4.01402e-06	up
NC_000007.14:158916248	ENSG00000126870.16	DYNC2I1	chr7	158916248	1	4.01856e-06	body
NC_000017.11:26831683	ENSG00000109046.15	WSB1	chr17	26831683	1	4.03464e-06	up
NC_000005.10:181173603	ENSG00000182613.3	OR2V2	chr5	181173603	2	4.04007e-06	dn,prom
NC_000004.12:119316701	ENSG00000145384.4	FABP2	chr4	119316701	1	4.04228e-06	dn
NC_000001.11:2658438	ENSG00000142606.16	MMEL1	chr1	2658438	1	4.04321e-06	dn
NC_000002.12:158926732	ENSG00000115183.15	TANC1	chr2	158926732	1	4.11722e-06	up
NC_000001.11:2661508	ENSG00000142606.16	MMEL1	chr1	2661508	1	4.16643e-06	dn
NC_000007.14:141784681	ENSG00000127366.5	TAS2R5	chr7	141784681	1	4.16987e-06	dn
NC_000012.12:112565850	ENSG00000089169.15	RPH3A	chr12	112565850	1	4.18477e-06	enh
NC_000005.10:66693715	ENSG00000069020.19	MAST4	chr5	66693715	1	4.18513e-06	body
NC_000001.11:209969110	ENSG00000143469.21	SYT14	chr1	209969110	1	4.2272e-06	enh
NC_000019.10:23883946	ENSG00000213967.12	ZNF726	chr19	23883946	1	4.33779e-06	dn
NC_000014.9:18652946	ENSG00000257115.2	OR11H12	chr14	18652946	1	4.34136e-06	up
NC_000011.10:123322390	ENSG00000023171.20	GRAMD1B	chr11	123322390	1	4.34554e-06	prom
NC_000009.12:113082168	ENSG00000136866.14	ZFP37	chr9	113082168	1	4.35712e-06	dn
NC_000007.14:30924366	ENSG00000240583.14	AQP1	chr7	30924366	1	4.36213e-06	up
NC_000001.11:2660444	ENSG00000142606.16	MMEL1	chr1	2660444	1	4.39943e-06	dn
NC_000009.12:113065618	ENSG00000136866.14	ZFP37	chr9	113065618	1	4.41606e-06	dn
NC_000012.12:5046876	ENSG00000130037.5	KCNA5	chr12	5046876	1	4.43573e-06	enh
NC_000020.11:19664624	ENSG00000132669.14	RIN2	chr20	19664624	1	4.52515e-06	up
NC_000011.10:124209643	ENSG00000255425.6	OR8G3P	chr11	124209643	1	4.5341e-06	up
NC_000007.14:49853052	ENSG00000188730.5	VWC2	chr7	49853052	1	4.54504e-06	body
NC_000010.11:38833453	ENSG00000283930.1	PLD5P1	chr10	38833453	2	4.54663e-06	body,dn
NC_000011.10:58483167	ENSG00000198283.3	OR5B21	chr11	58483167	1	4.58102e-06	up
NC_000010.11:87741550	ENSG00000198682.13	PAPSS2	chr10	87741550	1	4.58874e-06	dn
NC_000009.12:113082210	ENSG00000136866.14	ZFP37	chr9	113082210	1	4.59393e-06	dn
NC_000005.10:78457904	ENSG00000085365.18	SCAMP1	chr5	78457904	1	4.60508e-06	body
NC_000010.11:127575343	ENSG00000214285.3	NPS	chr10	127575343	1	4.61065e-06	dn
NC_000013.11:19093712	ENSG00000198033.13	TUBA3C	chr13	19093712	1	4.63667e-06	dn
NC_000004.12:190120882	ENSG00000260596.5	DUX4	chr4	190120882	1	4.63744e-06	up
NC_000015.10:101679495	ENSG00000184277.13	TM2D3	chr15	101679495	1	4.64723e-06	dn
NC_000020.11:31092466	ENSG00000215547.1	DEFB115	chr20	31092466	1	4.67224e-06	up
NC_000006.12:169578101	ENSG00000285733.1	ENSG00000285733	chr6	169578101	1	4.70786e-06	dn
NC_000020.11:2390163	ENSG00000166948.10	TGM6	chr20	2390163	1	4.72114e-06	up
NC_000011.10:71512287	ENSG00000244411.4	KRTAP5-7	chr11	71512287	1	4.7711e-06	enh
NC_000002.12:75161752	ENSG00000115353.11	TACR1	chr2	75161752	2	4.77804e-06	body,up
NC_000002.12:74955849	ENSG00000115350.12	POLE4	chr2	74955849	1	4.83159e-06	dn
NC_000001.11:247531206	ENSG00000196242.10	OR2C3	chr1	247531206	1	4.87096e-06	up
NC_000002.12:177387132	ENSG00000018510.18	AGPS	chr2	177387132	1	4.88072e-06	body
NC_000018.10:45765222	ENSG00000197046.12	SIGLEC15	chr18	45765222	1	4.92634e-06	up
NC_000001.11:210001563	ENSG00000143469.21	SYT14	chr1	210001563	1	4.94463e-06	up
NC_000008.11:24957856	ENSG00000277586.4	NEFL	chr8	24957856	1	4.97952e-06	up
NC_000002.12:201824766	ENSG00000138395.17	CDK15	chr2	201824766	1	5.00405e-06	up
NC_000011.10:113268833	ENSG00000149292.17	TTC12	chr11	113268833	1	5.02325e-06	prom
NC_000004.12:7779495	ENSG00000196526.11	AFAP1	chr4	7779495	1	5.03539e-06	up
NC_000011.10:91623494	ENSG00000165323.16	FAT3	chr11	91623494	1	5.05675e-06	body
NC_000011.10:122439904	ENSG00000154127.10	UBASH3B	chr11	122439904	1	5.08888e-06	up
NC_000020.11:25762592	ENSG00000130684.14	ZNF337	chr20	25762592	1	5.11297e-06	up
NC_000010.11:113503412	ENSG00000148702.15	HABP2	chr10	113503412	1	5.12086e-06	up
NC_000009.12:113060490	ENSG00000136866.14	ZFP37	chr9	113060490	1	5.12616e-06	dn
NC_000009.12:32730011	ENSG00000188133.6	TMEM215	chr9	32730011	1	5.13238e-06	up
NC_000006.12:163956653	ENSG00000112531.17	QKI	chr6	163956653	2	5.13691e-06	enh,up
NC_000020.11:31066436	ENSG00000215547.1	DEFB115	chr20	31066436	1	5.18507e-06	up
NC_000016.10:20649881	ENSG00000005187.12	ACSM3	chr16	20649881	1	5.23701e-06	body
NC_000013.11:94597397	ENSG00000088451.11	TGDS	chr13	94597397	1	5.26595e-06	dn
NC_000010.11:4847533	ENSG00000165568.18	AKR1E2	chr10	4847533	1	5.28085e-06	body
NC_000010.11:38788863	ENSG00000283930.1	PLD5P1	chr10	38788863	1	5.28512e-06	dn
NC_000003.12:122129322	ENSG00000036828.17	CASR	chr3	122129322	1	5.29286e-06	enh
NC_000004.12:37103514	ENSG00000174145.8	NWD2	chr4	37103514	1	5.29422e-06	enh
NC_000007.14:64869507	ENSG00000198039.12	ZNF273	chr7	64869507	1	5.31624e-06	dn
NC_000001.11:719762	ENSG00000284662.2	OR4F16	chr1	719762	1	5.33311e-06	prom
NC_000001.11:779614	ENSG00000284662.2	OR4F16	chr1	779614	1	5.3447e-06	prom
NC_000003.12:125022395	ENSG00000173706.15	HEG1	chr3	125022395	3	5.39184e-06	body,dn,up
NC_000012.12:107598387	ENSG00000136045.12	PWP1	chr12	107598387	1	5.41412e-06	up
NC_000005.10:140710436	ENSG00000146007.11	ZMAT2	chr5	140710436	1	5.44e-06	dn
NC_000005.10:841549	ENSG00000188818.13	ZDHHC11	chr5	841549	3	5.45844e-06	body,dn,up
NC_000020.11:54153514	ENSG00000019186.10	CYP24A1	chr20	54153514	1	5.48454e-06	up
NC_000003.12:131419817	ENSG00000198585.12	NUDT16	chr3	131419817	1	5.49019e-06	dn
NC_000001.11:212279587	ENSG00000066027.12	PPP2R5A	chr1	212279587	1	5.50235e-06	body
NC_000010.11:14049972	ENSG00000151474.23	FRMD4A	chr10	14049972	1	5.52144e-06	up
NC_000012.12:129910677	ENSG00000151952.16	TMEM132D	chr12	129910677	1	5.57574e-06	body
NC_000014.9:18656314	ENSG00000257115.2	OR11H12	chr14	18656314	1	5.58404e-06	up
NC_000012.12:71272948	ENSG00000139292.13	LGR5	chr12	71272948	1	5.6129e-06	up
NC_000011.10:134046268	ENSG00000166086.13	JAM3	chr11	134046268	1	5.61376e-06	up
NC_000012.12:110992251	ENSG00000111249.14	CUX2	chr12	110992251	1	5.64147e-06	up
NC_000004.12:26436901	ENSG00000163394.6	CCKAR	chr4	26436901	1	5.64983e-06	up
NC_000020.11:60115683	ENSG00000124215.17	CDH26	chr20	60115683	2	5.67496e-06	dn,enh
NC_000010.11:122969993	ENSG00000179988.15	PSTK	chr10	122969993	1	5.68799e-06	body
NC_000005.10:137680686	ENSG00000146021.15	KLHL3	chr5	137680686	3	5.71541e-06	body,dn,up
NC_000001.11:115367244	ENSG00000134259.6	NGF	chr1	115367244	1	5.71894e-06	up
NC_000020.11:31191741	ENSG00000215547.1	DEFB115	chr20	31191741	1	5.75085e-06	up
NC_000001.11:152219357	ENSG00000197915.7	HRNR	chr1	152219357	1	5.77271e-06	dn
NC_000008.11:66355510	ENSG00000179041.4	RRS1	chr8	66355510	1	5.90136e-06	up
NC_000006.12:169216176	ENSG00000186340.17	THBS2	chr6	169216176	1	5.9475e-06	up
NC_000011.10:20358953	ENSG00000109854.14	HTATIP2	chr11	20358953	1	5.95123e-06	dn
NC_000007.14:158915993	ENSG00000126870.16	DYNC2I1	chr7	158915993	1	5.98854e-06	body
NC_000001.11:735426	ENSG00000284662.2	OR4F16	chr1	735426	1	5.99498e-06	dn
NC_000019.10:36280120	ENSG00000196357.12	ZNF565	chr19	36280120	1	6.02162e-06	up
NC_000009.12:113082171	ENSG00000136866.14	ZFP37	chr9	113082171	1	6.05734e-06	dn
NC_000001.11:2671792	ENSG00000142606.16	MMEL1	chr1	2671792	1	6.06496e-06	dn
NC_000006.12:6274343	ENSG00000124491.16	F13A1	chr6	6274343	1	6.06788e-06	up
NC_000004.12:52806866	ENSG00000226887.8	ERVMER34-1	chr4	52806866	1	6.07162e-06	dn
NC_000014.9:18661671	ENSG00000257115.2	OR11H12	chr14	18661671	1	6.07804e-06	up
NC_000020.11:2389000	ENSG00000166948.10	TGM6	chr20	2389000	1	6.08804e-06	up
NC_000019.10:7450940	ENSG00000198723.11	SAXO5	chr19	7450940	1	6.11675e-06	up
NC_000019.10:22633947	ENSG00000229676.3	ZNF492	chr19	22633947	3	6.13929e-06	body,dn,prom
NC_000021.9:44937247	ENSG00000160256.14	SLX9	chr21	44937247	1	6.1655e-06	body
NC_000001.11:192893516	ENSG00000116741.8	RGS2	chr1	192893516	1	6.1674e-06	dn
NC_000006.12:157285738	ENSG00000215712.11	TMEM242	chr6	157285738	1	6.16875e-06	up
NC_000002.12:74943172	ENSG00000115350.12	POLE4	chr2	74943172	1	6.1818e-06	dn
NC_000009.12:39550199	ENSG00000204849.10	SPATA31A1	chr9	39550199	1	6.22371e-06	dn
NC_000003.12:149253014	ENSG00000047457.14	CP	chr3	149253014	1	6.26041e-06	enh
NC_000003.12:189552542	ENSG00000073282.14	TP63	chr3	189552542	1	6.27052e-06	body
NC_000006.12:690025	ENSG00000112685.14	EXOC2	chr6	690025	1	6.30497e-06	up
NC_000022.11:50106014	ENSG00000073146.17	MOV10L1	chr22	50106014	1	6.32434e-06	enh
NC_000001.11:115259589	ENSG00000134259.6	NGF	chr1	115259589	1	6.32562e-06	up
NC_000010.11:79946336	ENSG00000133661.17	SFTPD	chr10	79946336	1	6.33253e-06	up
NC_000001.11:47991997	ENSG00000269113.4	TRABD2B	chr1	47991997	1	6.38642e-06	dn
NC_000002.12:106913493	ENSG00000144057.16	ST6GAL2	chr2	106913493	1	6.40533e-06	up
NC_000010.11:46877453	ENSG00000204179.11	PTPN20	chr10	46877453	1	6.40948e-06	up
NC_000008.11:103125405	ENSG00000164929.17	BAALC	chr8	103125405	1	6.41346e-06	up
NC_000001.11:115367314	ENSG00000134259.6	NGF	chr1	115367314	1	6.44974e-06	up
NC_000020.11:31058074	ENSG00000215547.1	DEFB115	chr20	31058074	1	6.45311e-06	up
NC_000009.12:32699277	ENSG00000122728.6	TAF1L	chr9	32699277	1	6.48911e-06	dn
NC_000002.12:131429739	ENSG00000075886.11	TUBA3D	chr2	131429739	1	6.51053e-06	prom
NC_000001.11:7371161	ENSG00000049245.13	VAMP3	chr1	7371161	1	6.55157e-06	dn
NC_000001.11:247849678	ENSG00000162722.9	TRIM58	chr1	247849678	1	6.55479e-06	up
NC_000008.11:66370697	ENSG00000179041.4	RRS1	chr8	66370697	1	6.55751e-06	up
NC_000011.10:92875840	ENSG00000134640.3	MTNR1B	chr11	92875840	2	6.57267e-06	prom,up
NC_000005.10:66524228	ENSG00000069020.19	MAST4	chr5	66524228	1	6.57814e-06	up
NC_000008.11:66356089	ENSG00000179041.4	RRS1	chr8	66356089	1	6.59641e-06	up
NC_000020.11:2390157	ENSG00000166948.10	TGM6	chr20	2390157	1	6.60795e-06	up
NC_000001.11:121021159	ENSG00000263353.4	PPIAL4A	chr1	121021159	1	6.64028e-06	up
NC_000010.11:126055862	ENSG00000203780.12	FANK1	chr10	126055862	1	6.64542e-06	dn
NC_000006.12:149983434	ENSG00000111981.5	ULBP1	chr6	149983434	1	6.64993e-06	dn
NC_000022.11:24849412	ENSG00000167037.19	SGSM1	chr22	24849412	1	6.68862e-06	up
NC_000009.12:32702979	ENSG00000122728.6	TAF1L	chr9	32702979	1	6.71712e-06	dn
NC_000012.12:112532663	ENSG00000089169.15	RPH3A	chr12	112532663	1	6.74401e-06	enh
NC_000010.11:79945998	ENSG00000133661.17	SFTPD	chr10	79945998	2	6.76562e-06	body,dn
NC_000010.11:46879379	ENSG00000204179.11	PTPN20	chr10	46879379	1	6.81539e-06	up
NC_000004.12:16774014	ENSG00000169744.13	LDB2	chr4	16774014	1	6.82282e-06	up
NC_000019.10:21566771	ENSG00000197013.11	ZNF429	chr19	21566771	1	6.84987e-06	dn
NC_000010.11:113509581	ENSG00000148702.15	HABP2	chr10	113509581	1	6.91972e-06	up
NC_000001.11:64033159	ENSG00000177414.14	UBE2U	chr1	64033159	1	6.94184e-06	body
NC_000001.11:153007023	ENSG00000163209.15	SPRR3	chr1	153007023	1	6.95362e-06	dn
NC_000011.10:118680425	ENSG00000118094.12	TREH	chr11	118680425	1	6.95577e-06	dn
NC_000012.12:30879017	ENSG00000110900.16	TSPAN11	chr12	30879017	1	7.02061e-06	up
NC_000006.12:47636397	ENSG00000153294.12	ADGRF4	chr6	47636397	1	7.0212e-06	up
NC_000011.10:134045758	ENSG00000166086.13	JAM3	chr11	134045758	1	7.03342e-06	up
NC_000012.12:129066748	ENSG00000151948.12	GLT1D1	chr12	129066748	1	7.03813e-06	dn
NC_000011.10:63196407	ENSG00000196600.13	SLC22A25	chr11	63196407	2	7.0469e-06	body,up
NC_000002.12:70891758	ENSG00000116035.4	VAX2	chr2	70891758	1	7.06729e-06	enh
NC_000009.12:113088903	ENSG00000136866.14	ZFP37	chr9	113088903	1	7.12833e-06	dn
NC_000006.12:157311248	ENSG00000215712.11	TMEM242	chr6	157311248	1	7.13159e-06	up
NC_000002.12:152009651	ENSG00000283228.1	ENSG00000283228	chr2	152009651	2	7.15807e-06	body,dn
NC_000020.11:31187538	ENSG00000215547.1	DEFB115	chr20	31187538	1	7.1635e-06	up
NC_000014.9:95423060	ENSG00000176438.13	SYNE3	chr14	95423060	3	7.2215e-06	body,dn,up
NC_000001.11:121016527	ENSG00000263353.4	PPIAL4A	chr1	121016527	1	7.22342e-06	up
NC_000019.10:7450702	ENSG00000198723.11	SAXO5	chr19	7450702	1	7.22978e-06	up
NC_000007.14:100952920	ENSG00000169894.18	MUC3A	chr7	100952920	1	7.2351e-06	body
NC_000007.14:29809719	ENSG00000122574.12	WIPF3	chr7	29809719	1	7.28369e-06	up
NC_000006.12:77654672	ENSG00000269964.4	MEI4	chr6	77654672	1	7.286e-06	body
NC_000006.12:58227167	ENSG00000146143.19	PRIM2	chr6	58227167	1	7.29399e-06	dn
NC_000006.12:408689	ENSG00000137265.16	IRF4	chr6	408689	1	7.29858e-06	dn
NC_000016.10:31538312	ENSG00000169877.10	AHSP	chr16	31538312	1	7.3e-06	dn
NC_000001.11:121750135	ENSG00000188610.12	FAM72B	chr1	121750135	1	7.34275e-06	up
NC_000002.12:3287359	ENSG00000032389.13	EIPR1	chr2	3287359	3	7.3564e-06	body,dn,up
NC_000020.11:61203245	ENSG00000179242.16	CDH4	chr20	61203245	1	7.3661e-06	up
NC_000007.14:118442905	ENSG00000106013.15	ANKRD7	chr7	118442905	1	7.37192e-06	body
NC_000020.11:2393483	ENSG00000166948.10	TGM6	chr20	2393483	1	7.37674e-06	up
NC_000006.12:85442180	ENSG00000135318.12	NT5E	chr6	85442180	1	7.41915e-06	dn
NC_000002.12:241016474	ENSG00000162804.15	SNED1	chr2	241016474	1	7.50928e-06	body
NC_000013.11:72203014	ENSG00000276644.5	DACH1	chr13	72203014	1	7.51852e-06	up
NC_000001.11:116191720	ENSG00000173212.5	MAB21L3	chr1	116191720	1	7.5395e-06	dn
NC_000010.11:113561367	ENSG00000148702.15	HABP2	chr10	113561367	1	7.54901e-06	up
NC_000007.14:22725790	ENSG00000136244.12	IL6	chr7	22725790	1	7.59778e-06	dn
NC_000020.11:62607440	ENSG00000101187.16	SLCO4A1	chr20	62607440	1	7.6621e-06	up
NC_000010.11:98265169	ENSG00000138131.4	LOXL4	chr10	98265169	2	7.79812e-06	body,up
NC_000006.12:149982252	ENSG00000111981.5	ULBP1	chr6	149982252	1	7.82865e-06	dn
NC_000007.14:58088775	ENSG00000182111.9	ZNF716	chr7	58088775	1	7.84629e-06	up
NC_000001.11:2665093	ENSG00000142606.16	MMEL1	chr1	2665093	1	7.93702e-06	dn
NC_000011.10:234570	ENSG00000142082.15	SIRT3	chr11	234570	1	7.93963e-06	enh
NC_000005.10:103039268	ENSG00000145723.17	GIN1	chr5	103039268	3	7.96899e-06	body,dn,up
NC_000002.12:113397631	ENSG00000136682.16	ZNG1B	chr2	113397631	1	8.00351e-06	body
NC_000006.12:157312593	ENSG00000215712.11	TMEM242	chr6	157312593	1	8.01606e-06	up
NC_000015.10:100058573	ENSG00000140470.15	ADAMTS17	chr15	100058573	1	8.02899e-06	dn
NC_000018.10:495672	ENSG00000158270.12	COLEC12	chr18	495672	2	8.02965e-06	body,dn
NC_000016.10:88293288	ENSG00000225614.4	ZNF469	chr16	88293288	1	8.03268e-06	dn
NC_000002.12:71160971	ENSG00000124383.11	MPHOSPH10	chr2	71160971	1	8.03719e-06	up
NC_000007.14:158916750	ENSG00000126870.16	DYNC2I1	chr7	158916750	1	8.04932e-06	body
NC_000006.12:169573728	ENSG00000285733.1	ENSG00000285733	chr6	169573728	1	8.05277e-06	dn
NC_000002.12:177383404	ENSG00000018510.18	AGPS	chr2	177383404	1	8.06722e-06	body
NC_000001.11:48003248	ENSG00000269113.4	TRABD2B	chr1	48003248	1	8.18449e-06	up
NC_000012.12:48550971	ENSG00000198678.5	OR5BS1P	chr12	48550971	1	8.20115e-06	up
NC_000005.10:843377	ENSG00000188818.13	ZDHHC11	chr5	843377	3	8.22798e-06	body,dn,up
NC_000001.11:30796094	ENSG00000162511.8	LAPTM5	chr1	30796094	1	8.2413e-06	dn
NC_000009.12:113059868	ENSG00000136866.14	ZFP37	chr9	113059868	1	8.31412e-06	dn
NC_000009.12:113085490	ENSG00000136866.14	ZFP37	chr9	113085490	1	8.31926e-06	dn
NC_000020.11:2359171	ENSG00000166948.10	TGM6	chr20	2359171	1	8.35051e-06	up
NC_000010.11:113493110	ENSG00000148702.15	HABP2	chr10	113493110	1	8.41527e-06	up
NC_000013.11:30471184	ENSG00000236444.5	UBE2L5	chr13	30471184	1	8.43321e-06	dn
NC_000014.9:55500387	ENSG00000182521.6	TBPL2	chr14	55500387	2	8.47125e-06	body,up
NC_000001.11:59265965	ENSG00000172456.18	FGGY	chr1	59265965	1	8.48122e-06	up
NC_000010.11:38510261	ENSG00000283930.1	PLD5P1	chr10	38510261	2	8.48399e-06	body,up
NC_000009.12:113376249	ENSG00000119431.10	HDHD3	chr9	113376249	4	8.50555e-06	body,dn,prom,up
NC_000010.11:133759244	ENSG00000225899.8	FRG2B	chr10	133759244	1	8.53667e-06	dn
NC_000018.10:5015504	ENSG00000231824.4	AKAIN1	chr18	5015504	1	8.56649e-06	dn
NC_000006.12:169577001	ENSG00000285733.1	ENSG00000285733	chr6	169577001	1	8.57114e-06	dn
NC_000004.12:120906648	ENSG00000138738.11	PRDM5	chr4	120906648	2	8.57462e-06	body,up
NC_000011.10:35404041	ENSG00000110436.13	SLC1A2	chr11	35404041	2	8.59798e-06	body,up
NC_000012.12:112566254	ENSG00000089169.15	RPH3A	chr12	112566254	1	8.61173e-06	enh
NC_000004.12:3413624	ENSG00000109758.9	HGFAC	chr4	3413624	1	8.61305e-06	up
NC_000006.12:157313010	ENSG00000215712.11	TMEM242	chr6	157313010	1	8.61647e-06	up
NC_000008.11:52878542	ENSG00000288611.1	NPBWR1	chr8	52878542	1	8.62435e-06	up
NC_000010.11:91617549	ENSG00000119938.9	PPP1R3C	chr10	91617549	1	8.626e-06	up
NC_000015.10:70864597	ENSG00000166173.11	LARP6	chr15	70864597	1	8.68823e-06	dn
NC_000005.10:270930	ENSG00000249915.9	PDCD6	chr5	270930	2	8.69312e-06	body,up
NC_000002.12:172691605	ENSG00000091428.18	RAPGEF4	chr2	172691605	1	8.69777e-06	up
NC_000010.11:1660382	ENSG00000185736.16	ADARB2	chr10	1660382	1	8.73702e-06	up
NC_000009.12:138173248	ENSG00000148408.15	CACNA1B	chr9	138173248	1	8.80958e-06	prom
NC_000009.12:138173006	ENSG00000148408.15	CACNA1B	chr9	138173006	1	8.82317e-06	prom
NC_000004.12:126196	ENSG00000250312.8	ZNF718	chr4	126196	1	8.83764e-06	body
NC_000009.12:93947200	ENSG00000131668.14	BARX1	chr9	93947200	1	8.87003e-06	dn
NC_000013.11:24940493	ENSG00000151849.16	CENPJ	chr13	24940493	1	8.93471e-06	dn
NC_000003.12:126703910	ENSG00000159685.11	CHCHD6	chr3	126703910	1	8.9781e-06	up
NC_000005.10:146916291	ENSG00000156475.19	PPP2R2B	chr5	146916291	1	8.99434e-06	up
NC_000001.11:2670287	ENSG00000142606.16	MMEL1	chr1	2670287	2	9.05406e-06	body,up
NC_000002.12:177386181	ENSG00000018510.18	AGPS	chr2	177386181	1	9.0724e-06	body
NC_000007.14:37178191	ENSG00000155849.16	ELMO1	chr7	37178191	1	9.09574e-06	up
NC_000006.12:160626110	ENSG00000198670.13	LPA	chr6	160626110	1	9.12098e-06	dn
NC_000018.10:75264313	ENSG00000179981.11	TSHZ1	chr18	75264313	1	9.13029e-06	enh
NC_000007.14:40309788	ENSG00000175600.16	SUGCT	chr7	40309788	1	9.14237e-06	body
NC_000009.12:32847230	ENSG00000188133.6	TMEM215	chr9	32847230	1	9.14587e-06	up
NC_000019.10:21609251	ENSG00000197013.11	ZNF429	chr19	21609251	1	9.18693e-06	dn
NC_000002.12:3287207	ENSG00000032389.13	EIPR1	chr2	3287207	2	9.25317e-06	body,up
NC_000009.12:120200968	ENSG00000136861.19	CDK5RAP2	chr9	120200968	2	9.2914e-06	body,up
NC_000017.11:19202907	ENSG00000072134.16	EPN2	chr17	19202907	1	9.39118e-06	body
NC_000002.12:224312035	ENSG00000124019.10	FAM124B	chr2	224312035	1	9.41103e-06	up
NC_000012.12:112626142	ENSG00000089169.15	RPH3A	chr12	112626142	1	9.41442e-06	enh
NC_000009.12:113376216	ENSG00000119431.10	HDHD3	chr9	113376216	4	9.41983e-06	body,dn,prom,up
NC_000007.14:100998462	ENSG00000169876.14	MUC17	chr7	100998462	1	9.42575e-06	up
NC_000010.11:16253954	ENSG00000165983.15	PTER	chr10	16253954	1	9.44565e-06	body
NC_000001.11:121117528	ENSG00000171943.12	SRGAP2C	chr1	121117528	2	9.53266e-06	body,up
NC_000009.12:138156623	ENSG00000148408.15	CACNA1B	chr9	138156623	1	9.53696e-06	prom
NC_000020.11:31182465	ENSG00000215547.1	DEFB115	chr20	31182465	1	9.63518e-06	up
NC_000001.11:2673352	ENSG00000142606.16	MMEL1	chr1	2673352	3	9.64747e-06	body,dn,up
NC_000008.11:142390589	ENSG00000171045.16	TSNARE1	chr8	142390589	1	9.68675e-06	up
NC_000010.11:121825550	ENSG00000107669.19	ATE1	chr10	121825550	1	9.69762e-06	up
NC_000009.12:121813440	ENSG00000136848.19	DAB2IP	chr9	121813440	1	9.73336e-06	dn
NC_000002.12:26178443	ENSG00000157833.13	GAREM2	chr2	26178443	2	9.81873e-06	body,prom
NC_000005.10:841175	ENSG00000188818.13	ZDHHC11	chr5	841175	3	9.8355e-06	body,dn,up
NC_000004.12:8630200	ENSG00000109625.19	CPZ	chr4	8630200	1	9.84334e-06	body
NC_000020.11:31089441	ENSG00000215547.1	DEFB115	chr20	31089441	1	9.90032e-06	up
NC_000006.12:149025873	ENSG00000055208.20	TAB2	chr6	149025873	1	9.92527e-06	enh
NC_000015.10:80282579	ENSG00000259417.3	CTXND1	chr15	80282579	1	9.938e-06	dn
NC_000003.12:75689025	ENSG00000172969.8	FRG2C	chr3	75689025	1	9.99659e-06	dn
NC_000002.12:119661198	ENSG00000144120.13	TMEM177	chr2	119661198	1	1.00075e-05	up
NC_000006.12:6659077	ENSG00000112799.9	LY86	chr6	6659077	2	1.00374e-05	dn,enh
NC_000007.14:87209694	ENSG00000135185.12	TMEM243	chr7	87209694	3	1.00614e-05	body,dn,up
NC_000014.9:18611165	ENSG00000257115.2	OR11H12	chr14	18611165	1	1.01212e-05	up
NC_000002.12:102195481	ENSG00000115598.10	IL1RL2	chr2	102195481	1	1.01525e-05	body
NC_000006.12:150508484	ENSG00000120278.17	PLEKHG1	chr6	150508484	1	1.02299e-05	up
NC_000005.10:78458150	ENSG00000085365.18	SCAMP1	chr5	78458150	1	1.02324e-05	body
NC_000001.11:2678928	ENSG00000142606.16	MMEL1	chr1	2678928	3	1.02428e-05	body,dn,up
NC_000009.12:113079997	ENSG00000136866.14	ZFP37	chr9	113079997	1	1.02676e-05	dn
NC_000011.10:8489832	ENSG00000130413.16	STK33	chr11	8489832	1	1.03306e-05	body
NC_000003.12:116927251	ENSG00000185565.13	LSAMP	chr3	116927251	1	1.03775e-05	body
NC_000014.9:76750727	ENSG00000071246.11	VASH1	chr14	76750727	1	1.04173e-05	up
NC_000010.11:37741463	ENSG00000198105.16	ZNF248	chr10	37741463	3	1.04466e-05	body,dn,up
NC_000009.12:113067974	ENSG00000136866.14	ZFP37	chr9	113067974	1	1.04844e-05	dn
NC_000006.12:169502791	ENSG00000285733.1	ENSG00000285733	chr6	169502791	1	1.04863e-05	dn
NC_000001.11:2664017	ENSG00000142606.16	MMEL1	chr1	2664017	1	1.04928e-05	dn
NC_000011.10:112697625	ENSG00000149294.18	NCAM1	chr11	112697625	1	1.05337e-05	prom
NC_000004.12:6684193	ENSG00000163993.7	S100P	chr4	6684193	1	1.05355e-05	up
NC_000001.11:118226976	ENSG00000155761.14	SPAG17	chr1	118226976	1	1.05401e-05	body
NC_000021.9:35833569	ENSG00000159216.20	RUNX1	chr21	35833569	1	1.05523e-05	body
NC_000001.11:115338793	ENSG00000134259.6	NGF	chr1	115338793	1	1.05696e-05	up
NC_000009.12:2272999	ENSG00000080503.25	SMARCA2	chr9	2272999	1	1.05805e-05	dn
NC_000004.12:87868729	ENSG00000152595.17	MEPE	chr4	87868729	1	1.05866e-05	dn
NC_000005.10:843778	ENSG00000188818.13	ZDHHC11	chr5	843778	3	1.06194e-05	body,dn,up
NC_000001.11:2659554	ENSG00000142606.16	MMEL1	chr1	2659554	1	1.06543e-05	dn
NC_000011.10:20571441	ENSG00000165970.12	SLC6A5	chr11	20571441	1	1.06662e-05	up
NC_000001.11:121659713	ENSG00000188610.12	FAM72B	chr1	121659713	1	1.06805e-05	up
NC_000004.12:49864918	ENSG00000109182.12	CWH43	chr4	49864918	1	1.07186e-05	up
NC_000014.9:54344500	ENSG00000100526.21	CDKN3	chr14	54344500	1	1.07271e-05	up
NC_000010.11:37188156	ENSG00000148513.20	ANKRD30A	chr10	37188156	1	1.07322e-05	dn
NC_000007.14:25882921	ENSG00000050344.9	NFE2L3	chr7	25882921	1	1.07611e-05	enh
NC_000009.12:76509448	ENSG00000187210.14	GCNT1	chr9	76509448	1	1.0768e-05	body
NC_000011.10:2296833	ENSG00000064201.16	TSPAN32	chr11	2296833	1	1.07808e-05	up
NC_000020.11:31061657	ENSG00000215547.1	DEFB115	chr20	31061657	1	1.07878e-05	up
NC_000013.11:112745708	ENSG00000068650.19	ATP11A	chr13	112745708	1	1.08052e-05	body
NC_000013.11:50951249	ENSG00000136104.22	RNASEH2B	chr13	50951249	2	1.08249e-05	body,enh
NC_000015.10:88721057	ENSG00000157766.19	ACAN	chr15	88721057	1	1.08338e-05	enh
NC_000010.11:113476267	ENSG00000148702.15	HABP2	chr10	113476267	1	1.08405e-05	up
NC_000002.12:3141318	ENSG00000032389.13	EIPR1	chr2	3141318	2	1.0915e-05	body,up
NC_000007.14:159116668	ENSG00000106018.14	VIPR2	chr7	159116668	3	1.09573e-05	body,dn,up
NC_000011.10:124206387	ENSG00000255425.6	OR8G3P	chr11	124206387	2	1.09635e-05	dn,up
NC_000014.9:70889667	ENSG00000100731.16	PCNX1	chr14	70889667	1	1.09698e-05	enh
NC_000020.11:31060324	ENSG00000215547.1	DEFB115	chr20	31060324	1	1.09839e-05	up
NC_000004.12:77308731	ENSG00000138764.15	CCNG2	chr4	77308731	1	1.10272e-05	body
NC_000014.9:62754838	ENSG00000140015.20	KCNH5	chr14	62754838	1	1.10306e-05	dn
NC_000017.11:66934104	ENSG00000075461.6	CACNG4	chr17	66934104	1	1.10353e-05	up
NC_000011.10:5919604	ENSG00000132256.20	TRIM5	chr11	5919604	1	1.11072e-05	up
NC_000018.10:79374260	ENSG00000131196.18	NFATC1	chr18	79374260	1	1.11106e-05	up
NC_000009.12:138150707	ENSG00000148408.15	CACNA1B	chr9	138150707	1	1.11183e-05	prom
NC_000020.11:31093211	ENSG00000215547.1	DEFB115	chr20	31093211	1	1.11508e-05	up
NC_000006.12:116496061	ENSG00000178033.6	CALHM5	chr6	116496061	1	1.12368e-05	dn
NC_000001.11:121016633	ENSG00000263353.4	PPIAL4A	chr1	121016633	1	1.12676e-05	up
NC_000014.9:52248980	ENSG00000168229.4	PTGDR	chr14	52248980	1	1.12908e-05	up
NC_000012.12:42000112	ENSG00000151233.11	GXYLT1	chr12	42000112	2	1.13246e-05	body,dn
NC_000004.12:26437160	ENSG00000163394.6	CCKAR	chr4	26437160	1	1.13398e-05	up
NC_000012.12:112609219	ENSG00000089169.15	RPH3A	chr12	112609219	1	1.1393e-05	enh
NC_000001.11:121646992	ENSG00000188610.12	FAM72B	chr1	121646992	1	1.14103e-05	up
NC_000001.11:152218941	ENSG00000197915.7	HRNR	chr1	152218941	1	1.14373e-05	dn
NC_000007.14:100996349	ENSG00000169876.14	MUC17	chr7	100996349	1	1.14836e-05	up
NC_000007.14:37962827	ENSG00000086289.13	EPDR1	chr7	37962827	1	1.14839e-05	dn
NC_000001.11:220804128	ENSG00000286231.1	ENSG00000286231	chr1	220804128	1	1.15301e-05	body
NC_000004.12:163637117	ENSG00000198498.10	TMA16	chr4	163637117	1	1.15944e-05	dn
NC_000003.12:142985589	ENSG00000163714.18	U2SURP	chr3	142985589	1	1.16125e-05	body
NC_000001.11:2680267	ENSG00000142606.16	MMEL1	chr1	2680267	1	1.16213e-05	dn
NC_000007.14:158915275	ENSG00000126870.16	DYNC2I1	chr7	158915275	1	1.16467e-05	body
NC_000012.12:112563792	ENSG00000089169.15	RPH3A	chr12	112563792	1	1.17283e-05	enh
NC_000022.11:47424842	ENSG00000054611.14	TBC1D22A	chr22	47424842	1	1.17784e-05	enh
NC_000005.10:415809	ENSG00000180104.16	EXOC3	chr5	415809	1	1.17784e-05	prom
NC_000005.10:150802909	ENSG00000256235.3	SMIM3	chr5	150802909	1	1.17791e-05	dn
NC_000014.9:80942596	ENSG00000165409.18	TSHR	chr14	80942596	1	1.17911e-05	body
NC_000003.12:183149399	ENSG00000078081.8	LAMP3	chr3	183149399	3	1.17979e-05	body,dn,up
NC_000001.11:183149041	ENSG00000058085.15	LAMC2	chr1	183149041	1	1.2016e-05	up
NC_000015.10:27826751	ENSG00000104044.16	OCA2	chr15	27826751	2	1.20194e-05	body,dn
NC_000008.11:56438417	ENSG00000181195.11	PENK	chr8	56438417	1	1.20371e-05	up
NC_000016.10:57723377	ENSG00000140854.13	KATNB1	chr16	57723377	1	1.20443e-05	up
NC_000022.11:47292897	ENSG00000054611.14	TBC1D22A	chr22	47292897	1	1.20507e-05	enh
NC_000007.14:78144788	ENSG00000006576.17	PHTF2	chr7	78144788	1	1.20525e-05	up
NC_000009.12:113059131	ENSG00000136866.14	ZFP37	chr9	113059131	1	1.21986e-05	dn
NC_000013.11:19356547	ENSG00000198033.13	TUBA3C	chr13	19356547	1	1.22061e-05	dn
NC_000001.11:121655593	ENSG00000188610.12	FAM72B	chr1	121655593	1	1.22826e-05	dn
NC_000017.11:19178314	ENSG00000072134.16	EPN2	chr17	19178314	1	1.23079e-05	body
NC_000009.12:113087783	ENSG00000136866.14	ZFP37	chr9	113087783	1	1.23227e-05	dn
NC_000008.11:66377636	ENSG00000179041.4	RRS1	chr8	66377636	1	1.23418e-05	up
NC_000012.12:41374080	ENSG00000165966.16	PDZRN4	chr12	41374080	1	1.24555e-05	body
NC_000010.11:38336136	ENSG00000283930.1	PLD5P1	chr10	38336136	1	1.24673e-05	up
NC_000020.11:16609356	ENSG00000089177.20	KIF16B	chr20	16609356	1	1.24787e-05	up
NC_000019.10:40945335	ENSG00000197408.10	CYP2B6	chr19	40945335	1	1.25448e-05	up
NC_000002.12:118148846	ENSG00000125629.16	INSIG2	chr2	118148846	1	1.25838e-05	dn
NC_000005.10:838001	ENSG00000188818.13	ZDHHC11	chr5	838001	3	1.26042e-05	body,dn,up
NC_000011.10:5919447	ENSG00000132256.20	TRIM5	chr11	5919447	1	1.26198e-05	up
NC_000011.10:94374371	ENSG00000123901.9	GPR83	chr11	94374371	1	1.26515e-05	up
NC_000005.10:34699489	ENSG00000039560.14	RAI14	chr5	34699489	1	1.27204e-05	enh
NC_000020.11:58637360	ENSG00000124222.23	STX16	chr20	58637360	1	1.27748e-05	up
NC_000017.11:26790639	ENSG00000109046.15	WSB1	chr17	26790639	1	1.27764e-05	up
NC_000017.11:15485299	ENSG00000239704.12	CDRT4	chr17	15485299	1	1.2784e-05	enh
NC_000010.11:99160485	ENSG00000172987.14	HPSE2	chr10	99160485	1	1.27918e-05	body
NC_000011.10:4223315	ENSG00000284018.2	SSU72L5	chr11	4223315	2	1.28054e-05	dn,enh
NC_000020.11:31074413	ENSG00000215547.1	DEFB115	chr20	31074413	1	1.28405e-05	up
NC_000008.11:66346622	ENSG00000179041.4	RRS1	chr8	66346622	1	1.28964e-05	up
NC_000013.11:36254555	ENSG00000120669.16	SOHLH2	chr13	36254555	1	1.29314e-05	dn
NC_000010.11:38829083	ENSG00000283930.1	PLD5P1	chr10	38829083	1	1.29582e-05	dn
NC_000009.12:998951	ENSG00000064218.5	DMRT3	chr9	998951	1	1.29598e-05	body
NC_000005.10:173967997	ENSG00000185056.10	C5orf47	chr5	173967997	1	1.29636e-05	up
NC_000011.10:60437948	ENSG00000166930.7	MS4A5	chr11	60437948	1	1.29691e-05	dn
NC_000007.14:32661844	ENSG00000105778.20	AVL9	chr7	32661844	2	1.29795e-05	body,up
NC_000012.12:112636715	ENSG00000089169.15	RPH3A	chr12	112636715	1	1.29883e-05	enh
NC_000001.11:2670934	ENSG00000142606.16	MMEL1	chr1	2670934	1	1.30075e-05	dn
NC_000004.12:119361831	ENSG00000145384.4	FABP2	chr4	119361831	1	1.30145e-05	dn
NC_000019.10:36297459	ENSG00000196357.12	ZNF565	chr19	36297459	2	1.30947e-05	body,up
NC_000014.9:20709520	ENSG00000259171.1	ENSG00000259171	chr14	20709520	1	1.31029e-05	enh
NC_000010.11:38860184	ENSG00000283930.1	PLD5P1	chr10	38860184	1	1.31369e-05	dn
NC_000006.12:157284634	ENSG00000215712.11	TMEM242	chr6	157284634	1	1.3199e-05	up
NC_000006.12:159218260	ENSG00000164694.17	FNDC1	chr6	159218260	1	1.32085e-05	body
NC_000007.14:99658073	ENSG00000106258.16	CYP3A5	chr7	99658073	1	1.32283e-05	up
NC_000011.10:26534771	ENSG00000169550.14	MUC15	chr11	26534771	1	1.33592e-05	dn
NC_000010.11:113966401	ENSG00000043591.6	ADRB1	chr10	113966401	1	1.33869e-05	up
NC_000019.10:36302914	ENSG00000196357.12	ZNF565	chr19	36302914	1	1.34002e-05	up
NC_000002.12:172546560	ENSG00000152256.14	PDK1	chr2	172546560	1	1.34124e-05	dn
NC_000006.12:157311384	ENSG00000215712.11	TMEM242	chr6	157311384	1	1.34376e-05	up
NC_000022.11:49761730	ENSG00000100425.19	BRD1	chr22	49761730	2	1.34457e-05	enh,up
NC_000011.10:134031207	ENSG00000166086.13	JAM3	chr11	134031207	1	1.34525e-05	enh
NC_000001.11:207912084	ENSG00000174059.17	CD34	chr1	207912084	1	1.3465e-05	enh
NC_000020.11:31224642	ENSG00000215547.1	DEFB115	chr20	31224642	1	1.34915e-05	up
NC_000004.12:97211589	ENSG00000163116.10	STPG2	chr4	97211589	2	1.3503e-05	body,dn
NC_000001.11:121658334	ENSG00000188610.12	FAM72B	chr1	121658334	1	1.35093e-05	dn
NC_000020.11:31207202	ENSG00000215547.1	DEFB115	chr20	31207202	1	1.353e-05	up
NC_000001.11:209895283	ENSG00000143469.21	SYT14	chr1	209895283	1	1.3651e-05	up
NC_000014.9:20987529	ENSG00000165792.18	METTL17	chr14	20987529	2	1.36664e-05	dn,enh
NC_000012.12:55679431	ENSG00000170439.8	TMT1B	chr12	55679431	1	1.37703e-05	up
NC_000005.10:158886270	ENSG00000164330.18	EBF1	chr5	158886270	1	1.37754e-05	body
NC_000016.10:57179172	ENSG00000172775.18	PSME3IP1	chr16	57179172	1	1.38449e-05	dn
NC_000013.11:110124091	ENSG00000134871.20	COL4A2	chr13	110124091	1	1.39361e-05	dn
NC_000005.10:16647680	ENSG00000154153.15	RETREG1	chr5	16647680	3	1.39528e-05	body,dn,up
NC_000004.12:77308037	ENSG00000138764.15	CCNG2	chr4	77308037	1	1.39778e-05	body
NC_000012.12:112553629	ENSG00000089169.15	RPH3A	chr12	112553629	1	1.39844e-05	enh
NC_000020.11:31071405	ENSG00000215547.1	DEFB115	chr20	31071405	1	1.39955e-05	up
NC_000011.10:122564156	ENSG00000154127.10	UBASH3B	chr11	122564156	1	1.40178e-05	up
NC_000014.9:18654697	ENSG00000257115.2	OR11H12	chr14	18654697	1	1.40588e-05	up
NC_000013.11:43656506	ENSG00000120658.14	ENOX1	chr13	43656506	1	1.40657e-05	body
NC_000017.11:21967834	ENSG00000260458.3	KCNJ18	chr17	21967834	1	1.40757e-05	dn
NC_000018.10:79726686	ENSG00000060069.18	CTDP1	chr18	79726686	1	1.41292e-05	body
NC_000017.11:26825088	ENSG00000109046.15	WSB1	chr17	26825088	1	1.4186e-05	up
NC_000006.12:163323106	ENSG00000112531.17	QKI	chr6	163323106	2	1.42513e-05	enh,up
NC_000013.11:110200488	ENSG00000134871.20	COL4A2	chr13	110200488	1	1.43287e-05	enh
NC_000019.10:36284151	ENSG00000196357.12	ZNF565	chr19	36284151	1	1.44129e-05	up
NC_000004.12:143840071	ENSG00000197465.14	GYPE	chr4	143840071	1	1.45127e-05	up
NC_000004.12:173438952	ENSG00000164106.8	SCRG1	chr4	173438952	1	1.45478e-05	dn
NC_000010.11:94002324	ENSG00000138193.17	PLCE1	chr10	94002324	1	1.46195e-05	body
NC_000009.12:21805208	ENSG00000099810.21	MTAP	chr9	21805208	1	1.46529e-05	up
NC_000020.11:22562122	ENSG00000125798.15	FOXA2	chr20	22562122	1	1.46767e-05	up
NC_000010.11:1183069	ENSG00000047056.18	WDR37	chr10	1183069	1	1.46805e-05	dn
NC_000020.11:31238474	ENSG00000215547.1	DEFB115	chr20	31238474	1	1.47418e-05	up
NC_000012.12:112680158	ENSG00000089169.15	RPH3A	chr12	112680158	1	1.47506e-05	enh
NC_000007.14:65103385	ENSG00000213462.5	ERV3-1	chr7	65103385	1	1.47969e-05	up
NC_000007.14:76956563	ENSG00000186645.11	SPDYE17	chr7	76956563	1	1.48199e-05	up
NC_000011.10:126803156	ENSG00000149571.12	KIRREL3	chr11	126803156	1	1.48364e-05	body
NC_000002.12:74950962	ENSG00000115350.12	POLE4	chr2	74950962	1	1.49482e-05	dn
NC_000001.11:2671677	ENSG00000142606.16	MMEL1	chr1	2671677	2	1.49566e-05	body,up
NC_000002.12:676222	ENSG00000151353.15	TMEM18	chr2	676222	1	1.50446e-05	body
NC_000005.10:127115014	ENSG00000164241.14	C5orf63	chr5	127115014	1	1.5118e-05	dn
NC_000002.12:42785475	ENSG00000162882.15	HAAO	chr2	42785475	1	1.51501e-05	enh
NC_000005.10:823597	ENSG00000188818.13	ZDHHC11	chr5	823597	3	1.51754e-05	body,dn,up
NC_000012.12:69649234	ENSG00000198812.5	LRRC10	chr12	69649234	1	1.52005e-05	dn
NC_000002.12:192130973	ENSG00000144339.12	TMEFF2	chr2	192130973	1	1.52264e-05	up
NC_000019.10:22635741	ENSG00000229676.3	ZNF492	chr19	22635741	1	1.52627e-05	up
NC_000008.11:134588948	ENSG00000066827.16	ZFAT	chr8	134588948	2	1.52818e-05	body,dn
NC_000017.11:21855172	ENSG00000260458.3	KCNJ18	chr17	21855172	1	1.53517e-05	dn
NC_000010.11:68190224	ENSG00000179774.9	ATOH7	chr10	68190224	1	1.53607e-05	up
NC_000001.11:748985	ENSG00000284662.2	OR4F16	chr1	748985	1	1.54373e-05	dn
NC_000010.11:5042534	ENSG00000196139.14	AKR1C3	chr10	5042534	1	1.54459e-05	up
NC_000017.11:21896030	ENSG00000260458.3	KCNJ18	chr17	21896030	1	1.54612e-05	dn
NC_000006.12:149129448	ENSG00000055208.20	TAB2	chr6	149129448	1	1.54625e-05	enh
NC_000020.11:2390564	ENSG00000166948.10	TGM6	chr20	2390564	1	1.54743e-05	up
NC_000006.12:52906834	ENSG00000174156.15	GSTA3	chr6	52906834	1	1.55662e-05	dn
NC_000018.10:22934396	ENSG00000101773.19	RBBP8	chr18	22934396	1	1.5611e-05	body
NC_000021.9:27819810	ENSG00000154736.6	ADAMTS5	chr21	27819810	1	1.56604e-05	up
NC_000007.14:86981963	ENSG00000164659.15	ELAPOR2	chr7	86981963	1	1.56976e-05	up
NC_000001.11:2658942	ENSG00000142606.16	MMEL1	chr1	2658942	1	1.5703e-05	dn
NC_000020.11:31188408	ENSG00000215547.1	DEFB115	chr20	31188408	1	1.57297e-05	up
NC_000019.10:36291101	ENSG00000196357.12	ZNF565	chr19	36291101	1	1.57633e-05	up
NC_000009.12:32714582	ENSG00000188133.6	TMEM215	chr9	32714582	1	1.57661e-05	up
NC_000019.10:36299994	ENSG00000196357.12	ZNF565	chr19	36299994	2	1.59358e-05	dn,up
NC_000008.11:138541589	ENSG00000147724.12	FAM135B	chr8	138541589	1	1.59793e-05	up
NC_000006.12:166313769	ENSG00000176381.6	PRR18	chr6	166313769	1	1.61062e-05	enh
NC_000006.12:169593285	ENSG00000285733.1	ENSG00000285733	chr6	169593285	1	1.61528e-05	dn
NC_000007.14:47778293	ENSG00000158683.10	PKD1L1	chr7	47778293	2	1.61673e-05	body,dn
NC_000006.12:160626532	ENSG00000198670.13	LPA	chr6	160626532	1	1.61798e-05	dn
NC_000010.11:46886288	ENSG00000204179.11	PTPN20	chr10	46886288	1	1.61968e-05	up
NC_000016.10:84134589	ENSG00000103160.12	HSDL1	chr16	84134589	1	1.62226e-05	up
NC_000009.12:113065032	ENSG00000136866.14	ZFP37	chr9	113065032	1	1.62449e-05	dn
NC_000005.10:824320	ENSG00000188818.13	ZDHHC11	chr5	824320	3	1.6265e-05	body,dn,up
NC_000020.11:31398474	ENSG00000180483.7	DEFB119	chr20	31398474	1	1.6361e-05	dn
NC_000003.12:64400317	ENSG00000163637.13	PRICKLE2	chr3	64400317	1	1.64207e-05	up
NC_000009.12:39535228	ENSG00000204849.10	SPATA31A1	chr9	39535228	1	1.65076e-05	dn
NC_000013.11:24133939	ENSG00000182957.16	SPATA13	chr13	24133939	1	1.65268e-05	body
NC_000001.11:778291	ENSG00000284662.2	OR4F16	chr1	778291	1	1.6556e-05	prom
NC_000002.12:3949508	ENSG00000214866.9	DCDC2C	chr2	3949508	1	1.658e-05	dn
NC_000010.11:122787417	ENSG00000138161.14	CUZD1	chr10	122787417	1	1.66257e-05	up
NC_000004.12:127622321	ENSG00000164066.13	INTU	chr4	127622321	1	1.66356e-05	body
NC_000008.11:66330759	ENSG00000179041.4	RRS1	chr8	66330759	1	1.66375e-05	up
NC_000002.12:88161469	ENSG00000144115.18	THNSL2	chr2	88161469	1	1.66743e-05	up
NC_000001.11:153000840	ENSG00000163209.15	SPRR3	chr1	153000840	1	1.68131e-05	dn
NC_000006.12:86901127	ENSG00000168830.8	HTR1E	chr6	86901127	1	1.687e-05	up
NC_000012.12:16079397	ENSG00000023697.13	DERA	chr12	16079397	1	1.69823e-05	dn
NC_000012.12:97123655	ENSG00000139350.12	NEDD1	chr12	97123655	1	1.70014e-05	up
NC_000007.14:51288997	ENSG00000106078.19	COBL	chr7	51288997	1	1.70038e-05	up
NC_000005.10:8065473	ENSG00000124279.12	FASTKD3	chr5	8065473	1	1.71648e-05	dn
NC_000010.11:122977532	ENSG00000179988.15	PSTK	chr10	122977532	1	1.72272e-05	body
NC_000020.11:31216876	ENSG00000215547.1	DEFB115	chr20	31216876	1	1.72345e-05	up
NC_000021.9:39822817	ENSG00000183036.11	PCP4	chr21	39822817	1	1.72485e-05	body
NC_000003.12:119730957	ENSG00000285585.1	ENSG00000285585	chr3	119730957	1	1.72918e-05	up
NC_000003.12:156803648	ENSG00000197980.14	LEKR1	chr3	156803648	1	1.73357e-05	body
NC_000001.11:771714	ENSG00000284662.2	OR4F16	chr1	771714	1	1.73409e-05	prom
NC_000006.12:129839421	ENSG00000203756.8	TMEM244	chr6	129839421	1	1.7407e-05	dn
NC_000001.11:121750475	ENSG00000188610.12	FAM72B	chr1	121750475	1	1.74327e-05	dn
NC_000012.12:112580441	ENSG00000089169.15	RPH3A	chr12	112580441	1	1.7485e-05	enh
NC_000001.11:121020237	ENSG00000263353.4	PPIAL4A	chr1	121020237	1	1.74863e-05	up
NC_000017.11:26818993	ENSG00000109046.15	WSB1	chr17	26818993	1	1.7504e-05	up
NC_000010.11:113701465	ENSG00000165806.21	CASP7	chr10	113701465	1	1.75073e-05	up
NC_000006.12:27440638	ENSG00000096654.16	ZNF184	chr6	27440638	1	1.75119e-05	up
NC_000009.12:113087522	ENSG00000136866.14	ZFP37	chr9	113087522	1	1.75688e-05	dn
NC_000003.12:98183582	ENSG00000233412.6	OR5H15	chr3	98183582	1	1.7636e-05	dn
NC_000002.12:25179947	ENSG00000115138.11	POMC	chr2	25179947	1	1.76823e-05	up
NC_000020.11:31069053	ENSG00000215547.1	DEFB115	chr20	31069053	1	1.77058e-05	up
NC_000004.12:119393461	ENSG00000145384.4	FABP2	chr4	119393461	1	1.7944e-05	dn
NC_000020.11:31054457	ENSG00000215547.1	DEFB115	chr20	31054457	1	1.7945e-05	up
NC_000009.12:113082218	ENSG00000136866.14	ZFP37	chr9	113082218	1	1.79608e-05	dn
NC_000001.11:2661681	ENSG00000142606.16	MMEL1	chr1	2661681	1	1.80327e-05	dn
NC_000001.11:2658070	ENSG00000142606.16	MMEL1	chr1	2658070	3	1.81062e-05	body,dn,up
NC_000007.14:101004597	ENSG00000169876.14	MUC17	chr7	101004597	1	1.81092e-05	up
NC_000001.11:227812244	ENSG00000185888.6	PRSS38	chr1	227812244	1	1.81269e-05	body
NC_000003.12:155486802	ENSG00000240045.2	STRIT1	chr3	155486802	1	1.81323e-05	dn
NC_000019.10:36286028	ENSG00000196357.12	ZNF565	chr19	36286028	1	1.81563e-05	up
NC_000008.11:66346782	ENSG00000179041.4	RRS1	chr8	66346782	1	1.81995e-05	up
NC_000009.12:113082428	ENSG00000136866.14	ZFP37	chr9	113082428	1	1.82744e-05	dn
NC_000013.11:36318343	ENSG00000250709.1	CCDC169-SOHLH2	chr13	36318343	3	1.8286e-05	body,dn,up
NC_000004.12:119360926	ENSG00000145384.4	FABP2	chr4	119360926	1	1.83662e-05	dn
NC_000002.12:169927706	ENSG00000144357.18	UBR3	chr2	169927706	1	1.84001e-05	prom
NC_000002.12:56429089	ENSG00000055813.6	CCDC85A	chr2	56429089	1	1.84295e-05	dn
NC_000009.12:113082468	ENSG00000136866.14	ZFP37	chr9	113082468	1	1.84463e-05	dn
NC_000011.10:71687153	ENSG00000204571.7	KRTAP5-11	chr11	71687153	1	1.8527e-05	dn
NC_000001.11:2674100	ENSG00000142606.16	MMEL1	chr1	2674100	1	1.85364e-05	dn
NC_000010.11:46890690	ENSG00000204179.11	PTPN20	chr10	46890690	1	1.85425e-05	up
NC_000001.11:115243960	ENSG00000134259.6	NGF	chr1	115243960	1	1.85828e-05	up
NC_000009.12:113065555	ENSG00000136866.14	ZFP37	chr9	113065555	1	1.86252e-05	dn
NC_000002.12:69120097	ENSG00000169604.21	ANTXR1	chr2	69120097	1	1.86305e-05	body
NC_000009.12:113081981	ENSG00000136866.14	ZFP37	chr9	113081981	1	1.87361e-05	dn
NC_000020.11:23343202	ENSG00000132661.4	NXT1	chr20	23343202	2	1.87457e-05	enh,up
NC_000006.12:160620564	ENSG00000198670.13	LPA	chr6	160620564	1	1.87624e-05	dn
NC_000020.11:31214425	ENSG00000215547.1	DEFB115	chr20	31214425	1	1.87718e-05	up
NC_000013.11:26171978	ENSG00000127870.17	RNF6	chr13	26171978	3	1.87724e-05	body,dn,up
NC_000006.12:169561226	ENSG00000285733.1	ENSG00000285733	chr6	169561226	1	1.8786e-05	dn
NC_000002.12:206954405	ENSG00000144410.5	CPO	chr2	206954405	1	1.88033e-05	body
NC_000001.11:132137	ENSG00000186092.7	OR4F5	chr1	132137	1	1.89005e-05	dn
NC_000002.12:126924508	ENSG00000237524.11	TEX51	chr2	126924508	1	1.89102e-05	dn
NC_000003.12:111268248	ENSG00000153283.13	CD96	chr3	111268248	1	1.89222e-05	up
NC_000010.11:11764642	ENSG00000134463.15	ECHDC3	chr10	11764642	1	1.8964e-05	prom
NC_000009.12:113086962	ENSG00000136866.14	ZFP37	chr9	113086962	1	1.89942e-05	dn
NC_000020.11:9262968	ENSG00000101333.19	PLCB4	chr20	9262968	1	1.90436e-05	up
NC_000010.11:125756323	ENSG00000154485.5	MMP21	chr10	125756323	1	1.90948e-05	enh
NC_000008.11:26192218	ENSG00000221914.11	PPP2R2A	chr8	26192218	1	1.91068e-05	up
NC_000001.11:2673330	ENSG00000142606.16	MMEL1	chr1	2673330	1	1.91607e-05	dn
NC_000003.12:195619121	ENSG00000189058.9	APOD	chr3	195619121	1	1.91892e-05	dn
NC_000004.12:72127894	ENSG00000056291.19	NPFFR2	chr4	72127894	1	1.92486e-05	body
NC_000018.10:79950532	ENSG00000122490.19	SLC66A2	chr18	79950532	1	1.92535e-05	enh
NC_000006.12:157312738	ENSG00000215712.11	TMEM242	chr6	157312738	1	1.92963e-05	dn
NC_000006.12:149136821	ENSG00000055208.20	TAB2	chr6	149136821	1	1.93094e-05	up
NC_000012.12:48541814	ENSG00000284723.2	OR8S1	chr12	48541814	1	1.93533e-05	up
NC_000010.11:6056731	ENSG00000134460.19	IL2RA	chr10	6056731	3	1.93633e-05	body,dn,up
NC_000011.10:5830737	ENSG00000205409.3	OR52E6	chr11	5830737	1	1.93942e-05	up
NC_000022.11:49762177	ENSG00000100425.19	BRD1	chr22	49762177	1	1.94333e-05	enh
NC_000016.10:23783678	ENSG00000166869.3	CHP2	chr16	23783678	1	1.94778e-05	up
NC_000007.14:155775174	ENSG00000164690.8	SHH	chr7	155775174	1	1.95257e-05	up
NC_000018.10:14873246	ENSG00000180777.15	ANKRD30B	chr18	14873246	1	1.96163e-05	enh
NC_000006.12:41366331	ENSG00000096264.14	NCR2	chr6	41366331	1	1.97346e-05	dn
NC_000005.10:150973334	ENSG00000211445.13	GPX3	chr5	150973334	1	1.97424e-05	enh
NC_000001.11:2662163	ENSG00000142606.16	MMEL1	chr1	2662163	2	1.98141e-05	body,up
NC_000012.12:131143439	ENSG00000111452.13	ADGRD1	chr12	131143439	1	1.98263e-05	dn
NC_000001.11:2670953	ENSG00000142606.16	MMEL1	chr1	2670953	3	1.98468e-05	body,dn,up
NC_000004.12:151509825	ENSG00000164142.16	FHIP1A	chr4	151509825	1	1.98585e-05	body
NC_000006.12:167214800	ENSG00000112494.10	UNC93A	chr6	167214800	1	1.98593e-05	up
NC_000002.12:191765480	ENSG00000168497.5	CAVIN2	chr2	191765480	1	1.9899e-05	up
NC_000003.12:13667678	ENSG00000163520.14	FBLN2	chr3	13667678	1	1.99149e-05	dn
NC_000007.14:158926025	ENSG00000126870.16	DYNC2I1	chr7	158926025	1	1.99921e-05	prom
NC_000005.10:12669471	ENSG00000169862.21	CTNND2	chr5	12669471	1	2.00065e-05	dn
NC_000015.10:38449154	ENSG00000171262.11	FAM98B	chr15	38449154	1	2.00761e-05	dn
NC_000008.11:121236034	ENSG00000170961.7	HAS2	chr8	121236034	1	2.02199e-05	dn
NC_000002.12:231409380	ENSG00000156966.8	B3GNT7	chr2	231409380	1	2.02865e-05	dn
NC_000004.12:123003202	ENSG00000145375.9	AFG2A	chr4	123003202	1	2.03172e-05	up
NC_000009.12:113087815	ENSG00000136866.14	ZFP37	chr9	113087815	1	2.03394e-05	dn
NC_000004.12:72132434	ENSG00000056291.19	NPFFR2	chr4	72132434	1	2.03448e-05	body
NC_000005.10:843835	ENSG00000188818.13	ZDHHC11	chr5	843835	3	2.03903e-05	body,dn,up
NC_000011.10:5905954	ENSG00000277932.2	OR52E5	chr11	5905954	1	2.0405e-05	up
NC_000009.12:113082544	ENSG00000136866.14	ZFP37	chr9	113082544	1	2.04169e-05	dn
NC_000007.14:54720645	ENSG00000132432.14	SEC61G	chr7	54720645	1	2.04912e-05	dn
NC_000009.12:113087543	ENSG00000136866.14	ZFP37	chr9	113087543	1	2.04951e-05	dn
NC_000020.11:54015191	ENSG00000064787.14	BCAS1	chr20	54015191	3	2.05708e-05	body,dn,up
NC_000020.11:31053302	ENSG00000215547.1	DEFB115	chr20	31053302	1	2.05833e-05	up
NC_000002.12:105212436	ENSG00000135973.3	GPR45	chr2	105212436	1	2.06468e-05	up
NC_000018.10:46489109	ENSG00000141622.14	ARK2C	chr18	46489109	1	2.07739e-05	enh
NC_000011.10:14050394	ENSG00000262655.4	SPON1	chr11	14050394	1	2.07967e-05	body
NC_000005.10:168015975	ENSG00000113645.15	WWC1	chr5	168015975	1	2.08024e-05	enh
NC_000001.11:107191747	ENSG00000162631.20	NTNG1	chr1	107191747	1	2.08032e-05	body
NC_000017.11:21919204	ENSG00000260458.3	KCNJ18	chr17	21919204	1	2.08467e-05	dn
NC_000004.12:54716763	ENSG00000157404.17	KIT	chr4	54716763	1	2.08661e-05	up
NC_000006.12:159277931	ENSG00000164694.17	FNDC1	chr6	159277931	1	2.09829e-05	dn
NC_000001.11:121016677	ENSG00000263353.4	PPIAL4A	chr1	121016677	1	2.0987e-05	up
NC_000010.11:133577981	ENSG00000171772.17	SYCE1	chr10	133577981	1	2.09878e-05	up
NC_000006.12:157285038	ENSG00000215712.11	TMEM242	chr6	157285038	1	2.10082e-05	up
NC_000020.11:31069133	ENSG00000215547.1	DEFB115	chr20	31069133	1	2.10781e-05	up
NC_000003.12:62632223	ENSG00000163618.18	CADPS	chr3	62632223	1	2.11255e-05	body
NC_000012.12:48542843	ENSG00000198678.5	OR5BS1P	chr12	48542843	1	2.11667e-05	up
NC_000005.10:405202	ENSG00000180104.16	EXOC3	chr5	405202	1	2.11777e-05	body
NC_000010.11:3052027	ENSG00000067057.19	PFKP	chr10	3052027	1	2.1201e-05	up
NC_000008.11:11033271	ENSG00000171044.11	XKR6	chr8	11033271	1	2.12692e-05	body
NC_000005.10:179974587	ENSG00000197226.13	TBC1D9B	chr5	179974587	1	2.127e-05	dn
NC_000002.12:235792501	ENSG00000157985.20	AGAP1	chr2	235792501	1	2.12774e-05	body
NC_000002.12:74954684	ENSG00000115350.12	POLE4	chr2	74954684	1	2.12811e-05	dn
NC_000006.12:147985580	ENSG00000111961.19	SASH1	chr6	147985580	1	2.13829e-05	up
NC_000004.12:53330218	ENSG00000184178.17	SCFD2	chr4	53330218	1	2.14198e-05	up
NC_000001.11:2658952	ENSG00000142606.16	MMEL1	chr1	2658952	1	2.1451e-05	dn
NC_000005.10:78458156	ENSG00000085365.18	SCAMP1	chr5	78458156	1	2.14539e-05	body
NC_000006.12:97022760	ENSG00000186231.17	KLHL32	chr6	97022760	1	2.15235e-05	body
NC_000001.11:121016491	ENSG00000263353.4	PPIAL4A	chr1	121016491	1	2.15529e-05	up
NC_000001.11:179462473	ENSG00000162779.22	AXDND1	chr1	179462473	1	2.15624e-05	body
NC_000005.10:66693744	ENSG00000069020.19	MAST4	chr5	66693744	1	2.16571e-05	body
NC_000020.11:31059994	ENSG00000215547.1	DEFB115	chr20	31059994	1	2.16749e-05	up
NC_000001.11:171147122	ENSG00000094963.14	FMO2	chr1	171147122	1	2.17378e-05	up
NC_000002.12:68687742	ENSG00000163219.12	ARHGAP25	chr2	68687742	1	2.17524e-05	body
NC_000006.12:123602894	ENSG00000186439.16	TRDN	chr6	123602894	1	2.1812e-05	up
NC_000005.10:36792442	ENSG00000164190.19	NIPBL	chr5	36792442	1	2.18341e-05	up
NC_000011.10:101619371	ENSG00000137672.13	TRPC6	chr11	101619371	2	2.18387e-05	body,dn
NC_000004.12:49868288	ENSG00000109182.12	CWH43	chr4	49868288	1	2.19e-05	up
NC_000020.11:22310285	ENSG00000125798.15	FOXA2	chr20	22310285	1	2.19591e-05	up
NC_000007.14:100969450	ENSG00000205277.10	MUC12	chr7	100969450	1	2.19921e-05	up
NC_000005.10:845522	ENSG00000188818.13	ZDHHC11	chr5	845522	3	2.19978e-05	body,dn,up
NC_000009.12:113060454	ENSG00000136866.14	ZFP37	chr9	113060454	1	2.21236e-05	dn
NC_000006.12:107781383	ENSG00000146285.15	SCML4	chr6	107781383	2	2.21272e-05	body,up
NC_000005.10:38334008	ENSG00000164318.18	EGFLAM	chr5	38334008	1	2.21585e-05	body
NC_000001.11:15326239	ENSG00000142634.13	EFHD2	chr1	15326239	1	2.21684e-05	up
NC_000006.12:157287481	ENSG00000215712.11	TMEM242	chr6	157287481	1	2.22597e-05	up
NC_000006.12:159298961	ENSG00000164694.17	FNDC1	chr6	159298961	1	2.23997e-05	body
NC_000010.11:25896556	ENSG00000095777.17	MYO3A	chr10	25896556	1	2.24313e-05	up
NC_000004.12:190121071	ENSG00000260596.5	DUX4	chr4	190121071	1	2.25014e-05	up
NC_000003.12:111268155	ENSG00000153283.13	CD96	chr3	111268155	1	2.26137e-05	up
NC_000003.12:50661880	ENSG00000088538.13	DOCK3	chr3	50661880	1	2.26681e-05	body
NC_000006.12:159670663	ENSG00000146457.16	WTAP	chr6	159670663	1	2.26746e-05	up
NC_000004.12:72121820	ENSG00000056291.19	NPFFR2	chr4	72121820	1	2.271e-05	body
NC_000002.12:96741650	ENSG00000114988.12	LMAN2L	chr2	96741650	1	2.27505e-05	enh
NC_000012.12:26735220	ENSG00000123104.12	ITPR2	chr12	26735220	1	2.28059e-05	up
NC_000007.14:97498870	ENSG00000006128.12	TAC1	chr7	97498870	1	2.28125e-05	up
NC_000009.12:32733360	ENSG00000188133.6	TMEM215	chr9	32733360	1	2.29258e-05	up
NC_000009.12:999295	ENSG00000064218.5	DMRT3	chr9	999295	2	2.30692e-05	dn,enh
NC_000003.12:31707264	ENSG00000163527.10	STT3B	chr3	31707264	1	2.31761e-05	enh
NC_000008.11:130901000	ENSG00000155897.10	ADCY8	chr8	130901000	2	2.31918e-05	body,dn
NC_000004.12:24234950	ENSG00000109819.9	PPARGC1A	chr4	24234950	3	2.31983e-05	body,dn,up
NC_000009.12:113083352	ENSG00000136866.14	ZFP37	chr9	113083352	1	2.32384e-05	dn
NC_000006.12:6697132	ENSG00000112799.9	LY86	chr6	6697132	1	2.32698e-05	up
NC_000010.11:109831893	ENSG00000108039.18	XPNPEP1	chr10	109831893	1	2.32934e-05	up
NC_000001.11:2674391	ENSG00000142606.16	MMEL1	chr1	2674391	2	2.34986e-05	body,up
NC_000011.10:27634029	ENSG00000176697.20	BDNF	chr11	27634029	1	2.35269e-05	up
NC_000020.11:5530266	ENSG00000125772.14	GPCPD1	chr20	5530266	1	2.35502e-05	enh
NC_000006.12:169554750	ENSG00000285733.1	ENSG00000285733	chr6	169554750	1	2.3582e-05	dn
NC_000006.12:86992449	ENSG00000168830.8	HTR1E	chr6	86992449	1	2.35869e-05	up
NC_000009.12:113082034	ENSG00000136866.14	ZFP37	chr9	113082034	1	2.37002e-05	dn
NC_000007.14:38290378	ENSG00000289746.1	TARP	chr7	38290378	1	2.37868e-05	dn
NC_000006.12:162553264	ENSG00000112530.13	PACRG	chr6	162553264	1	2.37881e-05	enh
NC_000009.12:121813067	ENSG00000136848.19	DAB2IP	chr9	121813067	1	2.38414e-05	dn
NC_000004.12:38802920	ENSG00000174123.11	TLR10	chr4	38802920	1	2.38877e-05	dn
NC_000003.12:194399962	ENSG00000178732.6	GP5	chr3	194399962	1	2.38917e-05	dn
NC_000008.11:48226436	ENSG00000169139.12	UBE2V2	chr8	48226436	1	2.39264e-05	dn
NC_000017.11:21742708	ENSG00000260458.3	KCNJ18	chr17	21742708	1	2.39483e-05	dn
NC_000010.11:3043494	ENSG00000067057.19	PFKP	chr10	3043494	1	2.39645e-05	up
NC_000001.11:201688642	ENSG00000198700.10	IPO9	chr1	201688642	2	2.40323e-05	enh,up
NC_000008.11:131746924	ENSG00000132294.15	EFR3A	chr8	131746924	1	2.41023e-05	dn
NC_000012.12:98427418	ENSG00000120802.14	TMPO	chr12	98427418	1	2.42392e-05	enh
NC_000002.12:74953631	ENSG00000115350.12	POLE4	chr2	74953631	1	2.4264e-05	dn
NC_000020.11:30294352	ENSG00000215547.1	DEFB115	chr20	30294352	1	2.43153e-05	up
NC_000003.12:186487636	ENSG00000213139.8	CRYGS	chr3	186487636	1	2.45162e-05	dn
NC_000015.10:59436857	ENSG00000157483.9	MYO1E	chr15	59436857	1	2.45345e-05	body
NC_000001.11:121020914	ENSG00000263353.4	PPIAL4A	chr1	121020914	1	2.45545e-05	up
NC_000017.11:17276443	ENSG00000141030.13	COPS3	chr17	17276443	2	2.45743e-05	body,up
NC_000001.11:152219295	ENSG00000197915.7	HRNR	chr1	152219295	1	2.45871e-05	dn
NC_000005.10:35613868	ENSG00000152582.14	SPEF2	chr5	35613868	1	2.45882e-05	up
NC_000015.10:33768338	ENSG00000184984.10	CHRM5	chr15	33768338	1	2.46204e-05	prom
NC_000020.11:31200974	ENSG00000215547.1	DEFB115	chr20	31200974	1	2.46347e-05	up
NC_000004.12:82476246	ENSG00000145293.17	ENOPH1	chr4	82476246	1	2.47039e-05	dn
NC_000001.11:199214316	ENSG00000081237.21	PTPRC	chr1	199214316	1	2.49264e-05	dn
NC_000006.12:27440982	ENSG00000096654.16	ZNF184	chr6	27440982	1	2.49293e-05	up
NC_000007.14:155103754	ENSG00000157219.5	HTR5A	chr7	155103754	1	2.49946e-05	dn
NC_000002.12:216809293	ENSG00000118245.2	TNP1	chr2	216809293	1	2.5024e-05	up
NC_000010.11:86318608	ENSG00000182771.19	GRID1	chr10	86318608	1	2.50429e-05	body
NC_000004.12:90133578	ENSG00000184305.16	CCSER1	chr4	90133578	1	2.50915e-05	up
NC_000006.12:41369919	ENSG00000096264.14	NCR2	chr6	41369919	1	2.51039e-05	dn
NC_000010.11:128826279	ENSG00000170430.10	MGMT	chr10	128826279	1	2.51305e-05	up
NC_000006.12:169586880	ENSG00000285733.1	ENSG00000285733	chr6	169586880	1	2.51715e-05	dn
NC_000008.11:17315413	ENSG00000155975.10	VPS37A	chr8	17315413	1	2.52147e-05	up
NC_000013.11:94530372	ENSG00000080166.16	DCT	chr13	94530372	1	2.52173e-05	dn
NC_000005.10:842339	ENSG00000188818.13	ZDHHC11	chr5	842339	3	2.53136e-05	body,dn,up
NC_000019.10:36301876	ENSG00000196357.12	ZNF565	chr19	36301876	1	2.54256e-05	body
NC_000001.11:121644684	ENSG00000188610.12	FAM72B	chr1	121644684	1	2.54971e-05	dn
NC_000020.11:31068124	ENSG00000215547.1	DEFB115	chr20	31068124	1	2.55187e-05	up
NC_000011.10:27637378	ENSG00000176697.20	BDNF	chr11	27637378	1	2.55387e-05	up
NC_000005.10:113098737	ENSG00000172795.17	DCP2	chr5	113098737	1	2.55591e-05	dn
NC_000002.12:234544454	ENSG00000188042.8	ARL4C	chr2	234544454	1	2.55736e-05	dn
NC_000001.11:121021057	ENSG00000263353.4	PPIAL4A	chr1	121021057	1	2.55831e-05	up
NC_000001.11:2679498	ENSG00000142606.16	MMEL1	chr1	2679498	1	2.56482e-05	dn
NC_000010.11:38831461	ENSG00000283930.1	PLD5P1	chr10	38831461	1	2.56685e-05	dn
NC_000001.11:109972331	ENSG00000168710.18	AHCYL1	chr1	109972331	1	2.57759e-05	dn
NC_000001.11:121644462	ENSG00000188610.12	FAM72B	chr1	121644462	1	2.57873e-05	up
NC_000006.12:157311799	ENSG00000215712.11	TMEM242	chr6	157311799	2	2.58148e-05	dn,up
NC_000009.12:113082684	ENSG00000136866.14	ZFP37	chr9	113082684	1	2.58269e-05	dn
NC_000007.14:118443544	ENSG00000106013.15	ANKRD7	chr7	118443544	1	2.58471e-05	body
NC_000006.12:150374314	ENSG00000009765.15	IYD	chr6	150374314	1	2.59373e-05	up
NC_000016.10:57255002	ENSG00000102931.8	ARL2BP	chr16	57255002	1	2.59867e-05	up
NC_000018.10:50077092	ENSG00000167306.21	MYO5B	chr18	50077092	1	2.6097e-05	body
NC_000009.12:4814109	ENSG00000120158.12	RCL1	chr9	4814109	1	2.61297e-05	body
NC_000002.12:106707755	ENSG00000144057.16	ST6GAL2	chr2	106707755	1	2.61556e-05	up
NC_000001.11:110296824	ENSG00000162775.17	RBM15	chr1	110296824	1	2.62156e-05	up
NC_000006.12:169564299	ENSG00000285733.1	ENSG00000285733	chr6	169564299	1	2.6221e-05	dn
NC_000001.11:2669398	ENSG00000142606.16	MMEL1	chr1	2669398	3	2.6282e-05	body,dn,up
NC_000006.12:159231720	ENSG00000164694.17	FNDC1	chr6	159231720	1	2.62978e-05	body
NC_000003.12:10656471	ENSG00000157087.20	ATP2B2	chr3	10656471	1	2.63442e-05	up
NC_000008.11:123666693	ENSG00000175946.9	KLHL38	chr8	123666693	1	2.64025e-05	dn
NC_000009.12:36008626	ENSG00000243641.3	OR13C7	chr9	36008626	1	2.64193e-05	dn
NC_000002.12:156125316	ENSG00000153234.16	NR4A2	chr2	156125316	1	2.64426e-05	up
NC_000002.12:112388607	ENSG00000169629.12	RGPD8	chr2	112388607	2	2.65317e-05	dn,prom
NC_000009.12:35851760	ENSG00000168828.6	OR13J1	chr9	35851760	1	2.65787e-05	up
NC_000018.10:76406302	ENSG00000101493.11	ZNF516	chr18	76406302	3	2.65836e-05	body,dn,up
NC_000007.14:134371724	ENSG00000205060.11	SLC35B4	chr7	134371724	1	2.66584e-05	up
NC_000020.11:30504803	ENSG00000215547.1	DEFB115	chr20	30504803	1	2.67121e-05	up
NC_000006.12:139001615	ENSG00000135597.19	REPS1	chr6	139001615	1	2.67443e-05	dn
NC_000003.12:133561192	ENSG00000091527.17	CDV3	chr3	133561192	1	2.67474e-05	enh
NC_000017.11:27936311	ENSG00000232859.10	LYRM9	chr17	27936311	1	2.6779e-05	enh
NC_000001.11:730904	ENSG00000284662.2	OR4F16	chr1	730904	1	2.68215e-05	prom
NC_000012.12:11378041	ENSG00000251655.7	PRB1	chr12	11378041	1	2.68245e-05	up
NC_000004.12:7835710	ENSG00000196526.11	AFAP1	chr4	7835710	1	2.69144e-05	up
NC_000006.12:169586929	ENSG00000285733.1	ENSG00000285733	chr6	169586929	1	2.69471e-05	dn
NC_000004.12:47931945	ENSG00000170448.12	NFXL1	chr4	47931945	1	2.70042e-05	dn
NC_000004.12:87686462	ENSG00000152592.15	DMP1	chr4	87686462	1	2.70647e-05	dn
NC_000001.11:2672464	ENSG00000142606.16	MMEL1	chr1	2672464	2	2.70659e-05	body,up
NC_000001.11:2370113	ENSG00000116151.14	MORN1	chr1	2370113	1	2.70816e-05	enh
NC_000006.12:72806226	ENSG00000185760.18	KCNQ5	chr6	72806226	1	2.71269e-05	body
NC_000002.12:71682415	ENSG00000135636.16	DYSF	chr2	71682415	1	2.71271e-05	enh
NC_000008.11:135637480	ENSG00000131773.15	KHDRBS3	chr8	135637480	1	2.71467e-05	body
NC_000009.12:74940738	ENSG00000135045.7	C9orf40	chr9	74940738	1	2.72278e-05	dn
NC_000018.10:54403412	ENSG00000174448.9	STARD6	chr18	54403412	1	2.72539e-05	dn
NC_000018.10:8434566	ENSG00000206418.5	RAB12	chr18	8434566	1	2.72648e-05	dn
NC_000004.12:90458633	ENSG00000184305.16	CCSER1	chr4	90458633	1	2.73061e-05	up
NC_000006.12:157312392	ENSG00000215712.11	TMEM242	chr6	157312392	1	2.75376e-05	up
NC_000007.14:76986763	ENSG00000186645.11	SPDYE17	chr7	76986763	1	2.75597e-05	dn
NC_000020.11:30421854	ENSG00000215547.1	DEFB115	chr20	30421854	1	2.76524e-05	up
NC_000018.10:46762829	ENSG00000101638.14	ST8SIA5	chr18	46762829	3	2.78071e-05	body,dn,up
NC_000011.10:27634039	ENSG00000176697.20	BDNF	chr11	27634039	1	2.78569e-05	up
NC_000007.14:108102951	ENSG00000091128.13	LAMB4	chr7	108102951	1	2.80364e-05	enh
NC_000008.11:125793399	ENSG00000173334.4	TRIB1	chr8	125793399	1	2.80824e-05	enh
NC_000016.10:88068445	ENSG00000172530.22	BANP	chr16	88068445	1	2.83041e-05	body
NC_000018.10:45770781	ENSG00000197046.12	SIGLEC15	chr18	45770781	1	2.83674e-05	up
NC_000005.10:116173292	ENSG00000145781.9	COMMD10	chr5	116173292	1	2.83761e-05	body
NC_000004.12:72046411	ENSG00000056291.19	NPFFR2	chr4	72046411	1	2.85368e-05	body
NC_000009.12:21833672	ENSG00000099810.21	MTAP	chr9	21833672	1	2.85423e-05	up
NC_000006.12:106572475	ENSG00000130347.13	RTN4IP1	chr6	106572475	1	2.86414e-05	up
NC_000002.12:73191342	ENSG00000214513.4	NOTO	chr2	73191342	1	2.86543e-05	up
NC_000001.11:2669876	ENSG00000142606.16	MMEL1	chr1	2669876	3	2.87741e-05	body,dn,up
NC_000018.10:14542767	ENSG00000183206.18	POTEC	chr18	14542767	1	2.88158e-05	dn
NC_000020.11:60116651	ENSG00000124215.17	CDH26	chr20	60116651	1	2.88236e-05	enh
NC_000001.11:19435135	ENSG00000173436.15	MICOS10	chr1	19435135	2	2.88712e-05	enh,up
NC_000017.11:21687869	ENSG00000260458.3	KCNJ18	chr17	21687869	1	2.88892e-05	dn
NC_000020.11:26469828	ENSG00000130684.14	ZNF337	chr20	26469828	1	2.88971e-05	up
NC_000010.11:105278155	ENSG00000156395.14	SORCS3	chr10	105278155	1	2.88995e-05	body
NC_000002.12:177387192	ENSG00000018510.18	AGPS	chr2	177387192	1	2.89403e-05	body
NC_000020.11:31229512	ENSG00000215547.1	DEFB115	chr20	31229512	1	2.89741e-05	up
NC_000003.12:8681777	ENSG00000182533.7	CAV3	chr3	8681777	1	2.90065e-05	up
NC_000007.14:133141910	ENSG00000106554.13	CHCHD3	chr7	133141910	1	2.90608e-05	up
NC_000001.11:34779938	ENSG00000188910.8	GJB3	chr1	34779938	1	2.90669e-05	up
NC_000010.11:38831086	ENSG00000283930.1	PLD5P1	chr10	38831086	1	2.91257e-05	dn
NC_000001.11:171123878	ENSG00000007933.13	FMO3	chr1	171123878	1	2.91465e-05	body
NC_000011.10:27204419	ENSG00000109881.17	CCDC34	chr11	27204419	1	2.9362e-05	up
NC_000011.10:130529629	ENSG00000166106.4	ADAMTS15	chr11	130529629	1	2.94015e-05	dn
NC_000010.11:90879911	ENSG00000148688.14	RPP30	chr10	90879911	1	2.94265e-05	dn
NC_000020.11:45756606	ENSG00000149651.4	SPINT4	chr20	45756606	1	2.94294e-05	body
NC_000002.12:156330134	ENSG00000153234.16	NR4A2	chr2	156330134	1	2.94373e-05	up
NC_000001.11:2671889	ENSG00000142606.16	MMEL1	chr1	2671889	1	2.94975e-05	dn
NC_000010.11:46878330	ENSG00000204179.11	PTPN20	chr10	46878330	1	2.97717e-05	up
NC_000005.10:131863507	ENSG00000217128.13	FNIP1	chr5	131863507	2	2.97785e-05	body,up
NC_000002.12:71162951	ENSG00000124383.11	MPHOSPH10	chr2	71162951	1	2.98064e-05	up
NC_000007.14:152109182	ENSG00000178234.13	GALNT11	chr7	152109182	1	3.00108e-05	enh
NC_000006.12:4020739	ENSG00000112739.17	PRPF4B	chr6	4020739	1	3.00688e-05	body
NC_000014.9:57943739	ENSG00000151812.15	SLC35F4	chr14	57943739	1	3.01369e-05	up
NC_000009.12:32847659	ENSG00000188133.6	TMEM215	chr9	32847659	1	3.01647e-05	up
NC_000010.11:46845898	ENSG00000204179.11	PTPN20	chr10	46845898	1	3.0193e-05	up
NC_000002.12:14539549	ENSG00000162981.14	LRATD1	chr2	14539549	1	3.02106e-05	up
NC_000020.11:31056071	ENSG00000215547.1	DEFB115	chr20	31056071	1	3.02324e-05	up
NC_000001.11:2664266	ENSG00000142606.16	MMEL1	chr1	2664266	2	3.04081e-05	body,up
NC_000005.10:115663862	ENSG00000134970.14	TMED7	chr5	115663862	3	3.04518e-05	body,dn,up
NC_000001.11:178556110	ENSG00000240021.10	TEX35	chr1	178556110	1	3.04854e-05	body
NC_000010.11:38859979	ENSG00000283930.1	PLD5P1	chr10	38859979	1	3.05734e-05	dn
NC_000009.12:17072	ENSG00000181404.18	WASHC1	chr9	17072	1	3.072e-05	dn
NC_000009.12:135662950	ENSG00000148386.10	LCN9	chr9	135662950	1	3.07321e-05	body
NC_000006.12:87277075	ENSG00000111850.11	SMIM8	chr6	87277075	1	3.07322e-05	body
NC_000012.12:16078595	ENSG00000023697.13	DERA	chr12	16078595	1	3.07651e-05	dn
NC_000012.12:13173813	ENSG00000134531.10	EMP1	chr12	13173813	1	3.07669e-05	up
NC_000006.12:9461926	ENSG00000137203.15	TFAP2A	chr6	9461926	1	3.0831e-05	dn
NC_000016.10:56197840	ENSG00000087258.17	GNAO1	chr16	56197840	1	3.11035e-05	enh
NC_000005.10:73771312	ENSG00000214944.10	ARHGEF28	chr5	73771312	1	3.12277e-05	dn
NC_000018.10:8641937	ENSG00000206418.5	RAB12	chr18	8641937	1	3.12471e-05	body
NC_000003.12:169131987	ENSG00000085276.19	MECOM	chr3	169131987	1	3.13001e-05	body
NC_000011.10:16877189	ENSG00000166689.18	PLEKHA7	chr11	16877189	1	3.13257e-05	body
NC_000010.11:133572530	ENSG00000171772.17	SYCE1	chr10	133572530	1	3.1337e-05	body
NC_000002.12:207021675	ENSG00000144410.5	CPO	chr2	207021675	1	3.13768e-05	dn
NC_000005.10:151843697	ENSG00000177556.12	ATOX1	chr5	151843697	1	3.13793e-05	up
NC_000006.12:688491	ENSG00000112685.14	EXOC2	chr6	688491	1	3.15565e-05	up
NC_000001.11:121020120	ENSG00000263353.4	PPIAL4A	chr1	121020120	1	3.15758e-05	up
NC_000022.11:49762707	ENSG00000100425.19	BRD1	chr22	49762707	1	3.16227e-05	enh
NC_000002.12:135821159	ENSG00000115850.10	LCT	chr2	135821159	2	3.16459e-05	body,up
NC_000009.12:96925374	ENSG00000188152.13	NUTM2G	chr9	96925374	1	3.17734e-05	dn
NC_000006.12:148795660	ENSG00000111962.8	UST	chr6	148795660	1	3.18059e-05	enh
NC_000007.14:100998630	ENSG00000169876.14	MUC17	chr7	100998630	1	3.19084e-05	up
NC_000005.10:78458004	ENSG00000085365.18	SCAMP1	chr5	78458004	1	3.19124e-05	body
NC_000018.10:14001977	ENSG00000185231.5	MC2R	chr18	14001977	1	3.20624e-05	up
NC_000002.12:74994214	ENSG00000115350.12	POLE4	chr2	74994214	1	3.20688e-05	dn
NC_000020.11:31176612	ENSG00000215547.1	DEFB115	chr20	31176612	1	3.20962e-05	up
NC_000004.12:82485009	ENSG00000145293.17	ENOPH1	chr4	82485009	1	3.21752e-05	dn
NC_000009.12:32874506	ENSG00000188133.6	TMEM215	chr9	32874506	1	3.21798e-05	up
NC_000012.12:47237611	ENSG00000139211.7	AMIGO2	chr12	47237611	1	3.23197e-05	dn
NC_000021.9:35645867	ENSG00000159216.20	RUNX1	chr21	35645867	1	3.23943e-05	body
NC_000003.12:194079685	ENSG00000114315.4	HES1	chr3	194079685	2	3.25412e-05	enh,up
NC_000018.10:78876403	ENSG00000256463.10	SALL3	chr18	78876403	1	3.26857e-05	dn
NC_000020.11:42923720	ENSG00000196090.14	PTPRT	chr20	42923720	1	3.26968e-05	up
NC_000010.11:62344708	ENSG00000138311.18	ZNF365	chr10	62344708	1	3.27475e-05	body
NC_000005.10:72809799	ENSG00000083312.19	TNPO1	chr5	72809799	1	3.27594e-05	up
NC_000002.12:3287730	ENSG00000032389.13	EIPR1	chr2	3287730	2	3.2783e-05	body,up
NC_000014.9:91390465	ENSG00000015133.20	CCDC88C	chr14	91390465	2	3.28143e-05	body,dn
NC_000004.12:9094903	ENSG00000229924.3	FAM90A26	chr4	9094903	1	3.28713e-05	up
NC_000003.12:126405576	ENSG00000163885.12	CFAP100	chr3	126405576	1	3.2967e-05	enh
NC_000012.12:188699	ENSG00000111181.13	SLC6A12	chr12	188699	1	3.30211e-05	enh
NC_000014.9:80944354	ENSG00000165409.18	TSHR	chr14	80944354	1	3.3137e-05	body
NC_000001.11:121747758	ENSG00000188610.12	FAM72B	chr1	121747758	1	3.32274e-05	dn
NC_000003.12:14809765	ENSG00000154783.12	FGD5	chr3	14809765	1	3.32591e-05	up
NC_000007.14:34611615	ENSG00000187258.14	NPSR1	chr7	34611615	1	3.326e-05	up
NC_000001.11:115326485	ENSG00000134259.6	NGF	chr1	115326485	1	3.32623e-05	up
NC_000008.11:66354663	ENSG00000179041.4	RRS1	chr8	66354663	1	3.33953e-05	up
NC_000005.10:26795	ENSG00000153404.15	PLEKHG4B	chr5	26795	1	3.34505e-05	up
NC_000011.10:74890930	ENSG00000166435.17	XRRA1	chr11	74890930	2	3.34598e-05	body,dn
NC_000020.11:2369692	ENSG00000166948.10	TGM6	chr20	2369692	1	3.34942e-05	up
NC_000003.12:33023130	ENSG00000183813.7	CCR4	chr3	33023130	1	3.35193e-05	dn
NC_000011.10:74915330	ENSG00000166435.17	XRRA1	chr11	74915330	2	3.369e-05	body,dn
NC_000010.11:133623072	ENSG00000225899.8	FRG2B	chr10	133623072	1	3.36921e-05	dn
NC_000009.12:113078846	ENSG00000136866.14	ZFP37	chr9	113078846	1	3.37029e-05	dn
NC_000005.10:115658489	ENSG00000134970.14	TMED7	chr5	115658489	1	3.39262e-05	dn
NC_000008.11:123667649	ENSG00000175946.9	KLHL38	chr8	123667649	1	3.40074e-05	dn
NC_000012.12:62458272	ENSG00000061987.16	MON2	chr12	62458272	1	3.40252e-05	body
NC_000001.11:121016877	ENSG00000263353.4	PPIAL4A	chr1	121016877	1	3.41013e-05	up
NC_000005.10:846401	ENSG00000188818.13	ZDHHC11	chr5	846401	3	3.41163e-05	body,dn,up
NC_000003.12:151384132	ENSG00000169313.10	P2RY12	chr3	151384132	1	3.42646e-05	up
NC_000015.10:61848640	ENSG00000129003.19	VPS13C	chr15	61848640	1	3.44022e-05	up
NC_000018.10:9335692	ENSG00000128791.12	TWSG1	chr18	9335692	1	3.44175e-05	body
NC_000018.10:78686141	ENSG00000256463.10	SALL3	chr18	78686141	1	3.44618e-05	dn
NC_000006.12:149957344	ENSG00000111981.5	ULBP1	chr6	149957344	1	3.4466e-05	body
NC_000004.12:182070575	ENSG00000218336.9	TENM3	chr4	182070575	1	3.44994e-05	enh
NC_000009.12:113082712	ENSG00000136866.14	ZFP37	chr9	113082712	1	3.45871e-05	dn
NC_000005.10:159818912	ENSG00000170214.5	ADRA1B	chr5	159818912	1	3.46557e-05	body
NC_000001.11:164902226	ENSG00000185630.20	PBX1	chr1	164902226	1	3.46633e-05	body
NC_000005.10:844436	ENSG00000188818.13	ZDHHC11	chr5	844436	3	3.46756e-05	body,dn,up
NC_000019.10:36298685	ENSG00000196357.12	ZNF565	chr19	36298685	1	3.46868e-05	up
NC_000007.14:104217150	ENSG00000164815.11	ORC5	chr7	104217150	1	3.46917e-05	dn
NC_000008.11:109185882	ENSG00000174417.3	TRHR	chr8	109185882	1	3.47041e-05	up
NC_000011.10:5929194	ENSG00000132256.20	TRIM5	chr11	5929194	1	3.47043e-05	up
NC_000012.12:112576043	ENSG00000089169.15	RPH3A	chr12	112576043	1	3.47155e-05	enh
NC_000004.12:120750603	ENSG00000138738.11	PRDM5	chr4	120750603	1	3.47602e-05	up
NC_000005.10:38312947	ENSG00000164318.18	EGFLAM	chr5	38312947	1	3.47787e-05	body
NC_000002.12:74953223	ENSG00000115350.12	POLE4	chr2	74953223	1	3.48084e-05	dn
NC_000002.12:87022840	ENSG00000183281.15	PLGLB1	chr2	87022840	1	3.48459e-05	up
NC_000018.10:50055599	ENSG00000167306.21	MYO5B	chr18	50055599	1	3.49431e-05	body
NC_000012.12:112544835	ENSG00000089169.15	RPH3A	chr12	112544835	1	3.4956e-05	enh
NC_000003.12:173522196	ENSG00000169760.18	NLGN1	chr3	173522196	1	3.50293e-05	dn
NC_000014.9:56281356	ENSG00000139946.11	PELI2	chr14	56281356	1	3.50493e-05	body
NC_000001.11:61391144	ENSG00000162604.13	TM2D1	chr1	61391144	1	3.51053e-05	up
NC_000012.12:91324845	ENSG00000011465.18	DCN	chr12	91324845	1	3.51608e-05	enh
NC_000001.11:93319348	ENSG00000117505.13	DR1	chr1	93319348	1	3.51764e-05	up
NC_000019.10:36287334	ENSG00000196357.12	ZNF565	chr19	36287334	1	3.52958e-05	up
NC_000005.10:167861115	ENSG00000113645.15	WWC1	chr5	167861115	1	3.5354e-05	up
NC_000010.11:133578443	ENSG00000171772.17	SYCE1	chr10	133578443	1	3.53645e-05	body
NC_000002.12:171408450	ENSG00000115827.14	DCAF17	chr2	171408450	1	3.53836e-05	dn
NC_000020.11:23995008	ENSG00000149435.12	GGTLC1	chr20	23995008	1	3.54706e-05	dn
NC_000007.14:100958554	ENSG00000169894.18	MUC3A	chr7	100958554	1	3.54812e-05	body
NC_000003.12:174398658	ENSG00000177694.16	NAALADL2	chr3	174398658	1	3.55093e-05	body
NC_000012.12:13202391	ENSG00000134531.10	EMP1	chr12	13202391	1	3.55494e-05	up
NC_000007.14:122821238	ENSG00000081803.17	CADPS2	chr7	122821238	1	3.55649e-05	body
NC_000006.12:160615012	ENSG00000198670.13	LPA	chr6	160615012	1	3.57131e-05	dn
NC_000003.12:195988946	ENSG00000061938.21	TNK2	chr3	195988946	1	3.57275e-05	enh
NC_000005.10:36457128	ENSG00000079215.15	SLC1A3	chr5	36457128	1	3.57903e-05	body
NC_000008.11:66339066	ENSG00000179041.4	RRS1	chr8	66339066	1	3.58186e-05	up
NC_000010.11:79952638	ENSG00000133661.17	SFTPD	chr10	79952638	1	3.58253e-05	dn
NC_000001.11:220769962	ENSG00000186205.14	MTARC1	chr1	220769962	1	3.5837e-05	enh
NC_000001.11:779477	ENSG00000284662.2	OR4F16	chr1	779477	1	3.58672e-05	prom
NC_000021.9:13848977	ENSG00000166351.11	POTED	chr21	13848977	1	3.58806e-05	dn
NC_000010.11:1149903	ENSG00000047056.18	WDR37	chr10	1149903	1	3.59333e-05	dn
NC_000010.11:98265742	ENSG00000138131.4	LOXL4	chr10	98265742	2	3.59391e-05	body,up
NC_000012.12:112565177	ENSG00000089169.15	RPH3A	chr12	112565177	1	3.59402e-05	enh
NC_000015.10:46749895	ENSG00000137872.17	SEMA6D	chr15	46749895	1	3.5988e-05	body
NC_000001.11:209708454	ENSG00000117594.10	HSD11B1	chr1	209708454	1	3.60522e-05	dn
NC_000010.11:124289002	ENSG00000065154.12	OAT	chr10	124289002	1	3.61963e-05	enh
NC_000007.14:137771001	ENSG00000157680.17	DGKI	chr7	137771001	1	3.62026e-05	up
NC_000020.11:31215781	ENSG00000215547.1	DEFB115	chr20	31215781	1	3.62594e-05	up
NC_000011.10:19351619	ENSG00000166833.23	NAV2	chr11	19351619	1	3.62767e-05	enh
NC_000001.11:121016686	ENSG00000263353.4	PPIAL4A	chr1	121016686	1	3.62786e-05	up
NC_000007.14:158502674	ENSG00000155093.20	PTPRN2	chr7	158502674	1	3.63541e-05	up
NC_000002.12:910149	ENSG00000172554.12	SNTG2	chr2	910149	1	3.63738e-05	up
NC_000004.12:16389616	ENSG00000169762.17	TAPT1	chr4	16389616	1	3.65976e-05	up
NC_000015.10:73799157	ENSG00000205363.7	INSYN1	chr15	73799157	1	3.66612e-05	up
NC_000009.12:113084804	ENSG00000136866.14	ZFP37	chr9	113084804	1	3.67804e-05	dn
NC_000011.10:56536066	ENSG00000255223.5	OR5M11	chr11	56536066	1	3.68148e-05	up
NC_000003.12:184808639	ENSG00000156931.16	VPS8	chr3	184808639	1	3.6858e-05	body
NC_000008.11:17463955	ENSG00000003989.18	SLC7A2	chr8	17463955	1	3.68776e-05	up
NC_000020.11:31229313	ENSG00000215547.1	DEFB115	chr20	31229313	1	3.6891e-05	up
NC_000004.12:184964178	ENSG00000187821.9	HELT	chr4	184964178	1	3.69853e-05	up
NC_000006.12:104498042	ENSG00000085382.12	HACE1	chr6	104498042	1	3.70571e-05	dn
NC_000002.12:204365595	ENSG00000116117.20	PARD3B	chr2	204365595	1	3.70782e-05	body
NC_000008.11:66366523	ENSG00000179041.4	RRS1	chr8	66366523	1	3.71378e-05	up
NC_000003.12:195626555	ENSG00000189058.9	APOD	chr3	195626555	1	3.71562e-05	dn
NC_000012.12:15005893	ENSG00000139053.3	PDE6H	chr12	15005893	1	3.71604e-05	enh
NC_000012.12:199405	ENSG00000111181.13	SLC6A12	chr12	199405	1	3.71734e-05	up
NC_000005.10:154221952	ENSG00000164574.16	GALNT10	chr5	154221952	1	3.72699e-05	up
NC_000005.10:66480723	ENSG00000069020.19	MAST4	chr5	66480723	1	3.73912e-05	body
NC_000008.11:102538782	ENSG00000155087.4	ODF1	chr8	102538782	1	3.7406e-05	up
NC_000007.14:152037365	ENSG00000178234.13	GALNT11	chr7	152037365	1	3.75046e-05	up
NC_000004.12:15734204	ENSG00000109743.11	BST1	chr4	15734204	1	3.75305e-05	dn
NC_000020.11:31398406	ENSG00000180483.7	DEFB119	chr20	31398406	1	3.75654e-05	dn
NC_000009.12:113065719	ENSG00000136866.14	ZFP37	chr9	113065719	1	3.76408e-05	dn
NC_000006.12:90593618	ENSG00000135341.19	MAP3K7	chr6	90593618	3	3.76447e-05	body,dn,up
NC_000001.11:152219685	ENSG00000197915.7	HRNR	chr1	152219685	1	3.7657e-05	dn
NC_000002.12:113387735	ENSG00000136682.16	ZNG1B	chr2	113387735	1	3.77096e-05	body
NC_000011.10:107152001	ENSG00000152402.11	GUCY1A2	chr11	107152001	1	3.77213e-05	body
NC_000002.12:169714861	ENSG00000213160.10	KLHL23	chr2	169714861	1	3.7799e-05	prom
NC_000008.11:81841434	ENSG00000104497.15	SNX16	chr8	81841434	1	3.79299e-05	up
NC_000009.12:113065670	ENSG00000136866.14	ZFP37	chr9	113065670	1	3.80133e-05	dn
NC_000006.12:169587780	ENSG00000285733.1	ENSG00000285733	chr6	169587780	1	3.80158e-05	dn
NC_000005.10:56907981	ENSG00000155542.12	SETD9	chr5	56907981	1	3.80744e-05	up
NC_000002.12:148641701	ENSG00000135999.12	EPC2	chr2	148641701	1	3.80948e-05	body
NC_000005.10:410718	ENSG00000180104.16	EXOC3	chr5	410718	1	3.83801e-05	enh
NC_000019.10:51446942	ENSG00000105366.15	SIGLEC8	chr19	51446942	1	3.84277e-05	dn
NC_000009.12:104834884	ENSG00000165028.12	NIPSNAP3B	chr9	104834884	1	3.84321e-05	dn
NC_000001.11:179447941	ENSG00000162779.22	AXDND1	chr1	179447941	1	3.84955e-05	dn
NC_000014.9:70437037	ENSG00000139985.8	ADAM21	chr14	70437037	1	3.8558e-05	up
NC_000011.10:134045936	ENSG00000166086.13	JAM3	chr11	134045936	1	3.86082e-05	up
NC_000008.11:141698399	ENSG00000226490.2	C8orf90	chr8	141698399	1	3.86476e-05	up
NC_000014.9:20709605	ENSG00000259171.1	ENSG00000259171	chr14	20709605	1	3.87334e-05	enh
NC_000020.11:25275003	ENSG00000100994.12	PYGB	chr20	25275003	1	3.87701e-05	prom
NC_000009.12:138153633	ENSG00000148408.15	CACNA1B	chr9	138153633	1	3.87808e-05	prom
NC_000001.11:184967721	ENSG00000135842.17	NIBAN1	chr1	184967721	1	3.87972e-05	dn
NC_000005.10:150260864	ENSG00000070808.17	CAMK2A	chr5	150260864	2	3.88556e-05	body,up
NC_000003.12:13683257	ENSG00000163520.14	FBLN2	chr3	13683257	1	3.88689e-05	dn
NC_000010.11:3084102	ENSG00000067057.19	PFKP	chr10	3084102	1	3.88829e-05	up
NC_000019.10:21616711	ENSG00000197013.11	ZNF429	chr19	21616711	1	3.89208e-05	enh
NC_000010.11:444734	ENSG00000151240.18	DIP2C	chr10	444734	1	3.9015e-05	up
NC_000001.11:121016996	ENSG00000263353.4	PPIAL4A	chr1	121016996	1	3.90658e-05	up
NC_000014.9:51197366	ENSG00000139921.13	TMX1	chr14	51197366	1	3.91228e-05	up
NC_000020.11:31052187	ENSG00000215547.1	DEFB115	chr20	31052187	1	3.91868e-05	up
NC_000020.11:31191846	ENSG00000215547.1	DEFB115	chr20	31191846	1	3.92657e-05	up
NC_000013.11:24050812	ENSG00000182957.16	SPATA13	chr13	24050812	1	3.9274e-05	body
NC_000019.10:21464520	ENSG00000197013.11	ZNF429	chr19	21464520	1	3.94089e-05	dn
NC_000012.12:112556803	ENSG00000089169.15	RPH3A	chr12	112556803	1	3.94109e-05	enh
NC_000004.12:102843081	ENSG00000109332.20	UBE2D3	chr4	102843081	3	3.95955e-05	body,dn,up
NC_000002.12:134330518	ENSG00000152127.9	MGAT5	chr2	134330518	1	3.96873e-05	body
NC_000008.11:91210082	ENSG00000147606.9	SLC26A7	chr8	91210082	1	3.96905e-05	up
NC_000001.11:244438597	ENSG00000035687.10	ADSS2	chr1	244438597	1	3.97223e-05	body
NC_000012.12:63678874	ENSG00000177990.12	DPY19L2	chr12	63678874	3	3.97722e-05	body,dn,up
NC_000020.11:51436826	ENSG00000101096.20	NFATC2	chr20	51436826	2	3.98865e-05	body,dn
NC_000020.11:31070031	ENSG00000215547.1	DEFB115	chr20	31070031	1	4.01183e-05	up
NC_000003.12:159092514	ENSG00000214216.11	IQCJ	chr3	159092514	1	4.01678e-05	dn
NC_000006.12:159298991	ENSG00000164694.17	FNDC1	chr6	159298991	1	4.01793e-05	body
NC_000001.11:2679692	ENSG00000142606.16	MMEL1	chr1	2679692	2	4.02185e-05	body,up
NC_000010.11:113548874	ENSG00000148702.15	HABP2	chr10	113548874	1	4.02876e-05	up
NC_000005.10:147873559	ENSG00000164265.9	SCGB3A2	chr5	147873559	1	4.03606e-05	up
NC_000004.12:186520124	ENSG00000272297.2	ENSG00000272297	chr4	186520124	1	4.04295e-05	up
NC_000019.10:23891013	ENSG00000213967.12	ZNF726	chr19	23891013	1	4.04936e-05	dn
NC_000001.11:2661306	ENSG00000142606.16	MMEL1	chr1	2661306	3	4.0518e-05	body,dn,up
NC_000008.11:61152778	ENSG00000177182.11	CLVS1	chr8	61152778	1	4.05552e-05	body
NC_000003.12:17168722	ENSG00000154822.18	PLCL2	chr3	17168722	1	4.0632e-05	enh
NC_000012.12:107602500	ENSG00000136045.12	PWP1	chr12	107602500	1	4.06374e-05	up
NC_000009.12:1033176	ENSG00000173253.16	DMRT2	chr9	1033176	1	4.07247e-05	up
NC_000014.9:52255742	ENSG00000168229.4	PTGDR	chr14	52255742	1	4.09006e-05	up
NC_000006.12:130310214	ENSG00000164483.17	SAMD3	chr6	130310214	1	4.09019e-05	body
NC_000002.12:205772627	ENSG00000118257.17	NRP2	chr2	205772627	1	4.1004e-05	dn
NC_000018.10:76405679	ENSG00000101493.11	ZNF516	chr18	76405679	1	4.10859e-05	up
NC_000007.14:65189806	ENSG00000213462.5	ERV3-1	chr7	65189806	1	4.11931e-05	up
NC_000008.11:66387709	ENSG00000179041.4	RRS1	chr8	66387709	1	4.12226e-05	up
NC_000008.11:66410110	ENSG00000179041.4	RRS1	chr8	66410110	1	4.13934e-05	up
NC_000006.12:122275095	ENSG00000025156.13	HSF2	chr6	122275095	1	4.15468e-05	up
NC_000008.11:123642369	ENSG00000175946.9	KLHL38	chr8	123642369	1	4.15962e-05	up
NC_000004.12:36800	ENSG00000272602.6	ZNF595	chr4	36800	1	4.16702e-05	dn
NC_000009.12:113085614	ENSG00000136866.14	ZFP37	chr9	113085614	1	4.16857e-05	dn
NC_000006.12:87317235	ENSG00000111850.11	SMIM8	chr6	87317235	1	4.1714e-05	body
NC_000012.12:106645063	ENSG00000111783.13	RFX4	chr12	106645063	1	4.17152e-05	up
NC_000001.11:179429039	ENSG00000162779.22	AXDND1	chr1	179429039	1	4.17481e-05	dn
NC_000003.12:35667381	ENSG00000172995.17	ARPP21	chr3	35667381	1	4.17833e-05	body
NC_000008.11:66376724	ENSG00000179041.4	RRS1	chr8	66376724	1	4.18509e-05	up
NC_000018.10:44924938	ENSG00000152217.20	SETBP1	chr18	44924938	1	4.18721e-05	body
NC_000003.12:10662426	ENSG00000157087.20	ATP2B2	chr3	10662426	1	4.18992e-05	up
NC_000006.12:168229366	ENSG00000164488.12	DACT2	chr6	168229366	1	4.19662e-05	up
NC_000018.10:3282121	ENSG00000118680.14	MYL12B	chr18	3282121	1	4.20309e-05	dn
NC_000006.12:109950993	ENSG00000146360.9	GPR6	chr6	109950993	1	4.20491e-05	enh
NC_000011.10:5919951	ENSG00000132256.20	TRIM5	chr11	5919951	1	4.21801e-05	up
NC_000002.12:127173025	ENSG00000186684.14	CYP27C1	chr2	127173025	3	4.23107e-05	body,dn,up
NC_000017.11:21740649	ENSG00000260458.3	KCNJ18	chr17	21740649	1	4.23339e-05	dn
NC_000008.11:66313847	ENSG00000179041.4	RRS1	chr8	66313847	1	4.23648e-05	up
NC_000002.12:3539640	ENSG00000171865.10	RNASEH1	chr2	3539640	1	4.24269e-05	up
NC_000019.10:21569887	ENSG00000197013.11	ZNF429	chr19	21569887	1	4.25238e-05	dn
NC_000017.11:20550668	ENSG00000214819.2	CDRT15L2	chr17	20550668	1	4.25288e-05	up
NC_000006.12:134912247	ENSG00000118514.14	ALDH8A1	chr6	134912247	1	4.2605e-05	up
NC_000012.12:9456245	ENSG00000111796.4	KLRB1	chr12	9456245	3	4.26135e-05	body,dn,up
NC_000009.12:39509713	ENSG00000204849.10	SPATA31A1	chr9	39509713	1	4.26356e-05	dn
NC_000010.11:120776330	ENSG00000120008.16	WDR11	chr10	120776330	1	4.27299e-05	dn
NC_000007.14:65186087	ENSG00000213462.5	ERV3-1	chr7	65186087	1	4.27762e-05	up
NC_000017.11:11534078	ENSG00000007174.18	DNAH9	chr17	11534078	1	4.28173e-05	up
NC_000007.14:158916560	ENSG00000126870.16	DYNC2I1	chr7	158916560	1	4.28272e-05	body
NC_000003.12:28244031	ENSG00000187118.14	CMC1	chr3	28244031	1	4.284e-05	body
NC_000008.11:66377597	ENSG00000179041.4	RRS1	chr8	66377597	1	4.28932e-05	up
NC_000012.12:130700805	ENSG00000060709.17	RIMBP2	chr12	130700805	1	4.3048e-05	dn
NC_000007.14:12297851	ENSG00000106460.20	TMEM106B	chr7	12297851	1	4.31251e-05	dn
NC_000018.10:63786303	ENSG00000166396.13	SERPINB7	chr18	63786303	1	4.32781e-05	body
NC_000001.11:2659019	ENSG00000142606.16	MMEL1	chr1	2659019	1	4.32843e-05	dn
NC_000004.12:72060673	ENSG00000056291.19	NPFFR2	chr4	72060673	1	4.34316e-05	body
NC_000012.12:130422532	ENSG00000125207.7	PIWIL1	chr12	130422532	1	4.34369e-05	up
NC_000021.9:35469306	ENSG00000159216.20	RUNX1	chr21	35469306	1	4.34847e-05	body
NC_000013.11:42430340	ENSG00000120659.16	TNFSF11	chr13	42430340	1	4.34877e-05	up
NC_000003.12:155125066	ENSG00000196549.13	MME	chr3	155125066	1	4.35692e-05	enh
NC_000010.11:27715201	ENSG00000150051.14	MKX	chr10	27715201	2	4.36173e-05	dn,up
NC_000013.11:32268712	ENSG00000139618.19	BRCA2	chr13	32268712	1	4.3843e-05	up
NC_000020.11:31062493	ENSG00000215547.1	DEFB115	chr20	31062493	1	4.38456e-05	up
NC_000004.12:82485104	ENSG00000145293.17	ENOPH1	chr4	82485104	1	4.38816e-05	dn
NC_000017.11:16525877	ENSG00000181350.12	LRRC75A	chr17	16525877	1	4.39419e-05	enh
NC_000002.12:30445039	ENSG00000172954.14	LCLAT1	chr2	30445039	1	4.40929e-05	prom
NC_000004.12:112428072	ENSG00000178403.4	NEUROG2	chr4	112428072	1	4.41075e-05	up
NC_000003.12:39000806	ENSG00000114742.14	WDR48	chr3	39000806	1	4.41372e-05	up
NC_000006.12:122362903	ENSG00000025156.13	HSF2	chr6	122362903	1	4.41391e-05	up
NC_000020.11:13086100	ENSG00000172296.13	SPTLC3	chr20	13086100	1	4.42342e-05	up
NC_000022.11:15531658	ENSG00000130538.6	OR11H1	chr22	15531658	1	4.4252e-05	up
NC_000017.11:65275503	ENSG00000108370.17	RGS9	chr17	65275503	1	4.43846e-05	dn
NC_000011.10:74902618	ENSG00000166435.17	XRRA1	chr11	74902618	1	4.44178e-05	body
NC_000001.11:90725880	ENSG00000143032.8	BARHL2	chr1	90725880	1	4.45184e-05	dn
NC_000007.14:35720461	ENSG00000122557.11	HERPUD2	chr7	35720461	2	4.46774e-05	body,dn
NC_000002.12:215227138	ENSG00000138363.15	ATIC	chr2	215227138	1	4.47039e-05	enh
NC_000009.12:138153295	ENSG00000148408.15	CACNA1B	chr9	138153295	1	4.47127e-05	prom
NC_000002.12:3287336	ENSG00000032389.13	EIPR1	chr2	3287336	1	4.48097e-05	up
NC_000002.12:74954219	ENSG00000115350.12	POLE4	chr2	74954219	1	4.49724e-05	dn
NC_000013.11:39782177	ENSG00000133103.17	COG6	chr13	39782177	1	4.50026e-05	up
NC_000002.12:237655916	ENSG00000124831.20	LRRFIP1	chr2	237655916	1	4.52821e-05	body
NC_000013.11:19344408	ENSG00000198033.13	TUBA3C	chr13	19344408	1	4.53406e-05	dn
NC_000006.12:157286621	ENSG00000215712.11	TMEM242	chr6	157286621	1	4.54117e-05	up
NC_000018.10:13053318	ENSG00000101639.19	CEP192	chr18	13053318	1	4.56424e-05	body
NC_000012.12:101776106	ENSG00000139351.15	SYCP3	chr12	101776106	1	4.5789e-05	dn
NC_000012.12:26708863	ENSG00000123104.12	ITPR2	chr12	26708863	1	4.58437e-05	up
NC_000001.11:248707584	ENSG00000189181.6	OR14I1	chr1	248707584	1	4.59152e-05	dn
NC_000004.12:99265451	ENSG00000187758.8	ADH1A	chr4	99265451	1	4.59907e-05	up
NC_000005.10:66665097	ENSG00000069020.19	MAST4	chr5	66665097	1	4.59991e-05	up
NC_000004.12:4344468	ENSG00000168824.15	NSG1	chr4	4344468	1	4.60521e-05	enh
NC_000001.11:153104283	ENSG00000203785.9	SPRR2E	chr1	153104283	1	4.60522e-05	up
NC_000012.12:30876858	ENSG00000110900.16	TSPAN11	chr12	30876858	1	4.60931e-05	up
NC_000001.11:68120098	ENSG00000162595.8	DIRAS3	chr1	68120098	1	4.61059e-05	dn
NC_000006.12:169570823	ENSG00000285733.1	ENSG00000285733	chr6	169570823	1	4.62982e-05	dn
NC_000018.10:14542867	ENSG00000183206.18	POTEC	chr18	14542867	1	4.63338e-05	dn
NC_000002.12:17847736	ENSG00000170745.12	KCNS3	chr2	17847736	1	4.63362e-05	body
NC_000002.12:1084586	ENSG00000172554.12	SNTG2	chr2	1084586	1	4.66302e-05	up
NC_000002.12:104401243	ENSG00000198914.5	POU3F3	chr2	104401243	1	4.68732e-05	dn
NC_000010.11:80443286	ENSG00000108219.17	TSPAN14	chr10	80443286	1	4.71277e-05	enh
NC_000001.11:731068	ENSG00000284662.2	OR4F16	chr1	731068	1	4.71653e-05	dn
NC_000004.12:72101348	ENSG00000056291.19	NPFFR2	chr4	72101348	1	4.72178e-05	body
NC_000006.12:169564007	ENSG00000285733.1	ENSG00000285733	chr6	169564007	1	4.72878e-05	dn
NC_000006.12:3917079	ENSG00000145945.7	FAM50B	chr6	3917079	1	4.73074e-05	dn
NC_000005.10:841409	ENSG00000188818.13	ZDHHC11	chr5	841409	3	4.73767e-05	body,dn,up
NC_000001.11:221349647	ENSG00000143507.18	DUSP10	chr1	221349647	1	4.74062e-05	up
NC_000020.11:31069263	ENSG00000215547.1	DEFB115	chr20	31069263	1	4.74194e-05	up
NC_000002.12:238098651	ENSG00000144488.15	ESPNL	chr2	238098651	1	4.74776e-05	body
NC_000011.10:74930240	ENSG00000166435.17	XRRA1	chr11	74930240	2	4.74829e-05	body,dn
NC_000017.11:21431518	ENSG00000184185.10	KCNJ12	chr17	21431518	1	4.75507e-05	up
NC_000011.10:36048366	ENSG00000179241.13	LDLRAD3	chr11	36048366	1	4.76433e-05	body
NC_000020.11:61224954	ENSG00000179242.16	CDH4	chr20	61224954	1	4.76701e-05	up
NC_000010.11:98264025	ENSG00000138131.4	LOXL4	chr10	98264025	2	4.76709e-05	body,up
NC_000004.12:2321250	ENSG00000123933.17	MXD4	chr4	2321250	1	4.77338e-05	enh
NC_000006.12:169573635	ENSG00000285733.1	ENSG00000285733	chr6	169573635	1	4.7788e-05	dn
NC_000006.12:159299013	ENSG00000164694.17	FNDC1	chr6	159299013	1	4.79365e-05	body
NC_000015.10:51574690	ENSG00000104093.14	DMXL2	chr15	51574690	2	4.79693e-05	body,up
NC_000020.11:30599148	ENSG00000215547.1	DEFB115	chr20	30599148	1	4.79812e-05	up
NC_000011.10:32309683	ENSG00000184937.16	WT1	chr11	32309683	1	4.80252e-05	up
NC_000004.12:190120996	ENSG00000260596.5	DUX4	chr4	190120996	1	4.80271e-05	up
NC_000003.12:98149027	ENSG00000236032.3	OR5H14	chr3	98149027	1	4.81309e-05	dn
NC_000006.12:169575461	ENSG00000285733.1	ENSG00000285733	chr6	169575461	1	4.81568e-05	dn
NC_000006.12:108532167	ENSG00000118689.15	FOXO3	chr6	108532167	1	4.82744e-05	up
NC_000014.9:95939053	ENSG00000250366.4	TUNAR	chr14	95939053	1	4.82865e-05	dn
NC_000002.12:102732560	ENSG00000135953.11	MFSD9	chr2	102732560	1	4.83604e-05	up
NC_000001.11:115326782	ENSG00000134259.6	NGF	chr1	115326782	1	4.83869e-05	up
NC_000001.11:200874737	ENSG00000170128.5	GPR25	chr1	200874737	1	4.84043e-05	up
NC_000017.11:57062399	ENSG00000121057.13	AKAP1	chr17	57062399	1	4.8672e-05	up
NC_000010.11:126055414	ENSG00000203780.12	FANK1	chr10	126055414	1	4.87772e-05	dn
NC_000003.12:4097287	ENSG00000170364.13	SETMAR	chr3	4097287	1	4.87937e-05	up
NC_000006.12:86406790	ENSG00000168830.8	HTR1E	chr6	86406790	1	4.88472e-05	up
NC_000002.12:200684307	ENSG00000138356.14	AOX1	chr2	200684307	1	4.88851e-05	dn
NC_000006.12:110476450	ENSG00000004809.14	SLC22A16	chr6	110476450	2	4.89131e-05	body,up
NC_000003.12:111348491	ENSG00000153283.13	CD96	chr3	111348491	1	4.89615e-05	body
NC_000005.10:148371551	ENSG00000145868.17	FBXO38	chr5	148371551	1	4.89964e-05	body
NC_000014.9:61846387	ENSG00000139973.18	SYT16	chr14	61846387	1	4.9154e-05	up
NC_000018.10:43132749	ENSG00000152214.14	RIT2	chr18	43132749	1	4.91647e-05	up
NC_000003.12:125991196	ENSG00000114547.10	ROPN1B	chr3	125991196	1	4.91675e-05	dn
NC_000008.11:31685376	ENSG00000157168.22	NRG1	chr8	31685376	1	4.91808e-05	body
NC_000020.11:31214970	ENSG00000215547.1	DEFB115	chr20	31214970	1	4.92391e-05	up
NC_000004.12:41547219	ENSG00000064042.18	LIMCH1	chr4	41547219	1	4.93022e-05	body
NC_000009.12:127251527	ENSG00000136895.19	GARNL3	chr9	127251527	1	4.93359e-05	prom
NC_000022.11:47370649	ENSG00000054611.14	TBC1D22A	chr22	47370649	1	4.95182e-05	enh
NC_000004.12:190120819	ENSG00000260596.5	DUX4	chr4	190120819	1	4.95724e-05	up
NC_000005.10:841225	ENSG00000188818.13	ZDHHC11	chr5	841225	3	4.95772e-05	body,dn,up
NC_000002.12:117871974	ENSG00000088205.13	DDX18	chr2	117871974	1	4.97194e-05	dn
NC_000013.11:24686716	ENSG00000075673.12	ATP12A	chr13	24686716	1	4.98515e-05	body
NC_000007.14:120906811	ENSG00000071243.16	ING3	chr7	120906811	1	4.98785e-05	up
NC_000002.12:157568211	ENSG00000123612.16	ACVR1C	chr2	157568211	3	4.9946e-05	body,dn,up
NC_000002.12:236266600	ENSG00000182177.15	ASB18	chr2	236266600	3	4.99559e-05	body,dn,up
NC_000003.12:117588007	ENSG00000185565.13	LSAMP	chr3	117588007	1	4.99683e-05	body
NC_000009.12:32702631	ENSG00000122728.6	TAF1L	chr9	32702631	1	5.00475e-05	dn
NC_000020.11:31060234	ENSG00000215547.1	DEFB115	chr20	31060234	1	5.01156e-05	up
NC_000001.11:152220033	ENSG00000197915.7	HRNR	chr1	152220033	1	5.01601e-05	dn
NC_000021.9:45735461	ENSG00000183570.17	PCBP3	chr21	45735461	1	5.01656e-05	prom
NC_000020.11:54016614	ENSG00000064787.14	BCAS1	chr20	54016614	3	5.02884e-05	body,dn,up
NC_000009.12:1023194	ENSG00000173253.16	DMRT2	chr9	1023194	1	5.0497e-05	up
NC_000011.10:86786528	ENSG00000150687.12	PRSS23	chr11	86786528	1	5.05284e-05	up
NC_000003.12:190607020	ENSG00000196083.11	IL1RAP	chr3	190607020	1	5.0597e-05	dn
NC_000012.12:8351391	ENSG00000205846.4	CLEC6A	chr12	8351391	1	5.06035e-05	up
NC_000003.12:4174620	ENSG00000170364.13	SETMAR	chr3	4174620	1	5.06392e-05	up
NC_000003.12:26745980	ENSG00000179796.13	LRRC3B	chr3	26745980	1	5.06887e-05	dn
NC_000002.12:3538206	ENSG00000182551.14	ADI1	chr2	3538206	1	5.07297e-05	dn
NC_000008.11:138142338	ENSG00000147724.12	FAM135B	chr8	138142338	1	5.07789e-05	body
NC_000010.11:25896499	ENSG00000095777.17	MYO3A	chr10	25896499	1	5.08778e-05	up
NC_000009.12:121816139	ENSG00000136848.19	DAB2IP	chr9	121816139	1	5.08811e-05	dn
NC_000018.10:12085554	ENSG00000181626.12	ANKRD62	chr18	12085554	1	5.09192e-05	up
NC_000004.12:67973382	ENSG00000187054.17	TMPRSS11A	chr4	67973382	1	5.1024e-05	dn
NC_000001.11:58636123	ENSG00000184292.7	TACSTD2	chr1	58636123	1	5.10543e-05	dn
NC_000013.11:21353731	ENSG00000180776.17	ZDHHC20	chr13	21353731	3	5.11335e-05	body,dn,up
NC_000006.12:87009038	ENSG00000168830.8	HTR1E	chr6	87009038	1	5.11533e-05	up
NC_000006.12:116608002	ENSG00000111834.13	RSPH4A	chr6	116608002	1	5.12506e-05	up
NC_000002.12:101945496	ENSG00000115590.14	IL1R2	chr2	101945496	1	5.13375e-05	body
NC_000006.12:157312442	ENSG00000215712.11	TMEM242	chr6	157312442	1	5.137e-05	up
NC_000001.11:208007086	ENSG00000174059.17	CD34	chr1	208007086	1	5.13749e-05	up
NC_000006.12:86945469	ENSG00000168830.8	HTR1E	chr6	86945469	1	5.15071e-05	up
NC_000016.10:49944776	ENSG00000205423.12	CNEP1R1	chr16	49944776	1	5.15249e-05	up
NC_000009.12:138173026	ENSG00000148408.15	CACNA1B	chr9	138173026	1	5.16702e-05	prom
NC_000009.12:113084327	ENSG00000136866.14	ZFP37	chr9	113084327	1	5.16738e-05	dn
NC_000008.11:66311339	ENSG00000179041.4	RRS1	chr8	66311339	1	5.18877e-05	up
NC_000001.11:121016244	ENSG00000263353.4	PPIAL4A	chr1	121016244	1	5.1938e-05	up
NC_000001.11:2668922	ENSG00000142606.16	MMEL1	chr1	2668922	1	5.19839e-05	dn
NC_000004.12:49883768	ENSG00000109182.12	CWH43	chr4	49883768	1	5.21693e-05	up
NC_000010.11:3063664	ENSG00000067057.19	PFKP	chr10	3063664	1	5.22527e-05	up
NC_000021.9:42398576	ENSG00000160183.17	TMPRSS3	chr21	42398576	1	5.2277e-05	enh
NC_000010.11:129371480	ENSG00000170430.10	MGMT	chr10	129371480	1	5.23321e-05	up
NC_000003.12:133745630	ENSG00000091513.16	TF	chr3	133745630	1	5.2369e-05	body
NC_000003.12:187109342	ENSG00000163923.10	RPL39L	chr3	187109342	1	5.23807e-05	up
NC_000017.11:73182127	ENSG00000166685.13	COG1	chr17	73182127	1	5.24167e-05	dn
NC_000004.12:138708761	ENSG00000151014.6	NOCT	chr4	138708761	1	5.2437e-05	body
NC_000011.10:5921393	ENSG00000132256.20	TRIM5	chr11	5921393	1	5.25358e-05	up
NC_000012.12:133250400	ENSG00000227059.7	ANHX	chr12	133250400	1	5.26311e-05	dn
NC_000020.11:31231780	ENSG00000215547.1	DEFB115	chr20	31231780	1	5.26583e-05	up
NC_000002.12:14381209	ENSG00000162981.14	LRATD1	chr2	14381209	1	5.27558e-05	up
NC_000009.12:138176282	ENSG00000148408.15	CACNA1B	chr9	138176282	1	5.29204e-05	prom
NC_000010.11:23189667	ENSG00000168267.7	PTF1A	chr10	23189667	1	5.29228e-05	up
NC_000003.12:122186448	ENSG00000036828.17	CASR	chr3	122186448	1	5.32973e-05	enh
NC_000006.12:6493585	ENSG00000112799.9	LY86	chr6	6493585	1	5.33214e-05	up
NC_000006.12:122362923	ENSG00000025156.13	HSF2	chr6	122362923	1	5.34324e-05	up
NC_000008.11:116665823	ENSG00000147679.12	UTP23	chr8	116665823	1	5.3472e-05	up
NC_000009.12:130869802	ENSG00000188710.3	QRFP	chr9	130869802	1	5.34743e-05	dn
NC_000010.11:124555460	ENSG00000107902.14	LHPP	chr10	124555460	1	5.35137e-05	body
NC_000009.12:138166239	ENSG00000148408.15	CACNA1B	chr9	138166239	1	5.35139e-05	prom
NC_000009.12:113083832	ENSG00000136866.14	ZFP37	chr9	113083832	1	5.35999e-05	dn
NC_000001.11:152999879	ENSG00000163209.15	SPRR3	chr1	152999879	1	5.3649e-05	dn
NC_000013.11:99108361	ENSG00000088387.22	DOCK9	chr13	99108361	1	5.36607e-05	up
NC_000003.12:133384714	ENSG00000170819.5	BFSP2	chr3	133384714	1	5.37372e-05	up
NC_000008.11:100752329	ENSG00000070756.17	PABPC1	chr8	100752329	1	5.38083e-05	dn
NC_000017.11:26854400	ENSG00000109046.15	WSB1	chr17	26854400	1	5.38337e-05	up
NC_000018.10:79939890	ENSG00000122490.19	SLC66A2	chr18	79939890	1	5.38413e-05	enh
NC_000018.10:79917428	ENSG00000122490.19	SLC66A2	chr18	79917428	1	5.39111e-05	up
NC_000011.10:5922624	ENSG00000132256.20	TRIM5	chr11	5922624	1	5.40235e-05	up
NC_000017.11:11971868	ENSG00000154957.14	ZNF18	chr17	11971868	1	5.40378e-05	up
NC_000012.12:48503314	ENSG00000177627.11	C12orf54	chr12	48503314	1	5.41711e-05	dn
NC_000010.11:47096854	ENSG00000204179.11	PTPN20	chr10	47096854	1	5.43892e-05	up
NC_000006.12:169531591	ENSG00000285733.1	ENSG00000285733	chr6	169531591	1	5.44226e-05	dn
NC_000020.11:39107999	ENSG00000101452.15	DHX35	chr20	39107999	1	5.44531e-05	up
NC_000020.11:61488591	ENSG00000179242.16	CDH4	chr20	61488591	1	5.45077e-05	up
NC_000012.12:71285552	ENSG00000139292.13	LGR5	chr12	71285552	1	5.45769e-05	up
NC_000007.14:158916712	ENSG00000126870.16	DYNC2I1	chr7	158916712	1	5.4854e-05	body
NC_000020.11:45437716	ENSG00000124155.19	PIGT	chr20	45437716	1	5.49903e-05	body
NC_000004.12:72139864	ENSG00000056291.19	NPFFR2	chr4	72139864	1	5.50468e-05	body
NC_000001.11:2662070	ENSG00000142606.16	MMEL1	chr1	2662070	1	5.52387e-05	dn
NC_000022.11:15592887	ENSG00000130538.6	OR11H1	chr22	15592887	1	5.52669e-05	dn
NC_000001.11:33107787	ENSG00000142920.18	AZIN2	chr1	33107787	1	5.52923e-05	up
NC_000015.10:57784248	ENSG00000255529.9	POLR2M	chr15	57784248	1	5.5302e-05	body
NC_000009.12:32713903	ENSG00000188133.6	TMEM215	chr9	32713903	1	5.53139e-05	up
NC_000010.11:49281923	ENSG00000177354.12	C10orf71	chr10	49281923	1	5.54149e-05	body
NC_000010.11:10768025	ENSG00000048740.19	CELF2	chr10	10768025	1	5.54199e-05	up
NC_000001.11:2664731	ENSG00000142606.16	MMEL1	chr1	2664731	1	5.54244e-05	dn
NC_000007.14:150548036	ENSG00000133574.10	GIMAP4	chr7	150548036	1	5.54673e-05	up
NC_000018.10:103576	ENSG00000173213.11	TUBB8B	chr18	103576	1	5.56997e-05	dn
NC_000003.12:137087093	ENSG00000174564.13	IL20RB	chr3	137087093	1	5.57799e-05	up
NC_000011.10:69321888	ENSG00000172927.9	MYEOV	chr11	69321888	2	5.58136e-05	body,enh
NC_000001.11:56668853	ENSG00000162409.12	PRKAA2	chr1	56668853	1	5.60102e-05	up
NC_000009.12:1031078	ENSG00000173253.16	DMRT2	chr9	1031078	1	5.60889e-05	up
NC_000004.12:8628163	ENSG00000109625.19	CPZ	chr4	8628163	1	5.61059e-05	body
NC_000001.11:205563655	ENSG00000174514.13	MFSD4A	chr1	205563655	1	5.61119e-05	up
NC_000020.11:31204481	ENSG00000215547.1	DEFB115	chr20	31204481	1	5.62282e-05	up
NC_000011.10:35917592	ENSG00000179241.13	LDLRAD3	chr11	35917592	1	5.63561e-05	enh
NC_000022.11:44890479	ENSG00000056487.17	PHF21B	chr22	44890479	2	5.64236e-05	body,dn
NC_000009.12:131859907	ENSG00000107263.19	RAPGEF1	chr9	131859907	1	5.66914e-05	up
NC_000001.11:153016090	ENSG00000163209.15	SPRR3	chr1	153016090	1	5.67006e-05	dn
NC_000003.12:98165304	ENSG00000233412.6	OR5H15	chr3	98165304	1	5.67828e-05	dn
NC_000010.11:17289733	ENSG00000026025.16	VIM	chr10	17289733	1	5.68045e-05	dn
NC_000020.11:5307555	ENSG00000101292.8	PROKR2	chr20	5307555	1	5.68178e-05	up
NC_000003.12:178704821	ENSG00000275163.1	ENSG00000275163	chr3	178704821	1	5.70132e-05	body
NC_000006.12:4020455	ENSG00000112739.17	PRPF4B	chr6	4020455	1	5.7257e-05	body
NC_000020.11:31065043	ENSG00000215547.1	DEFB115	chr20	31065043	1	5.72967e-05	up
NC_000005.10:115602107	ENSG00000243414.6	TICAM2	chr5	115602107	1	5.74085e-05	dn
NC_000012.12:106500506	ENSG00000111783.13	RFX4	chr12	106500506	1	5.74201e-05	up
NC_000001.11:732462	ENSG00000284662.2	OR4F16	chr1	732462	1	5.76952e-05	prom
NC_000010.11:110708952	ENSG00000203867.8	RBM20	chr10	110708952	1	5.78435e-05	body
NC_000008.11:66327344	ENSG00000179041.4	RRS1	chr8	66327344	1	5.79332e-05	up
NC_000006.12:148444680	ENSG00000111961.19	SASH1	chr6	148444680	1	5.81056e-05	up
NC_000008.11:15498328	ENSG00000104723.21	TUSC3	chr8	15498328	1	5.81356e-05	enh
NC_000017.11:21722610	ENSG00000260458.3	KCNJ18	chr17	21722610	1	5.82234e-05	dn
NC_000003.12:194753529	ENSG00000185112.6	FAM43A	chr3	194753529	1	5.83718e-05	dn
NC_000001.11:115271703	ENSG00000134259.6	NGF	chr1	115271703	1	5.83805e-05	up
NC_000013.11:40874284	ENSG00000102743.16	SLC25A15	chr13	40874284	1	5.83936e-05	dn
NC_000009.12:101515397	ENSG00000165152.9	PGAP4	chr9	101515397	1	5.83952e-05	dn
NC_000004.12:151517138	ENSG00000164142.16	FHIP1A	chr4	151517138	1	5.84176e-05	body
NC_000003.12:189631146	ENSG00000073282.14	TP63	chr3	189631146	1	5.84215e-05	body
NC_000014.9:20705085	ENSG00000259171.1	ENSG00000259171	chr14	20705085	1	5.84532e-05	enh
NC_000006.12:46490081	ENSG00000172348.16	RCAN2	chr6	46490081	1	5.85946e-05	body
NC_000007.14:158704041	ENSG00000146918.20	NCAPG2	chr7	158704041	1	5.86327e-05	prom
NC_000006.12:18098339	ENSG00000187566.6	NHLRC1	chr6	18098339	1	5.86443e-05	dn
NC_000007.14:57839089	ENSG00000182111.9	ZNF716	chr7	57839089	1	5.86559e-05	dn
NC_000005.10:44797664	ENSG00000112996.11	MRPS30	chr5	44797664	1	5.866e-05	up
NC_000012.12:112654971	ENSG00000089169.15	RPH3A	chr12	112654971	1	5.86661e-05	enh
NC_000002.12:3181224	ENSG00000032389.13	EIPR1	chr2	3181224	1	5.86741e-05	up
NC_000009.12:113082672	ENSG00000136866.14	ZFP37	chr9	113082672	1	5.875e-05	dn
NC_000003.12:102236771	ENSG00000170044.9	ZPLD1	chr3	102236771	1	5.87572e-05	body
NC_000011.10:4392644	ENSG00000132109.10	TRIM21	chr11	4392644	1	5.88568e-05	up
NC_000009.12:94592636	ENSG00000130957.5	FBP2	chr9	94592636	1	5.89135e-05	dn
NC_000011.10:123747551	ENSG00000166261.11	ZNF202	chr11	123747551	1	5.90213e-05	dn
NC_000009.12:104634436	ENSG00000136839.1	OR13C9	chr9	104634436	1	5.91387e-05	dn
NC_000007.14:100998605	ENSG00000169876.14	MUC17	chr7	100998605	1	5.91865e-05	dn
NC_000001.11:2658430	ENSG00000142606.16	MMEL1	chr1	2658430	1	5.92179e-05	dn
NC_000003.12:75690678	ENSG00000172969.8	FRG2C	chr3	75690678	1	5.92943e-05	dn
NC_000004.12:119330599	ENSG00000145384.4	FABP2	chr4	119330599	1	5.93161e-05	dn
NC_000019.10:21626575	ENSG00000197013.11	ZNF429	chr19	21626575	1	5.93179e-05	dn
NC_000004.12:55157952	ENSG00000128052.10	KDR	chr4	55157952	1	5.93653e-05	dn
NC_000013.11:27960014	ENSG00000165556.10	CDX2	chr13	27960014	1	5.95202e-05	dn
NC_000004.12:125317535	ENSG00000196159.14	FAT4	chr4	125317535	1	5.95823e-05	dn
NC_000003.12:41288938	ENSG00000168036.19	CTNNB1	chr3	41288938	1	5.96967e-05	dn
NC_000018.10:31996687	ENSG00000101695.9	RNF125	chr18	31996687	1	5.98378e-05	dn
NC_000006.12:168170065	ENSG00000153303.18	FRMD1	chr6	168170065	2	5.98799e-05	body,up
NC_000020.11:61623978	ENSG00000179242.16	CDH4	chr20	61623978	1	6.00139e-05	up
NC_000001.11:726647	ENSG00000284662.2	OR4F16	chr1	726647	1	6.00553e-05	up
NC_000006.12:165825786	ENSG00000112541.19	PDE10A	chr6	165825786	1	6.00736e-05	body
NC_000001.11:179570483	ENSG00000116218.13	NPHS2	chr1	179570483	1	6.01234e-05	dn
NC_000009.12:3553721	ENSG00000080298.16	RFX3	chr9	3553721	1	6.01384e-05	body
NC_000011.10:58402670	ENSG00000172769.4	OR5B3	chr11	58402670	1	6.03042e-05	dn
NC_000004.12:6356038	ENSG00000109501.15	WFS1	chr4	6356038	1	6.03785e-05	up
NC_000007.14:93332603	ENSG00000004766.17	VPS50	chr7	93332603	1	6.05497e-05	body
NC_000005.10:168685754	ENSG00000120137.7	PANK3	chr5	168685754	1	6.05543e-05	dn
NC_000020.11:31061523	ENSG00000215547.1	DEFB115	chr20	31061523	1	6.06556e-05	up
NC_000013.11:43929749	ENSG00000281883.1	ENSG00000281883	chr13	43929749	1	6.08084e-05	prom
NC_000015.10:25134299	ENSG00000214265.11	ENSG00000214265	chr15	25134299	1	6.08463e-05	up
NC_000020.11:42733175	ENSG00000196090.14	PTPRT	chr20	42733175	1	6.10053e-05	up
NC_000011.10:33441496	ENSG00000110427.17	KIAA1549L	chr11	33441496	1	6.10236e-05	body
NC_000020.11:31224262	ENSG00000215547.1	DEFB115	chr20	31224262	1	6.11348e-05	up
NC_000009.12:113065668	ENSG00000136866.14	ZFP37	chr9	113065668	1	6.11789e-05	dn
NC_000006.12:96996639	ENSG00000186231.17	KLHL32	chr6	96996639	1	6.12669e-05	body
NC_000001.11:121016654	ENSG00000263353.4	PPIAL4A	chr1	121016654	1	6.12783e-05	up
NC_000013.11:27426196	ENSG00000122034.17	GTF3A	chr13	27426196	1	6.13747e-05	dn
NC_000009.12:23704141	ENSG00000107105.15	ELAVL2	chr9	23704141	2	6.17316e-05	body,dn
NC_000012.12:81204554	ENSG00000111052.8	LIN7A	chr12	81204554	1	6.1834e-05	up
NC_000015.10:40374647	ENSG00000128944.14	KNSTRN	chr15	40374647	1	6.18831e-05	up
NC_000010.11:38498028	ENSG00000283930.1	PLD5P1	chr10	38498028	1	6.19196e-05	up
NC_000003.12:7080514	ENSG00000196277.17	GRM7	chr3	7080514	1	6.19285e-05	body
NC_000003.12:42478437	ENSG00000114812.13	VIPR1	chr3	42478437	1	6.19303e-05	up
NC_000010.11:133759221	ENSG00000225899.8	FRG2B	chr10	133759221	1	6.19318e-05	dn
NC_000011.10:20605707	ENSG00000165970.12	SLC6A5	chr11	20605707	1	6.20281e-05	up
NC_000003.12:41640786	ENSG00000168038.11	ULK4	chr3	41640786	1	6.20662e-05	dn
NC_000003.12:179121600	ENSG00000121879.6	PIK3CA	chr3	179121600	1	6.21367e-05	up
NC_000010.11:34496884	ENSG00000148498.17	PARD3	chr10	34496884	1	6.24009e-05	body
NC_000010.11:38861437	ENSG00000283930.1	PLD5P1	chr10	38861437	1	6.2465e-05	dn
NC_000020.11:31215680	ENSG00000215547.1	DEFB115	chr20	31215680	1	6.24702e-05	up
NC_000008.11:205943	ENSG00000172748.14	ZNF596	chr8	205943	1	6.24948e-05	dn
NC_000002.12:74956349	ENSG00000115350.12	POLE4	chr2	74956349	1	6.27017e-05	dn
NC_000006.12:17206897	ENSG00000112183.15	RBM24	chr6	17206897	1	6.27765e-05	dn
NC_000020.11:31061578	ENSG00000215547.1	DEFB115	chr20	31061578	1	6.29554e-05	up
NC_000001.11:193310691	ENSG00000162630.6	B3GALT2	chr1	193310691	1	6.29985e-05	dn
NC_000002.12:3896356	ENSG00000214866.9	DCDC2C	chr2	3896356	1	6.30236e-05	dn
NC_000010.11:16748959	ENSG00000148484.18	RSU1	chr10	16748959	1	6.31558e-05	body
NC_000004.12:112427848	ENSG00000178403.4	NEUROG2	chr4	112427848	1	6.33755e-05	up
NC_000003.12:17309884	ENSG00000154822.18	PLCL2	chr3	17309884	1	6.34249e-05	enh
NC_000020.11:31057281	ENSG00000215547.1	DEFB115	chr20	31057281	1	6.34279e-05	up
NC_000002.12:216889958	ENSG00000118245.2	TNP1	chr2	216889958	1	6.3458e-05	up
NC_000001.11:56354337	ENSG00000284686.1	ENSG00000284686	chr1	56354337	1	6.34649e-05	body
NC_000012.12:112678445	ENSG00000089169.15	RPH3A	chr12	112678445	1	6.34725e-05	enh
NC_000014.9:19723115	ENSG00000176294.6	OR4N2	chr14	19723115	1	6.36453e-05	body
NC_000008.11:135589826	ENSG00000131773.15	KHDRBS3	chr8	135589826	1	6.36781e-05	body
NC_000012.12:57654359	ENSG00000135454.14	B4GALNT1	chr12	57654359	1	6.3693e-05	dn
NC_000013.11:31830666	ENSG00000073910.23	FRY	chr13	31830666	1	6.37515e-05	up
NC_000009.12:32828469	ENSG00000188133.6	TMEM215	chr9	32828469	1	6.38242e-05	up
NC_000002.12:156128360	ENSG00000153234.16	NR4A2	chr2	156128360	1	6.38509e-05	up
NC_000002.12:68980232	ENSG00000169605.7	GKN1	chr2	68980232	1	6.38528e-05	body
NC_000008.11:19868637	ENSG00000175445.17	LPL	chr8	19868637	1	6.38533e-05	up
NC_000004.12:173435808	ENSG00000164106.8	SCRG1	chr4	173435808	1	6.40562e-05	dn
NC_000020.11:5528811	ENSG00000125772.14	GPCPD1	chr20	5528811	1	6.40985e-05	enh
NC_000013.11:48622113	ENSG00000152207.8	CYSLTR2	chr13	48622113	1	6.41803e-05	up
NC_000011.10:26967073	ENSG00000176971.4	FIBIN	chr11	26967073	1	6.42047e-05	up
NC_000009.12:74280375	ENSG00000198963.11	RORB	chr9	74280375	1	6.42403e-05	body
NC_000003.12:12003917	ENSG00000157152.17	SYN2	chr3	12003917	1	6.4287e-05	body
NC_000010.11:133320417	ENSG00000130640.15	TUBGCP2	chr10	133320417	1	6.42956e-05	body
NC_000011.10:36572471	ENSG00000166352.18	IFTAP	chr11	36572471	1	6.43841e-05	up
NC_000007.14:100996841	ENSG00000169876.14	MUC17	chr7	100996841	1	6.44297e-05	up
NC_000007.14:158917168	ENSG00000126870.16	DYNC2I1	chr7	158917168	1	6.44991e-05	enh
NC_000004.12:195280	ENSG00000250312.8	ZNF718	chr4	195280	1	6.4831e-05	body
NC_000006.12:109966145	ENSG00000146360.9	GPR6	chr6	109966145	1	6.4873e-05	enh
NC_000004.12:72077837	ENSG00000056291.19	NPFFR2	chr4	72077837	1	6.50022e-05	body
NC_000006.12:117474478	ENSG00000164465.19	DCBLD1	chr6	117474478	1	6.50057e-05	body
NC_000005.10:36792721	ENSG00000164190.19	NIPBL	chr5	36792721	1	6.50506e-05	up
NC_000001.11:200737467	ENSG00000118200.15	CAMSAP2	chr1	200737467	1	6.50668e-05	up
NC_000004.12:87568625	ENSG00000152583.13	SPARCL1	chr4	87568625	1	6.51757e-05	dn
NC_000009.12:113082165	ENSG00000136866.14	ZFP37	chr9	113082165	1	6.52236e-05	dn
NC_000013.11:50400070	ENSG00000198553.9	KCNRG	chr13	50400070	1	6.52823e-05	prom
NC_000001.11:115252844	ENSG00000134259.6	NGF	chr1	115252844	1	6.53142e-05	up
NC_000007.14:155738344	ENSG00000164690.8	SHH	chr7	155738344	1	6.53646e-05	up
NC_000012.12:112544957	ENSG00000089169.15	RPH3A	chr12	112544957	1	6.54157e-05	enh
NC_000004.12:99261125	ENSG00000187758.8	ADH1A	chr4	99261125	1	6.56523e-05	up
NC_000007.14:98942861	ENSG00000196367.15	TRRAP	chr7	98942861	1	6.58231e-05	dn
NC_000010.11:3051026	ENSG00000067057.19	PFKP	chr10	3051026	1	6.59031e-05	up
NC_000008.11:130576758	ENSG00000153317.15	ASAP1	chr8	130576758	1	6.60189e-05	body
NC_000011.10:86599744	ENSG00000151376.19	ME3	chr11	86599744	1	6.60341e-05	body
NC_000020.11:31221373	ENSG00000215547.1	DEFB115	chr20	31221373	1	6.60436e-05	up
NC_000013.11:100555656	ENSG00000134864.11	GGACT	chr13	100555656	1	6.60821e-05	dn
NC_000002.12:172445504	ENSG00000152256.14	PDK1	chr2	172445504	1	6.61548e-05	up
NC_000001.11:10307510	ENSG00000142657.21	PGD	chr1	10307510	1	6.61804e-05	dn
NC_000004.12:186844531	ENSG00000083857.15	FAT1	chr4	186844531	1	6.61815e-05	up
NC_000020.11:31215716	ENSG00000215547.1	DEFB115	chr20	31215716	1	6.62623e-05	up
NC_000002.12:237655079	ENSG00000124831.20	LRRFIP1	chr2	237655079	1	6.66258e-05	body
NC_000002.12:208604054	ENSG00000144407.10	PTH2R	chr2	208604054	1	6.68281e-05	body
NC_000002.12:85875878	ENSG00000115525.18	ST3GAL5	chr2	85875878	1	6.68303e-05	enh
NC_000001.11:30725817	ENSG00000162510.6	MATN1	chr1	30725817	1	6.68971e-05	dn
NC_000008.11:142242245	ENSG00000171045.16	TSNARE1	chr8	142242245	1	6.71155e-05	dn
NC_000015.10:37864359	ENSG00000166069.14	TMCO5A	chr15	37864359	1	6.71664e-05	up
NC_000014.9:66723406	ENSG00000171723.16	GPHN	chr14	66723406	1	6.73003e-05	body
NC_000021.9:42687700	ENSG00000160191.18	PDE9A	chr21	42687700	1	6.73048e-05	body
NC_000005.10:838422	ENSG00000188818.13	ZDHHC11	chr5	838422	1	6.73163e-05	up
NC_000013.11:114297039	ENSG00000169062.15	UPF3A	chr13	114297039	1	6.73968e-05	up
NC_000020.11:45690233	ENSG00000168634.5	WFDC13	chr20	45690233	1	6.74418e-05	dn
NC_000002.12:136762465	ENSG00000144229.13	THSD7B	chr2	136762465	1	6.74756e-05	dn
NC_000002.12:47582219	ENSG00000184261.5	KCNK12	chr2	47582219	1	6.74834e-05	dn
NC_000013.11:95209052	ENSG00000125257.16	ABCC4	chr13	95209052	1	6.75581e-05	body
NC_000010.11:104078055	ENSG00000065618.21	COL17A1	chr10	104078055	1	6.76543e-05	up
NC_000002.12:200339828	ENSG00000196141.14	SPATS2L	chr2	200339828	1	6.78263e-05	body
NC_000012.12:111211622	ENSG00000198324.14	PHETA1	chr12	111211622	1	6.78585e-05	up
NC_000016.10:13558833	ENSG00000175595.16	ERCC4	chr16	13558833	1	6.78693e-05	dn
NC_000011.10:118679134	ENSG00000118094.12	TREH	chr11	118679134	1	6.78949e-05	dn
NC_000009.12:32823233	ENSG00000188133.6	TMEM215	chr9	32823233	1	6.7956e-05	up
NC_000017.11:27861118	ENSG00000266202.1	ENSG00000266202	chr17	27861118	1	6.79885e-05	enh
NC_000011.10:107593136	ENSG00000110675.13	ELMOD1	chr11	107593136	1	6.81242e-05	body
NC_000001.11:4198205	ENSG00000198912.12	C1orf174	chr1	4198205	1	6.81738e-05	up
NC_000004.12:7080092	ENSG00000109519.14	GRPEL1	chr4	7080092	1	6.84039e-05	up
NC_000008.11:139973657	ENSG00000169427.8	KCNK9	chr8	139973657	3	6.84176e-05	body,dn,up
NC_000007.14:156930702	ENSG00000146909.8	NOM1	chr7	156930702	1	6.84784e-05	up
NC_000010.11:46881617	ENSG00000204179.11	PTPN20	chr10	46881617	1	6.84909e-05	up
NC_000020.11:25775420	ENSG00000130684.14	ZNF337	chr20	25775420	1	6.85953e-05	up
NC_000009.12:113064367	ENSG00000136866.14	ZFP37	chr9	113064367	1	6.86115e-05	dn
NC_000014.9:70478590	ENSG00000134007.5	ADAM20	chr14	70478590	1	6.86573e-05	up
NC_000001.11:60350068	ENSG00000162598.13	C1orf87	chr1	60350068	2	6.86875e-05	body,up
NC_000012.12:13045008	ENSG00000084444.14	FAM234B	chr12	13045008	1	6.87405e-05	body
NC_000013.11:31780199	ENSG00000133105.8	RXFP2	chr13	31780199	1	6.88664e-05	body
NC_000011.10:77552693	ENSG00000178301.4	AQP11	chr11	77552693	1	6.88742e-05	dn
NC_000011.10:5925116	ENSG00000132256.20	TRIM5	chr11	5925116	1	6.90335e-05	body
NC_000013.11:102640523	ENSG00000134900.13	TPP2	chr13	102640523	1	6.91769e-05	body
NC_000011.10:27637546	ENSG00000176697.20	BDNF	chr11	27637546	1	6.92234e-05	up
NC_000011.10:112503540	ENSG00000188771.5	PLET1	chr11	112503540	1	6.92745e-05	enh
NC_000007.14:151923081	ENSG00000106648.15	GALNTL5	chr7	151923081	1	6.9295e-05	body
NC_000015.10:77772440	ENSG00000169783.13	LINGO1	chr15	77772440	1	6.94179e-05	up
NC_000014.9:61763147	ENSG00000023608.5	SNAPC1	chr14	61763147	2	6.9593e-05	body,prom
NC_000006.12:156118568	ENSG00000049618.25	ARID1B	chr6	156118568	1	6.97485e-05	body
NC_000007.14:80364473	ENSG00000135218.19	CD36	chr7	80364473	1	6.98528e-05	body
NC_000011.10:63194629	ENSG00000196600.13	SLC22A25	chr11	63194629	2	6.98972e-05	body,up
NC_000011.10:48650190	ENSG00000237388.3	OR4A47	chr11	48650190	1	6.99356e-05	dn
NC_000004.12:42313263	ENSG00000178343.5	SHISA3	chr4	42313263	1	6.99604e-05	up
NC_000009.12:96787486	ENSG00000081386.13	ZNF510	chr9	96787486	1	6.99645e-05	dn
NC_000008.11:218452	ENSG00000172748.14	ZNF596	chr8	218452	1	6.99683e-05	dn
NC_000012.12:112695309	ENSG00000089169.15	RPH3A	chr12	112695309	1	7.00286e-05	enh
NC_000006.12:86961829	ENSG00000168830.8	HTR1E	chr6	86961829	1	7.00382e-05	up
NC_000011.10:96508252	ENSG00000183340.7	JRKL	chr11	96508252	1	7.004e-05	body
NC_000002.12:49031484	ENSG00000170820.12	FSHR	chr2	49031484	1	7.01942e-05	up
NC_000015.10:51172403	ENSG00000183578.8	TNFAIP8L3	chr15	51172403	1	7.0293e-05	dn
NC_000021.9:45841579	ENSG00000142156.16	COL6A1	chr21	45841579	1	7.03949e-05	up
NC_000020.11:31237659	ENSG00000215547.1	DEFB115	chr20	31237659	1	7.05048e-05	up
NC_000010.11:67463035	ENSG00000183230.18	CTNNA3	chr10	67463035	1	7.05309e-05	body
NC_000007.14:155072474	ENSG00000157219.5	HTR5A	chr7	155072474	1	7.05838e-05	up
NC_000001.11:732942	ENSG00000284662.2	OR4F16	chr1	732942	1	7.07701e-05	dn
NC_000010.11:47332713	ENSG00000263761.3	GDF2	chr10	47332713	1	7.08081e-05	dn
NC_000013.11:24300361	ENSG00000240654.6	C1QTNF9	chr13	24300361	1	7.08669e-05	body
NC_000012.12:112639365	ENSG00000089169.15	RPH3A	chr12	112639365	1	7.09008e-05	enh
NC_000009.12:94569483	ENSG00000130957.5	FBP2	chr9	94569483	1	7.09485e-05	dn
NC_000002.12:693162	ENSG00000151353.15	TMEM18	chr2	693162	1	7.10347e-05	dn
NC_000012.12:79999900	ENSG00000058272.19	PPP1R12A	chr12	79999900	2	7.1057e-05	body,up
NC_000007.14:22813997	ENSG00000196683.12	TOMM7	chr7	22813997	1	7.10696e-05	body
NC_000012.12:29113538	ENSG00000064763.12	FAR2	chr12	29113538	1	7.11091e-05	up
NC_000010.11:77397002	ENSG00000156113.25	KCNMA1	chr10	77397002	1	7.12362e-05	body
NC_000002.12:64936480	ENSG00000115902.11	SLC1A4	chr2	64936480	1	7.12475e-05	up
NC_000001.11:161456678	ENSG00000143226.16	FCGR2A	chr1	161456678	1	7.12819e-05	up
NC_000004.12:181242173	ENSG00000218336.9	TENM3	chr4	181242173	1	7.13088e-05	enh
NC_000020.11:31228594	ENSG00000215547.1	DEFB115	chr20	31228594	1	7.13556e-05	up
NC_000009.12:113081214	ENSG00000136866.14	ZFP37	chr9	113081214	1	7.14488e-05	dn
NC_000018.10:87311	ENSG00000173213.11	TUBB8B	chr18	87311	1	7.14682e-05	dn
NC_000009.12:1028575	ENSG00000173253.16	DMRT2	chr9	1028575	1	7.14828e-05	up
NC_000017.11:26791791	ENSG00000109046.15	WSB1	chr17	26791791	1	7.15541e-05	up
NC_000018.10:76397500	ENSG00000101493.11	ZNF516	chr18	76397500	1	7.16155e-05	dn
NC_000020.11:26506192	ENSG00000130684.14	ZNF337	chr20	26506192	1	7.16372e-05	up
NC_000009.12:121811259	ENSG00000136848.19	DAB2IP	chr9	121811259	1	7.18646e-05	dn
NC_000003.12:31607719	ENSG00000163527.10	STT3B	chr3	31607719	1	7.18669e-05	up
NC_000012.12:9853334	ENSG00000110852.5	CLEC2B	chr12	9853334	2	7.18898e-05	body,dn
NC_000006.12:88112152	ENSG00000118432.13	CNR1	chr6	88112152	1	7.21202e-05	up
NC_000017.11:73895313	ENSG00000069188.17	SDK2	chr17	73895313	1	7.22102e-05	up
NC_000014.9:54348992	ENSG00000100526.21	CDKN3	chr14	54348992	1	7.22324e-05	up
NC_000017.11:21750054	ENSG00000260458.3	KCNJ18	chr17	21750054	1	7.23084e-05	dn
NC_000010.11:38802417	ENSG00000283930.1	PLD5P1	chr10	38802417	1	7.23195e-05	dn
NC_000010.11:35708049	ENSG00000177283.8	FZD8	chr10	35708049	1	7.23503e-05	dn
NC_000007.14:22057054	ENSG00000164649.20	CDCA7L	chr7	22057054	1	7.23577e-05	up
NC_000001.11:221317535	ENSG00000143507.18	DUSP10	chr1	221317535	1	7.23846e-05	up
NC_000012.12:129202886	ENSG00000151948.12	GLT1D1	chr12	129202886	1	7.25308e-05	body
NC_000002.12:217462834	ENSG00000079308.21	TNS1	chr2	217462834	2	7.26134e-05	body,dn
NC_000007.14:95499903	ENSG00000005981.13	ASB4	chr7	95499903	1	7.26665e-05	up
NC_000003.12:133784905	ENSG00000144867.13	SRPRB	chr3	133784905	1	7.26746e-05	body
NC_000007.14:28098745	ENSG00000153814.13	JAZF1	chr7	28098745	1	7.26784e-05	up
NC_000012.12:112555514	ENSG00000089169.15	RPH3A	chr12	112555514	1	7.27572e-05	enh
NC_000016.10:74834319	ENSG00000103089.9	FA2H	chr16	74834319	1	7.29323e-05	dn
NC_000019.10:22680850	ENSG00000229676.3	ZNF492	chr19	22680850	1	7.29954e-05	dn
NC_000020.11:61050713	ENSG00000179242.16	CDH4	chr20	61050713	1	7.30461e-05	up
NC_000009.12:115948813	ENSG00000182752.10	PAPPA	chr9	115948813	1	7.31848e-05	body
NC_000017.11:21853139	ENSG00000260458.3	KCNJ18	chr17	21853139	1	7.31944e-05	dn
NC_000020.11:31236701	ENSG00000215547.1	DEFB115	chr20	31236701	1	7.32592e-05	up
NC_000012.12:63661436	ENSG00000177990.12	DPY19L2	chr12	63661436	3	7.32822e-05	body,dn,up
NC_000002.12:156322685	ENSG00000153234.16	NR4A2	chr2	156322685	1	7.34128e-05	up
NC_000022.11:16522804	ENSG00000198445.4	CCT8L2	chr22	16522804	1	7.35041e-05	dn
NC_000016.10:78351004	ENSG00000186153.19	WWOX	chr16	78351004	1	7.35314e-05	body
NC_000017.11:66559746	ENSG00000154229.12	PRKCA	chr17	66559746	1	7.3587e-05	enh
NC_000011.10:74433298	ENSG00000175538.11	KCNE3	chr11	74433298	1	7.35995e-05	up
NC_000015.10:43679009	ENSG00000166762.19	CATSPER2	chr15	43679009	1	7.36233e-05	up
NC_000005.10:16744804	ENSG00000154153.15	RETREG1	chr5	16744804	3	7.37234e-05	body,dn,up
NC_000011.10:26646875	ENSG00000169550.14	MUC15	chr11	26646875	1	7.37941e-05	dn
NC_000015.10:69627050	ENSG00000137818.12	RPLP1	chr15	69627050	1	7.38657e-05	up
NC_000003.12:172850696	ENSG00000114346.14	ECT2	chr3	172850696	1	7.39131e-05	up
NC_000001.11:121750915	ENSG00000188610.12	FAM72B	chr1	121750915	1	7.39205e-05	up
NC_000010.11:46879486	ENSG00000204179.11	PTPN20	chr10	46879486	1	7.39529e-05	up
NC_000011.10:5829942	ENSG00000205409.3	OR52E6	chr11	5829942	1	7.40374e-05	dn
NC_000019.10:36307720	ENSG00000196357.12	ZNF565	chr19	36307720	1	7.40735e-05	up
NC_000001.11:2659164	ENSG00000142606.16	MMEL1	chr1	2659164	1	7.41416e-05	dn
NC_000020.11:31054342	ENSG00000215547.1	DEFB115	chr20	31054342	1	7.43388e-05	up
NC_000002.12:129204186	ENSG00000222014.6	RAB6C	chr2	129204186	1	7.43966e-05	dn
NC_000004.12:120887222	ENSG00000138738.11	PRDM5	chr4	120887222	1	7.4472e-05	up
NC_000014.9:18660769	ENSG00000257115.2	OR11H12	chr14	18660769	1	7.44726e-05	up
NC_000009.12:21270018	ENSG00000228083.3	IFNA14	chr9	21270018	1	7.45798e-05	dn
NC_000002.12:96451832	ENSG00000163121.10	NEURL3	chr2	96451832	1	7.46777e-05	up
NC_000004.12:37308224	ENSG00000174145.8	NWD2	chr4	37308224	1	7.47506e-05	body
NC_000005.10:142458436	ENSG00000187678.10	SPRY4	chr5	142458436	1	7.4804e-05	up
NC_000007.14:158962551	ENSG00000126870.16	DYNC2I1	chr7	158962551	1	7.50723e-05	up
NC_000001.11:161470393	ENSG00000143226.16	FCGR2A	chr1	161470393	1	7.51263e-05	up
NC_000008.11:131495016	ENSG00000132294.15	EFR3A	chr8	131495016	1	7.52287e-05	dn
