gene	gene_class	nonsyn_abnormal_n	nonsyn_abnormal_rate	nonsyn_normal_n	nonsyn_normal_rate	nonsyn_control_n	nonsyn_control_rate	nonsyn_rate_ab_minus_normal	nonsyn_rate_ab_minus_control	rare_abnormal_n	rare_abnormal_rate	rare_normal_n	rare_normal_rate	rare_control_n	rare_control_rate	rare_rate_ab_minus_normal	rare_rate_ab_minus_control
ASXL3	polycomb	47	1.0	349	0.9803370786516854	107	0.9727272727272728	0.0196629213483146	0.027272727272727226	1	0.02127659574468085	46	0.12921348314606743	10	0.09090909090909091	-0.10793688740138657	-0.06963249516441006
BAHD1	chromatin_remodeling	47	1.0	346	0.9719101123595506	106	0.9636363636363636	0.028089887640449396	0.036363636363636376	1	0.02127659574468085	9	0.025280898876404494	1	0.00909090909090909	-0.004004303131723643	0.01218568665377176
BRCA2	histone_write	47	1.0	355	0.9971910112359551	110	1.0	0.002808988764044895	0.0	5	0.10638297872340426	26	0.07303370786516854	12	0.10909090909090909	0.03334927085823572	-0.0027079303675048294
BRDT	histone_read	47	1.0	354	0.9943820224719101	109	0.990909090909091	0.005617977528089901	0.009090909090909038	0	0.0	4	0.011235955056179775	1	0.00909090909090909	-0.011235955056179775	-0.00909090909090909
CHD5	chromatin_remodeling	47	1.0	354	0.9943820224719101	108	0.9818181818181818	0.005617977528089901	0.018181818181818188	1	0.02127659574468085	22	0.06179775280898876	5	0.045454545454545456	-0.04052115706430791	-0.024177949709864605
CRB2	histone_read	47	1.0	355	0.9971910112359551	109	0.990909090909091	0.002808988764044895	0.009090909090909038	6	0.1276595744680851	22	0.06179775280898876	10	0.09090909090909091	0.06586182165909633	0.036750483558994185
ELP4	histone_write	47	1.0	350	0.9831460674157303	106	0.9636363636363636	0.016853932584269704	0.036363636363636376	1	0.02127659574468085	5	0.014044943820224719	2	0.01818181818181818	0.007231651924456132	0.0030947775628626696
ERCC6	chromatin_remodeling	47	1.0	355	0.9971910112359551	110	1.0	0.002808988764044895	0.0	2	0.0425531914893617	25	0.0702247191011236	8	0.07272727272727272	-0.0276715276117619	-0.030174081237911023
METTL4	dna_modification	47	1.0	356	1.0	109	0.990909090909091	0.0	0.009090909090909038	2	0.0425531914893617	5	0.014044943820224719	2	0.01818181818181818	0.028508247669136982	0.02437137330754352
MTA1	chromatin_remodeling	47	1.0	353	0.9915730337078652	110	1.0	0.008426966292134797	0.0	1	0.02127659574468085	3	0.008426966292134831	1	0.00909090909090909	0.01284962945254602	0.01218568665377176
NAT10	histone_write	47	1.0	353	0.9915730337078652	109	0.990909090909091	0.008426966292134797	0.009090909090909038	2	0.0425531914893617	8	0.02247191011235955	1	0.00909090909090909	0.02008128137700215	0.033462282398452614
NCOA3	histone_write	47	1.0	353	0.9915730337078652	110	1.0	0.008426966292134797	0.0	0	0.0	8	0.02247191011235955	3	0.02727272727272727	-0.02247191011235955	-0.02727272727272727
NEK9	histone_write	47	1.0	337	0.9466292134831461	98	0.8909090909090909	0.053370786516853896	0.10909090909090913	4	0.0851063829787234	37	0.10393258426966293	12	0.10909090909090909	-0.018826201290939523	-0.023984526112185683
PHIP	histone_read	47	1.0	351	0.9859550561797753	107	0.9727272727272728	0.014044943820224698	0.027272727272727226	1	0.02127659574468085	2	0.0056179775280898875	4	0.03636363636363636	0.015658618216590963	-0.015087040618955511
PRKCA	histone_write	47	1.0	352	0.9887640449438202	108	0.9818181818181818	0.011235955056179803	0.018181818181818188	0	0.0	0	0.0	0	0.0	0.0	0.0
SP140	histone_read	47	1.0	355	0.9971910112359551	110	1.0	0.002808988764044895	0.0	2	0.0425531914893617	2	0.0056179775280898875	0	0.0	0.036935213961271814	0.0425531914893617
TAF4	histone_chaperone	47	1.0	348	0.9775280898876404	107	0.9727272727272728	0.022471910112359605	0.027272727272727226	0	0.0	5	0.014044943820224719	4	0.03636363636363636	-0.014044943820224719	-0.03636363636363636
TET1	dna_modification	47	1.0	344	0.9662921348314607	104	0.9454545454545454	0.0337078651685393	0.054545454545454564	1	0.02127659574468085	15	0.042134831460674156	7	0.06363636363636363	-0.020858235715993306	-0.042359767891682776
THRAP3	rna_modification	47	1.0	351	0.9859550561797753	110	1.0	0.014044943820224698	0.0	4	0.0851063829787234	21	0.05898876404494382	6	0.05454545454545454	0.026117618933779584	0.03056092843326886
AURKA	histone_write	46	0.9787234042553191	340	0.9550561797752809	105	0.9545454545454546	0.023667224480038218	0.024177949709864532	1	0.02127659574468085	2	0.0056179775280898875	0	0.0	0.015658618216590963	0.02127659574468085
CHEK1	histone_write	46	0.9787234042553191	352	0.9887640449438202	109	0.990909090909091	-0.010040640688501079	-0.012185686653771843	0	0.0	2	0.0056179775280898875	0	0.0	-0.0056179775280898875	0.0
DPF3	chromatin_remodeling	46	0.9787234042553191	355	0.9971910112359551	108	0.9818181818181818	-0.018467606980635987	-0.003094777562862694	1	0.02127659574468085	5	0.014044943820224719	2	0.01818181818181818	0.007231651924456132	0.0030947775628626696
HJURP	histone_chaperone	46	0.9787234042553191	353	0.9915730337078652	107	0.9727272727272728	-0.012849629452546085	0.0059961315280463445	1	0.02127659574468085	16	0.0449438202247191	2	0.01818181818181818	-0.02366722448003825	0.0030947775628626696
KDM3A	histone_erase	46	0.9787234042553191	349	0.9803370786516854	105	0.9545454545454546	-0.0016136743963662825	0.024177949709864532	0	0.0	18	0.05056179775280899	5	0.045454545454545456	-0.05056179775280899	-0.045454545454545456
LBR	other	46	0.9787234042553191	351	0.9859550561797753	109	0.990909090909091	-0.007231651924456184	-0.012185686653771843	1	0.02127659574468085	9	0.025280898876404494	3	0.02727272727272727	-0.004004303131723643	-0.005996131528046421
MBIP	histone_write	46	0.9787234042553191	348	0.9775280898876404	107	0.9727272727272728	0.0011953143676787237	0.0059961315280463445	0	0.0	0	0.0	0	0.0	0.0	0.0
PRDM16	histone_write	46	0.9787234042553191	351	0.9859550561797753	109	0.990909090909091	-0.007231651924456184	-0.012185686653771843	2	0.0425531914893617	16	0.0449438202247191	2	0.01818181818181818	-0.0023906287353573988	0.02437137330754352
PRDM7	histone_write	46	0.9787234042553191	350	0.9831460674157303	106	0.9636363636363636	-0.004422663160411178	0.015087040618955494	1	0.02127659574468085	24	0.06741573033707865	7	0.06363636363636363	-0.046139134592397796	-0.042359767891682776
RAI1	chromatin_remodeling	46	0.9787234042553191	349	0.9803370786516854	104	0.9454545454545454	-0.0016136743963662825	0.03326885880077368	3	0.06382978723404255	23	0.06460674157303371	5	0.045454545454545456	-0.0007769543389911648	0.018375241779497092
SATB2	chromatin_remodeling	46	0.9787234042553191	355	0.9971910112359551	110	1.0	-0.018467606980635987	-0.021276595744680882	0	0.0	7	0.019662921348314606	1	0.00909090909090909	-0.019662921348314606	-0.00909090909090909
SETDB2	histone_write	46	0.9787234042553191	332	0.9325842696629213	106	0.9636363636363636	0.046139134592397824	0.015087040618955494	0	0.0	6	0.016853932584269662	1	0.00909090909090909	-0.016853932584269662	-0.00909090909090909
SFSWAP	rna_modification	46	0.9787234042553191	348	0.9775280898876404	108	0.9818181818181818	0.0011953143676787237	-0.003094777562862694	1	0.02127659574468085	15	0.042134831460674156	4	0.03636363636363636	-0.020858235715993306	-0.015087040618955511
SMARCAD1	chromatin_remodeling	46	0.9787234042553191	314	0.8820224719101124	92	0.8363636363636363	0.09670093234520671	0.1423597678916828	0	0.0	2	0.0056179775280898875	0	0.0	-0.0056179775280898875	0.0
ZGPAT	tf	46	0.9787234042553191	348	0.9775280898876404	109	0.990909090909091	0.0011953143676787237	-0.012185686653771843	1	0.02127659574468085	1	0.0028089887640449437	1	0.00909090909090909	0.018467606980635907	0.01218568665377176
ASH1L	histone_write	45	0.9574468085106383	348	0.9775280898876404	110	1.0	-0.020081281377002047	-0.04255319148936165	4	0.0851063829787234	13	0.03651685393258427	5	0.045454545454545456	0.048589529046139134	0.039651837524177946
ATF7IP	histone_write	45	0.9574468085106383	347	0.9747191011235955	108	0.9818181818181818	-0.017272292612957152	-0.024371373307543465	0	0.0	1	0.0028089887640449437	2	0.01818181818181818	-0.0028089887640449437	-0.01818181818181818
AURKC	histone_write	45	0.9574468085106383	343	0.9634831460674157	105	0.9545454545454546	-0.006036337556777349	0.0029013539651837617	0	0.0	1	0.0028089887640449437	1	0.00909090909090909	-0.0028089887640449437	-0.00909090909090909
BRWD1	histone_read	45	0.9574468085106383	312	0.8764044943820225	101	0.9181818181818182	0.08104231412861584	0.03926499032882014	2	0.0425531914893617	18	0.05056179775280899	7	0.06363636363636363	-0.008008606263447286	-0.02108317214700193
FBRSL1	histone_other	45	0.9574468085106383	347	0.9747191011235955	109	0.990909090909091	-0.017272292612957152	-0.033462282398452614	7	0.14893617021276595	69	0.19382022471910113	24	0.21818181818181817	-0.044884054506335175	-0.06924564796905222
FOXA1	chromatin_remodeling	45	0.9574468085106383	345	0.9691011235955056	106	0.9636363636363636	-0.01165431508486725	-0.006189555125725277	1	0.02127659574468085	5	0.014044943820224719	0	0.0	0.007231651924456132	0.02127659574468085
METTL21A	other	45	0.9574468085106383	351	0.9859550561797753	108	0.9818181818181818	-0.028508247669136955	-0.024371373307543465	1	0.02127659574468085	8	0.02247191011235955	2	0.01818181818181818	-0.0011953143676786994	0.0030947775628626696
NPAS2	chromatin_remodeling	45	0.9574468085106383	331	0.9297752808988764	101	0.9181818181818182	0.027671527611761948	0.03926499032882014	0	0.0	9	0.025280898876404494	0	0.0	-0.025280898876404494	0.0
PKN1	histone_write	45	0.9574468085106383	343	0.9634831460674157	107	0.9727272727272728	-0.006036337556777349	-0.015280464216634426	2	0.0425531914893617	11	0.03089887640449438	6	0.05454545454545454	0.01165431508486732	-0.011992263056092842
TLE4	histone_erase	45	0.9574468085106383	352	0.9887640449438202	109	0.990909090909091	-0.03131723643318185	-0.033462282398452614	1	0.02127659574468085	1	0.0028089887640449437	0	0.0	0.018467606980635907	0.02127659574468085
BRD8	histone_read	44	0.9361702127659575	351	0.9859550561797753	105	0.9545454545454546	-0.049784843413817836	-0.01837524177949712	0	0.0	17	0.047752808988764044	2	0.01818181818181818	-0.047752808988764044	-0.01818181818181818
CENPC	dna_modification	44	0.9361702127659575	331	0.9297752808988764	104	0.9454545454545454	0.006394931867081066	-0.00928433268858797	0	0.0	1	0.0028089887640449437	0	0.0	-0.0028089887640449437	0.0
DNMT3L	histone_read	44	0.9361702127659575	321	0.901685393258427	104	0.9454545454545454	0.03448481950753046	-0.00928433268858797	1	0.02127659574468085	1	0.0028089887640449437	0	0.0	0.018467606980635907	0.02127659574468085
EXOSC7	rna_modification	44	0.9361702127659575	346	0.9719101123595506	106	0.9636363636363636	-0.03573989959359314	-0.02746615087040616	0	0.0	0	0.0	1	0.00909090909090909	0.0	-0.00909090909090909
HDAC5	histone_erase	44	0.9361702127659575	334	0.9382022471910112	109	0.990909090909091	-0.0020320344250537303	-0.054738878143133496	0	0.0	6	0.016853932584269662	0	0.0	-0.016853932584269662	0.0
HINFP	histone_read	44	0.9361702127659575	335	0.9410112359550562	104	0.9454545454545454	-0.0048410231890987365	-0.00928433268858797	2	0.0425531914893617	0	0.0	0	0.0	0.0425531914893617	0.0425531914893617
TONSL	chromatin_remodeling	44	0.9361702127659575	332	0.9325842696629213	105	0.9545454545454546	0.003585943103036171	-0.01837524177949712	4	0.0851063829787234	18	0.05056179775280899	8	0.07272727272727272	0.034544585225914415	0.012379110251450678
APOBEC3F	dna_modification	43	0.9148936170212766	315	0.8848314606741573	94	0.8545454545454545	0.030062156347119284	0.06034816247582209	1	0.02127659574468085	6	0.016853932584269662	0	0.0	0.004422663160411188	0.02127659574468085
JDP2	chromatin_remodeling	43	0.9148936170212766	305	0.8567415730337079	101	0.9181818181818182	0.05815204398756868	-0.003288201160541626	0	0.0	0	0.0	0	0.0	0.0	0.0
MGA	histone_write	43	0.9148936170212766	333	0.9353932584269663	101	0.9181818181818182	-0.020499641405689717	-0.003288201160541626	5	0.10638297872340426	38	0.10674157303370786	18	0.16363636363636364	-0.000358594310303606	-0.05725338491295938
NOC2L	chromatin_remodeling	43	0.9148936170212766	343	0.9634831460674157	108	0.9818181818181818	-0.04858952904613911	-0.06692456479690523	2	0.0425531914893617	11	0.03089887640449438	1	0.00909090909090909	0.01165431508486732	0.033462282398452614
RBM11	rna_modification	43	0.9148936170212766	318	0.8932584269662921	100	0.9090909090909091	0.021635190054984488	0.005802707930367523	0	0.0	2	0.0056179775280898875	0	0.0	-0.0056179775280898875	0.0
SIRT6	histone_erase	43	0.9148936170212766	318	0.8932584269662921	99	0.9	0.021635190054984488	0.014893617021276562	2	0.0425531914893617	3	0.008426966292134831	3	0.02727272727272727	0.03412622519722687	0.01528046421663443
SMYD4	histone_erase	43	0.9148936170212766	335	0.9410112359550562	105	0.9545454545454546	-0.02611761893377962	-0.039651837524178	0	0.0	10	0.028089887640449437	3	0.02727272727272727	-0.028089887640449437	-0.02727272727272727
BRWD3	histone_read	42	0.8936170212765957	299	0.8398876404494382	93	0.8454545454545455	0.0537293808271575	0.048162475822050244	0	0.0	1	0.0028089887640449437	0	0.0	-0.0028089887640449437	0.0
DPF1	chromatin_remodeling	42	0.8936170212765957	338	0.949438202247191	101	0.9181818181818182	-0.0558211809705953	-0.024564796905222508	1	0.02127659574468085	7	0.019662921348314606	0	0.0	0.0016136743963662444	0.02127659574468085
L3MBTL3	histone_read	42	0.8936170212765957	332	0.9325842696629213	101	0.9181818181818182	-0.03896724838632559	-0.024564796905222508	1	0.02127659574468085	5	0.014044943820224719	1	0.00909090909090909	0.007231651924456132	0.01218568665377176
TAF3	histone_read	42	0.8936170212765957	302	0.848314606741573	95	0.8636363636363636	0.045302414535022706	0.029980657640232056	2	0.0425531914893617	19	0.05337078651685393	8	0.07272727272727272	-0.01081759502749223	-0.030174081237911023
YEATS2	histone_chaperone	42	0.8936170212765957	311	0.8735955056179775	88	0.8	0.020021515658618205	0.09361702127659566	1	0.02127659574468085	10	0.028089887640449437	5	0.045454545454545456	-0.006813291895768587	-0.024177949709864605
KANSL2	histone_write	41	0.8723404255319149	315	0.8848314606741573	97	0.8818181818181818	-0.012491035142242368	-0.009477756286266903	0	0.0	1	0.0028089887640449437	0	0.0	-0.0028089887640449437	0.0
SETD2	histone_write	41	0.8723404255319149	287	0.8061797752808989	93	0.8454545454545455	0.06616065025101603	0.026885880077369473	1	0.02127659574468085	18	0.05056179775280899	2	0.01818181818181818	-0.029285202008128137	0.0030947775628626696
USP36	histone_write	41	0.8723404255319149	289	0.8117977528089888	95	0.8636363636363636	0.06054267272292613	0.008704061895551285	14	0.2978723404255319	96	0.2696629213483146	29	0.2636363636363636	0.0282094190772173	0.03423597678916829
JMJD1C	histone_erase	40	0.851063829787234	299	0.8398876404494382	90	0.8181818181818182	0.01117618933779585	0.03288201160541582	1	0.02127659574468085	52	0.14606741573033707	16	0.14545454545454545	-0.12479081998565622	-0.1241779497098646
KDM4A	histone_erase	40	0.851063829787234	322	0.9044943820224719	98	0.8909090909090909	-0.05343055223523785	-0.03984526112185682	2	0.0425531914893617	7	0.019662921348314606	0	0.0	0.022890270141047095	0.0425531914893617
KDM4D	histone_erase	40	0.851063829787234	287	0.8061797752808989	85	0.7727272727272727	0.04488405450633515	0.07833655705996134	0	0.0	4	0.011235955056179775	1	0.00909090909090909	-0.011235955056179775	-0.00909090909090909
USP44	histone_erase	40	0.851063829787234	293	0.8230337078651685	90	0.8181818181818182	0.028030121922065554	0.03288201160541582	2	0.0425531914893617	28	0.07865168539325842	9	0.08181818181818182	-0.036098493903896724	-0.03926499032882012
ATXN7	histone_write	39	0.8297872340425532	261	0.7331460674157303	85	0.7727272727272727	0.09664116662682287	0.05705996131528046	2	0.0425531914893617	21	0.05898876404494382	6	0.05454545454545454	-0.016435572555582117	-0.011992263056092842
CECR2	histone_read	39	0.8297872340425532	238	0.6685393258426966	79	0.7181818181818181	0.16124790819985657	0.11160541586073502	2	0.0425531914893617	22	0.06179775280898876	13	0.11818181818181818	-0.01924456131962706	-0.07562862669245649
RAG1	histone_write	39	0.8297872340425532	301	0.8455056179775281	95	0.8636363636363636	-0.015718383934974933	-0.03384912959381048	0	0.0	3	0.008426966292134831	3	0.02727272727272727	-0.008426966292134831	-0.02727272727272727
TRRAP	histone_write	39	0.8297872340425532	326	0.9157303370786517	96	0.8727272727272727	-0.08594310303609853	-0.04294003868471952	0	0.0	18	0.05056179775280899	6	0.05454545454545454	-0.05056179775280899	-0.05454545454545454
APOBEC1	dna_modification	38	0.8085106382978723	281	0.7893258426966292	83	0.7545454545454545	0.019184795601243088	0.05396518375241777	1	0.02127659574468085	0	0.0	1	0.00909090909090909	0.02127659574468085	0.01218568665377176
AURKB	histone_write	38	0.8085106382978723	257	0.7219101123595506	85	0.7727272727272727	0.08660052593832168	0.03578336557059958	0	0.0	2	0.0056179775280898875	1	0.00909090909090909	-0.0056179775280898875	-0.00909090909090909
HCFC1	chromatin_remodeling	38	0.8085106382978723	274	0.7696629213483146	83	0.7545454545454545	0.03884771694955769	0.05396518375241777	0	0.0	7	0.019662921348314606	3	0.02727272727272727	-0.019662921348314606	-0.02727272727272727
HDAC9	histone_erase	38	0.8085106382978723	270	0.7584269662921348	80	0.7272727272727273	0.05008367200573749	0.081237911025145	0	0.0	5	0.014044943820224719	2	0.01818181818181818	-0.014044943820224719	-0.01818181818181818
KDM4C	histone_erase	38	0.8085106382978723	301	0.8455056179775281	89	0.8090909090909091	-0.036994979679655815	-0.0005802707930367967	2	0.0425531914893617	16	0.0449438202247191	5	0.045454545454545456	-0.0023906287353573988	-0.0029013539651837547
MEN1	histone_write	38	0.8085106382978723	307	0.8623595505617978	102	0.9272727272727272	-0.05384891226392552	-0.11876208897485496	1	0.02127659574468085	6	0.016853932584269662	1	0.00909090909090909	0.004422663160411188	0.01218568665377176
PPARGC1A	histone_other	38	0.8085106382978723	282	0.7921348314606742	89	0.8090909090909091	0.01637580683719808	-0.0005802707930367967	0	0.0	3	0.008426966292134831	2	0.01818181818181818	-0.008426966292134831	-0.01818181818181818
DNTTIP2	chromatin_remodeling	37	0.7872340425531915	279	0.7837078651685393	90	0.8181818181818182	0.003526177384652218	-0.030947775628626717	0	0.0	1	0.0028089887640449437	0	0.0	-0.0028089887640449437	0.0
EEF1AKNMT	other	37	0.7872340425531915	302	0.848314606741573	92	0.8363636363636363	-0.06108056418838148	-0.049129593810444794	2	0.0425531914893617	6	0.016853932584269662	2	0.01818181818181818	0.02569925890509204	0.02437137330754352
ING5	histone_read	37	0.7872340425531915	284	0.797752808988764	90	0.8181818181818182	-0.01051876643557248	-0.030947775628626717	0	0.0	3	0.008426966292134831	2	0.01818181818181818	-0.008426966292134831	-0.01818181818181818
KLF18	tf	37	0.7872340425531915	272	0.7640449438202247	81	0.7363636363636363	0.023189098732966817	0.050870406189555184	12	0.2553191489361702	68	0.19101123595505617	33	0.3	0.06430791298111402	-0.044680851063829796
MTF2	polycomb	37	0.7872340425531915	269	0.7556179775280899	78	0.7090909090909091	0.031616065025101614	0.07814313346228241	0	0.0	1	0.0028089887640449437	0	0.0	-0.0028089887640449437	0.0
PHF14	histone_read	37	0.7872340425531915	302	0.848314606741573	87	0.7909090909090909	-0.06108056418838148	-0.0036750483558993796	0	0.0	2	0.0056179775280898875	2	0.01818181818181818	-0.0056179775280898875	-0.01818181818181818
SAP18	histone_erase	37	0.7872340425531915	322	0.9044943820224719	104	0.9454545454545454	-0.11726033946928038	-0.15822050290135392	0	0.0	0	0.0	0	0.0	0.0	0.0
SMYD2	histone_write	37	0.7872340425531915	288	0.8089887640449438	93	0.8454545454545455	-0.021754721491752282	-0.05822050290135394	1	0.02127659574468085	2	0.0056179775280898875	0	0.0	0.015658618216590963	0.02127659574468085
DTX3L	histone_write	36	0.7659574468085106	298	0.8370786516853933	98	0.8909090909090909	-0.07112120487688267	-0.12495164410058024	2	0.0425531914893617	8	0.02247191011235955	3	0.02727272727272727	0.02008128137700215	0.01528046421663443
MBD4	dna_modification	36	0.7659574468085106	252	0.7078651685393258	76	0.6909090909090909	0.05809227826918484	0.07504835589941972	1	0.02127659574468085	10	0.028089887640449437	0	0.0	-0.006813291895768587	0.02127659574468085
NAA60	histone_write	36	0.7659574468085106	299	0.8398876404494382	91	0.8272727272727273	-0.07393019364092757	-0.06131528046421664	2	0.0425531914893617	18	0.05056179775280899	0	0.0	-0.008008606263447286	0.0425531914893617
TDRD7	histone_read	36	0.7659574468085106	268	0.7528089887640449	81	0.7363636363636363	0.013148458044465738	0.029593810444874302	1	0.02127659574468085	8	0.02247191011235955	5	0.045454545454545456	-0.0011953143676786994	-0.024177949709864605
APOBEC3B	dna_modification	35	0.7446808510638298	272	0.7640449438202247	86	0.7818181818181819	-0.019364092756394946	-0.037137330754352105	0	0.0	1	0.0028089887640449437	0	0.0	-0.0028089887640449437	0.0
NSD1	histone_write	35	0.7446808510638298	261	0.7331460674157303	87	0.7909090909090909	0.011534783648099456	-0.04622823984526114	3	0.06382978723404255	14	0.03932584269662921	5	0.045454545454545456	0.024503944537413336	0.018375241779497092
RMI1	dna_modification	35	0.7446808510638298	304	0.8539325842696629	94	0.8545454545454545	-0.10925173320583315	-0.10986460348162475	0	0.0	1	0.0028089887640449437	4	0.03636363636363636	-0.0028089887640449437	-0.03636363636363636
TP53	histone_write	35	0.7446808510638298	260	0.7303370786516854	83	0.7545454545454545	0.014343772412144351	-0.009864603481624767	0	0.0	3	0.008426966292134831	1	0.00909090909090909	-0.008426966292134831	-0.00909090909090909
TP53BP1	histone_read	35	0.7446808510638298	231	0.648876404494382	78	0.7090909090909091	0.09580444656944775	0.03558994197292065	7	0.14893617021276595	30	0.08426966292134831	3	0.02727272727272727	0.06466650729141764	0.12166344294003868
DNMT1	dna_modification	34	0.723404255319149	201	0.5646067415730337	72	0.6545454545454545	0.15879751374611528	0.06885880077369444	8	0.1702127659574468	30	0.08426966292134831	8	0.07272727272727272	0.08594310303609849	0.09748549323017408
L3MBTL4	histone_read	34	0.723404255319149	273	0.7668539325842697	84	0.7636363636363637	-0.04344967726512072	-0.04023210831721469	0	0.0	10	0.028089887640449437	5	0.045454545454545456	-0.028089887640449437	-0.045454545454545456
NSL1	histone_write	33	0.7021276595744681	259	0.7275280898876404	76	0.6909090909090909	-0.025400430313172295	0.011218568665377182	0	0.0	1	0.0028089887640449437	1	0.00909090909090909	-0.0028089887640449437	-0.00909090909090909
PARP1	chromatin_remodeling	33	0.7021276595744681	234	0.6573033707865169	70	0.6363636363636364	0.044824288787951194	0.06576402321083175	6	0.1276595744680851	24	0.06741573033707865	7	0.06363636363636363	0.060243844131006447	0.06402321083172147
PHF21A	histone_erase	33	0.7021276595744681	264	0.7415730337078652	82	0.7454545454545455	-0.039445374133397104	-0.04332688588007738	1	0.02127659574468085	3	0.008426966292134831	2	0.01818181818181818	0.01284962945254602	0.0030947775628626696
BRCA1	histone_write	32	0.6808510638297872	238	0.6685393258426966	68	0.6181818181818182	0.01231173798709062	0.06266924564796905	1	0.02127659574468085	12	0.033707865168539325	2	0.01818181818181818	-0.012431269423858474	0.0030947775628626696
EXOSC5	rna_modification	32	0.6808510638297872	223	0.6264044943820225	74	0.6727272727272727	0.054446569447764714	0.008123791102514488	1	0.02127659574468085	3	0.008426966292134831	1	0.00909090909090909	0.01284962945254602	0.01218568665377176
SP100	chromatin_remodeling	32	0.6808510638297872	246	0.6910112359550562	72	0.6545454545454545	-0.010160172125268985	0.026305609284332676	0	0.0	9	0.025280898876404494	2	0.01818181818181818	-0.025280898876404494	-0.01818181818181818
VDR	chromatin_remodeling	32	0.6808510638297872	258	0.7247191011235955	78	0.7090909090909091	-0.04386803729380828	-0.028239845261121888	0	0.0	4	0.011235955056179775	0	0.0	-0.011235955056179775	0.0
ZNF592	histone_erase	32	0.6808510638297872	231	0.648876404494382	81	0.7363636363636363	0.03197465933540522	-0.055512572533849114	2	0.0425531914893617	15	0.042134831460674156	2	0.01818181818181818	0.00041836002868754496	0.02437137330754352
ACTR5	chromatin_remodeling	31	0.6595744680851063	224	0.6292134831460674	69	0.6272727272727273	0.030360984939038937	0.03230174081237902	1	0.02127659574468085	19	0.05337078651685393	2	0.01818181818181818	-0.032094190772173084	0.0030947775628626696
KDM5A	histone_erase	31	0.6595744680851063	260	0.7303370786516854	80	0.7272727272727273	-0.07076261056657907	-0.06769825918762096	5	0.10638297872340426	33	0.09269662921348315	8	0.07272727272727272	0.013686349509921106	0.03365570599613153
MYBBP1A	chromatin_remodeling	31	0.6595744680851063	241	0.6769662921348315	77	0.7	-0.01739182404972517	-0.04042553191489362	11	0.23404255319148937	58	0.16292134831460675	21	0.19090909090909092	0.07112120487688262	0.04313346228239845
PIWIL4	chromatin_remodeling	31	0.6595744680851063	169	0.4747191011235955	46	0.41818181818181815	0.18485536696151084	0.24139264990328818	3	0.06382978723404255	11	0.03089887640449438	1	0.00909090909090909	0.03293091082954817	0.054738878143133454
TAF5	histone_write	30	0.6382978723404256	218	0.6123595505617978	68	0.6181818181818182	0.02593832177862776	0.0201160541586074	0	0.0	5	0.014044943820224719	1	0.00909090909090909	-0.014044943820224719	-0.00909090909090909
USP17L2	histone_erase	30	0.6382978723404256	225	0.6320224719101124	63	0.5727272727272728	0.0062754004303131605	0.06557059961315281	3	0.06382978723404255	8	0.02247191011235955	6	0.05454545454545454	0.041357877121683	0.009284332688588005
CTCFL	chromatin_remodeling	29	0.6170212765957447	213	0.598314606741573	69	0.6272727272727273	0.018706669854171687	-0.010251450676982632	0	0.0	1	0.0028089887640449437	1	0.00909090909090909	-0.0028089887640449437	-0.00909090909090909
EID2	histone_write	29	0.6170212765957447	238	0.6685393258426966	72	0.6545454545454545	-0.051518049246951914	-0.03752417794970986	0	0.0	0	0.0	0	0.0	0.0	0.0
KMT2B	histone_write	29	0.6170212765957447	239	0.6713483146067416	80	0.7272727272727273	-0.05432703801099692	-0.11025145067698261	5	0.10638297872340426	29	0.08146067415730338	10	0.09090909090909091	0.02492230456610088	0.015473887814313345
MYO1C	chromatin_remodeling	29	0.6170212765957447	247	0.6938202247191011	88	0.8	-0.07679894812335641	-0.18297872340425536	2	0.0425531914893617	18	0.05056179775280899	6	0.05454545454545454	-0.008008606263447286	-0.011992263056092842
NBN	chromatin_remodeling	29	0.6170212765957447	232	0.651685393258427	84	0.7636363636363637	-0.03466411666268232	-0.14661508704061899	4	0.0851063829787234	14	0.03932584269662921	7	0.06363636363636363	0.04578054028209419	0.021470019342359772
TRIM16	histone_write	29	0.6170212765957447	212	0.5955056179775281	72	0.6545454545454545	0.021515658618216582	-0.03752417794970986	10	0.2127659574468085	61	0.17134831460674158	23	0.20909090909090908	0.04141764284006694	0.003675048355899435
CTBP2	histone_write	28	0.5957446808510638	216	0.6067415730337079	69	0.6272727272727273	-0.010996892182644102	-0.031528046421663514	3	0.06382978723404255	6	0.016853932584269662	3	0.02727272727272727	0.046975854649772886	0.03655705996131528
PRKAG3	histone_write	28	0.5957446808510638	191	0.5365168539325843	59	0.5363636363636364	0.0592278269184795	0.059381044487427426	2	0.0425531914893617	2	0.0056179775280898875	1	0.00909090909090909	0.036935213961271814	0.033462282398452614
ATR	histone_write	27	0.574468085106383	221	0.6207865168539326	66	0.6	-0.04631843174754957	-0.025531914893616947	0	0.0	11	0.03089887640449438	1	0.00909090909090909	-0.03089887640449438	-0.00909090909090909
TET2	dna_modification	27	0.574468085106383	213	0.598314606741573	64	0.5818181818181818	-0.023846521635189966	-0.007350096711798759	2	0.0425531914893617	24	0.06741573033707865	5	0.045454545454545456	-0.02486253884771695	-0.0029013539651837547
APOBEC3H	dna_modification	26	0.5531914893617021	190	0.5337078651685393	64	0.5818181818181818	0.019483624193162852	-0.02862669245647964	0	0.0	3	0.008426966292134831	0	0.0	-0.008426966292134831	0.0
ATRX	chromatin_remodeling	26	0.5531914893617021	191	0.5365168539325843	51	0.4636363636363636	0.016674635429117846	0.08955512572533852	1	0.02127659574468085	10	0.028089887640449437	2	0.01818181818181818	-0.006813291895768587	0.0030947775628626696
IKZF1	chromatin_remodeling	26	0.5531914893617021	244	0.6853932584269663	80	0.7272727272727273	-0.13220176906526415	-0.17408123791102514	0	0.0	2	0.0056179775280898875	0	0.0	-0.0056179775280898875	0.0
BRMS1	chromatin_remodeling	25	0.5319148936170213	160	0.449438202247191	56	0.509090909090909	0.08247669136983027	0.02282398452611223	0	0.0	1	0.0028089887640449437	1	0.00909090909090909	-0.0028089887640449437	-0.00909090909090909
CHUK	histone_write	25	0.5319148936170213	229	0.6432584269662921	74	0.6727272727272727	-0.11134353334927083	-0.14081237911025146	4	0.0851063829787234	41	0.1151685393258427	14	0.12727272727272726	-0.030062156347119298	-0.04216634429400386
HR	histone_erase	25	0.5319148936170213	199	0.5589887640449438	68	0.6181818181818182	-0.02707387042792253	-0.0862669245647969	1	0.02127659574468085	20	0.056179775280898875	4	0.03636363636363636	-0.03490317953621802	-0.015087040618955511
PHC1	polycomb	25	0.5319148936170213	211	0.5926966292134831	63	0.5727272727272728	-0.06078173559646183	-0.040812379110251484	0	0.0	1	0.0028089887640449437	1	0.00909090909090909	-0.0028089887640449437	-0.00909090909090909
PRDM6	histone_write	25	0.5319148936170213	195	0.547752808988764	60	0.5454545454545454	-0.015837915371742728	-0.013539651837524147	0	0.0	9	0.025280898876404494	4	0.03636363636363636	-0.025280898876404494	-0.03636363636363636
SPEN	histone_erase	25	0.5319148936170213	174	0.4887640449438202	58	0.5272727272727272	0.04315084867320107	0.004642166344294041	1	0.02127659574468085	9	0.025280898876404494	8	0.07272727272727272	-0.004004303131723643	-0.05145067698259187
TRIM33	histone_read	25	0.5319148936170213	235	0.6601123595505618	77	0.7	-0.12819746593354053	-0.1680851063829787	1	0.02127659574468085	2	0.0056179775280898875	2	0.01818181818181818	0.015658618216590963	0.0030947775628626696
UBR2	histone_write	25	0.5319148936170213	208	0.5842696629213483	55	0.5	-0.05235476930432703	0.03191489361702127	2	0.0425531914893617	10	0.028089887640449437	1	0.00909090909090909	0.014463303848912264	0.033462282398452614
APEX1	dna_modification	24	0.5106382978723404	154	0.43258426966292135	49	0.44545454545454544	0.07805402820941904	0.06518375241779495	4	0.0851063829787234	21	0.05898876404494382	10	0.09090909090909091	0.026117618933779584	-0.005802707930367509
BAZ2B	histone_read	24	0.5106382978723404	187	0.5252808988764045	56	0.509090909090909	-0.014642601004064115	0.001547388781431347	2	0.0425531914893617	19	0.05337078651685393	5	0.045454545454545456	-0.01081759502749223	-0.0029013539651837547
CBX8	histone_read	24	0.5106382978723404	210	0.5898876404494382	61	0.5545454545454546	-0.07924934257709781	-0.04390715667311418	0	0.0	10	0.028089887640449437	4	0.03636363636363636	-0.028089887640449437	-0.03636363636363636
CDK7	histone_write	24	0.5106382978723404	216	0.6067415730337079	73	0.6636363636363637	-0.09610327516136752	-0.1529980657640233	0	0.0	0	0.0	0	0.0	0.0	0.0
CDYL	histone_write	24	0.5106382978723404	187	0.5252808988764045	62	0.5636363636363636	-0.014642601004064115	-0.05299806576402322	0	0.0	2	0.0056179775280898875	2	0.01818181818181818	-0.0056179775280898875	-0.01818181818181818
PRDM14	dna_modification	24	0.5106382978723404	153	0.4297752808988764	33	0.3	0.08086301697346399	0.2106382978723404	0	0.0	2	0.0056179775280898875	0	0.0	-0.0056179775280898875	0.0
REST	histone_erase	24	0.5106382978723404	209	0.5870786516853933	64	0.5818181818181818	-0.07644035381305292	-0.0711798839458414	2	0.0425531914893617	11	0.03089887640449438	6	0.05454545454545454	0.01165431508486732	-0.011992263056092842
CDC6	chromatin_remodeling	23	0.48936170212765956	169	0.4747191011235955	44	0.4	0.01464260100406406	0.08936170212765954	1	0.02127659574468085	6	0.016853932584269662	1	0.00909090909090909	0.004422663160411188	0.01218568665377176
CHD1L	chromatin_remodeling	23	0.48936170212765956	171	0.4803370786516854	59	0.5363636363636364	0.009024623475974158	-0.04700193423597682	3	0.06382978723404255	4	0.011235955056179775	1	0.00909090909090909	0.05259383217786277	0.054738878143133454
EYA4	histone_erase	23	0.48936170212765956	214	0.601123595505618	73	0.6636363636363637	-0.11176189337795844	-0.17427466150870413	0	0.0	3	0.008426966292134831	2	0.01818181818181818	-0.008426966292134831	-0.01818181818181818
LEO1	histone_write	23	0.48936170212765956	152	0.42696629213483145	43	0.39090909090909093	0.06239540999282811	0.09845261121856863	0	0.0	1	0.0028089887640449437	0	0.0	-0.0028089887640449437	0.0
PQBP1	rna_modification	23	0.48936170212765956	148	0.4157303370786517	44	0.4	0.07363136504900786	0.08936170212765954	0	0.0	0	0.0	0	0.0	0.0	0.0
PBK	histone_write	22	0.46808510638297873	206	0.5786516853932584	58	0.5272727272727272	-0.11056657901027966	-0.05918762088974849	1	0.02127659574468085	1	0.0028089887640449437	1	0.00909090909090909	0.018467606980635907	0.01218568665377176
TDG	dna_modification	22	0.46808510638297873	171	0.4803370786516854	43	0.39090909090909093	-0.012251972268706668	0.0771760154738878	0	0.0	1	0.0028089887640449437	1	0.00909090909090909	-0.0028089887640449437	-0.00909090909090909
ZNF541	chromatin_remodeling	22	0.46808510638297873	115	0.32303370786516855	44	0.4	0.14505139851781018	0.06808510638297871	5	0.10638297872340426	36	0.10112359550561797	12	0.10909090909090909	0.0052593832177862815	-0.0027079303675048294
ZRANB3	chromatin_remodeling	22	0.46808510638297873	128	0.3595505617977528	37	0.33636363636363636	0.10853454458522593	0.13172147001934237	3	0.06382978723404255	15	0.042134831460674156	7	0.06363636363636363	0.021694955773368392	0.00019342359767891837
BARD1	histone_write	21	0.44680851063829785	194	0.5449438202247191	53	0.4818181818181818	-0.09813530958642125	-0.03500967117988396	0	0.0	22	0.06179775280898876	3	0.02727272727272727	-0.06179775280898876	-0.02727272727272727
PADI4	histone_other	21	0.44680851063829785	192	0.5393258426966292	61	0.5545454545454546	-0.09251733205833135	-0.10773694390715671	1	0.02127659574468085	8	0.02247191011235955	2	0.01818181818181818	-0.0011953143676786994	0.0030947775628626696
SMARCA2	histone_read	21	0.44680851063829785	125	0.351123595505618	36	0.32727272727272727	0.09568491513267985	0.11953578336557058	0	0.0	4	0.011235955056179775	0	0.0	-0.011235955056179775	0.0
CHD9	chromatin_remodeling	20	0.425531914893617	114	0.3202247191011236	41	0.37272727272727274	0.10530719579249342	0.052804642166344284	5	0.10638297872340426	28	0.07865168539325842	10	0.09090909090909091	0.02773129333014583	0.015473887814313345
ZNF532	histone_erase	20	0.425531914893617	209	0.5870786516853933	57	0.5181818181818182	-0.16154673679177628	-0.09264990328820116	1	0.02127659574468085	5	0.014044943820224719	5	0.045454545454545456	0.007231651924456132	-0.024177949709864605
CUL3	histone_write	19	0.40425531914893614	157	0.4410112359550562	55	0.5	-0.03675591680612006	-0.09574468085106386	0	0.0	0	0.0	0	0.0	0.0	0.0
INO80D	chromatin_remodeling	19	0.40425531914893614	178	0.5	52	0.4727272727272727	-0.09574468085106386	-0.06847195357833658	0	0.0	4	0.011235955056179775	2	0.01818181818181818	-0.011235955056179775	-0.01818181818181818
APOBEC2	dna_modification	18	0.3829787234042553	148	0.4157303370786517	44	0.4	-0.032751613674396385	-0.017021276595744705	0	0.0	3	0.008426966292134831	0	0.0	-0.008426966292134831	0.0
KMT2C	histone_write	18	0.3829787234042553	167	0.4691011235955056	58	0.5272727272727272	-0.08612240019125028	-0.1442940038684719	5	0.10638297872340426	47	0.13202247191011235	9	0.08181818181818182	-0.025639493186708093	0.02456479690522244
MORF4L1	histone_read	18	0.3829787234042553	179	0.5028089887640449	50	0.45454545454545453	-0.11983026535978958	-0.07156673114119921	0	0.0	4	0.011235955056179775	1	0.00909090909090909	-0.011235955056179775	-0.00909090909090909
MBD1	histone_write	17	0.3617021276595745	102	0.28651685393258425	27	0.24545454545454545	0.07518527372699024	0.11624758220502904	1	0.02127659574468085	3	0.008426966292134831	0	0.0	0.01284962945254602	0.02127659574468085
PRKDC	histone_write	17	0.3617021276595745	76	0.21348314606741572	24	0.21818181818181817	0.14821898159215877	0.14352030947775632	9	0.19148936170212766	40	0.11235955056179775	12	0.10909090909090909	0.07912981114032991	0.08239845261121857
SMARCAL1	chromatin_remodeling	17	0.3617021276595745	101	0.28370786516853935	38	0.34545454545454546	0.07799426249103514	0.016247582205029032	5	0.10638297872340426	23	0.06460674157303371	10	0.09090909090909091	0.04177623715037054	0.015473887814313345
TNP2	chromatin_remodeling	17	0.3617021276595745	134	0.37640449438202245	39	0.35454545454545455	-0.014702366722447957	0.007156673114119938	2	0.0425531914893617	4	0.011235955056179775	3	0.02727272727272727	0.031317236433181926	0.01528046421663443
ELP2	histone_write	16	0.3404255319148936	178	0.5	48	0.43636363636363634	-0.1595744680851064	-0.09593810444874273	7	0.14893617021276595	83	0.23314606741573032	23	0.20909090909090908	-0.08420989720296437	-0.06015473887814313
MSH6	histone_read	16	0.3404255319148936	135	0.3792134831460674	28	0.2545454545454545	-0.03878795123117379	0.08588007736943909	2	0.0425531914893617	11	0.03089887640449438	4	0.03636363636363636	0.01165431508486732	0.006189555125725339
NCOR2	histone_erase	16	0.3404255319148936	126	0.3539325842696629	41	0.37272727272727274	-0.013507052354769289	-0.03230174081237913	5	0.10638297872340426	48	0.1348314606741573	18	0.16363636363636364	-0.028448481950753043	-0.05725338491295938
BANP	histone_write	15	0.3191489361702128	73	0.2050561797752809	30	0.2727272727272727	0.11409275639493188	0.046421663442940075	4	0.0851063829787234	1	0.0028089887640449437	0	0.0	0.08229739421467847	0.0851063829787234
PAXIP1	histone_write	14	0.2978723404255319	106	0.29775280898876405	29	0.2636363636363636	0.00011953143676785016	0.03423597678916829	1	0.02127659574468085	4	0.011235955056179775	2	0.01818181818181818	0.010040640688501076	0.0030947775628626696
PHC2	polycomb	14	0.2978723404255319	122	0.34269662921348315	37	0.33636363636363636	-0.04482428878795125	-0.038491295938104464	0	0.0	6	0.016853932584269662	1	0.00909090909090909	-0.016853932584269662	-0.00909090909090909
PRMT9	histone_write	14	0.2978723404255319	89	0.25	39	0.35454545454545455	0.0478723404255319	-0.05667311411992265	14	0.2978723404255319	89	0.25	39	0.35454545454545455	0.0478723404255319	-0.05667311411992265
BRD2	histone_read	13	0.2765957446808511	82	0.2303370786516854	31	0.2818181818181818	0.046258666029165674	-0.0052224371373307266	0	0.0	3	0.008426966292134831	0	0.0	-0.008426966292134831	0.0
KAT6A	histone_write	13	0.2765957446808511	125	0.351123595505618	30	0.2727272727272727	-0.07452785082476693	0.0038684719535783674	1	0.02127659574468085	9	0.025280898876404494	3	0.02727272727272727	-0.004004303131723643	-0.005996131528046421
TADA1	histone_chaperone	13	0.2765957446808511	85	0.23876404494382023	26	0.23636363636363636	0.03783169973703085	0.040232108317214715	0	0.0	0	0.0	2	0.01818181818181818	0.0	-0.01818181818181818
UIMC1	histone_read	13	0.2765957446808511	88	0.24719101123595505	34	0.3090909090909091	0.029404733444896025	-0.03249516441005801	1	0.02127659574468085	6	0.016853932584269662	2	0.01818181818181818	0.004422663160411188	0.0030947775628626696
ZNF217	histone_erase	13	0.2765957446808511	125	0.351123595505618	47	0.42727272727272725	-0.07452785082476693	-0.15067698259187617	1	0.02127659574468085	12	0.033707865168539325	6	0.05454545454545454	-0.012431269423858474	-0.033268858800773696
NCOA2	chromatin_remodeling	12	0.2553191489361702	120	0.33707865168539325	35	0.3181818181818182	-0.08175950274922306	-0.06286266924564798	0	0.0	15	0.042134831460674156	2	0.01818181818181818	-0.042134831460674156	-0.01818181818181818
ALKBH4	dna_modification	11	0.23404255319148937	84	0.23595505617977527	26	0.23636363636363636	-0.001912502988285908	-0.0023210831721469927	0	0.0	1	0.0028089887640449437	0	0.0	-0.0028089887640449437	0.0
DOT1L	histone_write	11	0.23404255319148937	103	0.2893258426966292	41	0.37272727272727274	-0.05528328950513983	-0.13868471953578337	2	0.0425531914893617	11	0.03089887640449438	6	0.05454545454545454	0.01165431508486732	-0.011992263056092842
FOXO1	tf	11	0.23404255319148937	77	0.21629213483146068	21	0.19090909090909092	0.01775041836002869	0.04313346228239845	5	0.10638297872340426	24	0.06741573033707865	8	0.07272727272727272	0.038967248386325606	0.03365570599613153
KANSL3	histone_write	11	0.23404255319148937	85	0.23876404494382023	19	0.17272727272727273	-0.004721491752330859	0.06131528046421664	1	0.02127659574468085	3	0.008426966292134831	0	0.0	0.01284962945254602	0.02127659574468085
RNF168	histone_write	11	0.23404255319148937	97	0.27247191011235955	34	0.3090909090909091	-0.038429356920870184	-0.07504835589941972	0	0.0	11	0.03089887640449438	3	0.02727272727272727	-0.03089887640449438	-0.02727272727272727
TOP2B	chromatin_remodeling	11	0.23404255319148937	89	0.25	30	0.2727272727272727	-0.015957446808510634	-0.03868471953578334	11	0.23404255319148937	87	0.2443820224719101	30	0.2727272727272727	-0.010339469280420732	-0.03868471953578334
TYW5	rna_modification	11	0.23404255319148937	58	0.16292134831460675	26	0.23636363636363636	0.07112120487688262	-0.0023210831721469927	0	0.0	1	0.0028089887640449437	0	0.0	-0.0028089887640449437	0.0
YTHDC1	rna_modification	11	0.23404255319148937	71	0.199438202247191	28	0.2545454545454545	0.03460435094429837	-0.020502901353965153	1	0.02127659574468085	0	0.0	0	0.0	0.02127659574468085	0.02127659574468085
APOBEC3G	dna_modification	10	0.2127659574468085	57	0.1601123595505618	12	0.10909090909090909	0.05265359789624671	0.10367504835589943	1	0.02127659574468085	4	0.011235955056179775	0	0.0	0.010040640688501076	0.02127659574468085
DPPA3	histone_read	10	0.2127659574468085	124	0.34831460674157305	23	0.20909090909090908	-0.13554864929476454	0.003675048355899435	0	0.0	2	0.0056179775280898875	0	0.0	-0.0056179775280898875	0.0
HDGF	chromatin_remodeling	10	0.2127659574468085	49	0.13764044943820225	19	0.17272727272727273	0.07512550800860626	0.04003868471953578	1	0.02127659574468085	1	0.0028089887640449437	0	0.0	0.018467606980635907	0.02127659574468085
KMT2D	histone_write	10	0.2127659574468085	76	0.21348314606741572	20	0.18181818181818182	-0.000717188620607212	0.03094777562862669	10	0.2127659574468085	76	0.21348314606741572	19	0.17272727272727273	-0.000717188620607212	0.04003868471953578
PRMT6	histone_write	10	0.2127659574468085	80	0.2247191011235955	24	0.21818181818181817	-0.011953143676786987	-0.005415860735009659	0	0.0	1	0.0028089887640449437	1	0.00909090909090909	-0.0028089887640449437	-0.00909090909090909
SCML4	polycomb	10	0.2127659574468085	60	0.16853932584269662	20	0.18181818181818182	0.04422663160411189	0.03094777562862669	0	0.0	4	0.011235955056179775	0	0.0	-0.011235955056179775	0.0
HDAC10	histone_erase	9	0.19148936170212766	92	0.25842696629213485	32	0.2909090909090909	-0.0669376045900072	-0.09941972920696324	1	0.02127659574468085	10	0.028089887640449437	4	0.03636363636363636	-0.006813291895768587	-0.015087040618955511
KDM7A	histone_erase	9	0.19148936170212766	153	0.4297752808988764	51	0.4636363636363636	-0.23828591919674874	-0.27214700193423597	1	0.02127659574468085	0	0.0	5	0.045454545454545456	0.02127659574468085	-0.024177949709864605
PRDM1	histone_write	9	0.19148936170212766	37	0.10393258426966293	9	0.08181818181818182	0.08755677743246473	0.10967117988394584	1	0.02127659574468085	11	0.03089887640449438	3	0.02727272727272727	-0.00962228065981353	-0.005996131528046421
ZNF516	histone_erase	9	0.19148936170212766	42	0.11797752808988764	13	0.11818181818181818	0.07351183361224002	0.07330754352030948	7	0.14893617021276595	36	0.10112359550561797	10	0.09090909090909091	0.047812574707147976	0.05802707930367504
EHMT1	histone_write	8	0.1702127659574468	35	0.09831460674157304	12	0.10909090909090909	0.07189815921587377	0.06112185686653772	8	0.1702127659574468	35	0.09831460674157304	12	0.10909090909090909	0.07189815921587377	0.06112185686653772
EP400	chromatin_remodeling	8	0.1702127659574468	22	0.06179775280898876	5	0.045454545454545456	0.10841501314845804	0.12475822050290135	4	0.0851063829787234	18	0.05056179775280899	4	0.03636363636363636	0.034544585225914415	0.04874274661508704
METTL11B	histone_write	8	0.1702127659574468	93	0.2612359550561798	38	0.34545454545454546	-0.091023189098733	-0.17524177949709865	1	0.02127659574468085	4	0.011235955056179775	1	0.00909090909090909	0.010040640688501076	0.01218568665377176
PADI3	histone_other	8	0.1702127659574468	88	0.24719101123595505	25	0.22727272727272727	-0.07697824527850824	-0.05705996131528046	1	0.02127659574468085	14	0.03932584269662921	1	0.00909090909090909	-0.018049246951948362	0.01218568665377176
DMAP1	chromatin_remodeling	7	0.14893617021276595	11	0.03089887640449438	4	0.03636363636363636	0.11803729380827158	0.11257253384912959	7	0.14893617021276595	11	0.03089887640449438	4	0.03636363636363636	0.11803729380827158	0.11257253384912959
PRDM2	histone_write	7	0.14893617021276595	29	0.08146067415730338	13	0.11818181818181818	0.06747549605546257	0.03075435203094777	4	0.0851063829787234	13	0.03651685393258427	7	0.06363636363636363	0.048589529046139134	0.021470019342359772
PRR14	histone_write	7	0.14893617021276595	43	0.12078651685393259	13	0.11818181818181818	0.028149653358833363	0.03075435203094777	2	0.0425531914893617	5	0.014044943820224719	1	0.00909090909090909	0.028508247669136982	0.033462282398452614
SETMAR	histone_write	7	0.14893617021276595	70	0.19662921348314608	21	0.19090909090909092	-0.047693043270380125	-0.04197292069632497	1	0.02127659574468085	17	0.047752808988764044	4	0.03636363636363636	-0.026476213244083193	-0.015087040618955511
ARID2	chromatin_remodeling	6	0.1276595744680851	47	0.13202247191011235	11	0.1	-0.004362897442027253	0.02765957446808509	6	0.1276595744680851	47	0.13202247191011235	11	0.1	-0.004362897442027253	0.02765957446808509
ATM	histone_write	6	0.1276595744680851	23	0.06460674157303371	14	0.12727272727272726	0.06305283289505138	0.00038684719535783674	2	0.0425531914893617	11	0.03089887640449438	10	0.09090909090909091	0.01165431508486732	-0.04835589941972921
CHAF1A	chromatin_remodeling	6	0.1276595744680851	23	0.06460674157303371	6	0.05454545454545454	0.06305283289505138	0.07311411992263056	0	0.0	4	0.011235955056179775	0	0.0	-0.011235955056179775	0.0
EEF1AKMT4	other	6	0.1276595744680851	47	0.13202247191011235	15	0.13636363636363635	-0.004362897442027253	-0.008704061895551257	0	0.0	3	0.008426966292134831	1	0.00909090909090909	-0.008426966292134831	-0.00909090909090909
ELP5	histone_write	6	0.1276595744680851	23	0.06460674157303371	8	0.07272727272727272	0.06305283289505138	0.05493230174081237	0	0.0	1	0.0028089887640449437	0	0.0	-0.0028089887640449437	0.0
EP300	histone_write	6	0.1276595744680851	51	0.14325842696629212	17	0.15454545454545454	-0.015598852498207028	-0.026885880077369445	1	0.02127659574468085	23	0.06460674157303371	5	0.045454545454545456	-0.04333014582835286	-0.024177949709864605
MLLT10	histone_write	6	0.1276595744680851	38	0.10674157303370786	10	0.09090909090909091	0.020918001434377234	0.036750483558994185	6	0.1276595744680851	38	0.10674157303370786	10	0.09090909090909091	0.020918001434377234	0.036750483558994185
UBR7	dna_modification	6	0.1276595744680851	51	0.14325842696629212	14	0.12727272727272726	-0.015598852498207028	0.00038684719535783674	0	0.0	2	0.0056179775280898875	2	0.01818181818181818	-0.0056179775280898875	-0.01818181818181818
ALKBH1	dna_modification	5	0.10638297872340426	41	0.1151685393258427	16	0.14545454545454545	-0.008785560602438444	-0.03907156673114119	1	0.02127659574468085	4	0.011235955056179775	0	0.0	0.010040640688501076	0.02127659574468085
HLTF	chromatin_remodeling	5	0.10638297872340426	23	0.06460674157303371	8	0.07272727272727272	0.04177623715037054	0.03365570599613153	2	0.0425531914893617	12	0.033707865168539325	4	0.03636363636363636	0.008845326320822376	0.006189555125725339
KMT2A	histone_write	5	0.10638297872340426	26	0.07303370786516854	15	0.13636363636363635	0.03334927085823572	-0.029980657640232097	5	0.10638297872340426	26	0.07303370786516854	15	0.13636363636363635	0.03334927085823572	-0.029980657640232097
MST1	histone_other	5	0.10638297872340426	62	0.17415730337078653	21	0.19090909090909092	-0.06777432464738227	-0.08452611218568666	1	0.02127659574468085	23	0.06460674157303371	6	0.05454545454545454	-0.04333014582835286	-0.033268858800773696
NCOA6	histone_write	5	0.10638297872340426	46	0.12921348314606743	6	0.05454545454545454	-0.02283050442266317	0.05183752417794971	5	0.10638297872340426	46	0.12921348314606743	6	0.05454545454545454	-0.02283050442266317	0.05183752417794971
RBM24	rna_modification	5	0.10638297872340426	25	0.0702247191011236	9	0.08181818181818182	0.036158259622280656	0.02456479690522244	5	0.10638297872340426	25	0.0702247191011236	9	0.08181818181818182	0.036158259622280656	0.02456479690522244
SRCAP	chromatin_remodeling	5	0.10638297872340426	27	0.07584269662921349	8	0.07272727272727272	0.030540282094190768	0.03365570599613153	5	0.10638297872340426	27	0.07584269662921349	8	0.07272727272727272	0.030540282094190768	0.03365570599613153
STK4	histone_write	5	0.10638297872340426	51	0.14325842696629212	11	0.1	-0.03687544824288787	0.006382978723404251	3	0.06382978723404255	39	0.10955056179775281	6	0.05454545454545454	-0.045720774563710265	0.009284332688588005
CHRAC1	histone_chaperone	4	0.0851063829787234	37	0.10393258426966293	13	0.11818181818181818	-0.018826201290939523	-0.03307543520309478	2	0.0425531914893617	1	0.0028089887640449437	0	0.0	0.03974420272531676	0.0425531914893617
CIT	histone_write	4	0.0851063829787234	16	0.0449438202247191	3	0.02727272727272727	0.0401625627540043	0.057833655705996134	3	0.06382978723404255	14	0.03932584269662921	3	0.02727272727272727	0.024503944537413336	0.03655705996131528
DAPK3	histone_write	4	0.0851063829787234	10	0.028089887640449437	3	0.02727272727272727	0.057016495338273965	0.057833655705996134	4	0.0851063829787234	10	0.028089887640449437	3	0.02727272727272727	0.057016495338273965	0.057833655705996134
FOXP1	tf	4	0.0851063829787234	18	0.05056179775280899	6	0.05454545454545454	0.034544585225914415	0.03056092843326886	4	0.0851063829787234	18	0.05056179775280899	6	0.05454545454545454	0.034544585225914415	0.03056092843326886
NSRP1	rna_modification	4	0.0851063829787234	14	0.03932584269662921	5	0.045454545454545456	0.04578054028209419	0.039651837524177946	4	0.0851063829787234	14	0.03932584269662921	5	0.045454545454545456	0.04578054028209419	0.039651837524177946
PHF2	histone_erase	4	0.0851063829787234	21	0.05898876404494382	4	0.03636363636363636	0.026117618933779584	0.04874274661508704	4	0.0851063829787234	19	0.05337078651685393	2	0.01818181818181818	0.03173559646186947	0.06692456479690523
PHF20	histone_write	4	0.0851063829787234	88	0.24719101123595505	15	0.13636363636363635	-0.16208462825723163	-0.05125725338491295	0	0.0	19	0.05337078651685393	1	0.00909090909090909	-0.05337078651685393	-0.00909090909090909
PRDM9	histone_write	4	0.0851063829787234	13	0.03651685393258427	6	0.05454545454545454	0.048589529046139134	0.03056092843326886	4	0.0851063829787234	13	0.03651685393258427	6	0.05454545454545454	0.048589529046139134	0.03056092843326886
PRMT7	histone_write	4	0.0851063829787234	55	0.1544943820224719	17	0.15454545454545454	-0.0693879990437485	-0.06943907156673114	0	0.0	5	0.014044943820224719	2	0.01818181818181818	-0.014044943820224719	-0.01818181818181818
RBBP7	histone_chaperone	4	0.0851063829787234	30	0.08426966292134831	6	0.05454545454545454	0.0008367200573750899	0.03056092843326886	0	0.0	0	0.0	0	0.0	0.0	0.0
SETD5	histone_write	4	0.0851063829787234	22	0.06179775280898876	7	0.06363636363636363	0.02330863016973464	0.021470019342359772	4	0.0851063829787234	22	0.06179775280898876	7	0.06363636363636363	0.02330863016973464	0.021470019342359772
SMYD1	histone_write	4	0.0851063829787234	25	0.0702247191011236	9	0.08181818181818182	0.014881663877599802	0.0032882011605415845	1	0.02127659574468085	11	0.03089887640449438	3	0.02727272727272727	-0.00962228065981353	-0.005996131528046421
ARID1A	chromatin_remodeling	3	0.06382978723404255	15	0.042134831460674156	6	0.05454545454545454	0.021694955773368392	0.009284332688588005	3	0.06382978723404255	15	0.042134831460674156	6	0.05454545454545454	0.021694955773368392	0.009284332688588005
ASXL1	polycomb	3	0.06382978723404255	18	0.05056179775280899	3	0.02727272727272727	0.01326798948123356	0.03655705996131528	3	0.06382978723404255	18	0.05056179775280899	3	0.02727272727272727	0.01326798948123356	0.03655705996131528
ATAD2B	histone_read	3	0.06382978723404255	3	0.008426966292134831	1	0.00909090909090909	0.05540282094190772	0.054738878143133454	3	0.06382978723404255	3	0.008426966292134831	1	0.00909090909090909	0.05540282094190772	0.054738878143133454
BAZ2A	chromatin_remodeling	3	0.06382978723404255	21	0.05898876404494382	3	0.02727272727272727	0.00484102318909873	0.03655705996131528	3	0.06382978723404255	21	0.05898876404494382	3	0.02727272727272727	0.00484102318909873	0.03655705996131528
CDK3	histone_write	3	0.06382978723404255	17	0.047752808988764044	6	0.05454545454545454	0.016076978245278505	0.009284332688588005	3	0.06382978723404255	17	0.047752808988764044	6	0.05454545454545454	0.016076978245278505	0.009284332688588005
CHAF1B	chromatin_remodeling	3	0.06382978723404255	13	0.03651685393258427	4	0.03636363636363636	0.02731293330145828	0.027466150870406186	1	0.02127659574468085	2	0.0056179775280898875	0	0.0	0.015658618216590963	0.02127659574468085
CHD3	chromatin_remodeling	3	0.06382978723404255	27	0.07584269662921349	10	0.09090909090909091	-0.01201290939517094	-0.027079303675048363	0	0.0	8	0.02247191011235955	3	0.02727272727272727	-0.02247191011235955	-0.02727272727272727
CHD6	chromatin_remodeling	3	0.06382978723404255	30	0.08426966292134831	7	0.06363636363636363	-0.020439875687305764	0.00019342359767891837	1	0.02127659574468085	22	0.06179775280898876	7	0.06363636363636363	-0.04052115706430791	-0.042359767891682776
CHD7	chromatin_remodeling	3	0.06382978723404255	31	0.08707865168539326	8	0.07272727272727272	-0.023248864451350715	-0.008897485493230176	3	0.06382978723404255	31	0.08707865168539326	8	0.07272727272727272	-0.023248864451350715	-0.008897485493230176
DEK	chromatin_remodeling	3	0.06382978723404255	16	0.0449438202247191	2	0.01818181818181818	0.01888596700932345	0.04564796905222437	1	0.02127659574468085	0	0.0	0	0.0	0.02127659574468085	0.02127659574468085
EXOSC8	rna_modification	3	0.06382978723404255	9	0.025280898876404494	5	0.045454545454545456	0.038548888357638054	0.018375241779497092	3	0.06382978723404255	9	0.025280898876404494	5	0.045454545454545456	0.038548888357638054	0.018375241779497092
FOXP3	tf	3	0.06382978723404255	13	0.03651685393258427	5	0.045454545454545456	0.02731293330145828	0.018375241779497092	3	0.06382978723404255	13	0.03651685393258427	5	0.045454545454545456	0.02731293330145828	0.018375241779497092
GSE1	histone_erase	3	0.06382978723404255	25	0.0702247191011236	5	0.045454545454545456	-0.006394931867081052	0.018375241779497092	3	0.06382978723404255	25	0.0702247191011236	5	0.045454545454545456	-0.006394931867081052	0.018375241779497092
HDAC4	histone_erase	3	0.06382978723404255	36	0.10112359550561797	11	0.1	-0.03729380827157543	-0.03617021276595746	3	0.06382978723404255	36	0.10112359550561797	11	0.1	-0.03729380827157543	-0.03617021276595746
KANSL1	histone_write	3	0.06382978723404255	20	0.056179775280898875	5	0.045454545454545456	0.007650011953143673	0.018375241779497092	3	0.06382978723404255	18	0.05056179775280899	4	0.03636363636363636	0.01326798948123356	0.027466150870406186
KAT6B	histone_write	3	0.06382978723404255	19	0.05337078651685393	7	0.06363636363636363	0.010459000717188617	0.00019342359767891837	3	0.06382978723404255	19	0.05337078651685393	7	0.06363636363636363	0.010459000717188617	0.00019342359767891837
KDM3B	histone_erase	3	0.06382978723404255	18	0.05056179775280899	6	0.05454545454545454	0.01326798948123356	0.009284332688588005	2	0.0425531914893617	11	0.03089887640449438	3	0.02727272727272727	0.01165431508486732	0.01528046421663443
KDM4E	histone_erase	3	0.06382978723404255	32	0.0898876404494382	15	0.13636363636363635	-0.02605785321539565	-0.0725338491295938	0	0.0	7	0.019662921348314606	3	0.02727272727272727	-0.019662921348314606	-0.02727272727272727
KMT2E	histone_write	3	0.06382978723404255	27	0.07584269662921349	11	0.1	-0.01201290939517094	-0.03617021276595746	0	0.0	13	0.03651685393258427	7	0.06363636363636363	-0.03651685393258427	-0.06363636363636363
MBD6	chromatin_remodeling	3	0.06382978723404255	26	0.07303370786516854	5	0.045454545454545456	-0.009203920631125989	0.018375241779497092	3	0.06382978723404255	26	0.07303370786516854	5	0.045454545454545456	-0.009203920631125989	0.018375241779497092
MDC1	histone_read	3	0.06382978723404255	21	0.05898876404494382	4	0.03636363636363636	0.00484102318909873	0.027466150870406186	3	0.06382978723404255	8	0.02247191011235955	1	0.00909090909090909	0.041357877121683	0.054738878143133454
MPND	histone_erase	3	0.06382978723404255	11	0.03089887640449438	3	0.02727272727272727	0.03293091082954817	0.03655705996131528	3	0.06382978723404255	11	0.03089887640449438	3	0.02727272727272727	0.03293091082954817	0.03655705996131528
NASP	chromatin_remodeling	3	0.06382978723404255	5	0.014044943820224719	1	0.00909090909090909	0.04978484341381783	0.054738878143133454	3	0.06382978723404255	5	0.014044943820224719	1	0.00909090909090909	0.04978484341381783	0.054738878143133454
NCOR1	histone_erase	3	0.06382978723404255	8	0.02247191011235955	7	0.06363636363636363	0.041357877121683	0.00019342359767891837	3	0.06382978723404255	8	0.02247191011235955	7	0.06363636363636363	0.041357877121683	0.00019342359767891837
NFRKB	chromatin_remodeling	3	0.06382978723404255	21	0.05898876404494382	5	0.045454545454545456	0.00484102318909873	0.018375241779497092	3	0.06382978723404255	21	0.05898876404494382	5	0.045454545454545456	0.00484102318909873	0.018375241779497092
PHF13	histone_read	3	0.06382978723404255	1	0.0028089887640449437	1	0.00909090909090909	0.061020798469997604	0.054738878143133454	3	0.06382978723404255	1	0.0028089887640449437	1	0.00909090909090909	0.061020798469997604	0.054738878143133454
PRDM11	histone_write	3	0.06382978723404255	9	0.025280898876404494	7	0.06363636363636363	0.038548888357638054	0.00019342359767891837	3	0.06382978723404255	9	0.025280898876404494	7	0.06363636363636363	0.038548888357638054	0.00019342359767891837
PRDM5	histone_write	3	0.06382978723404255	4	0.011235955056179775	4	0.03636363636363636	0.05259383217786277	0.027466150870406186	3	0.06382978723404255	4	0.011235955056179775	4	0.03636363636363636	0.05259383217786277	0.027466150870406186
PRKAG2	histone_write	3	0.06382978723404255	16	0.0449438202247191	6	0.05454545454545454	0.01888596700932345	0.009284332688588005	3	0.06382978723404255	16	0.0449438202247191	6	0.05454545454545454	0.01888596700932345	0.009284332688588005
RBM15	rna_modification	3	0.06382978723404255	10	0.028089887640449437	4	0.03636363636363636	0.03573989959359311	0.027466150870406186	1	0.02127659574468085	9	0.025280898876404494	4	0.03636363636363636	-0.004004303131723643	-0.015087040618955511
RBM15B	rna_modification	3	0.06382978723404255	8	0.02247191011235955	3	0.02727272727272727	0.041357877121683	0.03655705996131528	3	0.06382978723404255	8	0.02247191011235955	3	0.02727272727272727	0.041357877121683	0.03655705996131528
TAF2	tf	3	0.06382978723404255	31	0.08707865168539326	9	0.08181818181818182	-0.023248864451350715	-0.01798839458413927	0	0.0	3	0.008426966292134831	1	0.00909090909090909	-0.008426966292134831	-0.00909090909090909
TLE2	histone_other	3	0.06382978723404255	6	0.016853932584269662	1	0.00909090909090909	0.046975854649772886	0.054738878143133454	3	0.06382978723404255	6	0.016853932584269662	1	0.00909090909090909	0.046975854649772886	0.054738878143133454
TRUB2	rna_modification	3	0.06382978723404255	37	0.10393258426966293	7	0.06363636363636363	-0.04010279703562038	0.00019342359767891837	3	0.06382978723404255	37	0.10393258426966293	7	0.06363636363636363	-0.04010279703562038	0.00019342359767891837
UBR5	chromatin_remodeling	3	0.06382978723404255	4	0.011235955056179775	0	0.0	0.05259383217786277	0.06382978723404255	3	0.06382978723404255	4	0.011235955056179775	0	0.0	0.05259383217786277	0.06382978723404255
USP49	histone_erase	3	0.06382978723404255	23	0.06460674157303371	8	0.07272727272727272	-0.0007769543389911648	-0.008897485493230176	3	0.06382978723404255	22	0.06179775280898876	8	0.07272727272727272	0.002032034425053786	-0.008897485493230176
ZMYND8	histone_erase	3	0.06382978723404255	29	0.08146067415730338	9	0.08181818181818182	-0.017630886923260827	-0.01798839458413927	3	0.06382978723404255	29	0.08146067415730338	9	0.08181818181818182	-0.017630886923260827	-0.01798839458413927
ZZZ3	histone_read	3	0.06382978723404255	29	0.08146067415730338	5	0.045454545454545456	-0.017630886923260827	0.018375241779497092	0	0.0	12	0.033707865168539325	2	0.01818181818181818	-0.033707865168539325	-0.01818181818181818
ADNP	chromatin_remodeling	2	0.0425531914893617	10	0.028089887640449437	3	0.02727272727272727	0.014463303848912264	0.01528046421663443	2	0.0425531914893617	10	0.028089887640449437	3	0.02727272727272727	0.014463303848912264	0.01528046421663443
APBB1	histone_other	2	0.0425531914893617	2	0.0056179775280898875	3	0.02727272727272727	0.036935213961271814	0.01528046421663443	2	0.0425531914893617	2	0.0056179775280898875	3	0.02727272727272727	0.036935213961271814	0.01528046421663443
ARID4A	histone_write	2	0.0425531914893617	12	0.033707865168539325	5	0.045454545454545456	0.008845326320822376	-0.0029013539651837547	2	0.0425531914893617	12	0.033707865168539325	5	0.045454545454545456	0.008845326320822376	-0.0029013539651837547
ASF1B	histone_chaperone	2	0.0425531914893617	2	0.0056179775280898875	0	0.0	0.036935213961271814	0.0425531914893617	2	0.0425531914893617	2	0.0056179775280898875	0	0.0	0.036935213961271814	0.0425531914893617
ATAD2	chromatin_remodeling	2	0.0425531914893617	5	0.014044943820224719	1	0.00909090909090909	0.028508247669136982	0.033462282398452614	2	0.0425531914893617	5	0.014044943820224719	1	0.00909090909090909	0.028508247669136982	0.033462282398452614
ATN1	histone_erase	2	0.0425531914893617	3	0.008426966292134831	0	0.0	0.03412622519722687	0.0425531914893617	2	0.0425531914893617	3	0.008426966292134831	0	0.0	0.03412622519722687	0.0425531914893617
BAZ1B	histone_write	2	0.0425531914893617	1	0.0028089887640449437	2	0.01818181818181818	0.03974420272531676	0.02437137330754352	2	0.0425531914893617	1	0.0028089887640449437	2	0.01818181818181818	0.03974420272531676	0.02437137330754352
BRD1	histone_read	2	0.0425531914893617	21	0.05898876404494382	12	0.10909090909090909	-0.016435572555582117	-0.06653771760154739	2	0.0425531914893617	20	0.056179775280898875	12	0.10909090909090909	-0.013626583791537174	-0.06653771760154739
BRD9	histone_read	2	0.0425531914893617	16	0.0449438202247191	2	0.01818181818181818	-0.0023906287353573988	0.02437137330754352	2	0.0425531914893617	15	0.042134831460674156	2	0.01818181818181818	0.00041836002868754496	0.02437137330754352
BRMS1L	histone_erase	2	0.0425531914893617	4	0.011235955056179775	0	0.0	0.031317236433181926	0.0425531914893617	2	0.0425531914893617	4	0.011235955056179775	0	0.0	0.031317236433181926	0.0425531914893617
BRPF3	histone_write	2	0.0425531914893617	8	0.02247191011235955	3	0.02727272727272727	0.02008128137700215	0.01528046421663443	2	0.0425531914893617	4	0.011235955056179775	3	0.02727272727272727	0.031317236433181926	0.01528046421663443
CREBBP	histone_write	2	0.0425531914893617	18	0.05056179775280899	6	0.05454545454545454	-0.008008606263447286	-0.011992263056092842	2	0.0425531914893617	18	0.05056179775280899	6	0.05454545454545454	-0.008008606263447286	-0.011992263056092842
CTR9	histone_other	2	0.0425531914893617	4	0.011235955056179775	2	0.01818181818181818	0.031317236433181926	0.02437137330754352	2	0.0425531914893617	4	0.011235955056179775	2	0.01818181818181818	0.031317236433181926	0.02437137330754352
DND1	rna_modification	2	0.0425531914893617	1	0.0028089887640449437	1	0.00909090909090909	0.03974420272531676	0.033462282398452614	2	0.0425531914893617	1	0.0028089887640449437	1	0.00909090909090909	0.03974420272531676	0.033462282398452614
ELP6	histone_write	2	0.0425531914893617	1	0.0028089887640449437	2	0.01818181818181818	0.03974420272531676	0.02437137330754352	2	0.0425531914893617	1	0.0028089887640449437	2	0.01818181818181818	0.03974420272531676	0.02437137330754352
ERBB4	histone_other	2	0.0425531914893617	8	0.02247191011235955	3	0.02727272727272727	0.02008128137700215	0.01528046421663443	2	0.0425531914893617	8	0.02247191011235955	3	0.02727272727272727	0.02008128137700215	0.01528046421663443
EXOSC2	rna_modification	2	0.0425531914893617	5	0.014044943820224719	1	0.00909090909090909	0.028508247669136982	0.033462282398452614	2	0.0425531914893617	5	0.014044943820224719	1	0.00909090909090909	0.028508247669136982	0.033462282398452614
FBL	histone_write	2	0.0425531914893617	44	0.12359550561797752	13	0.11818181818181818	-0.08104231412861582	-0.07562862669245649	0	0.0	0	0.0	0	0.0	0.0	0.0
FOXP4	tf	2	0.0425531914893617	18	0.05056179775280899	8	0.07272727272727272	-0.008008606263447286	-0.030174081237911023	2	0.0425531914893617	18	0.05056179775280899	8	0.07272727272727272	-0.008008606263447286	-0.030174081237911023
HCFC2	histone_write	2	0.0425531914893617	4	0.011235955056179775	0	0.0	0.031317236433181926	0.0425531914893617	2	0.0425531914893617	4	0.011235955056179775	0	0.0	0.031317236433181926	0.0425531914893617
HIRIP3	histone_read	2	0.0425531914893617	13	0.03651685393258427	1	0.00909090909090909	0.0060363375567774324	0.033462282398452614	2	0.0425531914893617	13	0.03651685393258427	1	0.00909090909090909	0.0060363375567774324	0.033462282398452614
HMGN5	chromatin_remodeling	2	0.0425531914893617	1	0.0028089887640449437	0	0.0	0.03974420272531676	0.0425531914893617	2	0.0425531914893617	1	0.0028089887640449437	0	0.0	0.03974420272531676	0.0425531914893617
ING1	histone_read	2	0.0425531914893617	26	0.07303370786516854	4	0.03636363636363636	-0.030480516375806836	0.006189555125725339	1	0.02127659574468085	3	0.008426966292134831	0	0.0	0.01284962945254602	0.02127659574468085
JAK2	histone_write	2	0.0425531914893617	18	0.05056179775280899	7	0.06363636363636363	-0.008008606263447286	-0.02108317214700193	2	0.0425531914893617	18	0.05056179775280899	7	0.06363636363636363	-0.008008606263447286	-0.02108317214700193
JARID2	histone_write	2	0.0425531914893617	10	0.028089887640449437	4	0.03636363636363636	0.014463303848912264	0.006189555125725339	2	0.0425531914893617	10	0.028089887640449437	4	0.03636363636363636	0.014463303848912264	0.006189555125725339
KDM1B	histone_erase	2	0.0425531914893617	25	0.0702247191011236	8	0.07272727272727272	-0.0276715276117619	-0.030174081237911023	1	0.02127659574468085	9	0.025280898876404494	3	0.02727272727272727	-0.004004303131723643	-0.005996131528046421
KDM2B	histone_erase	2	0.0425531914893617	8	0.02247191011235955	1	0.00909090909090909	0.02008128137700215	0.033462282398452614	2	0.0425531914893617	8	0.02247191011235955	1	0.00909090909090909	0.02008128137700215	0.033462282398452614
L3MBTL2	histone_read	2	0.0425531914893617	13	0.03651685393258427	7	0.06363636363636363	0.0060363375567774324	-0.02108317214700193	2	0.0425531914893617	13	0.03651685393258427	7	0.06363636363636363	0.0060363375567774324	-0.02108317214700193
MAP3K7	histone_write	2	0.0425531914893617	1	0.0028089887640449437	0	0.0	0.03974420272531676	0.0425531914893617	2	0.0425531914893617	1	0.0028089887640449437	0	0.0	0.03974420272531676	0.0425531914893617
MBD5	chromatin_remodeling	2	0.0425531914893617	13	0.03651685393258427	3	0.02727272727272727	0.0060363375567774324	0.01528046421663443	2	0.0425531914893617	13	0.03651685393258427	3	0.02727272727272727	0.0060363375567774324	0.01528046421663443
MECP2	histone_write	2	0.0425531914893617	12	0.033707865168539325	4	0.03636363636363636	0.008845326320822376	0.006189555125725339	2	0.0425531914893617	12	0.033707865168539325	4	0.03636363636363636	0.008845326320822376	0.006189555125725339
MPHOSPH8	histone_read	2	0.0425531914893617	14	0.03932584269662921	4	0.03636363636363636	0.0032273487927324887	0.006189555125725339	2	0.0425531914893617	14	0.03932584269662921	4	0.03636363636363636	0.0032273487927324887	0.006189555125725339
NSUN6	rna_modification	2	0.0425531914893617	3	0.008426966292134831	1	0.00909090909090909	0.03412622519722687	0.033462282398452614	2	0.0425531914893617	3	0.008426966292134831	1	0.00909090909090909	0.03412622519722687	0.033462282398452614
PARG	chromatin_remodeling	2	0.0425531914893617	16	0.0449438202247191	3	0.02727272727272727	-0.0023906287353573988	0.01528046421663443	2	0.0425531914893617	16	0.0449438202247191	3	0.02727272727272727	-0.0023906287353573988	0.01528046421663443
PPP4R2	histone_other	2	0.0425531914893617	8	0.02247191011235955	3	0.02727272727272727	0.02008128137700215	0.01528046421663443	2	0.0425531914893617	8	0.02247191011235955	3	0.02727272727272727	0.02008128137700215	0.01528046421663443
PRMT2	histone_write	2	0.0425531914893617	12	0.033707865168539325	9	0.08181818181818182	0.008845326320822376	-0.03926499032882012	2	0.0425531914893617	12	0.033707865168539325	9	0.08181818181818182	0.008845326320822376	-0.03926499032882012
SAP25	histone_erase	2	0.0425531914893617	7	0.019662921348314606	6	0.05454545454545454	0.022890270141047095	-0.011992263056092842	2	0.0425531914893617	7	0.019662921348314606	6	0.05454545454545454	0.022890270141047095	-0.011992263056092842
SCMH1	polycomb	2	0.0425531914893617	4	0.011235955056179775	0	0.0	0.031317236433181926	0.0425531914893617	2	0.0425531914893617	4	0.011235955056179775	0	0.0	0.031317236433181926	0.0425531914893617
SETD1B	histone_write	2	0.0425531914893617	18	0.05056179775280899	6	0.05454545454545454	-0.008008606263447286	-0.011992263056092842	1	0.02127659574468085	9	0.025280898876404494	4	0.03636363636363636	-0.004004303131723643	-0.015087040618955511
SETDB1	histone_write	2	0.0425531914893617	14	0.03932584269662921	2	0.01818181818181818	0.0032273487927324887	0.02437137330754352	2	0.0425531914893617	14	0.03932584269662921	2	0.01818181818181818	0.0032273487927324887	0.02437137330754352
SP1	chromatin_remodeling	2	0.0425531914893617	2	0.0056179775280898875	1	0.00909090909090909	0.036935213961271814	0.033462282398452614	2	0.0425531914893617	2	0.0056179775280898875	1	0.00909090909090909	0.036935213961271814	0.033462282398452614
SUPT6H	histone_erase	2	0.0425531914893617	13	0.03651685393258427	4	0.03636363636363636	0.0060363375567774324	0.006189555125725339	2	0.0425531914893617	13	0.03651685393258427	4	0.03636363636363636	0.0060363375567774324	0.006189555125725339
TEX10	histone_write	2	0.0425531914893617	2	0.0056179775280898875	1	0.00909090909090909	0.036935213961271814	0.033462282398452614	2	0.0425531914893617	2	0.0056179775280898875	1	0.00909090909090909	0.036935213961271814	0.033462282398452614
UBN1	histone_write	2	0.0425531914893617	20	0.056179775280898875	8	0.07272727272727272	-0.013626583791537174	-0.030174081237911023	1	0.02127659574468085	14	0.03932584269662921	2	0.01818181818181818	-0.018049246951948362	0.0030947775628626696
VIRMA	rna_modification	2	0.0425531914893617	24	0.06741573033707865	4	0.03636363636363636	-0.02486253884771695	0.006189555125725339	2	0.0425531914893617	24	0.06741573033707865	4	0.03636363636363636	-0.02486253884771695	0.006189555125725339
WAC	histone_write	2	0.0425531914893617	11	0.03089887640449438	4	0.03636363636363636	0.01165431508486732	0.006189555125725339	2	0.0425531914893617	11	0.03089887640449438	4	0.03636363636363636	0.01165431508486732	0.006189555125725339
ZBTB33	histone_erase	2	0.0425531914893617	2	0.0056179775280898875	1	0.00909090909090909	0.036935213961271814	0.033462282398452614	2	0.0425531914893617	2	0.0056179775280898875	1	0.00909090909090909	0.036935213961271814	0.033462282398452614
ZCWPW1	histone_read	2	0.0425531914893617	20	0.056179775280898875	4	0.03636363636363636	-0.013626583791537174	0.006189555125725339	2	0.0425531914893617	20	0.056179775280898875	4	0.03636363636363636	-0.013626583791537174	0.006189555125725339
ZFP57	tf	2	0.0425531914893617	5	0.014044943820224719	3	0.02727272727272727	0.028508247669136982	0.01528046421663443	0	0.0	0	0.0	1	0.00909090909090909	0.0	-0.00909090909090909
A1CF	rna_modification	1	0.02127659574468085	9	0.025280898876404494	1	0.00909090909090909	-0.004004303131723643	0.01218568665377176	1	0.02127659574468085	9	0.025280898876404494	1	0.00909090909090909	-0.004004303131723643	0.01218568665377176
ACTR6	chromatin_remodeling	1	0.02127659574468085	0	0.0	0	0.0	0.02127659574468085	0.02127659574468085	1	0.02127659574468085	0	0.0	0	0.0	0.02127659574468085	0.02127659574468085
AEBP2	histone_write	1	0.02127659574468085	0	0.0	0	0.0	0.02127659574468085	0.02127659574468085	1	0.02127659574468085	0	0.0	0	0.0	0.02127659574468085	0.02127659574468085
APOBEC3C	dna_modification	1	0.02127659574468085	8	0.02247191011235955	2	0.01818181818181818	-0.0011953143676786994	0.0030947775628626696	1	0.02127659574468085	8	0.02247191011235955	2	0.01818181818181818	-0.0011953143676786994	0.0030947775628626696
APOBEC3D	dna_modification	1	0.02127659574468085	23	0.06460674157303371	6	0.05454545454545454	-0.04333014582835286	-0.033268858800773696	1	0.02127659574468085	23	0.06460674157303371	6	0.05454545454545454	-0.04333014582835286	-0.033268858800773696
ARID4B	histone_write	1	0.02127659574468085	5	0.014044943820224719	2	0.01818181818181818	0.007231651924456132	0.0030947775628626696	1	0.02127659574468085	4	0.011235955056179775	2	0.01818181818181818	0.010040640688501076	0.0030947775628626696
ARNTL	histone_write	1	0.02127659574468085	16	0.0449438202247191	3	0.02727272727272727	-0.02366722448003825	-0.005996131528046421	1	0.02127659574468085	16	0.0449438202247191	3	0.02727272727272727	-0.02366722448003825	-0.005996131528046421
ARRB1	histone_other	1	0.02127659574468085	3	0.008426966292134831	3	0.02727272727272727	0.01284962945254602	-0.005996131528046421	1	0.02127659574468085	3	0.008426966292134831	3	0.02727272727272727	0.01284962945254602	-0.005996131528046421
BAP1	polycomb	1	0.02127659574468085	1	0.0028089887640449437	0	0.0	0.018467606980635907	0.02127659574468085	1	0.02127659574468085	1	0.0028089887640449437	0	0.0	0.018467606980635907	0.02127659574468085
BPTF	chromatin_remodeling	1	0.02127659574468085	7	0.019662921348314606	1	0.00909090909090909	0.0016136743963662444	0.01218568665377176	1	0.02127659574468085	7	0.019662921348314606	1	0.00909090909090909	0.0016136743963662444	0.01218568665377176
BRD3	histone_read	1	0.02127659574468085	10	0.028089887640449437	2	0.01818181818181818	-0.006813291895768587	0.0030947775628626696	1	0.02127659574468085	10	0.028089887640449437	2	0.01818181818181818	-0.006813291895768587	0.0030947775628626696
CBX2	histone_read	1	0.02127659574468085	7	0.019662921348314606	2	0.01818181818181818	0.0016136743963662444	0.0030947775628626696	1	0.02127659574468085	7	0.019662921348314606	2	0.01818181818181818	0.0016136743963662444	0.0030947775628626696
CBX4	histone_read	1	0.02127659574468085	2	0.0056179775280898875	1	0.00909090909090909	0.015658618216590963	0.01218568665377176	1	0.02127659574468085	2	0.0056179775280898875	1	0.00909090909090909	0.015658618216590963	0.01218568665377176
CDC73	histone_write	1	0.02127659574468085	1	0.0028089887640449437	0	0.0	0.018467606980635907	0.02127659574468085	1	0.02127659574468085	1	0.0028089887640449437	0	0.0	0.018467606980635907	0.02127659574468085
CDK9	histone_other	1	0.02127659574468085	1	0.0028089887640449437	0	0.0	0.018467606980635907	0.02127659574468085	1	0.02127659574468085	0	0.0	0	0.0	0.02127659574468085	0.02127659574468085
CHD2	chromatin_remodeling	1	0.02127659574468085	4	0.011235955056179775	1	0.00909090909090909	0.010040640688501076	0.01218568665377176	1	0.02127659574468085	4	0.011235955056179775	1	0.00909090909090909	0.010040640688501076	0.01218568665377176
CHD4	chromatin_remodeling	1	0.02127659574468085	3	0.008426966292134831	1	0.00909090909090909	0.01284962945254602	0.01218568665377176	1	0.02127659574468085	3	0.008426966292134831	1	0.00909090909090909	0.01284962945254602	0.01218568665377176
CHD8	chromatin_remodeling	1	0.02127659574468085	11	0.03089887640449438	2	0.01818181818181818	-0.00962228065981353	0.0030947775628626696	1	0.02127659574468085	11	0.03089887640449438	2	0.01818181818181818	-0.00962228065981353	0.0030947775628626696
CIR1	histone_read	1	0.02127659574468085	3	0.008426966292134831	1	0.00909090909090909	0.01284962945254602	0.01218568665377176	1	0.02127659574468085	3	0.008426966292134831	1	0.00909090909090909	0.01284962945254602	0.01218568665377176
CLNS1A	histone_write	1	0.02127659574468085	1	0.0028089887640449437	0	0.0	0.018467606980635907	0.02127659574468085	1	0.02127659574468085	1	0.0028089887640449437	0	0.0	0.018467606980635907	0.02127659574468085
CLOCK	histone_write	1	0.02127659574468085	13	0.03651685393258427	2	0.01818181818181818	-0.015240258187903418	0.0030947775628626696	1	0.02127659574468085	10	0.028089887640449437	2	0.01818181818181818	-0.006813291895768587	0.0030947775628626696
CUL5	dna_modification	1	0.02127659574468085	0	0.0	0	0.0	0.02127659574468085	0.02127659574468085	1	0.02127659574468085	0	0.0	0	0.0	0.02127659574468085	0.02127659574468085
CXXC1	chromatin_remodeling	1	0.02127659574468085	9	0.025280898876404494	3	0.02727272727272727	-0.004004303131723643	-0.005996131528046421	1	0.02127659574468085	9	0.025280898876404494	3	0.02727272727272727	-0.004004303131723643	-0.005996131528046421
DNMT3B	dna_modification	1	0.02127659574468085	7	0.019662921348314606	6	0.05454545454545454	0.0016136743963662444	-0.033268858800773696	1	0.02127659574468085	7	0.019662921348314606	6	0.05454545454545454	0.0016136743963662444	-0.033268858800773696
EPC1	polycomb	1	0.02127659574468085	3	0.008426966292134831	2	0.01818181818181818	0.01284962945254602	0.0030947775628626696	1	0.02127659574468085	3	0.008426966292134831	2	0.01818181818181818	0.01284962945254602	0.0030947775628626696
EPC2	chromatin_remodeling	1	0.02127659574468085	2	0.0056179775280898875	1	0.00909090909090909	0.015658618216590963	0.01218568665377176	1	0.02127659574468085	2	0.0056179775280898875	1	0.00909090909090909	0.015658618216590963	0.01218568665377176
FBRS	histone_other	1	0.02127659574468085	9	0.025280898876404494	3	0.02727272727272727	-0.004004303131723643	-0.005996131528046421	1	0.02127659574468085	9	0.025280898876404494	3	0.02727272727272727	-0.004004303131723643	-0.005996131528046421
FTO	rna_modification	1	0.02127659574468085	18	0.05056179775280899	8	0.07272727272727272	-0.029285202008128137	-0.05145067698259187	1	0.02127659574468085	18	0.05056179775280899	8	0.07272727272727272	-0.029285202008128137	-0.05145067698259187
GADD45A	chromatin_remodeling	1	0.02127659574468085	2	0.0056179775280898875	0	0.0	0.015658618216590963	0.02127659574468085	1	0.02127659574468085	2	0.0056179775280898875	0	0.0	0.015658618216590963	0.02127659574468085
GATAD2A	histone_read	1	0.02127659574468085	5	0.014044943820224719	3	0.02727272727272727	0.007231651924456132	-0.005996131528046421	1	0.02127659574468085	5	0.014044943820224719	3	0.02727272727272727	0.007231651924456132	-0.005996131528046421
GFI1	chromatin_remodeling	1	0.02127659574468085	1	0.0028089887640449437	1	0.00909090909090909	0.018467606980635907	0.01218568665377176	1	0.02127659574468085	1	0.0028089887640449437	1	0.00909090909090909	0.018467606980635907	0.01218568665377176
GTF2I	tf	1	0.02127659574468085	0	0.0	0	0.0	0.02127659574468085	0.02127659574468085	1	0.02127659574468085	0	0.0	0	0.0	0.02127659574468085	0.02127659574468085
HLCS	histone_write	1	0.02127659574468085	31	0.08707865168539326	4	0.03636363636363636	-0.06580205594071241	-0.015087040618955511	0	0.0	12	0.033707865168539325	0	0.0	-0.033707865168539325	0.0
HMGN1	chromatin_remodeling	1	0.02127659574468085	10	0.028089887640449437	5	0.045454545454545456	-0.006813291895768587	-0.024177949709864605	0	0.0	0	0.0	1	0.00909090909090909	0.0	-0.00909090909090909
IKZF3	tf	1	0.02127659574468085	3	0.008426966292134831	0	0.0	0.01284962945254602	0.02127659574468085	1	0.02127659574468085	3	0.008426966292134831	0	0.0	0.01284962945254602	0.02127659574468085
INO80	chromatin_remodeling	1	0.02127659574468085	6	0.016853932584269662	1	0.00909090909090909	0.004422663160411188	0.01218568665377176	1	0.02127659574468085	6	0.016853932584269662	1	0.00909090909090909	0.004422663160411188	0.01218568665377176
INO80C	chromatin_remodeling	1	0.02127659574468085	0	0.0	0	0.0	0.02127659574468085	0.02127659574468085	1	0.02127659574468085	0	0.0	0	0.0	0.02127659574468085	0.02127659574468085
INO80E	chromatin_remodeling	1	0.02127659574468085	9	0.025280898876404494	1	0.00909090909090909	-0.004004303131723643	0.01218568665377176	1	0.02127659574468085	9	0.025280898876404494	1	0.00909090909090909	-0.004004303131723643	0.01218568665377176
KAT2B	histone_write	1	0.02127659574468085	20	0.056179775280898875	2	0.01818181818181818	-0.03490317953621802	0.0030947775628626696	1	0.02127659574468085	20	0.056179775280898875	2	0.01818181818181818	-0.03490317953621802	0.0030947775628626696
KDM2A	histone_erase	1	0.02127659574468085	1	0.0028089887640449437	0	0.0	0.018467606980635907	0.02127659574468085	1	0.02127659574468085	1	0.0028089887640449437	0	0.0	0.018467606980635907	0.02127659574468085
KDM8	histone_erase	1	0.02127659574468085	7	0.019662921348314606	2	0.01818181818181818	0.0016136743963662444	0.0030947775628626696	1	0.02127659574468085	7	0.019662921348314606	2	0.01818181818181818	0.0016136743963662444	0.0030947775628626696
L3MBTL1	histone_read	1	0.02127659574468085	8	0.02247191011235955	1	0.00909090909090909	-0.0011953143676786994	0.01218568665377176	1	0.02127659574468085	8	0.02247191011235955	1	0.00909090909090909	-0.0011953143676786994	0.01218568665377176
METTL16	rna_modification	1	0.02127659574468085	3	0.008426966292134831	0	0.0	0.01284962945254602	0.02127659574468085	1	0.02127659574468085	3	0.008426966292134831	0	0.0	0.01284962945254602	0.02127659574468085
MIS18BP1	chromatin_remodeling	1	0.02127659574468085	12	0.033707865168539325	4	0.03636363636363636	-0.012431269423858474	-0.015087040618955511	1	0.02127659574468085	12	0.033707865168539325	4	0.03636363636363636	-0.012431269423858474	-0.015087040618955511
MYSM1	histone_erase	1	0.02127659574468085	6	0.016853932584269662	0	0.0	0.004422663160411188	0.02127659574468085	1	0.02127659574468085	6	0.016853932584269662	0	0.0	0.004422663160411188	0.02127659574468085
NAP1L4	histone_other	1	0.02127659574468085	3	0.008426966292134831	2	0.01818181818181818	0.01284962945254602	0.0030947775628626696	0	0.0	0	0.0	0	0.0	0.0	0.0
NEK6	histone_write	1	0.02127659574468085	2	0.0056179775280898875	0	0.0	0.015658618216590963	0.02127659574468085	1	0.02127659574468085	2	0.0056179775280898875	0	0.0	0.015658618216590963	0.02127659574468085
NIPBL	histone_erase	1	0.02127659574468085	6	0.016853932584269662	2	0.01818181818181818	0.004422663160411188	0.0030947775628626696	1	0.02127659574468085	6	0.016853932584269662	2	0.01818181818181818	0.004422663160411188	0.0030947775628626696
NPM1	histone_chaperone	1	0.02127659574468085	0	0.0	0	0.0	0.02127659574468085	0.02127659574468085	1	0.02127659574468085	0	0.0	0	0.0	0.02127659574468085	0.02127659574468085
NUP98	rna_modification	1	0.02127659574468085	21	0.05898876404494382	5	0.045454545454545456	-0.03771216830026297	-0.024177949709864605	1	0.02127659574468085	19	0.05337078651685393	4	0.03636363636363636	-0.032094190772173084	-0.015087040618955511
OIP5	chromatin_remodeling	1	0.02127659574468085	14	0.03932584269662921	6	0.05454545454545454	-0.018049246951948362	-0.033268858800773696	1	0.02127659574468085	14	0.03932584269662921	6	0.05454545454545454	-0.018049246951948362	-0.033268858800773696
PADI1	histone_other	1	0.02127659574468085	3	0.008426966292134831	1	0.00909090909090909	0.01284962945254602	0.01218568665377176	1	0.02127659574468085	3	0.008426966292134831	1	0.00909090909090909	0.01284962945254602	0.01218568665377176
PAF1	histone_write	1	0.02127659574468085	8	0.02247191011235955	1	0.00909090909090909	-0.0011953143676786994	0.01218568665377176	1	0.02127659574468085	8	0.02247191011235955	1	0.00909090909090909	-0.0011953143676786994	0.01218568665377176
PAGR1	histone_write	1	0.02127659574468085	2	0.0056179775280898875	1	0.00909090909090909	0.015658618216590963	0.01218568665377176	1	0.02127659574468085	2	0.0056179775280898875	1	0.00909090909090909	0.015658618216590963	0.01218568665377176
PARP3	polycomb	1	0.02127659574468085	10	0.028089887640449437	3	0.02727272727272727	-0.006813291895768587	-0.005996131528046421	1	0.02127659574468085	10	0.028089887640449437	3	0.02727272727272727	-0.006813291895768587	-0.005996131528046421
PCGF3	polycomb	1	0.02127659574468085	0	0.0	0	0.0	0.02127659574468085	0.02127659574468085	1	0.02127659574468085	0	0.0	0	0.0	0.02127659574468085	0.02127659574468085
PCGF6	polycomb	1	0.02127659574468085	2	0.0056179775280898875	0	0.0	0.015658618216590963	0.02127659574468085	1	0.02127659574468085	2	0.0056179775280898875	0	0.0	0.015658618216590963	0.02127659574468085
PDP1	histone_read	1	0.02127659574468085	0	0.0	0	0.0	0.02127659574468085	0.02127659574468085	1	0.02127659574468085	0	0.0	0	0.0	0.02127659574468085	0.02127659574468085
PELP1	histone_write	1	0.02127659574468085	4	0.011235955056179775	0	0.0	0.010040640688501076	0.02127659574468085	1	0.02127659574468085	4	0.011235955056179775	0	0.0	0.010040640688501076	0.02127659574468085
PHC3	polycomb	1	0.02127659574468085	4	0.011235955056179775	1	0.00909090909090909	0.010040640688501076	0.01218568665377176	1	0.02127659574468085	4	0.011235955056179775	1	0.00909090909090909	0.010040640688501076	0.01218568665377176
POLE3	histone_chaperone	1	0.02127659574468085	1	0.0028089887640449437	1	0.00909090909090909	0.018467606980635907	0.01218568665377176	1	0.02127659574468085	1	0.0028089887640449437	1	0.00909090909090909	0.018467606980635907	0.01218568665377176
PRDM12	histone_write	1	0.02127659574468085	3	0.008426966292134831	0	0.0	0.01284962945254602	0.02127659574468085	1	0.02127659574468085	3	0.008426966292134831	0	0.0	0.01284962945254602	0.02127659574468085
PRKAA2	histone_write	1	0.02127659574468085	2	0.0056179775280898875	2	0.01818181818181818	0.015658618216590963	0.0030947775628626696	1	0.02127659574468085	2	0.0056179775280898875	2	0.01818181818181818	0.015658618216590963	0.0030947775628626696
PRPF31	histone_write	1	0.02127659574468085	2	0.0056179775280898875	0	0.0	0.015658618216590963	0.02127659574468085	1	0.02127659574468085	2	0.0056179775280898875	0	0.0	0.015658618216590963	0.02127659574468085
PSIP1	chromatin_remodeling	1	0.02127659574468085	5	0.014044943820224719	0	0.0	0.007231651924456132	0.02127659574468085	1	0.02127659574468085	5	0.014044943820224719	0	0.0	0.007231651924456132	0.02127659574468085
RAD54B	chromatin_remodeling	1	0.02127659574468085	6	0.016853932584269662	3	0.02727272727272727	0.004422663160411188	-0.005996131528046421	0	0.0	4	0.011235955056179775	3	0.02727272727272727	-0.011235955056179775	-0.02727272727272727
RARA	histone_write	1	0.02127659574468085	1	0.0028089887640449437	0	0.0	0.018467606980635907	0.02127659574468085	1	0.02127659574468085	1	0.0028089887640449437	0	0.0	0.018467606980635907	0.02127659574468085
RBFOX1	rna_modification	1	0.02127659574468085	4	0.011235955056179775	0	0.0	0.010040640688501076	0.02127659574468085	1	0.02127659574468085	4	0.011235955056179775	0	0.0	0.010040640688501076	0.02127659574468085
RNPS1	rna_modification	1	0.02127659574468085	3	0.008426966292134831	0	0.0	0.01284962945254602	0.02127659574468085	1	0.02127659574468085	2	0.0056179775280898875	0	0.0	0.015658618216590963	0.02127659574468085
RPS6KA4	histone_write	1	0.02127659574468085	3	0.008426966292134831	0	0.0	0.01284962945254602	0.02127659574468085	1	0.02127659574468085	3	0.008426966292134831	0	0.0	0.01284962945254602	0.02127659574468085
RPUSD3	rna_modification	1	0.02127659574468085	14	0.03932584269662921	5	0.045454545454545456	-0.018049246951948362	-0.024177949709864605	1	0.02127659574468085	14	0.03932584269662921	5	0.045454545454545456	-0.018049246951948362	-0.024177949709864605
RSRC1	rna_modification	1	0.02127659574468085	1	0.0028089887640449437	1	0.00909090909090909	0.018467606980635907	0.01218568665377176	1	0.02127659574468085	1	0.0028089887640449437	1	0.00909090909090909	0.018467606980635907	0.01218568665377176
SETD1A	histone_write	1	0.02127659574468085	22	0.06179775280898876	7	0.06363636363636363	-0.04052115706430791	-0.042359767891682776	1	0.02127659574468085	22	0.06179775280898876	7	0.06363636363636363	-0.04052115706430791	-0.042359767891682776
SF3B3	rna_modification	1	0.02127659574468085	4	0.011235955056179775	2	0.01818181818181818	0.010040640688501076	0.0030947775628626696	1	0.02127659574468085	4	0.011235955056179775	2	0.01818181818181818	0.010040640688501076	0.0030947775628626696
SFMBT1	polycomb	1	0.02127659574468085	11	0.03089887640449438	4	0.03636363636363636	-0.00962228065981353	-0.015087040618955511	1	0.02127659574468085	11	0.03089887640449438	4	0.03636363636363636	-0.00962228065981353	-0.015087040618955511
SHPRH	histone_write	1	0.02127659574468085	14	0.03932584269662921	5	0.045454545454545456	-0.018049246951948362	-0.024177949709864605	1	0.02127659574468085	14	0.03932584269662921	5	0.045454545454545456	-0.018049246951948362	-0.024177949709864605
SMARCA4	histone_read	1	0.02127659574468085	8	0.02247191011235955	1	0.00909090909090909	-0.0011953143676786994	0.01218568665377176	1	0.02127659574468085	8	0.02247191011235955	1	0.00909090909090909	-0.0011953143676786994	0.01218568665377176
SMARCD2	chromatin_remodeling	1	0.02127659574468085	10	0.028089887640449437	2	0.01818181818181818	-0.006813291895768587	0.0030947775628626696	1	0.02127659574468085	10	0.028089887640449437	2	0.01818181818181818	-0.006813291895768587	0.0030947775628626696
SMARCE1	chromatin_remodeling	1	0.02127659574468085	0	0.0	0	0.0	0.02127659574468085	0.02127659574468085	1	0.02127659574468085	0	0.0	0	0.0	0.02127659574468085	0.02127659574468085
SNAI2	histone_erase	1	0.02127659574468085	2	0.0056179775280898875	2	0.01818181818181818	0.015658618216590963	0.0030947775628626696	1	0.02127659574468085	2	0.0056179775280898875	2	0.01818181818181818	0.015658618216590963	0.0030947775628626696
SRRM4	rna_modification	1	0.02127659574468085	30	0.08426966292134831	9	0.08181818181818182	-0.06299306717666746	-0.060541586073500964	1	0.02127659574468085	10	0.028089887640449437	2	0.01818181818181818	-0.006813291895768587	0.0030947775628626696
SS18L1	chromatin_remodeling	1	0.02127659574468085	2	0.0056179775280898875	1	0.00909090909090909	0.015658618216590963	0.01218568665377176	1	0.02127659574468085	2	0.0056179775280898875	1	0.00909090909090909	0.015658618216590963	0.01218568665377176
SUPT3H	histone_write	1	0.02127659574468085	5	0.014044943820224719	0	0.0	0.007231651924456132	0.02127659574468085	1	0.02127659574468085	5	0.014044943820224719	0	0.0	0.007231651924456132	0.02127659574468085
TAF1	histone_write	1	0.02127659574468085	4	0.011235955056179775	2	0.01818181818181818	0.010040640688501076	0.0030947775628626696	1	0.02127659574468085	4	0.011235955056179775	2	0.01818181818181818	0.010040640688501076	0.0030947775628626696
TAF1L	histone_read	1	0.02127659574468085	13	0.03651685393258427	6	0.05454545454545454	-0.015240258187903418	-0.033268858800773696	1	0.02127659574468085	13	0.03651685393258427	6	0.05454545454545454	-0.015240258187903418	-0.033268858800773696
TAF6	histone_chaperone	1	0.02127659574468085	14	0.03932584269662921	4	0.03636363636363636	-0.018049246951948362	-0.015087040618955511	1	0.02127659574468085	14	0.03932584269662921	4	0.03636363636363636	-0.018049246951948362	-0.015087040618955511
TBL1XR1	other	1	0.02127659574468085	1	0.0028089887640449437	0	0.0	0.018467606980635907	0.02127659574468085	1	0.02127659574468085	1	0.0028089887640449437	0	0.0	0.018467606980635907	0.02127659574468085
TDRKH	rna_modification	1	0.02127659574468085	4	0.011235955056179775	5	0.045454545454545456	0.010040640688501076	-0.024177949709864605	1	0.02127659574468085	4	0.011235955056179775	5	0.045454545454545456	0.010040640688501076	-0.024177949709864605
TET3	dna_modification	1	0.02127659574468085	7	0.019662921348314606	4	0.03636363636363636	0.0016136743963662444	-0.015087040618955511	1	0.02127659574468085	6	0.016853932584269662	4	0.03636363636363636	0.004422663160411188	-0.015087040618955511
TRA2B	rna_modification	1	0.02127659574468085	0	0.0	0	0.0	0.02127659574468085	0.02127659574468085	1	0.02127659574468085	0	0.0	0	0.0	0.02127659574468085	0.02127659574468085
TRIM24	histone_read	1	0.02127659574468085	13	0.03651685393258427	3	0.02727272727272727	-0.015240258187903418	-0.005996131528046421	1	0.02127659574468085	13	0.03651685393258427	3	0.02727272727272727	-0.015240258187903418	-0.005996131528046421
TSSK6	histone_write	1	0.02127659574468085	3	0.008426966292134831	1	0.00909090909090909	0.01284962945254602	0.01218568665377176	1	0.02127659574468085	3	0.008426966292134831	1	0.00909090909090909	0.01284962945254602	0.01218568665377176
U2AF2	rna_modification	1	0.02127659574468085	0	0.0	0	0.0	0.02127659574468085	0.02127659574468085	1	0.02127659574468085	0	0.0	0	0.0	0.02127659574468085	0.02127659574468085
UHRF1	histone_write	1	0.02127659574468085	14	0.03932584269662921	3	0.02727272727272727	-0.018049246951948362	-0.005996131528046421	1	0.02127659574468085	14	0.03932584269662921	3	0.02727272727272727	-0.018049246951948362	-0.005996131528046421
WSB2	histone_write	1	0.02127659574468085	1	0.0028089887640449437	0	0.0	0.018467606980635907	0.02127659574468085	1	0.02127659574468085	1	0.0028089887640449437	0	0.0	0.018467606980635907	0.02127659574468085
ZMYM3	histone_erase	1	0.02127659574468085	4	0.011235955056179775	1	0.00909090909090909	0.010040640688501076	0.01218568665377176	1	0.02127659574468085	4	0.011235955056179775	1	0.00909090909090909	0.010040640688501076	0.01218568665377176
ZNF687	histone_erase	1	0.02127659574468085	1	0.0028089887640449437	1	0.00909090909090909	0.018467606980635907	0.01218568665377176	1	0.02127659574468085	1	0.0028089887640449437	1	0.00909090909090909	0.018467606980635907	0.01218568665377176
ACTB	chromatin_remodeling	0	0.0	0	0.0	1	0.00909090909090909	0.0	-0.00909090909090909	0	0.0	0	0.0	1	0.00909090909090909	0.0	-0.00909090909090909
ACTL6B	chromatin_remodeling	0	0.0	2	0.0056179775280898875	0	0.0	-0.0056179775280898875	0.0	0	0.0	2	0.0056179775280898875	0	0.0	-0.0056179775280898875	0.0
ACTR3B	chromatin_remodeling	0	0.0	3	0.008426966292134831	1	0.00909090909090909	-0.008426966292134831	-0.00909090909090909	0	0.0	3	0.008426966292134831	1	0.00909090909090909	-0.008426966292134831	-0.00909090909090909
ACTR8	histone_read	0	0.0	3	0.008426966292134831	2	0.01818181818181818	-0.008426966292134831	-0.01818181818181818	0	0.0	3	0.008426966292134831	2	0.01818181818181818	-0.008426966292134831	-0.01818181818181818
AICDA	dna_modification	0	0.0	1	0.0028089887640449437	0	0.0	-0.0028089887640449437	0.0	0	0.0	1	0.0028089887640449437	0	0.0	-0.0028089887640449437	0.0
AIRE	histone_read	0	0.0	12	0.033707865168539325	4	0.03636363636363636	-0.033707865168539325	-0.03636363636363636	0	0.0	12	0.033707865168539325	4	0.03636363636363636	-0.033707865168539325	-0.03636363636363636
ALKBH5	rna_modification	0	0.0	1	0.0028089887640449437	2	0.01818181818181818	-0.0028089887640449437	-0.01818181818181818	0	0.0	1	0.0028089887640449437	2	0.01818181818181818	-0.0028089887640449437	-0.01818181818181818
APOBEC3A	dna_modification	0	0.0	6	0.016853932584269662	1	0.00909090909090909	-0.016853932584269662	-0.00909090909090909	0	0.0	6	0.016853932584269662	1	0.00909090909090909	-0.016853932584269662	-0.00909090909090909
ARID1B	histone_write	0	0.0	6	0.016853932584269662	5	0.045454545454545456	-0.016853932584269662	-0.045454545454545456	0	0.0	6	0.016853932584269662	5	0.045454545454545456	-0.016853932584269662	-0.045454545454545456
ASF1A	histone_chaperone	0	0.0	1	0.0028089887640449437	0	0.0	-0.0028089887640449437	0.0	0	0.0	1	0.0028089887640449437	0	0.0	-0.0028089887640449437	0.0
ASH2L	histone_write	0	0.0	3	0.008426966292134831	1	0.00909090909090909	-0.008426966292134831	-0.00909090909090909	0	0.0	3	0.008426966292134831	1	0.00909090909090909	-0.008426966292134831	-0.00909090909090909
ASXL2	histone_read	0	0.0	10	0.028089887640449437	0	0.0	-0.028089887640449437	0.0	0	0.0	6	0.016853932584269662	0	0.0	-0.016853932584269662	0.0
ATF2	histone_write	0	0.0	2	0.0056179775280898875	0	0.0	-0.0056179775280898875	0.0	0	0.0	2	0.0056179775280898875	0	0.0	-0.0056179775280898875	0.0
ATXN7L3	histone_erase	0	0.0	1	0.0028089887640449437	0	0.0	-0.0028089887640449437	0.0	0	0.0	1	0.0028089887640449437	0	0.0	-0.0028089887640449437	0.0
BABAM1	histone_erase	0	0.0	1	0.0028089887640449437	1	0.00909090909090909	-0.0028089887640449437	-0.00909090909090909	0	0.0	1	0.0028089887640449437	1	0.00909090909090909	-0.0028089887640449437	-0.00909090909090909
BAZ1A	histone_chaperone	0	0.0	7	0.019662921348314606	1	0.00909090909090909	-0.019662921348314606	-0.00909090909090909	0	0.0	4	0.011235955056179775	1	0.00909090909090909	-0.011235955056179775	-0.00909090909090909
BCOR	polycomb	0	0.0	9	0.025280898876404494	0	0.0	-0.025280898876404494	0.0	0	0.0	9	0.025280898876404494	0	0.0	-0.025280898876404494	0.0
BCORL1	histone_erase	0	0.0	7	0.019662921348314606	3	0.02727272727272727	-0.019662921348314606	-0.02727272727272727	0	0.0	7	0.019662921348314606	3	0.02727272727272727	-0.019662921348314606	-0.02727272727272727
BMI1	polycomb	0	0.0	1	0.0028089887640449437	0	0.0	-0.0028089887640449437	0.0	0	0.0	1	0.0028089887640449437	0	0.0	-0.0028089887640449437	0.0
BRCC3	histone_erase	0	0.0	2	0.0056179775280898875	0	0.0	-0.0056179775280898875	0.0	0	0.0	2	0.0056179775280898875	0	0.0	-0.0056179775280898875	0.0
BRD4	histone_read	0	0.0	16	0.0449438202247191	5	0.045454545454545456	-0.0449438202247191	-0.045454545454545456	0	0.0	16	0.0449438202247191	5	0.045454545454545456	-0.0449438202247191	-0.045454545454545456
BRD7	histone_read	0	0.0	2	0.0056179775280898875	1	0.00909090909090909	-0.0056179775280898875	-0.00909090909090909	0	0.0	2	0.0056179775280898875	1	0.00909090909090909	-0.0056179775280898875	-0.00909090909090909
BRPF1	histone_read	0	0.0	3	0.008426966292134831	1	0.00909090909090909	-0.008426966292134831	-0.00909090909090909	0	0.0	3	0.008426966292134831	1	0.00909090909090909	-0.008426966292134831	-0.00909090909090909
BUB1	histone_write	0	0.0	5	0.014044943820224719	0	0.0	-0.014044943820224719	0.0	0	0.0	5	0.014044943820224719	0	0.0	-0.014044943820224719	0.0
C17ORF49	histone_read	0	0.0	2	0.0056179775280898875	0	0.0	-0.0056179775280898875	0.0	0	0.0	2	0.0056179775280898875	0	0.0	-0.0056179775280898875	0.0
CARM1	histone_write	0	0.0	1	0.0028089887640449437	1	0.00909090909090909	-0.0028089887640449437	-0.00909090909090909	0	0.0	1	0.0028089887640449437	1	0.00909090909090909	-0.0028089887640449437	-0.00909090909090909
CBLL1	rna_modification	0	0.0	3	0.008426966292134831	1	0.00909090909090909	-0.008426966292134831	-0.00909090909090909	0	0.0	3	0.008426966292134831	1	0.00909090909090909	-0.008426966292134831	-0.00909090909090909
CBX7	histone_read	0	0.0	1	0.0028089887640449437	0	0.0	-0.0028089887640449437	0.0	0	0.0	1	0.0028089887640449437	0	0.0	-0.0028089887640449437	0.0
CDK1	histone_write	0	0.0	1	0.0028089887640449437	0	0.0	-0.0028089887640449437	0.0	0	0.0	1	0.0028089887640449437	0	0.0	-0.0028089887640449437	0.0
CDK5	histone_write	0	0.0	1	0.0028089887640449437	1	0.00909090909090909	-0.0028089887640449437	-0.00909090909090909	0	0.0	1	0.0028089887640449437	1	0.00909090909090909	-0.0028089887640449437	-0.00909090909090909
CDYL2	histone_read	0	0.0	3	0.008426966292134831	1	0.00909090909090909	-0.008426966292134831	-0.00909090909090909	0	0.0	3	0.008426966292134831	1	0.00909090909090909	-0.008426966292134831	-0.00909090909090909
CELF1	rna_modification	0	0.0	0	0.0	1	0.00909090909090909	0.0	-0.00909090909090909	0	0.0	0	0.0	1	0.00909090909090909	0.0	-0.00909090909090909
CELF3	rna_modification	0	0.0	3	0.008426966292134831	0	0.0	-0.008426966292134831	0.0	0	0.0	3	0.008426966292134831	0	0.0	-0.008426966292134831	0.0
CELF4	rna_modification	0	0.0	6	0.016853932584269662	1	0.00909090909090909	-0.016853932584269662	-0.00909090909090909	0	0.0	6	0.016853932584269662	1	0.00909090909090909	-0.016853932584269662	-0.00909090909090909
CELF6	rna_modification	0	0.0	3	0.008426966292134831	0	0.0	-0.008426966292134831	0.0	0	0.0	3	0.008426966292134831	0	0.0	-0.008426966292134831	0.0
CHD1	chromatin_remodeling	0	0.0	9	0.025280898876404494	2	0.01818181818181818	-0.025280898876404494	-0.01818181818181818	0	0.0	9	0.025280898876404494	2	0.01818181818181818	-0.025280898876404494	-0.01818181818181818
CHTOP	other	0	0.0	1	0.0028089887640449437	0	0.0	-0.0028089887640449437	0.0	0	0.0	1	0.0028089887640449437	0	0.0	-0.0028089887640449437	0.0
CSNK2A1	histone_other	0	0.0	2	0.0056179775280898875	0	0.0	-0.0056179775280898875	0.0	0	0.0	2	0.0056179775280898875	0	0.0	-0.0056179775280898875	0.0
CTBP1	chromatin_remodeling	0	0.0	1	0.0028089887640449437	0	0.0	-0.0028089887640449437	0.0	0	0.0	1	0.0028089887640449437	0	0.0	-0.0028089887640449437	0.0
CUL1	chromatin_remodeling	0	0.0	0	0.0	1	0.00909090909090909	0.0	-0.00909090909090909	0	0.0	0	0.0	1	0.00909090909090909	0.0	-0.00909090909090909
CUL4A	histone_write	0	0.0	1	0.0028089887640449437	0	0.0	-0.0028089887640449437	0.0	0	0.0	1	0.0028089887640449437	0	0.0	-0.0028089887640449437	0.0
CUL4B	histone_write	0	0.0	15	0.042134831460674156	6	0.05454545454545454	-0.042134831460674156	-0.05454545454545454	0	0.0	0	0.0	1	0.00909090909090909	0.0	-0.00909090909090909
DAXX	other	0	0.0	3	0.008426966292134831	1	0.00909090909090909	-0.008426966292134831	-0.00909090909090909	0	0.0	3	0.008426966292134831	1	0.00909090909090909	-0.008426966292134831	-0.00909090909090909
DDB1	histone_write	0	0.0	2	0.0056179775280898875	1	0.00909090909090909	-0.0056179775280898875	-0.00909090909090909	0	0.0	2	0.0056179775280898875	1	0.00909090909090909	-0.0056179775280898875	-0.00909090909090909
DDB2	histone_write	0	0.0	5	0.014044943820224719	1	0.00909090909090909	-0.014044943820224719	-0.00909090909090909	0	0.0	5	0.014044943820224719	1	0.00909090909090909	-0.014044943820224719	-0.00909090909090909
DDX17	rna_modification	0	0.0	3	0.008426966292134831	0	0.0	-0.008426966292134831	0.0	0	0.0	3	0.008426966292134831	0	0.0	-0.008426966292134831	0.0
DDX21	rna_modification	0	0.0	5	0.014044943820224719	0	0.0	-0.014044943820224719	0.0	0	0.0	5	0.014044943820224719	0	0.0	-0.014044943820224719	0.0
DDX5	rna_modification	0	0.0	4	0.011235955056179775	2	0.01818181818181818	-0.011235955056179775	-0.01818181818181818	0	0.0	4	0.011235955056179775	2	0.01818181818181818	-0.011235955056179775	-0.01818181818181818
DDX50	rna_modification	0	0.0	4	0.011235955056179775	1	0.00909090909090909	-0.011235955056179775	-0.00909090909090909	0	0.0	4	0.011235955056179775	1	0.00909090909090909	-0.011235955056179775	-0.00909090909090909
DHX9	rna_modification	0	0.0	6	0.016853932584269662	5	0.045454545454545456	-0.016853932584269662	-0.045454545454545456	0	0.0	6	0.016853932584269662	5	0.045454545454545456	-0.016853932584269662	-0.045454545454545456
DNAJC1	histone_erase	0	0.0	5	0.014044943820224719	1	0.00909090909090909	-0.014044943820224719	-0.00909090909090909	0	0.0	5	0.014044943820224719	1	0.00909090909090909	-0.014044943820224719	-0.00909090909090909
DNAJC2	histone_read	0	0.0	3	0.008426966292134831	0	0.0	-0.008426966292134831	0.0	0	0.0	3	0.008426966292134831	0	0.0	-0.008426966292134831	0.0
DNMT3A	dna_modification	0	0.0	2	0.0056179775280898875	1	0.00909090909090909	-0.0056179775280898875	-0.00909090909090909	0	0.0	2	0.0056179775280898875	1	0.00909090909090909	-0.0056179775280898875	-0.00909090909090909
DPF2	chromatin_remodeling	0	0.0	4	0.011235955056179775	3	0.02727272727272727	-0.011235955056179775	-0.02727272727272727	0	0.0	4	0.011235955056179775	3	0.02727272727272727	-0.011235955056179775	-0.02727272727272727
DR1	histone_chaperone	0	0.0	2	0.0056179775280898875	0	0.0	-0.0056179775280898875	0.0	0	0.0	2	0.0056179775280898875	0	0.0	-0.0056179775280898875	0.0
DZIP3	histone_write	0	0.0	2	0.0056179775280898875	1	0.00909090909090909	-0.0056179775280898875	-0.00909090909090909	0	0.0	2	0.0056179775280898875	1	0.00909090909090909	-0.0056179775280898875	-0.00909090909090909
EED	polycomb	0	0.0	1	0.0028089887640449437	0	0.0	-0.0028089887640449437	0.0	0	0.0	1	0.0028089887640449437	0	0.0	-0.0028089887640449437	0.0
EHMT2	histone_write	0	0.0	2	0.0056179775280898875	0	0.0	-0.0056179775280898875	0.0	0	0.0	2	0.0056179775280898875	0	0.0	-0.0056179775280898875	0.0
EID1	histone_write	0	0.0	0	0.0	1	0.00909090909090909	0.0	-0.00909090909090909	0	0.0	0	0.0	1	0.00909090909090909	0.0	-0.00909090909090909
EIF4A3	rna_modification	0	0.0	1	0.0028089887640449437	1	0.00909090909090909	-0.0028089887640449437	-0.00909090909090909	0	0.0	1	0.0028089887640449437	1	0.00909090909090909	-0.0028089887640449437	-0.00909090909090909
ELP3	histone_write	0	0.0	2	0.0056179775280898875	1	0.00909090909090909	-0.0056179775280898875	-0.00909090909090909	0	0.0	2	0.0056179775280898875	1	0.00909090909090909	-0.0056179775280898875	-0.00909090909090909
EXOSC3	rna_modification	0	0.0	2	0.0056179775280898875	3	0.02727272727272727	-0.0056179775280898875	-0.02727272727272727	0	0.0	2	0.0056179775280898875	2	0.01818181818181818	-0.0056179775280898875	-0.01818181818181818
EXOSC4	rna_modification	0	0.0	2	0.0056179775280898875	1	0.00909090909090909	-0.0056179775280898875	-0.00909090909090909	0	0.0	2	0.0056179775280898875	1	0.00909090909090909	-0.0056179775280898875	-0.00909090909090909
EXOSC9	rna_modification	0	0.0	16	0.0449438202247191	8	0.07272727272727272	-0.0449438202247191	-0.07272727272727272	0	0.0	2	0.0056179775280898875	3	0.02727272727272727	-0.0056179775280898875	-0.02727272727272727
EYA1	histone_erase	0	0.0	22	0.06179775280898876	5	0.045454545454545456	-0.06179775280898876	-0.045454545454545456	0	0.0	22	0.06179775280898876	5	0.045454545454545456	-0.06179775280898876	-0.045454545454545456
EYA2	histone_erase	0	0.0	2	0.0056179775280898875	1	0.00909090909090909	-0.0056179775280898875	-0.00909090909090909	0	0.0	2	0.0056179775280898875	1	0.00909090909090909	-0.0056179775280898875	-0.00909090909090909
EYA3	histone_erase	0	0.0	3	0.008426966292134831	0	0.0	-0.008426966292134831	0.0	0	0.0	3	0.008426966292134831	0	0.0	-0.008426966292134831	0.0
EZH1	polycomb	0	0.0	4	0.011235955056179775	0	0.0	-0.011235955056179775	0.0	0	0.0	4	0.011235955056179775	0	0.0	-0.011235955056179775	0.0
EZH2	polycomb	0	0.0	1	0.0028089887640449437	1	0.00909090909090909	-0.0028089887640449437	-0.00909090909090909	0	0.0	1	0.0028089887640449437	1	0.00909090909090909	-0.0028089887640449437	-0.00909090909090909
FOXP2	tf	0	0.0	1	0.0028089887640449437	1	0.00909090909090909	-0.0028089887640449437	-0.00909090909090909	0	0.0	1	0.0028089887640449437	1	0.00909090909090909	-0.0028089887640449437	-0.00909090909090909
GATAD1	histone_read	0	0.0	2	0.0056179775280898875	0	0.0	-0.0056179775280898875	0.0	0	0.0	2	0.0056179775280898875	0	0.0	-0.0056179775280898875	0.0
GFI1B	histone_other	0	0.0	1	0.0028089887640449437	0	0.0	-0.0028089887640449437	0.0	0	0.0	1	0.0028089887640449437	0	0.0	-0.0028089887640449437	0.0
GLYR1	histone_read	0	0.0	1	0.0028089887640449437	0	0.0	-0.0028089887640449437	0.0	0	0.0	1	0.0028089887640449437	0	0.0	-0.0028089887640449437	0.0
GTF3C4	histone_write	0	0.0	1	0.0028089887640449437	0	0.0	-0.0028089887640449437	0.0	0	0.0	1	0.0028089887640449437	0	0.0	-0.0028089887640449437	0.0
HDAC1	histone_erase	0	0.0	1	0.0028089887640449437	0	0.0	-0.0028089887640449437	0.0	0	0.0	1	0.0028089887640449437	0	0.0	-0.0028089887640449437	0.0
HDAC2	histone_erase	0	0.0	1	0.0028089887640449437	0	0.0	-0.0028089887640449437	0.0	0	0.0	1	0.0028089887640449437	0	0.0	-0.0028089887640449437	0.0
HDAC6	histone_erase	0	0.0	4	0.011235955056179775	0	0.0	-0.011235955056179775	0.0	0	0.0	4	0.011235955056179775	0	0.0	-0.011235955056179775	0.0
HDAC7	histone_erase	0	0.0	11	0.03089887640449438	1	0.00909090909090909	-0.03089887640449438	-0.00909090909090909	0	0.0	11	0.03089887640449438	1	0.00909090909090909	-0.03089887640449438	-0.00909090909090909
HDAC8	histone_erase	0	0.0	1	0.0028089887640449437	0	0.0	-0.0028089887640449437	0.0	0	0.0	1	0.0028089887640449437	0	0.0	-0.0028089887640449437	0.0
HDGFL2	histone_read	0	0.0	3	0.008426966292134831	2	0.01818181818181818	-0.008426966292134831	-0.01818181818181818	0	0.0	3	0.008426966292134831	2	0.01818181818181818	-0.008426966292134831	-0.01818181818181818
HELLS	chromatin_remodeling	0	0.0	4	0.011235955056179775	1	0.00909090909090909	-0.011235955056179775	-0.00909090909090909	0	0.0	4	0.011235955056179775	1	0.00909090909090909	-0.011235955056179775	-0.00909090909090909
HIRA	histone_read	0	0.0	5	0.014044943820224719	1	0.00909090909090909	-0.014044943820224719	-0.00909090909090909	0	0.0	5	0.014044943820224719	1	0.00909090909090909	-0.014044943820224719	-0.00909090909090909
HNRNPU	rna_modification	0	0.0	3	0.008426966292134831	1	0.00909090909090909	-0.008426966292134831	-0.00909090909090909	0	0.0	3	0.008426966292134831	1	0.00909090909090909	-0.008426966292134831	-0.00909090909090909
HP1BP3	chromatin_remodeling	0	0.0	3	0.008426966292134831	0	0.0	-0.008426966292134831	0.0	0	0.0	3	0.008426966292134831	0	0.0	-0.008426966292134831	0.0
HSPA1A	histone_write	0	0.0	1	0.0028089887640449437	0	0.0	-0.0028089887640449437	0.0	0	0.0	1	0.0028089887640449437	0	0.0	-0.0028089887640449437	0.0
HSPA1B	histone_write	0	0.0	2	0.0056179775280898875	1	0.00909090909090909	-0.0056179775280898875	-0.00909090909090909	0	0.0	0	0.0	0	0.0	0.0	0.0
HUWE1	histone_write	0	0.0	6	0.016853932584269662	0	0.0	-0.016853932584269662	0.0	0	0.0	6	0.016853932584269662	0	0.0	-0.016853932584269662	0.0
ING4	histone_read	0	0.0	2	0.0056179775280898875	1	0.00909090909090909	-0.0056179775280898875	-0.00909090909090909	0	0.0	2	0.0056179775280898875	1	0.00909090909090909	-0.0056179775280898875	-0.00909090909090909
INO80B	chromatin_remodeling	0	0.0	4	0.011235955056179775	1	0.00909090909090909	-0.011235955056179775	-0.00909090909090909	0	0.0	4	0.011235955056179775	1	0.00909090909090909	-0.011235955056179775	-0.00909090909090909
JADE1	histone_write	0	0.0	1	0.0028089887640449437	0	0.0	-0.0028089887640449437	0.0	0	0.0	1	0.0028089887640449437	0	0.0	-0.0028089887640449437	0.0
JADE2	histone_write	0	0.0	11	0.03089887640449438	2	0.01818181818181818	-0.03089887640449438	-0.01818181818181818	0	0.0	11	0.03089887640449438	2	0.01818181818181818	-0.03089887640449438	-0.01818181818181818
JADE3	histone_write	0	0.0	1	0.0028089887640449437	1	0.00909090909090909	-0.0028089887640449437	-0.00909090909090909	0	0.0	1	0.0028089887640449437	1	0.00909090909090909	-0.0028089887640449437	-0.00909090909090909
JMJD6	histone_erase	0	0.0	1	0.0028089887640449437	0	0.0	-0.0028089887640449437	0.0	0	0.0	1	0.0028089887640449437	0	0.0	-0.0028089887640449437	0.0
KAT2A	histone_write	0	0.0	14	0.03932584269662921	1	0.00909090909090909	-0.03932584269662921	-0.00909090909090909	0	0.0	14	0.03932584269662921	1	0.00909090909090909	-0.03932584269662921	-0.00909090909090909
KAT5	histone_write	0	0.0	2	0.0056179775280898875	0	0.0	-0.0056179775280898875	0.0	0	0.0	2	0.0056179775280898875	0	0.0	-0.0056179775280898875	0.0
KAT7	histone_write	0	0.0	0	0.0	1	0.00909090909090909	0.0	-0.00909090909090909	0	0.0	0	0.0	1	0.00909090909090909	0.0	-0.00909090909090909
KAT8	histone_write	0	0.0	3	0.008426966292134831	2	0.01818181818181818	-0.008426966292134831	-0.01818181818181818	0	0.0	3	0.008426966292134831	2	0.01818181818181818	-0.008426966292134831	-0.01818181818181818
KDM1A	histone_erase	0	0.0	3	0.008426966292134831	0	0.0	-0.008426966292134831	0.0	0	0.0	3	0.008426966292134831	0	0.0	-0.008426966292134831	0.0
KDM4B	histone_erase	0	0.0	11	0.03089887640449438	5	0.045454545454545456	-0.03089887640449438	-0.045454545454545456	0	0.0	11	0.03089887640449438	5	0.045454545454545456	-0.03089887640449438	-0.045454545454545456
KDM5B	histone_erase	0	0.0	6	0.016853932584269662	2	0.01818181818181818	-0.016853932584269662	-0.01818181818181818	0	0.0	6	0.016853932584269662	2	0.01818181818181818	-0.016853932584269662	-0.01818181818181818
KDM5C	histone_erase	0	0.0	1	0.0028089887640449437	0	0.0	-0.0028089887640449437	0.0	0	0.0	1	0.0028089887640449437	0	0.0	-0.0028089887640449437	0.0
KDM5D	histone_erase	0	0.0	7	0.019662921348314606	2	0.01818181818181818	-0.019662921348314606	-0.01818181818181818	0	0.0	7	0.019662921348314606	2	0.01818181818181818	-0.019662921348314606	-0.01818181818181818
KDM6B	histone_erase	0	0.0	19	0.05337078651685393	1	0.00909090909090909	-0.05337078651685393	-0.00909090909090909	0	0.0	18	0.05056179775280899	1	0.00909090909090909	-0.05056179775280899	-0.00909090909090909
KEAP1	chromatin_remodeling	0	0.0	5	0.014044943820224719	1	0.00909090909090909	-0.014044943820224719	-0.00909090909090909	0	0.0	5	0.014044943820224719	1	0.00909090909090909	-0.014044943820224719	-0.00909090909090909
KHDRBS1	rna_modification	0	0.0	1	0.0028089887640449437	0	0.0	-0.0028089887640449437	0.0	0	0.0	1	0.0028089887640449437	0	0.0	-0.0028089887640449437	0.0
LAS1L	histone_write	0	0.0	0	0.0	1	0.00909090909090909	0.0	-0.00909090909090909	0	0.0	0	0.0	1	0.00909090909090909	0.0	-0.00909090909090909
LRWD1	chromatin_remodeling	0	0.0	1	0.0028089887640449437	1	0.00909090909090909	-0.0028089887640449437	-0.00909090909090909	0	0.0	0	0.0	0	0.0	0.0	0.0
MAGOH	rna_modification	0	0.0	0	0.0	1	0.00909090909090909	0.0	-0.00909090909090909	0	0.0	0	0.0	1	0.00909090909090909	0.0	-0.00909090909090909
MAPKAPK3	chromatin_remodeling	0	0.0	1	0.0028089887640449437	0	0.0	-0.0028089887640449437	0.0	0	0.0	1	0.0028089887640449437	0	0.0	-0.0028089887640449437	0.0
MASTL	histone_write	0	0.0	2	0.0056179775280898875	0	0.0	-0.0056179775280898875	0.0	0	0.0	2	0.0056179775280898875	0	0.0	-0.0056179775280898875	0.0
MAZ	chromatin_remodeling	0	0.0	3	0.008426966292134831	2	0.01818181818181818	-0.008426966292134831	-0.01818181818181818	0	0.0	3	0.008426966292134831	2	0.01818181818181818	-0.008426966292134831	-0.01818181818181818
MBD3	histone_erase	0	0.0	1	0.0028089887640449437	0	0.0	-0.0028089887640449437	0.0	0	0.0	1	0.0028089887640449437	0	0.0	-0.0028089887640449437	0.0
MBNL1	rna_modification	0	0.0	2	0.0056179775280898875	0	0.0	-0.0056179775280898875	0.0	0	0.0	2	0.0056179775280898875	0	0.0	-0.0056179775280898875	0.0
MEAF6	histone_write	0	0.0	1	0.0028089887640449437	0	0.0	-0.0028089887640449437	0.0	0	0.0	1	0.0028089887640449437	0	0.0	-0.0028089887640449437	0.0
METTL14	rna_modification	0	0.0	3	0.008426966292134831	0	0.0	-0.008426966292134831	0.0	0	0.0	3	0.008426966292134831	0	0.0	-0.008426966292134831	0.0
METTL3	rna_modification	0	0.0	3	0.008426966292134831	1	0.00909090909090909	-0.008426966292134831	-0.00909090909090909	0	0.0	3	0.008426966292134831	1	0.00909090909090909	-0.008426966292134831	-0.00909090909090909
MIS18A	chromatin_remodeling	0	0.0	0	0.0	1	0.00909090909090909	0.0	-0.00909090909090909	0	0.0	0	0.0	1	0.00909090909090909	0.0	-0.00909090909090909
MLLT1	chromatin_remodeling	0	0.0	1	0.0028089887640449437	0	0.0	-0.0028089887640449437	0.0	0	0.0	1	0.0028089887640449437	0	0.0	-0.0028089887640449437	0.0
MLLT6	histone_write	0	0.0	2	0.0056179775280898875	2	0.01818181818181818	-0.0056179775280898875	-0.01818181818181818	0	0.0	2	0.0056179775280898875	2	0.01818181818181818	-0.0056179775280898875	-0.01818181818181818
MOV10	other	0	0.0	6	0.016853932584269662	0	0.0	-0.016853932584269662	0.0	0	0.0	6	0.016853932584269662	0	0.0	-0.016853932584269662	0.0
MSL1	histone_write	0	0.0	1	0.0028089887640449437	1	0.00909090909090909	-0.0028089887640449437	-0.00909090909090909	0	0.0	1	0.0028089887640449437	1	0.00909090909090909	-0.0028089887640449437	-0.00909090909090909
MSL2	histone_write	0	0.0	4	0.011235955056179775	0	0.0	-0.011235955056179775	0.0	0	0.0	4	0.011235955056179775	0	0.0	-0.011235955056179775	0.0
MSL3	histone_read	0	0.0	1	0.0028089887640449437	0	0.0	-0.0028089887640449437	0.0	0	0.0	1	0.0028089887640449437	0	0.0	-0.0028089887640449437	0.0
MTA2	histone_erase	0	0.0	1	0.0028089887640449437	0	0.0	-0.0028089887640449437	0.0	0	0.0	1	0.0028089887640449437	0	0.0	-0.0028089887640449437	0.0
MTA3	chromatin_remodeling	0	0.0	16	0.0449438202247191	4	0.03636363636363636	-0.0449438202247191	-0.03636363636363636	0	0.0	16	0.0449438202247191	4	0.03636363636363636	-0.0449438202247191	-0.03636363636363636
NAP1L1	histone_chaperone	0	0.0	0	0.0	1	0.00909090909090909	0.0	-0.00909090909090909	0	0.0	0	0.0	1	0.00909090909090909	0.0	-0.00909090909090909
NAP1L2	histone_other	0	0.0	2	0.0056179775280898875	0	0.0	-0.0056179775280898875	0.0	0	0.0	2	0.0056179775280898875	0	0.0	-0.0056179775280898875	0.0
NCL	histone_chaperone	0	0.0	1	0.0028089887640449437	1	0.00909090909090909	-0.0028089887640449437	-0.00909090909090909	0	0.0	1	0.0028089887640449437	1	0.00909090909090909	-0.0028089887640449437	-0.00909090909090909
NCOA1	histone_write	0	0.0	6	0.016853932584269662	1	0.00909090909090909	-0.016853932584269662	-0.00909090909090909	0	0.0	6	0.016853932584269662	1	0.00909090909090909	-0.016853932584269662	-0.00909090909090909
NFYC	histone_other	0	0.0	1	0.0028089887640449437	0	0.0	-0.0028089887640449437	0.0	0	0.0	1	0.0028089887640449437	0	0.0	-0.0028089887640449437	0.0
NSUN2	rna_modification	0	0.0	6	0.016853932584269662	2	0.01818181818181818	-0.016853932584269662	-0.01818181818181818	0	0.0	5	0.014044943820224719	2	0.01818181818181818	-0.014044943820224719	-0.01818181818181818
NTMT1	histone_write	0	0.0	8	0.02247191011235955	4	0.03636363636363636	-0.02247191011235955	-0.03636363636363636	0	0.0	8	0.02247191011235955	4	0.03636363636363636	-0.02247191011235955	-0.03636363636363636
OGT	histone_write	0	0.0	1	0.0028089887640449437	0	0.0	-0.0028089887640449437	0.0	0	0.0	1	0.0028089887640449437	0	0.0	-0.0028089887640449437	0.0
PADI2	histone_other	0	0.0	1	0.0028089887640449437	1	0.00909090909090909	-0.0028089887640449437	-0.00909090909090909	0	0.0	1	0.0028089887640449437	1	0.00909090909090909	-0.0028089887640449437	-0.00909090909090909
PAK2	histone_write	0	0.0	1	0.0028089887640449437	0	0.0	-0.0028089887640449437	0.0	0	0.0	1	0.0028089887640449437	0	0.0	-0.0028089887640449437	0.0
PARP2	chromatin_remodeling	0	0.0	2	0.0056179775280898875	0	0.0	-0.0056179775280898875	0.0	0	0.0	2	0.0056179775280898875	0	0.0	-0.0056179775280898875	0.0
PBRM1	histone_read	0	0.0	7	0.019662921348314606	2	0.01818181818181818	-0.019662921348314606	-0.01818181818181818	0	0.0	7	0.019662921348314606	2	0.01818181818181818	-0.019662921348314606	-0.01818181818181818
PCGF1	polycomb	0	0.0	0	0.0	1	0.00909090909090909	0.0	-0.00909090909090909	0	0.0	0	0.0	1	0.00909090909090909	0.0	-0.00909090909090909
PCNA	chromatin_remodeling	0	0.0	0	0.0	2	0.01818181818181818	0.0	-0.01818181818181818	0	0.0	0	0.0	0	0.0	0.0	0.0
PHF1	polycomb	0	0.0	0	0.0	2	0.01818181818181818	0.0	-0.01818181818181818	0	0.0	0	0.0	2	0.01818181818181818	0.0	-0.01818181818181818
PHF10	chromatin_remodeling	0	0.0	3	0.008426966292134831	2	0.01818181818181818	-0.008426966292134831	-0.01818181818181818	0	0.0	3	0.008426966292134831	2	0.01818181818181818	-0.008426966292134831	-0.01818181818181818
PHF12	histone_erase	0	0.0	1	0.0028089887640449437	0	0.0	-0.0028089887640449437	0.0	0	0.0	1	0.0028089887640449437	0	0.0	-0.0028089887640449437	0.0
PHF19	chromatin_remodeling	0	0.0	4	0.011235955056179775	1	0.00909090909090909	-0.011235955056179775	-0.00909090909090909	0	0.0	4	0.011235955056179775	1	0.00909090909090909	-0.011235955056179775	-0.00909090909090909
PHF8	histone_erase	0	0.0	2	0.0056179775280898875	1	0.00909090909090909	-0.0056179775280898875	-0.00909090909090909	0	0.0	2	0.0056179775280898875	1	0.00909090909090909	-0.0056179775280898875	-0.00909090909090909
PKM	histone_write	0	0.0	19	0.05337078651685393	4	0.03636363636363636	-0.05337078651685393	-0.03636363636363636	0	0.0	2	0.0056179775280898875	0	0.0	-0.0056179775280898875	0.0
POGZ	histone_read	0	0.0	5	0.014044943820224719	1	0.00909090909090909	-0.014044943820224719	-0.00909090909090909	0	0.0	5	0.014044943820224719	1	0.00909090909090909	-0.014044943820224719	-0.00909090909090909
PPM1G	chromatin_remodeling	0	0.0	2	0.0056179775280898875	1	0.00909090909090909	-0.0056179775280898875	-0.00909090909090909	0	0.0	2	0.0056179775280898875	1	0.00909090909090909	-0.0056179775280898875	-0.00909090909090909
PRDM13	histone_write	0	0.0	8	0.02247191011235955	2	0.01818181818181818	-0.02247191011235955	-0.01818181818181818	0	0.0	8	0.02247191011235955	2	0.01818181818181818	-0.02247191011235955	-0.01818181818181818
PRDM4	histone_write	0	0.0	3	0.008426966292134831	0	0.0	-0.008426966292134831	0.0	0	0.0	3	0.008426966292134831	0	0.0	-0.008426966292134831	0.0
PRDM8	histone_write	0	0.0	4	0.011235955056179775	0	0.0	-0.011235955056179775	0.0	0	0.0	4	0.011235955056179775	0	0.0	-0.011235955056179775	0.0
PRKAA1	histone_write	0	0.0	8	0.02247191011235955	1	0.00909090909090909	-0.02247191011235955	-0.00909090909090909	0	0.0	8	0.02247191011235955	1	0.00909090909090909	-0.02247191011235955	-0.00909090909090909
PRKAB2	histone_write	0	0.0	1	0.0028089887640449437	0	0.0	-0.0028089887640449437	0.0	0	0.0	1	0.0028089887640449437	0	0.0	-0.0028089887640449437	0.0
PRKAG1	histone_write	0	0.0	1	0.0028089887640449437	1	0.00909090909090909	-0.0028089887640449437	-0.00909090909090909	0	0.0	1	0.0028089887640449437	1	0.00909090909090909	-0.0028089887640449437	-0.00909090909090909
PRKCB	histone_write	0	0.0	1	0.0028089887640449437	3	0.02727272727272727	-0.0028089887640449437	-0.02727272727272727	0	0.0	1	0.0028089887640449437	3	0.02727272727272727	-0.0028089887640449437	-0.02727272727272727
PRKCD	histone_other	0	0.0	0	0.0	2	0.01818181818181818	0.0	-0.01818181818181818	0	0.0	0	0.0	2	0.01818181818181818	0.0	-0.01818181818181818
PRMT5	histone_write	0	0.0	1	0.0028089887640449437	0	0.0	-0.0028089887640449437	0.0	0	0.0	1	0.0028089887640449437	0	0.0	-0.0028089887640449437	0.0
PRMT8	histone_write	0	0.0	6	0.016853932584269662	1	0.00909090909090909	-0.016853932584269662	-0.00909090909090909	0	0.0	6	0.016853932584269662	1	0.00909090909090909	-0.016853932584269662	-0.00909090909090909
PTBP1	rna_modification	0	0.0	1	0.0028089887640449437	0	0.0	-0.0028089887640449437	0.0	0	0.0	1	0.0028089887640449437	0	0.0	-0.0028089887640449437	0.0
RAD51	histone_erase	0	0.0	1	0.0028089887640449437	0	0.0	-0.0028089887640449437	0.0	0	0.0	1	0.0028089887640449437	0	0.0	-0.0028089887640449437	0.0
RAD54L	chromatin_remodeling	0	0.0	6	0.016853932584269662	2	0.01818181818181818	-0.016853932584269662	-0.01818181818181818	0	0.0	6	0.016853932584269662	2	0.01818181818181818	-0.016853932584269662	-0.01818181818181818
RAD54L2	chromatin_remodeling	0	0.0	3	0.008426966292134831	3	0.02727272727272727	-0.008426966292134831	-0.02727272727272727	0	0.0	3	0.008426966292134831	3	0.02727272727272727	-0.008426966292134831	-0.02727272727272727
RAG2	histone_read	0	0.0	4	0.011235955056179775	1	0.00909090909090909	-0.011235955056179775	-0.00909090909090909	0	0.0	4	0.011235955056179775	1	0.00909090909090909	-0.011235955056179775	-0.00909090909090909
RB1	chromatin_remodeling	0	0.0	5	0.014044943820224719	1	0.00909090909090909	-0.014044943820224719	-0.00909090909090909	0	0.0	5	0.014044943820224719	1	0.00909090909090909	-0.014044943820224719	-0.00909090909090909
RBBP5	histone_write	0	0.0	2	0.0056179775280898875	0	0.0	-0.0056179775280898875	0.0	0	0.0	2	0.0056179775280898875	0	0.0	-0.0056179775280898875	0.0
RBM25	rna_modification	0	0.0	0	0.0	1	0.00909090909090909	0.0	-0.00909090909090909	0	0.0	0	0.0	1	0.00909090909090909	0.0	-0.00909090909090909
RBM7	rna_modification	0	0.0	4	0.011235955056179775	1	0.00909090909090909	-0.011235955056179775	-0.00909090909090909	0	0.0	4	0.011235955056179775	1	0.00909090909090909	-0.011235955056179775	-0.00909090909090909
RBM8A	rna_modification	0	0.0	2	0.0056179775280898875	1	0.00909090909090909	-0.0056179775280898875	-0.00909090909090909	0	0.0	2	0.0056179775280898875	1	0.00909090909090909	-0.0056179775280898875	-0.00909090909090909
RCC1	chromatin_remodeling	0	0.0	3	0.008426966292134831	0	0.0	-0.008426966292134831	0.0	0	0.0	3	0.008426966292134831	0	0.0	-0.008426966292134831	0.0
RCOR3	histone_erase	0	0.0	3	0.008426966292134831	0	0.0	-0.008426966292134831	0.0	0	0.0	3	0.008426966292134831	0	0.0	-0.008426966292134831	0.0
RLIM	histone_erase	0	0.0	1	0.0028089887640449437	0	0.0	-0.0028089887640449437	0.0	0	0.0	1	0.0028089887640449437	0	0.0	-0.0028089887640449437	0.0
RNF2	histone_write	0	0.0	2	0.0056179775280898875	1	0.00909090909090909	-0.0056179775280898875	-0.00909090909090909	0	0.0	2	0.0056179775280898875	1	0.00909090909090909	-0.0056179775280898875	-0.00909090909090909
RNF20	histone_write	0	0.0	1	0.0028089887640449437	0	0.0	-0.0028089887640449437	0.0	0	0.0	1	0.0028089887640449437	0	0.0	-0.0028089887640449437	0.0
RNF40	histone_write	0	0.0	4	0.011235955056179775	3	0.02727272727272727	-0.011235955056179775	-0.02727272727272727	0	0.0	4	0.011235955056179775	3	0.02727272727272727	-0.011235955056179775	-0.02727272727272727
RNF8	histone_write	0	0.0	1	0.0028089887640449437	2	0.01818181818181818	-0.0028089887640449437	-0.01818181818181818	0	0.0	1	0.0028089887640449437	2	0.01818181818181818	-0.0028089887640449437	-0.01818181818181818
RPS6KA3	histone_write	0	0.0	1	0.0028089887640449437	0	0.0	-0.0028089887640449437	0.0	0	0.0	0	0.0	0	0.0	0.0	0.0
RPS6KA5	histone_write	0	0.0	10	0.028089887640449437	2	0.01818181818181818	-0.028089887640449437	-0.01818181818181818	0	0.0	10	0.028089887640449437	2	0.01818181818181818	-0.028089887640449437	-0.01818181818181818
RRP8	histone_other	0	0.0	11	0.03089887640449438	2	0.01818181818181818	-0.03089887640449438	-0.01818181818181818	0	0.0	2	0.0056179775280898875	1	0.00909090909090909	-0.0056179775280898875	-0.00909090909090909
RSF1	histone_read	0	0.0	6	0.016853932584269662	1	0.00909090909090909	-0.016853932584269662	-0.00909090909090909	0	0.0	4	0.011235955056179775	1	0.00909090909090909	-0.011235955056179775	-0.00909090909090909
RUVBL2	chromatin_remodeling	0	0.0	4	0.011235955056179775	2	0.01818181818181818	-0.011235955056179775	-0.01818181818181818	0	0.0	4	0.011235955056179775	2	0.01818181818181818	-0.011235955056179775	-0.01818181818181818
SAFB	chromatin_remodeling	0	0.0	0	0.0	1	0.00909090909090909	0.0	-0.00909090909090909	0	0.0	0	0.0	1	0.00909090909090909	0.0	-0.00909090909090909
SAP130	histone_erase	0	0.0	8	0.02247191011235955	4	0.03636363636363636	-0.02247191011235955	-0.03636363636363636	0	0.0	8	0.02247191011235955	4	0.03636363636363636	-0.02247191011235955	-0.03636363636363636
SAP30L	histone_erase	0	0.0	1	0.0028089887640449437	1	0.00909090909090909	-0.0028089887640449437	-0.00909090909090909	0	0.0	1	0.0028089887640449437	1	0.00909090909090909	-0.0028089887640449437	-0.00909090909090909
SATB1	chromatin_remodeling	0	0.0	2	0.0056179775280898875	2	0.01818181818181818	-0.0056179775280898875	-0.01818181818181818	0	0.0	2	0.0056179775280898875	1	0.00909090909090909	-0.0056179775280898875	-0.00909090909090909
SENP1	histone_erase	0	0.0	3	0.008426966292134831	0	0.0	-0.008426966292134831	0.0	0	0.0	3	0.008426966292134831	0	0.0	-0.008426966292134831	0.0
SENP3	histone_erase	0	0.0	6	0.016853932584269662	1	0.00909090909090909	-0.016853932584269662	-0.00909090909090909	0	0.0	6	0.016853932584269662	1	0.00909090909090909	-0.016853932584269662	-0.00909090909090909
SETD3	histone_write	0	0.0	6	0.016853932584269662	5	0.045454545454545456	-0.016853932584269662	-0.045454545454545456	0	0.0	6	0.016853932584269662	5	0.045454545454545456	-0.016853932584269662	-0.045454545454545456
SETD6	chromatin_remodeling	0	0.0	3	0.008426966292134831	1	0.00909090909090909	-0.008426966292134831	-0.00909090909090909	0	0.0	3	0.008426966292134831	1	0.00909090909090909	-0.008426966292134831	-0.00909090909090909
SFMBT2	polycomb	0	0.0	7	0.019662921348314606	3	0.02727272727272727	-0.019662921348314606	-0.02727272727272727	0	0.0	7	0.019662921348314606	3	0.02727272727272727	-0.019662921348314606	-0.02727272727272727
SFPQ	chromatin_remodeling	0	0.0	1	0.0028089887640449437	2	0.01818181818181818	-0.0028089887640449437	-0.01818181818181818	0	0.0	1	0.0028089887640449437	2	0.01818181818181818	-0.0028089887640449437	-0.01818181818181818
SIN3B	histone_erase	0	0.0	5	0.014044943820224719	4	0.03636363636363636	-0.014044943820224719	-0.03636363636363636	0	0.0	5	0.014044943820224719	4	0.03636363636363636	-0.014044943820224719	-0.03636363636363636
SIRT1	histone_erase	0	0.0	6	0.016853932584269662	1	0.00909090909090909	-0.016853932584269662	-0.00909090909090909	0	0.0	6	0.016853932584269662	1	0.00909090909090909	-0.016853932584269662	-0.00909090909090909
SIRT7	histone_erase	0	0.0	2	0.0056179775280898875	0	0.0	-0.0056179775280898875	0.0	0	0.0	2	0.0056179775280898875	0	0.0	-0.0056179775280898875	0.0
SLU7	rna_modification	0	0.0	0	0.0	1	0.00909090909090909	0.0	-0.00909090909090909	0	0.0	0	0.0	1	0.00909090909090909	0.0	-0.00909090909090909
SMARCA1	chromatin_remodeling	0	0.0	6	0.016853932584269662	0	0.0	-0.016853932584269662	0.0	0	0.0	6	0.016853932584269662	0	0.0	-0.016853932584269662	0.0
SMARCA5	chromatin_remodeling	0	0.0	4	0.011235955056179775	0	0.0	-0.011235955056179775	0.0	0	0.0	4	0.011235955056179775	0	0.0	-0.011235955056179775	0.0
SMARCB1	histone_read	0	0.0	1	0.0028089887640449437	0	0.0	-0.0028089887640449437	0.0	0	0.0	1	0.0028089887640449437	0	0.0	-0.0028089887640449437	0.0
SMARCC1	chromatin_remodeling	0	0.0	5	0.014044943820224719	0	0.0	-0.014044943820224719	0.0	0	0.0	5	0.014044943820224719	0	0.0	-0.014044943820224719	0.0
SMARCC2	chromatin_remodeling	0	0.0	4	0.011235955056179775	0	0.0	-0.011235955056179775	0.0	0	0.0	4	0.011235955056179775	0	0.0	-0.011235955056179775	0.0
SMARCD1	chromatin_remodeling	0	0.0	5	0.014044943820224719	1	0.00909090909090909	-0.014044943820224719	-0.00909090909090909	0	0.0	5	0.014044943820224719	1	0.00909090909090909	-0.014044943820224719	-0.00909090909090909
SMARCD3	chromatin_remodeling	0	0.0	2	0.0056179775280898875	0	0.0	-0.0056179775280898875	0.0	0	0.0	2	0.0056179775280898875	0	0.0	-0.0056179775280898875	0.0
SMYD3	histone_write	0	0.0	2	0.0056179775280898875	0	0.0	-0.0056179775280898875	0.0	0	0.0	2	0.0056179775280898875	0	0.0	-0.0056179775280898875	0.0
SPOP	histone_write	0	0.0	0	0.0	1	0.00909090909090909	0.0	-0.00909090909090909	0	0.0	0	0.0	1	0.00909090909090909	0.0	-0.00909090909090909
SRSF1	rna_modification	0	0.0	1	0.0028089887640449437	0	0.0	-0.0028089887640449437	0.0	0	0.0	1	0.0028089887640449437	0	0.0	-0.0028089887640449437	0.0
SRSF12	rna_modification	0	0.0	3	0.008426966292134831	3	0.02727272727272727	-0.008426966292134831	-0.02727272727272727	0	0.0	3	0.008426966292134831	3	0.02727272727272727	-0.008426966292134831	-0.02727272727272727
SRSF6	rna_modification	0	0.0	1	0.0028089887640449437	2	0.01818181818181818	-0.0028089887640449437	-0.01818181818181818	0	0.0	1	0.0028089887640449437	2	0.01818181818181818	-0.0028089887640449437	-0.01818181818181818
SSRP1	chromatin_remodeling	0	0.0	6	0.016853932584269662	0	0.0	-0.016853932584269662	0.0	0	0.0	6	0.016853932584269662	0	0.0	-0.016853932584269662	0.0
SUDS3	histone_erase	0	0.0	1	0.0028089887640449437	0	0.0	-0.0028089887640449437	0.0	0	0.0	1	0.0028089887640449437	0	0.0	-0.0028089887640449437	0.0
SUPT16H	histone_read	0	0.0	2	0.0056179775280898875	0	0.0	-0.0056179775280898875	0.0	0	0.0	1	0.0028089887640449437	0	0.0	-0.0028089887640449437	0.0
SUPT7L	histone_chaperone	0	0.0	4	0.011235955056179775	0	0.0	-0.011235955056179775	0.0	0	0.0	4	0.011235955056179775	0	0.0	-0.011235955056179775	0.0
SUV39H1	histone_write	0	0.0	2	0.0056179775280898875	0	0.0	-0.0056179775280898875	0.0	0	0.0	2	0.0056179775280898875	0	0.0	-0.0056179775280898875	0.0
SUV39H2	histone_write	0	0.0	1	0.0028089887640449437	0	0.0	-0.0028089887640449437	0.0	0	0.0	1	0.0028089887640449437	0	0.0	-0.0028089887640449437	0.0
SUZ12	polycomb	0	0.0	0	0.0	1	0.00909090909090909	0.0	-0.00909090909090909	0	0.0	0	0.0	1	0.00909090909090909	0.0	-0.00909090909090909
SYNCRIP	rna_modification	0	0.0	1	0.0028089887640449437	2	0.01818181818181818	-0.0028089887640449437	-0.01818181818181818	0	0.0	1	0.0028089887640449437	2	0.01818181818181818	-0.0028089887640449437	-0.01818181818181818
TADA2A	histone_read	0	0.0	3	0.008426966292134831	0	0.0	-0.008426966292134831	0.0	0	0.0	1	0.0028089887640449437	0	0.0	-0.0028089887640449437	0.0
TADA2B	histone_write	0	0.0	1	0.0028089887640449437	1	0.00909090909090909	-0.0028089887640449437	-0.00909090909090909	0	0.0	1	0.0028089887640449437	1	0.00909090909090909	-0.0028089887640449437	-0.00909090909090909
TADA3	histone_write	0	0.0	0	0.0	1	0.00909090909090909	0.0	-0.00909090909090909	0	0.0	0	0.0	1	0.00909090909090909	0.0	-0.00909090909090909
TAF10	histone_chaperone	0	0.0	2	0.0056179775280898875	1	0.00909090909090909	-0.0056179775280898875	-0.00909090909090909	0	0.0	2	0.0056179775280898875	1	0.00909090909090909	-0.0056179775280898875	-0.00909090909090909
TAF5L	histone_write	0	0.0	4	0.011235955056179775	0	0.0	-0.011235955056179775	0.0	0	0.0	4	0.011235955056179775	0	0.0	-0.011235955056179775	0.0
TAF6L	histone_chaperone	0	0.0	6	0.016853932584269662	2	0.01818181818181818	-0.016853932584269662	-0.01818181818181818	0	0.0	6	0.016853932584269662	2	0.01818181818181818	-0.016853932584269662	-0.01818181818181818
TAF7	histone_write	0	0.0	2	0.0056179775280898875	1	0.00909090909090909	-0.0056179775280898875	-0.00909090909090909	0	0.0	2	0.0056179775280898875	1	0.00909090909090909	-0.0056179775280898875	-0.00909090909090909
TAF8	histone_chaperone	0	0.0	3	0.008426966292134831	0	0.0	-0.008426966292134831	0.0	0	0.0	3	0.008426966292134831	0	0.0	-0.008426966292134831	0.0
TAF9	histone_chaperone	0	0.0	2	0.0056179775280898875	0	0.0	-0.0056179775280898875	0.0	0	0.0	2	0.0056179775280898875	0	0.0	-0.0056179775280898875	0.0
TDRD3	histone_read	0	0.0	13	0.03651685393258427	2	0.01818181818181818	-0.03651685393258427	-0.01818181818181818	0	0.0	13	0.03651685393258427	2	0.01818181818181818	-0.03651685393258427	-0.01818181818181818
TFPT	dna_modification	0	0.0	1	0.0028089887640449437	0	0.0	-0.0028089887640449437	0.0	0	0.0	1	0.0028089887640449437	0	0.0	-0.0028089887640449437	0.0
TLE1	chromatin_remodeling	0	0.0	9	0.025280898876404494	6	0.05454545454545454	-0.025280898876404494	-0.05454545454545454	0	0.0	9	0.025280898876404494	6	0.05454545454545454	-0.025280898876404494	-0.05454545454545454
TLK2	histone_write	0	0.0	1	0.0028089887640449437	0	0.0	-0.0028089887640449437	0.0	0	0.0	1	0.0028089887640449437	0	0.0	-0.0028089887640449437	0.0
TRIM27	histone_erase	0	0.0	1	0.0028089887640449437	0	0.0	-0.0028089887640449437	0.0	0	0.0	1	0.0028089887640449437	0	0.0	-0.0028089887640449437	0.0
TRIM28	histone_read	0	0.0	4	0.011235955056179775	0	0.0	-0.011235955056179775	0.0	0	0.0	4	0.011235955056179775	0	0.0	-0.011235955056179775	0.0
TTK	histone_write	0	0.0	2	0.0056179775280898875	1	0.00909090909090909	-0.0056179775280898875	-0.00909090909090909	0	0.0	2	0.0056179775280898875	1	0.00909090909090909	-0.0056179775280898875	-0.00909090909090909
UBE2B	histone_write	0	0.0	1	0.0028089887640449437	0	0.0	-0.0028089887640449437	0.0	0	0.0	1	0.0028089887640449437	0	0.0	-0.0028089887640449437	0.0
UBE2T	histone_write	0	0.0	4	0.011235955056179775	2	0.01818181818181818	-0.011235955056179775	-0.01818181818181818	0	0.0	4	0.011235955056179775	2	0.01818181818181818	-0.011235955056179775	-0.01818181818181818
UHRF2	histone_read	0	0.0	6	0.016853932584269662	1	0.00909090909090909	-0.016853932584269662	-0.00909090909090909	0	0.0	6	0.016853932584269662	1	0.00909090909090909	-0.016853932584269662	-0.00909090909090909
USP15	histone_erase	0	0.0	4	0.011235955056179775	1	0.00909090909090909	-0.011235955056179775	-0.00909090909090909	0	0.0	4	0.011235955056179775	1	0.00909090909090909	-0.011235955056179775	-0.00909090909090909
USP16	histone_erase	0	0.0	6	0.016853932584269662	3	0.02727272727272727	-0.016853932584269662	-0.02727272727272727	0	0.0	6	0.016853932584269662	3	0.02727272727272727	-0.016853932584269662	-0.02727272727272727
USP21	histone_erase	0	0.0	3	0.008426966292134831	1	0.00909090909090909	-0.008426966292134831	-0.00909090909090909	0	0.0	2	0.0056179775280898875	1	0.00909090909090909	-0.0056179775280898875	-0.00909090909090909
USP22	histone_write	0	0.0	1	0.0028089887640449437	1	0.00909090909090909	-0.0028089887640449437	-0.00909090909090909	0	0.0	1	0.0028089887640449437	1	0.00909090909090909	-0.0028089887640449437	-0.00909090909090909
USP3	histone_write	0	0.0	0	0.0	1	0.00909090909090909	0.0	-0.00909090909090909	0	0.0	0	0.0	1	0.00909090909090909	0.0	-0.00909090909090909
USP46	histone_erase	0	0.0	1	0.0028089887640449437	0	0.0	-0.0028089887640449437	0.0	0	0.0	1	0.0028089887640449437	0	0.0	-0.0028089887640449437	0.0
USP7	dna_modification	0	0.0	2	0.0056179775280898875	0	0.0	-0.0056179775280898875	0.0	0	0.0	2	0.0056179775280898875	0	0.0	-0.0056179775280898875	0.0
VPS72	histone_write	0	0.0	1	0.0028089887640449437	0	0.0	-0.0028089887640449437	0.0	0	0.0	1	0.0028089887640449437	0	0.0	-0.0028089887640449437	0.0
VRK1	histone_write	0	0.0	0	0.0	1	0.00909090909090909	0.0	-0.00909090909090909	0	0.0	0	0.0	1	0.00909090909090909	0.0	-0.00909090909090909
WDR5	histone_read	0	0.0	3	0.008426966292134831	0	0.0	-0.008426966292134831	0.0	0	0.0	2	0.0056179775280898875	0	0.0	-0.0056179775280898875	0.0
WDR77	histone_write	0	0.0	6	0.016853932584269662	2	0.01818181818181818	-0.016853932584269662	-0.01818181818181818	0	0.0	6	0.016853932584269662	2	0.01818181818181818	-0.016853932584269662	-0.01818181818181818
WDR82	histone_write	0	0.0	1	0.0028089887640449437	1	0.00909090909090909	-0.0028089887640449437	-0.00909090909090909	0	0.0	1	0.0028089887640449437	1	0.00909090909090909	-0.0028089887640449437	-0.00909090909090909
YAF2	chromatin_remodeling	0	0.0	1	0.0028089887640449437	0	0.0	-0.0028089887640449437	0.0	0	0.0	1	0.0028089887640449437	0	0.0	-0.0028089887640449437	0.0
YEATS4	histone_write	0	0.0	1	0.0028089887640449437	0	0.0	-0.0028089887640449437	0.0	0	0.0	1	0.0028089887640449437	0	0.0	-0.0028089887640449437	0.0
YWHAB	histone_erase	0	0.0	2	0.0056179775280898875	0	0.0	-0.0056179775280898875	0.0	0	0.0	2	0.0056179775280898875	0	0.0	-0.0056179775280898875	0.0
YY1	chromatin_remodeling	0	0.0	1	0.0028089887640449437	0	0.0	-0.0028089887640449437	0.0	0	0.0	1	0.0028089887640449437	0	0.0	-0.0028089887640449437	0.0
ZBTB16	histone_erase	0	0.0	3	0.008426966292134831	0	0.0	-0.008426966292134831	0.0	0	0.0	3	0.008426966292134831	0	0.0	-0.008426966292134831	0.0
ZBTB7C	histone_other	0	0.0	6	0.016853932584269662	3	0.02727272727272727	-0.016853932584269662	-0.02727272727272727	0	0.0	6	0.016853932584269662	3	0.02727272727272727	-0.016853932584269662	-0.02727272727272727
ZC3H13	rna_modification	0	0.0	3	0.008426966292134831	3	0.02727272727272727	-0.008426966292134831	-0.02727272727272727	0	0.0	3	0.008426966292134831	3	0.02727272727272727	-0.008426966292134831	-0.02727272727272727
ZHX1	chromatin_remodeling	0	0.0	3	0.008426966292134831	0	0.0	-0.008426966292134831	0.0	0	0.0	3	0.008426966292134831	0	0.0	-0.008426966292134831	0.0
ZMYM2	histone_erase	0	0.0	5	0.014044943820224719	2	0.01818181818181818	-0.014044943820224719	-0.01818181818181818	0	0.0	5	0.014044943820224719	2	0.01818181818181818	-0.014044943820224719	-0.01818181818181818
ZNF711	histone_erase	0	0.0	2	0.0056179775280898875	0	0.0	-0.0056179775280898875	0.0	0	0.0	2	0.0056179775280898875	0	0.0	-0.0056179775280898875	0.0
ZNHIT1	chromatin_remodeling	0	0.0	3	0.008426966292134831	1	0.00909090909090909	-0.008426966292134831	-0.00909090909090909	0	0.0	3	0.008426966292134831	1	0.00909090909090909	-0.008426966292134831	-0.00909090909090909
