gene	class	priority	epifactors_function	modification	target	complex_name	source	match_rule
AICDA	dna_modification	1	DNA modification	DNA demethylation	DNA	APOB_mRNA_editosome	EpiGenes_main.xlsx	full EpiFactors library (all HGNC symbols)
ALKBH1	dna_modification	1	RNA modification, DNA modification	DNA demethylation, RNA demethylation	DNA, RNA	#	EpiGenes_main.xlsx	full EpiFactors library (all HGNC symbols)
ALKBH4	dna_modification	1	DNA modification	DNA demethylation	DNA	#	EpiGenes_main.xlsx	full EpiFactors library (all HGNC symbols)
APEX1	dna_modification	1	DNA modification cofactor	DNA demethylation	DNA	#	EpiGenes_main.xlsx	full EpiFactors library (all HGNC symbols)
APOBEC1	dna_modification	1	DNA modification, RNA modification	DNA demethylation, mRNA editing	DNA, RNA	APOB_mRNA_editosome	EpiGenes_main.xlsx	full EpiFactors library (all HGNC symbols)
APOBEC2	dna_modification	1	DNA modification, RNA modification	DNA demethylation, mRNA editing	DNA, RNA	#	EpiGenes_main.xlsx	full EpiFactors library (all HGNC symbols)
APOBEC3A	dna_modification	1	DNA modification, RNA modification	DNA demethylation, mRNA editing	DNA, RNA	#	EpiGenes_main.xlsx	full EpiFactors library (all HGNC symbols)
APOBEC3B	dna_modification	1	DNA modification, RNA modification	DNA demethylation, mRNA editing	DNA, RNA	#	EpiGenes_main.xlsx	full EpiFactors library (all HGNC symbols)
APOBEC3C	dna_modification	1	DNA modification, RNA modification	DNA demethylation, mRNA editing	DNA, RNA	#	EpiGenes_main.xlsx	full EpiFactors library (all HGNC symbols)
APOBEC3D	dna_modification	1	DNA modification, RNA modification	DNA demethylation, mRNA editing	DNA, RNA	#	EpiGenes_main.xlsx	full EpiFactors library (all HGNC symbols)
APOBEC3F	dna_modification	1	DNA modification, RNA modification	DNA demethylation, mRNA editing	DNA, RNA	APOB_mRNA_editosome	EpiGenes_main.xlsx	full EpiFactors library (all HGNC symbols)
APOBEC3G	dna_modification	1	DNA modification, RNA modification	DNA demethylation, mRNA editing	DNA, RNA	APOB_mRNA_editosome	EpiGenes_main.xlsx	full EpiFactors library (all HGNC symbols)
APOBEC3H	dna_modification	1	DNA modification, RNA modification	DNA demethylation, mRNA editing	DNA, RNA	APOB_mRNA_editosome	EpiGenes_main.xlsx	full EpiFactors library (all HGNC symbols)
CENPC	dna_modification	1	DNA modification	DNA methylation	DNA	#	EpiGenes_main.xlsx	full EpiFactors library (all HGNC symbols)
CUL5	dna_modification	1	DNA modification cofactor	DNA methylation	DNA	#	EpiGenes_main.xlsx	full EpiFactors library (all HGNC symbols)
DNMT1	dna_modification	1	DNA modification	DNA methylation	DNA	#	EpiGenes_main.xlsx	full EpiFactors library (all HGNC symbols)
DNMT3A	dna_modification	1	DNA modification	DNA methylation	DNA	#	EpiGenes_main.xlsx	full EpiFactors library (all HGNC symbols)
DNMT3B	dna_modification	1	DNA modification	DNA methylation	DNA	#	EpiGenes_main.xlsx	full EpiFactors library (all HGNC symbols)
MBD4	dna_modification	1	DNA modification	#	DNA	#	EpiGenes_main.xlsx	full EpiFactors library (all HGNC symbols)
METTL4	dna_modification	1	RNA modification, DNA modification	RNA methylation, DNA methylation	DNA, RNA	#	EpiGenes_main.xlsx	full EpiFactors library (all HGNC symbols)
PRDM14	dna_modification	1	DNA modification	DNA demethylation	DNA	#	EpiGenes_main.xlsx	full EpiFactors library (all HGNC symbols)
RMI1	dna_modification	1	DNA modification	#	DNA	#	EpiGenes_main.xlsx	full EpiFactors library (all HGNC symbols)
TDG	dna_modification	1	DNA modification	DNA hydroxymethylation	DNA	#	EpiGenes_main.xlsx	full EpiFactors library (all HGNC symbols)
TET1	dna_modification	1	DNA modification	DNA hydroxymethylation	DNA	#	EpiGenes_main.xlsx	full EpiFactors library (all HGNC symbols)
TET2	dna_modification	1	DNA modification	DNA hydroxymethylation	DNA	#	EpiGenes_main.xlsx	full EpiFactors library (all HGNC symbols)
TET3	dna_modification	1	DNA modification	DNA hydroxymethylation	DNA	#	EpiGenes_main.xlsx	full EpiFactors library (all HGNC symbols)
TFPT	dna_modification	1	Chromatin remodeling cofactor, DNA modification	DNA hydroxymethylation	chromatin	Ino80	EpiGenes_main.xlsx	full EpiFactors library (all HGNC symbols)
UBR7	dna_modification	1	DNA modification cofactor	DNA methylation	DNA	#	EpiGenes_main.xlsx	full EpiFactors library (all HGNC symbols)
USP7	dna_modification	1	Histone modification erase, DNA modification cofactor	Histone ubiquitination, DNA methylation	histone, DNA	BCOR	EpiGenes_main.xlsx	full EpiFactors library (all HGNC symbols)
ACTB	chromatin_remodeling	2	Chromatin remodeling cofactor	#	chromatin	BAF, nBAF, npBAF, PBAF, SWI/SNF-like EPAFB, bBAF, SWI/SNF BRM-BRG1, NuA4, NuA4-related complex	EpiGenes_main.xlsx	full EpiFactors library (all HGNC symbols)
ACTL6A	chromatin_remodeling	2	Chromatin remodeling cofactor	#	chromatin	BAF, npBAF, PBAF, SWI/SNF_Brg1(I), SWI/SNF_Brg1(II), SWI/SNF_Brm, SWI/SNF-like_EPAFa, WINAC, SWI/SNF-like EPAFB, SWI/SNF BRM-BRG1, Ino80, NuA4, NuA4-related complex, SRCAP	EpiGenes_main.xlsx	full EpiFactors library (all HGNC symbols)
ACTL6B	chromatin_remodeling	2	Chromatin remodeling cofactor	#	chromatin	BAF, nBAF, PBAF, SWI/SNF_Brg1(I), SWI/SNF_Brg1(II), SWI/SNF_Brm, SWI/SNF BRM-BRG1	EpiGenes_main.xlsx	full EpiFactors library (all HGNC symbols)
ACTR3B	chromatin_remodeling	2	Chromatin remodeling	#	histone	#	EpiGenes_main.xlsx	full EpiFactors library (all HGNC symbols)
ACTR5	chromatin_remodeling	2	Chromatin remodeling	#	chromatin	Ino80	EpiGenes_main.xlsx	full EpiFactors library (all HGNC symbols)
ACTR6	chromatin_remodeling	2	Chromatin remodeling cofactor	#	chromatin	SRCAP	EpiGenes_main.xlsx	full EpiFactors library (all HGNC symbols)
ADNP	chromatin_remodeling	2	Chromatin remodeling cofactor	#	chromatin	#	EpiGenes_main.xlsx	full EpiFactors library (all HGNC symbols)
ANP32A	chromatin_remodeling	2	Chromatin remodeling cofactor	#	chromatin	#	EpiGenes_main.xlsx	full EpiFactors library (all HGNC symbols)
ARID1A	chromatin_remodeling	2	Chromatin remodeling cofactor	#	DNA	BAF, nBAF, npBAF, PBAF, SWI/SNF_Brg1(I), SWI/SNF_Brg1(II), SWI/SNF_Brm, WINAC, bBAF, SWI/SNF BRM-BRG1	EpiGenes_main.xlsx	full EpiFactors library (all HGNC symbols)
ARID2	chromatin_remodeling	2	Chromatin remodeling cofactor	#	DNA	PBAF	EpiGenes_main.xlsx	full EpiFactors library (all HGNC symbols)
ATAD2	chromatin_remodeling	2	Chromatin remodeling	#	chromatin	#	EpiGenes_main.xlsx	full EpiFactors library (all HGNC symbols)
ATRX	chromatin_remodeling	2	Chromatin remodeling	#	histone	#	EpiGenes_main.xlsx	full EpiFactors library (all HGNC symbols)
BAHD1	chromatin_remodeling	2	Chromatin remodeling	#	histone	#	EpiGenes_main.xlsx	full EpiFactors library (all HGNC symbols)
BAZ2A	chromatin_remodeling	2	Chromatin remodeling, Histone modification erase	Histone deacetylation	histone, DNA	NoRC	EpiGenes_main.xlsx	full EpiFactors library (all HGNC symbols)
BPTF	chromatin_remodeling	2	Chromatin remodeling	#	chromatin	NuRF	EpiGenes_main.xlsx	full EpiFactors library (all HGNC symbols)
BRMS1	chromatin_remodeling	2	Chromatin remodeling	#	chromatin	mSin3A	EpiGenes_main.xlsx	full EpiFactors library (all HGNC symbols)
CDC6	chromatin_remodeling	2	Chromatin remodeling	#	chromatin	#	EpiGenes_main.xlsx	full EpiFactors library (all HGNC symbols)
CHAF1A	chromatin_remodeling	2	Chromatin remodeling	#	histone	CAF-1	EpiGenes_main.xlsx	full EpiFactors library (all HGNC symbols)
CHAF1B	chromatin_remodeling	2	Chromatin remodeling	#	histone	WINAC, CAF-1	EpiGenes_main.xlsx	full EpiFactors library (all HGNC symbols)
CHD1	chromatin_remodeling	2	Chromatin remodeling	#	DNA	#	EpiGenes_main.xlsx	full EpiFactors library (all HGNC symbols)
CHD1L	chromatin_remodeling	2	Chromatin remodeling	#	DNA	#	EpiGenes_main.xlsx	full EpiFactors library (all HGNC symbols)
CHD2	chromatin_remodeling	2	Chromatin remodeling	#	DNA	#	EpiGenes_main.xlsx	full EpiFactors library (all HGNC symbols)
CHD3	chromatin_remodeling	2	Chromatin remodeling	#	DNA	NuRD	EpiGenes_main.xlsx	full EpiFactors library (all HGNC symbols)
CHD4	chromatin_remodeling	2	Chromatin remodeling	#	DNA	NuRD	EpiGenes_main.xlsx	full EpiFactors library (all HGNC symbols)
CHD5	chromatin_remodeling	2	Chromatin remodeling	#	histone	#	EpiGenes_main.xlsx	full EpiFactors library (all HGNC symbols)
CHD6	chromatin_remodeling	2	Chromatin remodeling	#	chromatin	#	EpiGenes_main.xlsx	full EpiFactors library (all HGNC symbols)
CHD7	chromatin_remodeling	2	Chromatin remodeling	#	chromatin	#	EpiGenes_main.xlsx	full EpiFactors library (all HGNC symbols)
CHD8	chromatin_remodeling	2	Chromatin remodeling	#	chromatin	CHD8, MLL2/3, MLL4/WBP7	EpiGenes_main.xlsx	full EpiFactors library (all HGNC symbols)
CHD9	chromatin_remodeling	2	Chromatin remodeling	#	DNA	#	EpiGenes_main.xlsx	full EpiFactors library (all HGNC symbols)
CTBP1	chromatin_remodeling	2	Chromatin remodeling	#	chromatin	LSD-CoREST	EpiGenes_main.xlsx	full EpiFactors library (all HGNC symbols)
CTCF	chromatin_remodeling	2	Chromatin remodeling, TF	TF activator	DNA	#	EpiGenes_main.xlsx	full EpiFactors library (all HGNC symbols)
CTCFL	chromatin_remodeling	2	Chromatin remodeling	#	DNA	#	EpiGenes_main.xlsx	full EpiFactors library (all HGNC symbols)
CUL1	chromatin_remodeling	2	Chromatin remodeling cofactor	#	histone	#	EpiGenes_main.xlsx	full EpiFactors library (all HGNC symbols)
CUL2	chromatin_remodeling	2	Chromatin remodeling cofactor	#	chromatin	#	EpiGenes_main.xlsx	full EpiFactors library (all HGNC symbols)
CXXC1	chromatin_remodeling	2	Chromatin remodeling, TF	#	DNA	COMPASS	EpiGenes_main.xlsx	full EpiFactors library (all HGNC symbols)
DEK	chromatin_remodeling	2	Chromatin remodeling	#	histone	B-WICH	EpiGenes_main.xlsx	full EpiFactors library (all HGNC symbols)
DMAP1	chromatin_remodeling	2	Chromatin remodeling	#	chromatin	NuA4, NuA4-related complex, SRCAP	EpiGenes_main.xlsx	full EpiFactors library (all HGNC symbols)
DNTTIP2	chromatin_remodeling	2	Chromatin remodeling	#	histone	#	EpiGenes_main.xlsx	full EpiFactors library (all HGNC symbols)
DPF1	chromatin_remodeling	2	Chromatin remodeling cofactor	#	chromatin	nBAF, SWI/SNF BRM-BRG1	EpiGenes_main.xlsx	full EpiFactors library (all HGNC symbols)
DPF2	chromatin_remodeling	2	Chromatin remodeling	#	histone, DNA	SWI/SNF BRM-BRG1	EpiGenes_main.xlsx	full EpiFactors library (all HGNC symbols)
DPF3	chromatin_remodeling	2	Chromatin remodeling	#	histone	BAF, nBAF, SWI/SNF BRM-BRG1	EpiGenes_main.xlsx	full EpiFactors library (all HGNC symbols)
EP400	chromatin_remodeling	2	Chromatin remodeling, Histone modification write	Histone acetylation	histone	SWR, NuA4, NuA4-related complex	EpiGenes_main.xlsx	full EpiFactors library (all HGNC symbols)
EPC2	chromatin_remodeling	2	Chromatin remodeling	#	chromatin	#	EpiGenes_main.xlsx	full EpiFactors library (all HGNC symbols)
ERCC6	chromatin_remodeling	2	Chromatin remodeling	#	chromatin	B-WICH	EpiGenes_main.xlsx	full EpiFactors library (all HGNC symbols)
FOXA1	chromatin_remodeling	2	Chromatin remodeling, TF	#	chromatin, DNA	#	EpiGenes_main.xlsx	full EpiFactors library (all HGNC symbols)
GADD45A	chromatin_remodeling	2	Chromatin remodeling	#	histone	#	EpiGenes_main.xlsx	full EpiFactors library (all HGNC symbols)
GADD45B	chromatin_remodeling	2	Chromatin remodeling	#	histone	#	EpiGenes_main.xlsx	full EpiFactors library (all HGNC symbols)
GADD45G	chromatin_remodeling	2	Chromatin remodeling	#	histone	#	EpiGenes_main.xlsx	full EpiFactors library (all HGNC symbols)
GFI1	chromatin_remodeling	2	Chromatin remodeling	#	#	#	EpiGenes_main.xlsx	full EpiFactors library (all HGNC symbols)
HCFC1	chromatin_remodeling	2	Chromatin remodeling	#	chromatin	NSL, COMPASS, MLL-HCF, CHD8, MLL2/3, COMPASS-like MLL1,2, MLL4/WBP7	EpiGenes_main.xlsx	full EpiFactors library (all HGNC symbols)
HDGF	chromatin_remodeling	2	Chromatin remodeling, TF	TF repressor	DNA	#	EpiGenes_main.xlsx	full EpiFactors library (all HGNC symbols)
HELLS	chromatin_remodeling	2	Chromatin remodeling	#	chromatin	#	EpiGenes_main.xlsx	full EpiFactors library (all HGNC symbols)
HLTF	chromatin_remodeling	2	Chromatin remodeling cofactor	#	chromatin	#	EpiGenes_main.xlsx	full EpiFactors library (all HGNC symbols)
HMG20A	chromatin_remodeling	2	Chromatin remodeling cofactor	#	histone	LSD-CoREST	EpiGenes_main.xlsx	full EpiFactors library (all HGNC symbols)
HMG20B	chromatin_remodeling	2	Chromatin remodeling	#	DNA	BHC, LSD-CoREST	EpiGenes_main.xlsx	full EpiFactors library (all HGNC symbols)
HMGB1	chromatin_remodeling	2	Chromatin remodeling	#	chromatin	#	EpiGenes_main.xlsx	full EpiFactors library (all HGNC symbols)
HMGN1	chromatin_remodeling	2	Chromatin remodeling	#	histone	#	EpiGenes_main.xlsx	full EpiFactors library (all HGNC symbols)
HMGN2	chromatin_remodeling	2	Chromatin remodeling	#	histone	#	EpiGenes_main.xlsx	full EpiFactors library (all HGNC symbols)
HMGN3	chromatin_remodeling	2	Chromatin remodeling	#	histone	#	EpiGenes_main.xlsx	full EpiFactors library (all HGNC symbols)
HMGN4	chromatin_remodeling	2	Chromatin remodeling	#	histone	#	EpiGenes_main.xlsx	full EpiFactors library (all HGNC symbols)
HMGN5	chromatin_remodeling	2	Chromatin remodeling	#	histone	#	EpiGenes_main.xlsx	full EpiFactors library (all HGNC symbols)
HP1BP3	chromatin_remodeling	2	Chromatin remodeling	#	chromatin	#	EpiGenes_main.xlsx	full EpiFactors library (all HGNC symbols)
IKZF1	chromatin_remodeling	2	Chromatin remodeling, TF	#	DNA	#	EpiGenes_main.xlsx	full EpiFactors library (all HGNC symbols)
ING3	chromatin_remodeling	2	Chromatin remodeling, Histone modification write cofactor	Histone acetylation	histone	SWR, NuA4, Piccolo_NuA4	EpiGenes_main.xlsx	full EpiFactors library (all HGNC symbols)
INO80	chromatin_remodeling	2	Chromatin remodeling	#	DNA	Ino80	EpiGenes_main.xlsx	full EpiFactors library (all HGNC symbols)
INO80B	chromatin_remodeling	2	Chromatin remodeling cofactor	#	chromatin	Ino80	EpiGenes_main.xlsx	full EpiFactors library (all HGNC symbols)
INO80C	chromatin_remodeling	2	Chromatin remodeling cofactor	#	chromatin	Ino80, CHD8, MLL2/3, MLL4/WBP7	EpiGenes_main.xlsx	full EpiFactors library (all HGNC symbols)
INO80D	chromatin_remodeling	2	Chromatin remodeling cofactor	#	chromatin	Ino80	EpiGenes_main.xlsx	full EpiFactors library (all HGNC symbols)
INO80E	chromatin_remodeling	2	Chromatin remodeling cofactor	#	chromatin	#	EpiGenes_main.xlsx	full EpiFactors library (all HGNC symbols)
JDP2	chromatin_remodeling	2	Chromatin remodeling, Histone modification erase cofactor	Histone acetylation	DNA	#	EpiGenes_main.xlsx	full EpiFactors library (all HGNC symbols)
KEAP1	chromatin_remodeling	2	Chromatin remodeling	#	chromatin	#	EpiGenes_main.xlsx	full EpiFactors library (all HGNC symbols)
LRWD1	chromatin_remodeling	2	Chromatin remodeling	#	histone, DNA	#	EpiGenes_main.xlsx	full EpiFactors library (all HGNC symbols)
MAPKAPK3	chromatin_remodeling	2	Chromatin remodeling	#	chromatin	#	EpiGenes_main.xlsx	full EpiFactors library (all HGNC symbols)
MAZ	chromatin_remodeling	2	Chromatin remodeling	#	chromatin	#	EpiGenes_main.xlsx	full EpiFactors library (all HGNC symbols)
MBD5	chromatin_remodeling	2	Chromatin remodeling	#	chromatin	#	EpiGenes_main.xlsx	full EpiFactors library (all HGNC symbols)
MBD6	chromatin_remodeling	2	Chromatin remodeling	#	chromatin	#	EpiGenes_main.xlsx	full EpiFactors library (all HGNC symbols)
MIS18A	chromatin_remodeling	2	Chromatin remodeling	#	histone	Mis18	EpiGenes_main.xlsx	full EpiFactors library (all HGNC symbols)
MIS18BP1	chromatin_remodeling	2	Chromatin remodeling	#	histone	Mis18	EpiGenes_main.xlsx	full EpiFactors library (all HGNC symbols)
MLLT1	chromatin_remodeling	2	Chromatin remodeling cofactor	#	chromatin	SWI/SNF-like_EPAFa, SWI/SNF-like EPAFB	EpiGenes_main.xlsx	full EpiFactors library (all HGNC symbols)
MTA1	chromatin_remodeling	2	Chromatin remodeling cofactor	#	chromatin	NuRD	EpiGenes_main.xlsx	full EpiFactors library (all HGNC symbols)
MTA3	chromatin_remodeling	2	Chromatin remodeling cofactor	#	chromatin	NuRD	EpiGenes_main.xlsx	full EpiFactors library (all HGNC symbols)
MYBBP1A	chromatin_remodeling	2	Chromatin remodeling cofactor	#	chromatin	B-WICH	EpiGenes_main.xlsx	full EpiFactors library (all HGNC symbols)
MYO1C	chromatin_remodeling	2	Chromatin remodeling cofactor	#	chromatin	B-WICH	EpiGenes_main.xlsx	full EpiFactors library (all HGNC symbols)
NASP	chromatin_remodeling	2	Chromatin remodeling	#	histone	#	EpiGenes_main.xlsx	full EpiFactors library (all HGNC symbols)
NBN	chromatin_remodeling	2	Chromatin remodeling	#	histone	#	EpiGenes_main.xlsx	full EpiFactors library (all HGNC symbols)
NCOA2	chromatin_remodeling	2	Chromatin remodeling cofactor	#	chromatin	#	EpiGenes_main.xlsx	full EpiFactors library (all HGNC symbols)
NFRKB	chromatin_remodeling	2	Chromatin remodeling cofactor, TF	#	DNA	Ino80	EpiGenes_main.xlsx	full EpiFactors library (all HGNC symbols)
NFYB	chromatin_remodeling	2	Chromatin remodeling, TF	TF activator	DNA	#	EpiGenes_main.xlsx	full EpiFactors library (all HGNC symbols)
NOC2L	chromatin_remodeling	2	Chromatin remodeling, TF	TF repressor	histone	#	EpiGenes_main.xlsx	full EpiFactors library (all HGNC symbols)
NPAS2	chromatin_remodeling	2	Chromatin remodeling, TF	TF activator	DNA	#	EpiGenes_main.xlsx	full EpiFactors library (all HGNC symbols)
OIP5	chromatin_remodeling	2	Chromatin remodeling	#	histone	Mis18	EpiGenes_main.xlsx	full EpiFactors library (all HGNC symbols)
PARG	chromatin_remodeling	2	Chromatin remodeling	#	histone	#	EpiGenes_main.xlsx	full EpiFactors library (all HGNC symbols)
PARP1	chromatin_remodeling	2	Chromatin remodeling	#	histone	#	EpiGenes_main.xlsx	full EpiFactors library (all HGNC symbols)
PARP2	chromatin_remodeling	2	Chromatin remodeling cofactor	#	#	#	EpiGenes_main.xlsx	full EpiFactors library (all HGNC symbols)
PCNA	chromatin_remodeling	2	Chromatin remodeling	#	histone	#	EpiGenes_main.xlsx	full EpiFactors library (all HGNC symbols)
PHF10	chromatin_remodeling	2	Chromatin remodeling	#	chromatin	npBAF, SWI/SNF BRM-BRG1	EpiGenes_main.xlsx	full EpiFactors library (all HGNC symbols)
PHF19	chromatin_remodeling	2	Chromatin remodeling, Histone modification write cofactor	Histone acetylation	histone	PRC2	EpiGenes_main.xlsx	full EpiFactors library (all HGNC symbols)
PIWIL4	chromatin_remodeling	2	Chromatin remodeling, Histone modification erase cofactor	Histone methylation	histone	#	EpiGenes_main.xlsx	full EpiFactors library (all HGNC symbols)
PPM1G	chromatin_remodeling	2	Chromatin remodeling	#	chromatin	#	EpiGenes_main.xlsx	full EpiFactors library (all HGNC symbols)
PSIP1	chromatin_remodeling	2	Chromatin remodeling	#	chromatin	#	EpiGenes_main.xlsx	full EpiFactors library (all HGNC symbols)
RAD54B	chromatin_remodeling	2	Chromatin remodeling	#	chromatin	#	EpiGenes_main.xlsx	full EpiFactors library (all HGNC symbols)
RAD54L	chromatin_remodeling	2	Chromatin remodeling	#	chromatin	#	EpiGenes_main.xlsx	full EpiFactors library (all HGNC symbols)
RAD54L2	chromatin_remodeling	2	Chromatin remodeling	#	chromatin	#	EpiGenes_main.xlsx	full EpiFactors library (all HGNC symbols)
RAI1	chromatin_remodeling	2	Chromatin remodeling	#	chromatin	#	EpiGenes_main.xlsx	full EpiFactors library (all HGNC symbols)
RB1	chromatin_remodeling	2	Chromatin remodeling, Histone modification write	Histone ubiquitination	histone	CREST-BRG1, L3MBTL1	EpiGenes_main.xlsx	full EpiFactors library (all HGNC symbols)
RCC1	chromatin_remodeling	2	Chromatin remodeling	#	histone	#	EpiGenes_main.xlsx	full EpiFactors library (all HGNC symbols)
RUVBL1	chromatin_remodeling	2	Chromatin remodeling, Histone modification write	Histone phosphorylation	chromatin	Ino80, SWR, NuA4, NuA4-related complex, CHD8, MLL2/3, MLL4/WBP7, SRCAP	EpiGenes_main.xlsx	full EpiFactors library (all HGNC symbols)
RUVBL2	chromatin_remodeling	2	Chromatin remodeling cofactor	#	chromatin	Ino80, SWR, NuA4, NuA4-related complex, CHD8, MLL2/3, MLL4/WBP7, SRCAP	EpiGenes_main.xlsx	full EpiFactors library (all HGNC symbols)
SAFB	chromatin_remodeling	2	Chromatin remodeling	#	chromatin	#	EpiGenes_main.xlsx	full EpiFactors library (all HGNC symbols)
SATB1	chromatin_remodeling	2	Chromatin remodeling cofactor	#	chromatin	#	EpiGenes_main.xlsx	full EpiFactors library (all HGNC symbols)
SATB2	chromatin_remodeling	2	Chromatin remodeling cofactor	#	chromatin	#	EpiGenes_main.xlsx	full EpiFactors library (all HGNC symbols)
SETD6	chromatin_remodeling	2	Chromatin remodeling, Histone modification write	Histone methylation	histone	#	EpiGenes_main.xlsx	full EpiFactors library (all HGNC symbols)
SFPQ	chromatin_remodeling	2	Chromatin remodeling cofactor, RNA modification, TF	TF repressor	DNA, RNA	#	EpiGenes_main.xlsx	full EpiFactors library (all HGNC symbols)
SMARCA1	chromatin_remodeling	2	Chromatin remodeling, Histone modification erase	Histone acetylation	chromatin	NuRF, CERF, CERF	EpiGenes_main.xlsx	full EpiFactors library (all HGNC symbols)
SMARCA5	chromatin_remodeling	2	Chromatin remodeling	#	chromatin	ACF, B-WICH, RSF, CHRAC, NoRC	EpiGenes_main.xlsx	full EpiFactors library (all HGNC symbols)
SMARCAD1	chromatin_remodeling	2	Chromatin remodeling	#	chromatin	#	EpiGenes_main.xlsx	full EpiFactors library (all HGNC symbols)
SMARCAL1	chromatin_remodeling	2	Chromatin remodeling	#	chromatin	#	EpiGenes_main.xlsx	full EpiFactors library (all HGNC symbols)
SMARCC1	chromatin_remodeling	2	Chromatin remodeling cofactor	#	chromatin	BAF, nBAF, npBAF, PBAF, SWI/SNF_Brg1(I), SWI/SNF_Brg1(II), SWI/SNF_Brm, SWI/SNF-like_EPAFa, WINAC, SWI/SNF-like EPAFB, bBAF, SWI/SNF BRM-BRG1	EpiGenes_main.xlsx	full EpiFactors library (all HGNC symbols)
SMARCC2	chromatin_remodeling	2	Chromatin remodeling cofactor	#	chromatin	BAF, nBAF, npBAF, PBAF, SWI/SNF_Brg1(I), SWI/SNF_Brg1(II), SWI/SNF_Brm, SWI/SNF-like_EPAFa, WINAC, SWI/SNF-like EPAFB, bBAF, SWI/SNF BRM-BRG1	EpiGenes_main.xlsx	full EpiFactors library (all HGNC symbols)
SMARCD1	chromatin_remodeling	2	Chromatin remodeling	#	chromatin	BAF, nBAF, npBAF, PBAF, SWI/SNF_Brg1(I), SWI/SNF_Brm, SWI/SNF-like_EPAFa, WINAC, SWI/SNF-like EPAFB, SWI/SNF BRM-BRG1	EpiGenes_main.xlsx	full EpiFactors library (all HGNC symbols)
SMARCD2	chromatin_remodeling	2	Chromatin remodeling cofactor	#	chromatin	BAF, PBAF, SWI/SNF_Brg1(I), SWI/SNF_Brm, SWI/SNF-like EPAFB, bBAF, SWI/SNF BRM-BRG1	EpiGenes_main.xlsx	full EpiFactors library (all HGNC symbols)
SMARCD3	chromatin_remodeling	2	Chromatin remodeling cofactor	#	chromatin	BAF, nBAF, npBAF, PBAF, SWI/SNF_Brg1(I), SWI/SNF_Brm, SWI/SNF BRM-BRG1	EpiGenes_main.xlsx	full EpiFactors library (all HGNC symbols)
SMARCE1	chromatin_remodeling	2	Chromatin remodeling cofactor	#	chromatin	BAF, nBAF, npBAF, PBAF, SWI/SNF_Brg1(I), SWI/SNF_Brg1(II), SWI/SNF_Brm, SWI/SNF-like_EPAFa, WINAC, SWI/SNF-like EPAFB, bBAF	EpiGenes_main.xlsx	full EpiFactors library (all HGNC symbols)
SP1	chromatin_remodeling	2	Chromatin remodeling, TF	TF activator, TF repressor	DNA	CREST-BRG1	EpiGenes_main.xlsx	full EpiFactors library (all HGNC symbols)
SP100	chromatin_remodeling	2	Chromatin remodeling cofactor	#	chromatin	#	EpiGenes_main.xlsx	full EpiFactors library (all HGNC symbols)
SRCAP	chromatin_remodeling	2	Chromatin remodeling, Histone modification erase	Histone acetylation	histone	NuA4-related complex, SRCAP	EpiGenes_main.xlsx	full EpiFactors library (all HGNC symbols)
SS18L1	chromatin_remodeling	2	Chromatin remodeling	#	chromatin	CREST-BRG1	EpiGenes_main.xlsx	full EpiFactors library (all HGNC symbols)
SS18L2	chromatin_remodeling	2	Chromatin remodeling	#	chromatin	#	EpiGenes_main.xlsx	full EpiFactors library (all HGNC symbols)
SSRP1	chromatin_remodeling	2	Chromatin remodeling	#	histone	FACT	EpiGenes_main.xlsx	full EpiFactors library (all HGNC symbols)
TLE1	chromatin_remodeling	2	Chromatin remodeling, Histone modification cofactor	#	histone	#	EpiGenes_main.xlsx	full EpiFactors library (all HGNC symbols)
TNP1	chromatin_remodeling	2	Chromatin remodeling	#	chromatin	#	EpiGenes_main.xlsx	full EpiFactors library (all HGNC symbols)
TNP2	chromatin_remodeling	2	Chromatin remodeling	#	chromatin	#	EpiGenes_main.xlsx	full EpiFactors library (all HGNC symbols)
TONSL	chromatin_remodeling	2	Chromatin remodeling	#	histone	#	EpiGenes_main.xlsx	full EpiFactors library (all HGNC symbols)
TOP2A	chromatin_remodeling	2	Chromatin remodeling	#	DNA	#	EpiGenes_main.xlsx	full EpiFactors library (all HGNC symbols)
TOP2B	chromatin_remodeling	2	Chromatin remodeling	#	chromatin	WINAC	EpiGenes_main.xlsx	full EpiFactors library (all HGNC symbols)
UBR5	chromatin_remodeling	2	Chromatin remodeling, Histone modification write cofactor	Histone ubiquitination	histone	#	EpiGenes_main.xlsx	full EpiFactors library (all HGNC symbols)
VDR	chromatin_remodeling	2	Chromatin remodeling cofactor, TF	#	histone	#	EpiGenes_main.xlsx	full EpiFactors library (all HGNC symbols)
WHSC1L1	chromatin_remodeling	2	Chromatin remodeling cofactor, TF	#	histone	#	EpiGenes_main.xlsx	full EpiFactors library (all HGNC symbols)
YAF2	chromatin_remodeling	2	Chromatin remodeling cofactor	#	chromatin	BCOR, RING2-L3MBTL2, RING2-FBRS	EpiGenes_main.xlsx	full EpiFactors library (all HGNC symbols)
YY1	chromatin_remodeling	2	Chromatin remodeling cofactor, TF	TF repressor	DNA	Ino80	EpiGenes_main.xlsx	full EpiFactors library (all HGNC symbols)
ZHX1	chromatin_remodeling	2	Chromatin remodeling, Histone modification write cofactor	Histone acetylation, Histone methylation	histone	#	EpiGenes_main.xlsx	full EpiFactors library (all HGNC symbols)
ZNF541	chromatin_remodeling	2	Chromatin remodeling	#	chromatin	#	EpiGenes_main.xlsx	full EpiFactors library (all HGNC symbols)
ZNHIT1	chromatin_remodeling	2	Chromatin remodeling cofactor, Histone modification erase cofactor	Histone acetylation	histone	SRCAP	EpiGenes_main.xlsx	full EpiFactors library (all HGNC symbols)
ZRANB3	chromatin_remodeling	2	Chromatin remodeling, Histone modification read cofactor	Histone methylation	histone	#	EpiGenes_main.xlsx	full EpiFactors library (all HGNC symbols)
ASXL1	polycomb	3	Histone modification erase, Polycomb group (PcG) protein	Histone deubiquitination	histone	PR-DUB	EpiGenes_main.xlsx	full EpiFactors library (all HGNC symbols)
ASXL3	polycomb	3	Scaffold protein, Polycomb group (PcG) protein	#	histone	#	EpiGenes_main.xlsx	full EpiFactors library (all HGNC symbols)
BAP1	polycomb	3	Histone modification erase, Polycomb group (PcG) protein	Histone deubiquitination	histone	PR-DUB	EpiGenes_main.xlsx	full EpiFactors library (all HGNC symbols)
BCOR	polycomb	3	Polycomb group (PcG) protein	#	#	BCOR	EpiGenes_main.xlsx	full EpiFactors library (all HGNC symbols)
BMI1	polycomb	3	Polycomb group (PcG) protein	#	#	PRC1	EpiGenes_main.xlsx	full EpiFactors library (all HGNC symbols)
EED	polycomb	3	Polycomb group (PcG) protein	#	#	PRC2	EpiGenes_main.xlsx	full EpiFactors library (all HGNC symbols)
EPC1	polycomb	3	Polycomb group (PcG) protein	#	histone	NuA4, Piccolo_NuA4, NuA4-related complex	EpiGenes_main.xlsx	full EpiFactors library (all HGNC symbols)
EZH1	polycomb	3	Histone modification write, Polycomb group (PcG) protein	Histone methylation	histone	PRC2	EpiGenes_main.xlsx	full EpiFactors library (all HGNC symbols)
EZH2	polycomb	3	Histone modification write, Polycomb group (PcG) protein	Histone methylation	histone	PRC2	EpiGenes_main.xlsx	full EpiFactors library (all HGNC symbols)
MBTD1	polycomb	3	Polycomb group (PcG) protein	#	histone	#	EpiGenes_main.xlsx	full EpiFactors library (all HGNC symbols)
MTF2	polycomb	3	Polycomb group (PcG) protein	#	histone	PRC2	EpiGenes_main.xlsx	full EpiFactors library (all HGNC symbols)
PARP3	polycomb	3	Polycomb group (PcG) protein	#	#	#	EpiGenes_main.xlsx	full EpiFactors library (all HGNC symbols)
PCGF1	polycomb	3	Polycomb group (PcG) protein	#	#	PRC1, BCOR	EpiGenes_main.xlsx	full EpiFactors library (all HGNC symbols)
PCGF2	polycomb	3	Polycomb group (PcG) protein	#	#	PRC1	EpiGenes_main.xlsx	full EpiFactors library (all HGNC symbols)
PCGF3	polycomb	3	Polycomb group (PcG) protein	#	#	PRC1, RING2-FBRS	EpiGenes_main.xlsx	full EpiFactors library (all HGNC symbols)
PCGF5	polycomb	3	Polycomb group (PcG) protein	#	#	PRC1, RING2-FBRS	EpiGenes_main.xlsx	full EpiFactors library (all HGNC symbols)
PCGF6	polycomb	3	Polycomb group (PcG) protein	#	#	PRC1, RING2-L3MBTL2	EpiGenes_main.xlsx	full EpiFactors library (all HGNC symbols)
PHC1	polycomb	3	Polycomb group (PcG) protein	#	#	PRC1	EpiGenes_main.xlsx	full EpiFactors library (all HGNC symbols)
PHC2	polycomb	3	Polycomb group (PcG) protein	#	#	PRC1	EpiGenes_main.xlsx	full EpiFactors library (all HGNC symbols)
PHC3	polycomb	3	Polycomb group (PcG) protein	#	#	PRC1	EpiGenes_main.xlsx	full EpiFactors library (all HGNC symbols)
PHF1	polycomb	3	Polycomb group (PcG) protein	#	#	PRC2	EpiGenes_main.xlsx	full EpiFactors library (all HGNC symbols)
RING1	polycomb	3	Histone modification write, Polycomb group (PcG) protein	Histone ubiquitination	histone	PRC1, BCOR, RING2-L3MBTL2, RING2-FBRS	EpiGenes_main.xlsx	full EpiFactors library (all HGNC symbols)
RYBP	polycomb	3	Polycomb group (PcG) protein	#	#	BCOR, RING2-L3MBTL2, RING2-FBRS	EpiGenes_main.xlsx	full EpiFactors library (all HGNC symbols)
SCMH1	polycomb	3	Polycomb group (PcG) protein	#	#	PRC1	EpiGenes_main.xlsx	full EpiFactors library (all HGNC symbols)
SCML2	polycomb	3	Polycomb group (PcG) protein	#	#	PRC1	EpiGenes_main.xlsx	full EpiFactors library (all HGNC symbols)
SCML4	polycomb	3	Polycomb group (PcG) protein	#	#	#	EpiGenes_main.xlsx	full EpiFactors library (all HGNC symbols)
SFMBT1	polycomb	3	Polycomb group (PcG) protein	#	histone	SCL	EpiGenes_main.xlsx	full EpiFactors library (all HGNC symbols)
SFMBT2	polycomb	3	Histone modification read, Polycomb group (PcG) protein, TF	TF repressor	histone, DNA	#	EpiGenes_main.xlsx	full EpiFactors library (all HGNC symbols)
SUZ12	polycomb	3	Histone modification write cofactor, Histone modification write cofactor, Polycomb group (PcG) protein, TF	Histone methylation, Histone ubiquitination, TF repressor	DNA	PRC2	EpiGenes_main.xlsx	full EpiFactors library (all HGNC symbols)
ANP32B	histone_chaperone	4	Histone chaperone	#	histone	#	EpiGenes_main.xlsx	full EpiFactors library (all HGNC symbols)
ANP32E	histone_chaperone	4	Histone chaperone, Histone modification read	#	histone	SWR	EpiGenes_main.xlsx	full EpiFactors library (all HGNC symbols)
ASF1A	histone_chaperone	4	Histone chaperone	#	histone	#	EpiGenes_main.xlsx	full EpiFactors library (all HGNC symbols)
ASF1B	histone_chaperone	4	Histone chaperone	#	histone	#	EpiGenes_main.xlsx	full EpiFactors library (all HGNC symbols)
BAZ1A	histone_chaperone	4	Histone chaperone	#	histone	ACF, CHRAC	EpiGenes_main.xlsx	full EpiFactors library (all HGNC symbols)
CHRAC1	histone_chaperone	4	Histone chaperone	#	DNA	CHRAC	EpiGenes_main.xlsx	full EpiFactors library (all HGNC symbols)
DR1	histone_chaperone	4	Histone chaperone	#	histone	ATAC	EpiGenes_main.xlsx	full EpiFactors library (all HGNC symbols)
HJURP	histone_chaperone	4	Histone chaperone	#	histone	#	EpiGenes_main.xlsx	full EpiFactors library (all HGNC symbols)
NAP1L1	histone_chaperone	4	Histone chaperone	#	histone	#	EpiGenes_main.xlsx	full EpiFactors library (all HGNC symbols)
NCL	histone_chaperone	4	Histone chaperone	#	histone, DNA, RNA	#	EpiGenes_main.xlsx	full EpiFactors library (all HGNC symbols)
NPM1	histone_chaperone	4	Histone chaperone	#	histone	#	EpiGenes_main.xlsx	full EpiFactors library (all HGNC symbols)
NPM2	histone_chaperone	4	Histone chaperone	#	histone	#	EpiGenes_main.xlsx	full EpiFactors library (all HGNC symbols)
POLE3	histone_chaperone	4	Histone chaperone	#	histone	CHRAC	EpiGenes_main.xlsx	full EpiFactors library (all HGNC symbols)
RBBP4	histone_chaperone	4	Histone chaperone	#	histone	NuRF, SWI/SNF_Brg1(I), SWI/SNF_Brg1(II), SWI/SNF_Brm, NuRD, mSin3A, core HDAC, mSin3A-like complex, PRC2, CAF-1	EpiGenes_main.xlsx	full EpiFactors library (all HGNC symbols)
RBBP7	histone_chaperone	4	Histone chaperone	#	histone	NuRF, NuRD, mSin3A, core HDAC, mSin3A-like complex, PRC2	EpiGenes_main.xlsx	full EpiFactors library (all HGNC symbols)
SUPT7L	histone_chaperone	4	Histone chaperone	#	histone	TFTC-HAT, STAGA	EpiGenes_main.xlsx	full EpiFactors library (all HGNC symbols)
TADA1	histone_chaperone	4	Histone chaperone	#	histone	STAGA	EpiGenes_main.xlsx	full EpiFactors library (all HGNC symbols)
TAF10	histone_chaperone	4	Histone chaperone, Histone modification write	Histone acetylation	histone	PCAF, TFTC-HAT, SAGA, STAGA	EpiGenes_main.xlsx	full EpiFactors library (all HGNC symbols)
TAF12	histone_chaperone	4	Histone chaperone, Histone modification write	Histone acetylation	histone	PCAF, STAGA	EpiGenes_main.xlsx	full EpiFactors library (all HGNC symbols)
TAF4	histone_chaperone	4	Histone chaperone	#	histone	TFTC-HAT, CHD8, MLL2/3, MLL4/WBP7	EpiGenes_main.xlsx	full EpiFactors library (all HGNC symbols)
TAF6	histone_chaperone	4	Histone chaperone	#	DNA	TFTC-HAT, CHD8, MLL2/3, MLL4/WBP7	EpiGenes_main.xlsx	full EpiFactors library (all HGNC symbols)
TAF6L	histone_chaperone	4	Histone chaperone	#	histone	PCAF, TFTC-HAT, STAGA	EpiGenes_main.xlsx	full EpiFactors library (all HGNC symbols)
TAF8	histone_chaperone	4	Histone chaperone	#	histone	#	EpiGenes_main.xlsx	full EpiFactors library (all HGNC symbols)
TAF9	histone_chaperone	4	Histone chaperone	#	DNA	PCAF, STAGA, CHD8, MLL2/3, MLL4/WBP7	EpiGenes_main.xlsx	full EpiFactors library (all HGNC symbols)
TAF9B	histone_chaperone	4	Histone chaperone	#	histone	TFTC-HAT	EpiGenes_main.xlsx	full EpiFactors library (all HGNC symbols)
YEATS2	histone_chaperone	4	Histone chaperone	#	histone	ATAC	EpiGenes_main.xlsx	full EpiFactors library (all HGNC symbols)
ATN1	histone_erase	5	Histone modification erase cofactor	#	histone	#	EpiGenes_main.xlsx	full EpiFactors library (all HGNC symbols)
ATXN7L3	histone_erase	5	Histone modification erase cofactor	Histone deubiquitination	histone	SAGA	EpiGenes_main.xlsx	full EpiFactors library (all HGNC symbols)
BABAM1	histone_erase	5	Histone modification erase cofactor	Histone deubiquitination	histone	BRISC, BRCA1-A	EpiGenes_main.xlsx	full EpiFactors library (all HGNC symbols)
BCORL1	histone_erase	5	Histone modification erase cofactor	Histone deacetylation	histone	BCOR	EpiGenes_main.xlsx	full EpiFactors library (all HGNC symbols)
BRCC3	histone_erase	5	Histone modification erase	Histone deubiquitination	histone	BRISC, BRCA1-A	EpiGenes_main.xlsx	full EpiFactors library (all HGNC symbols)
BRMS1L	histone_erase	5	Histone modification erase	Histone deacetylation	histone	mSin3A	EpiGenes_main.xlsx	full EpiFactors library (all HGNC symbols)
C14ORF169	histone_erase	5	Histone modification erase	Histone methylation	histone	#	EpiGenes_main.xlsx	full EpiFactors library (all HGNC symbols)
DNAJC1	histone_erase	5	Histone modification write cofactor, Histone modification erase cofactor	Histone acetylation, Histone deacetylation	histone	#	EpiGenes_main.xlsx	full EpiFactors library (all HGNC symbols)
EID2B	histone_erase	5	Histone modification erase cofactor	Histone acetylation	histone	#	EpiGenes_main.xlsx	full EpiFactors library (all HGNC symbols)
ENY2	histone_erase	5	Histone modification erase cofactor	Histone ubiquitination	histone	SAGA	EpiGenes_main.xlsx	full EpiFactors library (all HGNC symbols)
EYA1	histone_erase	5	Histone modification erase	Histone phosphorylation	histone	#	EpiGenes_main.xlsx	full EpiFactors library (all HGNC symbols)
EYA2	histone_erase	5	Histone modification erase	Histone phosphorylation	histone	#	EpiGenes_main.xlsx	full EpiFactors library (all HGNC symbols)
EYA3	histone_erase	5	Histone modification erase	Histone phosphorylation	histone	#	EpiGenes_main.xlsx	full EpiFactors library (all HGNC symbols)
EYA4	histone_erase	5	Histone modification erase	Histone phosphorylation	histone	#	EpiGenes_main.xlsx	full EpiFactors library (all HGNC symbols)
FAM175B	histone_erase	5	Histone modification erase cofactor	Histone ubiquitination	histone	BRISC	EpiGenes_main.xlsx	full EpiFactors library (all HGNC symbols)
GSE1	histone_erase	5	Histone modification erase	Histone acetylation	RNA	BHC, LSD-CoREST	EpiGenes_main.xlsx	full EpiFactors library (all HGNC symbols)
HDAC1	histone_erase	5	Histone modification erase	Histone acetylation	histone	SWI/SNF_Brm, NuRD, BHC, MeCP1, mSin3A, core HDAC, mSin3A-like complex, RING2-L3MBTL2, CREST-BRG1, LSD-CoREST	EpiGenes_main.xlsx	full EpiFactors library (all HGNC symbols)
HDAC10	histone_erase	5	Histone modification erase	Histone acetylation	histone	#	EpiGenes_main.xlsx	full EpiFactors library (all HGNC symbols)
HDAC11	histone_erase	5	Histone modification erase	Histone acetylation	histone	#	EpiGenes_main.xlsx	full EpiFactors library (all HGNC symbols)
HDAC2	histone_erase	5	Histone modification erase	Histone acetylation	histone	SWI/SNF_Brg1(I), SWI/SNF_Brg1(II), SWI/SNF_Brm, NuRD, BHC, MeCP1, mSin3A, core HDAC, mSin3A-like complex, RING2-L3MBTL2, LSD-CoREST	EpiGenes_main.xlsx	full EpiFactors library (all HGNC symbols)
HDAC3	histone_erase	5	Histone modification erase	Histone acetylation	histone	#	EpiGenes_main.xlsx	full EpiFactors library (all HGNC symbols)
HDAC4	histone_erase	5	Histone modification erase	Histone acetylation	histone	#	EpiGenes_main.xlsx	full EpiFactors library (all HGNC symbols)
HDAC5	histone_erase	5	Histone modification erase	Histone acetylation	histone	#	EpiGenes_main.xlsx	full EpiFactors library (all HGNC symbols)
HDAC6	histone_erase	5	Histone modification erase	Histone acetylation	histone	#	EpiGenes_main.xlsx	full EpiFactors library (all HGNC symbols)
HDAC7	histone_erase	5	Histone modification erase	Histone acetylation	histone	#	EpiGenes_main.xlsx	full EpiFactors library (all HGNC symbols)
HDAC8	histone_erase	5	Histone modification erase	Histone acetylation	histone	#	EpiGenes_main.xlsx	full EpiFactors library (all HGNC symbols)
HDAC9	histone_erase	5	Histone modification erase	Histone acetylation	histone	#	EpiGenes_main.xlsx	full EpiFactors library (all HGNC symbols)
HIF1AN	histone_erase	5	Histone modification erase cofactor	Histone acetylation	histone	#	EpiGenes_main.xlsx	full EpiFactors library (all HGNC symbols)
HR	histone_erase	5	Histone modification erase	Histone methylation	histone	#	EpiGenes_main.xlsx	full EpiFactors library (all HGNC symbols)
JMJD1C	histone_erase	5	Histone modification erase	Histone methylation	histone	#	EpiGenes_main.xlsx	full EpiFactors library (all HGNC symbols)
JMJD6	histone_erase	5	Histone modification erase	Histone methylation	histone	#	EpiGenes_main.xlsx	full EpiFactors library (all HGNC symbols)
KDM1A	histone_erase	5	Histone modification erase	Histone methylation	histone	NuRD, BHC, SCL	EpiGenes_main.xlsx	full EpiFactors library (all HGNC symbols)
KDM1B	histone_erase	5	Histone modification erase	Histone methylation	histone	#	EpiGenes_main.xlsx	full EpiFactors library (all HGNC symbols)
KDM2A	histone_erase	5	Histone modification erase	Histone methylation	histone	#	EpiGenes_main.xlsx	full EpiFactors library (all HGNC symbols)
KDM2B	histone_erase	5	Histone modification erase	Histone methylation	histone	BCOR	EpiGenes_main.xlsx	full EpiFactors library (all HGNC symbols)
KDM3A	histone_erase	5	Histone modification erase	Histone methylation	histone	#	EpiGenes_main.xlsx	full EpiFactors library (all HGNC symbols)
KDM3B	histone_erase	5	Histone modification erase	Histone methylation	histone	#	EpiGenes_main.xlsx	full EpiFactors library (all HGNC symbols)
KDM4A	histone_erase	5	Histone modification erase	Histone methylation	histone	#	EpiGenes_main.xlsx	full EpiFactors library (all HGNC symbols)
KDM4B	histone_erase	5	Histone modification erase	Histone methylation	histone	#	EpiGenes_main.xlsx	full EpiFactors library (all HGNC symbols)
KDM4C	histone_erase	5	Histone modification erase	Histone methylation	histone	#	EpiGenes_main.xlsx	full EpiFactors library (all HGNC symbols)
KDM4D	histone_erase	5	Histone modification erase	Histone methylation	histone	#	EpiGenes_main.xlsx	full EpiFactors library (all HGNC symbols)
KDM4E	histone_erase	5	Histone modification erase	Histone methylation	histone	#	EpiGenes_main.xlsx	full EpiFactors library (all HGNC symbols)
KDM5A	histone_erase	5	Histone modification erase	Histone methylation	histone	#	EpiGenes_main.xlsx	full EpiFactors library (all HGNC symbols)
KDM5B	histone_erase	5	Histone modification erase	Histone methylation	histone	#	EpiGenes_main.xlsx	full EpiFactors library (all HGNC symbols)
KDM5C	histone_erase	5	Histone modification erase	Histone methylation	histone	#	EpiGenes_main.xlsx	full EpiFactors library (all HGNC symbols)
KDM5D	histone_erase	5	Histone modification erase	Histone methylation	histone	#	EpiGenes_main.xlsx	full EpiFactors library (all HGNC symbols)
KDM6A	histone_erase	5	Histone modification erase	Histone methylation	histone	CHD8, MLL2/3, MLL4/WBP7, COMPASS-like MLL3,4	EpiGenes_main.xlsx	full EpiFactors library (all HGNC symbols)
KDM6B	histone_erase	5	Histone modification erase	Histone methylation	histone	#	EpiGenes_main.xlsx	full EpiFactors library (all HGNC symbols)
KDM7A	histone_erase	5	Histone modification erase	Histone methylation	histone	#	EpiGenes_main.xlsx	full EpiFactors library (all HGNC symbols)
KDM8	histone_erase	5	Histone modification erase	Histone methylation	histone	#	EpiGenes_main.xlsx	full EpiFactors library (all HGNC symbols)
MBD2	histone_erase	5	Histone modification write cofactor, Histone modification erase cofactor, TF	Histone methylation, Histone acetylation, TF repressor	DNA	NuRD, MeCP1	EpiGenes_main.xlsx	full EpiFactors library (all HGNC symbols)
MBD3	histone_erase	5	Histone modification erase cofactor	Histone acetylation	histone	NuRD	EpiGenes_main.xlsx	full EpiFactors library (all HGNC symbols)
MINA	histone_erase	5	Histone modification erase	Histone methylation	histone	#	EpiGenes_main.xlsx	full EpiFactors library (all HGNC symbols)
MORF4L2	histone_erase	5	Histone modification erase cofactor	Histone acetylation	histone	NuA4	EpiGenes_main.xlsx	full EpiFactors library (all HGNC symbols)
MPND	histone_erase	5	Histone modification erase	Histone ubiquitination	histone	#	EpiGenes_main.xlsx	full EpiFactors library (all HGNC symbols)
MTA2	histone_erase	5	Histone modification erase cofactor	Histone acetylation	histone	NuRD	EpiGenes_main.xlsx	full EpiFactors library (all HGNC symbols)
MYSM1	histone_erase	5	Histone modification erase	Histone ubiquitination	histone	#	EpiGenes_main.xlsx	full EpiFactors library (all HGNC symbols)
NCOR1	histone_erase	5	Histone modification erase cofactor	Histone acetylation	histone	#	EpiGenes_main.xlsx	full EpiFactors library (all HGNC symbols)
NCOR2	histone_erase	5	Histone modification erase cofactor	Histone acetylation	#	#	EpiGenes_main.xlsx	full EpiFactors library (all HGNC symbols)
NIPBL	histone_erase	5	Histone modification erase cofactor	Histone acetylation	#	#	EpiGenes_main.xlsx	full EpiFactors library (all HGNC symbols)
PHF12	histone_erase	5	Histone modification erase cofactor	Histone acetylation	histone	#	EpiGenes_main.xlsx	full EpiFactors library (all HGNC symbols)
PHF2	histone_erase	5	Histone modification erase	Histone methylation	histone	#	EpiGenes_main.xlsx	full EpiFactors library (all HGNC symbols)
PHF21A	histone_erase	5	Histone modification erase cofactor	Histone methylation	histone	BHC, LSD-CoREST	EpiGenes_main.xlsx	full EpiFactors library (all HGNC symbols)
PHF8	histone_erase	5	Histone modification erase	Histone methylation	histone	#	EpiGenes_main.xlsx	full EpiFactors library (all HGNC symbols)
PPP4C	histone_erase	5	Histone modification erase	Histone phosphorylation	histone	PPP4C-PPP4R2-PPP4R3A	EpiGenes_main.xlsx	full EpiFactors library (all HGNC symbols)
RAD51	histone_erase	5	Histone modification erase	Histone ubiquitination	#	BRCC	EpiGenes_main.xlsx	full EpiFactors library (all HGNC symbols)
RCOR1	histone_erase	5	Histone modification erase cofactor, Histone modification erase cofactor	Histone acetylation, Histone methylation	histone	BHC, SCL, LSD-CoREST	EpiGenes_main.xlsx	full EpiFactors library (all HGNC symbols)
RCOR3	histone_erase	5	Histone modification erase cofactor	Histone acetylation	histone	LSD-CoREST	EpiGenes_main.xlsx	full EpiFactors library (all HGNC symbols)
REST	histone_erase	5	Histone modification erase cofactor, TF	Histone acetylation, TF activator, TF repressor	DNA	#	EpiGenes_main.xlsx	full EpiFactors library (all HGNC symbols)
RLIM	histone_erase	5	Histone modification erase cofactor	Histone acetylation	histone	#	EpiGenes_main.xlsx	full EpiFactors library (all HGNC symbols)
SAP130	histone_erase	5	Histone modification erase cofactor	Histone acetylation	histone	#	EpiGenes_main.xlsx	full EpiFactors library (all HGNC symbols)
SAP18	histone_erase	5	Histone modification erase cofactor	Histone acetylation	histone	mSin3A	EpiGenes_main.xlsx	full EpiFactors library (all HGNC symbols)
SAP25	histone_erase	5	Histone modification erase cofactor	Histone acetylation	histone	#	EpiGenes_main.xlsx	full EpiFactors library (all HGNC symbols)
SAP30	histone_erase	5	Histone modification erase cofactor	Histone acetylation	histone	mSin3A, mSin3A-like complex	EpiGenes_main.xlsx	full EpiFactors library (all HGNC symbols)
SAP30L	histone_erase	5	Histone modification erase cofactor	Histone acetylation	histone	#	EpiGenes_main.xlsx	full EpiFactors library (all HGNC symbols)
SENP1	histone_erase	5	Histone modification erase cofactor	Histone sumoylation	histone	#	EpiGenes_main.xlsx	full EpiFactors library (all HGNC symbols)
SENP3	histone_erase	5	Histone modification erase, Histone modification write cofactor	Histone sumoylation, Histone acetylation	histone	CHD8, MLL2/3, MLL4/WBP7	EpiGenes_main.xlsx	full EpiFactors library (all HGNC symbols)
SIN3A	histone_erase	5	Histone modification erase cofactor, TF	Histone acetylation, TF activator, TF repressor	histone, DNA	SWI/SNF_Brg1(I), SWI/SNF_Brm, mSin3A, mSin3A-like complex	EpiGenes_main.xlsx	full EpiFactors library (all HGNC symbols)
SIN3B	histone_erase	5	Histone modification erase cofactor, TF	Histone acetylation, TF repressor	histone, DNA	mSin3A	EpiGenes_main.xlsx	full EpiFactors library (all HGNC symbols)
SIRT1	histone_erase	5	Histone modification erase, Histone modification write cofactor	Histone acetylation, Histone methylation	histone	eNoSc	EpiGenes_main.xlsx	full EpiFactors library (all HGNC symbols)
SIRT2	histone_erase	5	Histone modification erase, Histone modification write cofactor	Histone acetylation, Histone methylation	histone	#	EpiGenes_main.xlsx	full EpiFactors library (all HGNC symbols)
SIRT6	histone_erase	5	Histone modification erase	Histone acetylation	histone	#	EpiGenes_main.xlsx	full EpiFactors library (all HGNC symbols)
SIRT7	histone_erase	5	Histone modification erase	Histone acetylation	histone	B-WICH	EpiGenes_main.xlsx	full EpiFactors library (all HGNC symbols)
SMEK1	histone_erase	5	Histone modification erase cofactor	Histone phosphorylation	histone	PPP4C-PPP4R2-PPP4R3A	EpiGenes_main.xlsx	full EpiFactors library (all HGNC symbols)
SMEK2	histone_erase	5	Histone modification erase cofactor	Histone phosphorylation	histone	#	EpiGenes_main.xlsx	full EpiFactors library (all HGNC symbols)
SMYD4	histone_erase	5	Histone modification erase cofactor	Histone acetylation	#	#	EpiGenes_main.xlsx	full EpiFactors library (all HGNC symbols)
SNAI2	histone_erase	5	Histone modification erase cofactor	#	histone	#	EpiGenes_main.xlsx	full EpiFactors library (all HGNC symbols)
SPEN	histone_erase	5	Histone modification erase cofactor, TF	Histone acetylation, TF activator, TF repressor	histone	#	EpiGenes_main.xlsx	full EpiFactors library (all HGNC symbols)
SUDS3	histone_erase	5	Histone modification erase cofactor	Histone acetylation	histone	mSin3A	EpiGenes_main.xlsx	full EpiFactors library (all HGNC symbols)
SUPT6H	histone_erase	5	Histone modification erase cofactor	Histone methylation	histone	#	EpiGenes_main.xlsx	full EpiFactors library (all HGNC symbols)
TLE4	histone_erase	5	Histone modification erase cofactor, TF	#	histone	#	EpiGenes_main.xlsx	full EpiFactors library (all HGNC symbols)
TRIM27	histone_erase	5	Histone modification erase cofactor	Histone acetylation	#	#	EpiGenes_main.xlsx	full EpiFactors library (all HGNC symbols)
UCHL5	histone_erase	5	Histone modification erase cofactor	Histone ubiquitination	histone	Ino80	EpiGenes_main.xlsx	full EpiFactors library (all HGNC symbols)
USP11	histone_erase	5	Histone modification erase cofactor	Histone ubiquitination	histone	#	EpiGenes_main.xlsx	full EpiFactors library (all HGNC symbols)
USP12	histone_erase	5	Histone modification erase	Histone ubiquitination	histone	#	EpiGenes_main.xlsx	full EpiFactors library (all HGNC symbols)
USP15	histone_erase	5	Histone modification erase	Histone ubiquitination	histone	#	EpiGenes_main.xlsx	full EpiFactors library (all HGNC symbols)
USP16	histone_erase	5	Histone modification erase	Histone ubiquitination	histone	#	EpiGenes_main.xlsx	full EpiFactors library (all HGNC symbols)
USP17L2	histone_erase	5	Histone modification erase cofactor	Histone ubiquitination	histone	#	EpiGenes_main.xlsx	full EpiFactors library (all HGNC symbols)
USP21	histone_erase	5	Histone modification erase	Histone ubiquitination	histone	#	EpiGenes_main.xlsx	full EpiFactors library (all HGNC symbols)
USP44	histone_erase	5	Histone modification erase	Histone ubiquitination	histone	#	EpiGenes_main.xlsx	full EpiFactors library (all HGNC symbols)
USP46	histone_erase	5	Histone modification erase	Histone ubiquitination	histone	#	EpiGenes_main.xlsx	full EpiFactors library (all HGNC symbols)
USP49	histone_erase	5	Histone modification erase	Histone ubiquitination	histone	#	EpiGenes_main.xlsx	full EpiFactors library (all HGNC symbols)
UTY	histone_erase	5	Histone modification erase	Histone ubiquitination	histone	#	EpiGenes_main.xlsx	full EpiFactors library (all HGNC symbols)
YWHAB	histone_erase	5	Histone modification erase cofactor	Histone acetylation	histone	#	EpiGenes_main.xlsx	full EpiFactors library (all HGNC symbols)
YWHAE	histone_erase	5	Histone modification erase cofactor	Histone acetylation	histone	#	EpiGenes_main.xlsx	full EpiFactors library (all HGNC symbols)
ZBTB16	histone_erase	5	Histone modification erase cofactor	Histone acetylation	histone	#	EpiGenes_main.xlsx	full EpiFactors library (all HGNC symbols)
ZBTB33	histone_erase	5	Histone modification write cofactor, Histone modification erase cofactor, TF	Histone acetylation, Histone methylation, TF repressor	DNA	#	EpiGenes_main.xlsx	full EpiFactors library (all HGNC symbols)
ZMYM2	histone_erase	5	Histone modification erase cofactor, TF	Histone acetylation	DNA	BHC, LSD-CoREST	EpiGenes_main.xlsx	full EpiFactors library (all HGNC symbols)
ZMYM3	histone_erase	5	Histone modification erase cofactor	Histone acetylation	DNA	BHC	EpiGenes_main.xlsx	full EpiFactors library (all HGNC symbols)
ZMYND8	histone_erase	5	Histone modification erase cofactor	Histone acetylation	histone	#	EpiGenes_main.xlsx	full EpiFactors library (all HGNC symbols)
ZNF217	histone_erase	5	Histone modification erase cofactor, TF	Histone acetylation, TF repressor	DNA	BHC, LSD-CoREST	EpiGenes_main.xlsx	full EpiFactors library (all HGNC symbols)
ZNF516	histone_erase	5	Histone modification erase cofactor, TF	Histone acetylation, TF repressor	histone, DNA	LSD-CoREST	EpiGenes_main.xlsx	full EpiFactors library (all HGNC symbols)
ZNF532	histone_erase	5	Histone modification erase cofactor	Histone acetylation	histone	#	EpiGenes_main.xlsx	full EpiFactors library (all HGNC symbols)
ZNF592	histone_erase	5	Histone modification erase cofactor	Histone acetylation	histone	#	EpiGenes_main.xlsx	full EpiFactors library (all HGNC symbols)
ZNF687	histone_erase	5	Histone modification erase cofactor	Histone acetylation	histone	#	EpiGenes_main.xlsx	full EpiFactors library (all HGNC symbols)
ZNF711	histone_erase	5	Histone modification erase cofactor	Histone acetylation	histone	#	EpiGenes_main.xlsx	full EpiFactors library (all HGNC symbols)
AEBP2	histone_write	6	Histone modification write cofactor	Histone methylation	DNA	PRC2	EpiGenes_main.xlsx	full EpiFactors library (all HGNC symbols)
ARID1B	histone_write	6	Histone modification write	Histone ubiquitination	histone, DNA	BAF, nBAF, npBAF, PBAF, SWI/SNF-like_EPAFa, SWI/SNF-like EPAFB, SWI/SNF BRM-BRG1	EpiGenes_main.xlsx	full EpiFactors library (all HGNC symbols)
ARID4A	histone_write	6	Histone modification write cofactor	Histone acetylation	DNA	mSin3A	EpiGenes_main.xlsx	full EpiFactors library (all HGNC symbols)
ARID4B	histone_write	6	Histone modification write cofactor	Histone acetylation	DNA	mSin3A	EpiGenes_main.xlsx	full EpiFactors library (all HGNC symbols)
ARNTL	histone_write	6	Histone modification write cofactor, TF	TF activator	histone	#	EpiGenes_main.xlsx	full EpiFactors library (all HGNC symbols)
ASH1L	histone_write	6	Histone modification write	Histone methylation	histone	#	EpiGenes_main.xlsx	full EpiFactors library (all HGNC symbols)
ASH2L	histone_write	6	Histone modification write cofactor	Histone methylation	histone	COMPASS, Menin-associated_HMT, MLL-HCF, CHD8, MLL2/3, COMPASS-like MLL1,2, MLL4/WBP7, COMPASS-like MLL3,4	EpiGenes_main.xlsx	full EpiFactors library (all HGNC symbols)
ATF2	histone_write	6	Histone modification write, TF	Histone acetylation, TF activator	histone, DNA	#	EpiGenes_main.xlsx	full EpiFactors library (all HGNC symbols)
ATF7IP	histone_write	6	Histone modification write cofactor	Histone methylation	histone	#	EpiGenes_main.xlsx	full EpiFactors library (all HGNC symbols)
ATM	histone_write	6	Histone modification write	Histone phosphorylation	histone	#	EpiGenes_main.xlsx	full EpiFactors library (all HGNC symbols)
ATR	histone_write	6	Histone modification write	Histone phosphorylation	histone	#	EpiGenes_main.xlsx	full EpiFactors library (all HGNC symbols)
ATXN7	histone_write	6	Histone modification write cofactor	Histone acetylation	histone	SAGA	EpiGenes_main.xlsx	full EpiFactors library (all HGNC symbols)
AURKA	histone_write	6	Histone modification write	Histone phosphorylation	histone	#	EpiGenes_main.xlsx	full EpiFactors library (all HGNC symbols)
AURKB	histone_write	6	Histone modification write	Histone phosphorylation	histone	#	EpiGenes_main.xlsx	full EpiFactors library (all HGNC symbols)
AURKC	histone_write	6	Histone modification write	Histone phosphorylation	histone	#	EpiGenes_main.xlsx	full EpiFactors library (all HGNC symbols)
BANP	histone_write	6	Histone modification write	Histone acetylation	histone	#	EpiGenes_main.xlsx	full EpiFactors library (all HGNC symbols)
BARD1	histone_write	6	Histone modification write	Histone ubiquitination	histone	BRCC, BRCA1-A	EpiGenes_main.xlsx	full EpiFactors library (all HGNC symbols)
BAZ1B	histone_write	6	Histone modification write	Histone phosphorylation	histone	B-WICH, WINAC	EpiGenes_main.xlsx	full EpiFactors library (all HGNC symbols)
BRCA1	histone_write	6	Histone modification write cofactor, TF	Histone acetylation, Histone methylation, Histone ubiquitination, TF activator, TF repressor	DNA	BRCC, BRCA1-A	EpiGenes_main.xlsx	full EpiFactors library (all HGNC symbols)
BRCA2	histone_write	6	Histone modification write	Histone acetylation	histone, DNA	BRCC	EpiGenes_main.xlsx	full EpiFactors library (all HGNC symbols)
BRE	histone_write	6	Histone modification write cofactor	Histone ubiquitination	histone	BRISC, BRCC, BRCA1-A	EpiGenes_main.xlsx	full EpiFactors library (all HGNC symbols)
BRPF3	histone_write	6	Histone modification write cofactor	Histone acetylation	histone	MOZ/MORF	EpiGenes_main.xlsx	full EpiFactors library (all HGNC symbols)
BUB1	histone_write	6	Histone modification write	Histone phosphorylation	histone	#	EpiGenes_main.xlsx	full EpiFactors library (all HGNC symbols)
C11ORF30	histone_write	6	Histone modification write cofactor	Histone methylation	histone	#	EpiGenes_main.xlsx	full EpiFactors library (all HGNC symbols)
CARM1	histone_write	6	Histone modification write	Histone methylation	histone	#	EpiGenes_main.xlsx	full EpiFactors library (all HGNC symbols)
CDC73	histone_write	6	Histone modification write cofactor	Histone methylation	histone	#	EpiGenes_main.xlsx	full EpiFactors library (all HGNC symbols)
CDK1	histone_write	6	Histone modification write	Histone phosphorylation	histone	#	EpiGenes_main.xlsx	full EpiFactors library (all HGNC symbols)
CDK17	histone_write	6	Histone modification write	Histone phosphorylation	histone	#	EpiGenes_main.xlsx	full EpiFactors library (all HGNC symbols)
CDK2	histone_write	6	Histone modification write	Histone phosphorylation	histone	#	EpiGenes_main.xlsx	full EpiFactors library (all HGNC symbols)
CDK3	histone_write	6	Histone modification write	Histone phosphorylation	histone	#	EpiGenes_main.xlsx	full EpiFactors library (all HGNC symbols)
CDK5	histone_write	6	Histone modification write	Histone phosphorylation	histone	#	EpiGenes_main.xlsx	full EpiFactors library (all HGNC symbols)
CDK7	histone_write	6	Histone modification write	Histone phosphorylation	histone	#	EpiGenes_main.xlsx	full EpiFactors library (all HGNC symbols)
CDY1	histone_write	6	Histone modification write	Histone acetylation	histone	#	EpiGenes_main.xlsx	full EpiFactors library (all HGNC symbols)
CDY1B	histone_write	6	Histone modification write	Histone acetylation	histone	#	EpiGenes_main.xlsx	full EpiFactors library (all HGNC symbols)
CDY2A	histone_write	6	Histone modification write	Histone acetylation	histone	#	EpiGenes_main.xlsx	full EpiFactors library (all HGNC symbols)
CDY2B	histone_write	6	Histone modification write	Histone acetylation	histone	#	EpiGenes_main.xlsx	full EpiFactors library (all HGNC symbols)
CDYL	histone_write	6	Histone modification write	Histone acetylation	histone	#	EpiGenes_main.xlsx	full EpiFactors library (all HGNC symbols)
CHEK1	histone_write	6	Histone modification write	Histone phosphorylation	histone	#	EpiGenes_main.xlsx	full EpiFactors library (all HGNC symbols)
CHUK	histone_write	6	Histone modification write	Histone phosphorylation	histone	#	EpiGenes_main.xlsx	full EpiFactors library (all HGNC symbols)
CIT	histone_write	6	Histone modification write cofactor, Histone modification write cofactor	Histone methylation, Histone phosphorylation	histone	#	EpiGenes_main.xlsx	full EpiFactors library (all HGNC symbols)
CLNS1A	histone_write	6	Histone modification write cofactor	Histone methylation	#	methylosome	EpiGenes_main.xlsx	full EpiFactors library (all HGNC symbols)
CLOCK	histone_write	6	Histone modification write	Histone acetylation	histone	#	EpiGenes_main.xlsx	full EpiFactors library (all HGNC symbols)
CREBBP	histone_write	6	Histone modification write	Histone acetylation	histone	#	EpiGenes_main.xlsx	full EpiFactors library (all HGNC symbols)
CSRP2BP	histone_write	6	Histone modification write	Histone acetylation	histone	ATAC	EpiGenes_main.xlsx	full EpiFactors library (all HGNC symbols)
CTBP2	histone_write	6	Histone modification write cofactor	Histone methylation	histone	#	EpiGenes_main.xlsx	full EpiFactors library (all HGNC symbols)
CUL3	histone_write	6	Histone modification write	Histone ubiquitination	histone	#	EpiGenes_main.xlsx	full EpiFactors library (all HGNC symbols)
CUL4A	histone_write	6	Histone modification write	Histone ubiquitination	histone	#	EpiGenes_main.xlsx	full EpiFactors library (all HGNC symbols)
CUL4B	histone_write	6	Histone modification write	Histone ubiquitination	histone	#	EpiGenes_main.xlsx	full EpiFactors library (all HGNC symbols)
DAPK3	histone_write	6	Histone modification write	Histone phosphorylation	histone	#	EpiGenes_main.xlsx	full EpiFactors library (all HGNC symbols)
DDB1	histone_write	6	Histone modification write	Histone ubiquitination	histone	#	EpiGenes_main.xlsx	full EpiFactors library (all HGNC symbols)
DDB2	histone_write	6	Histone modification write cofactor	Histone ubiquitination	histone	#	EpiGenes_main.xlsx	full EpiFactors library (all HGNC symbols)
DOT1L	histone_write	6	Histone modification write	Histone methylation	histone	#	EpiGenes_main.xlsx	full EpiFactors library (all HGNC symbols)
DPY30	histone_write	6	Histone modification write cofactor	Histone methylation	histone	COMPASS, Menin-associated_HMT, MLL-HCF, CHD8, MLL2/3, COMPASS-like MLL1,2, MLL4/WBP7, COMPASS-like MLL3,4	EpiGenes_main.xlsx	full EpiFactors library (all HGNC symbols)
DTX3L	histone_write	6	Histone modification write	Histone ubiquitination	histone	#	EpiGenes_main.xlsx	full EpiFactors library (all HGNC symbols)
DZIP3	histone_write	6	Histone modification write	Histone ubiquitination	histone, RNA	#	EpiGenes_main.xlsx	full EpiFactors library (all HGNC symbols)
EHMT1	histone_write	6	Histone modification write	Histone methylation	histone	#	EpiGenes_main.xlsx	full EpiFactors library (all HGNC symbols)
EHMT2	histone_write	6	Histone modification write	Histone methylation	histone	#	EpiGenes_main.xlsx	full EpiFactors library (all HGNC symbols)
EID1	histone_write	6	Histone modification write cofactor	Histone acetylation	histone	#	EpiGenes_main.xlsx	full EpiFactors library (all HGNC symbols)
EID2	histone_write	6	Histone modification write cofactor	Histone acetylation	histone	#	EpiGenes_main.xlsx	full EpiFactors library (all HGNC symbols)
ELP2	histone_write	6	Histone modification write cofactor	Histone acetylation	histone	Pol2 elongator	EpiGenes_main.xlsx	full EpiFactors library (all HGNC symbols)
ELP3	histone_write	6	Histone modification write	Histone acetylation	histone	Pol2 elongator	EpiGenes_main.xlsx	full EpiFactors library (all HGNC symbols)
ELP4	histone_write	6	Histone modification write cofactor	Histone acetylation	histone	Pol2 elongator	EpiGenes_main.xlsx	full EpiFactors library (all HGNC symbols)
ELP5	histone_write	6	Histone modification write cofactor	Histone acetylation	histone	Pol2 elongator	EpiGenes_main.xlsx	full EpiFactors library (all HGNC symbols)
ELP6	histone_write	6	Histone modification write cofactor	Histone acetylation	histone	Pol2 elongator	EpiGenes_main.xlsx	full EpiFactors library (all HGNC symbols)
EP300	histone_write	6	Histone modification write	Histone acetylation	histone	#	EpiGenes_main.xlsx	full EpiFactors library (all HGNC symbols)
FBL	histone_write	6	Histone modification write	Histone methylation	histone	#	EpiGenes_main.xlsx	full EpiFactors library (all HGNC symbols)
GSG2	histone_write	6	Histone modification write	Histone phosphorylation	histone	#	EpiGenes_main.xlsx	full EpiFactors library (all HGNC symbols)
GTF3C4	histone_write	6	Histone modification write	Histone acetylation	histone	#	EpiGenes_main.xlsx	full EpiFactors library (all HGNC symbols)
HAT1	histone_write	6	Histone modification write	Histone acetylation	histone	#	EpiGenes_main.xlsx	full EpiFactors library (all HGNC symbols)
HCFC2	histone_write	6	Histone modification write cofactor, Histone modification write cofactor	Histone methylation, Histone acetylation	histone	MLL-HCF, CHD8, MLL2/3, MLL4/WBP7	EpiGenes_main.xlsx	full EpiFactors library (all HGNC symbols)
HLCS	histone_write	6	Histone modification write	#	histone	#	EpiGenes_main.xlsx	full EpiFactors library (all HGNC symbols)
HSPA1A	histone_write	6	Histone modification write cofactor, Histone modification write cofactor	Histone methylation, Histone acetylation	histone	CHD8, MLL2/3, MLL4/WBP7	EpiGenes_main.xlsx	full EpiFactors library (all HGNC symbols)
HSPA1B	histone_write	6	Histone modification write cofactor, Histone modification write cofactor	Histone methylation, Histone acetylation	histone	CHD8, MLL2/3, MLL4/WBP7	EpiGenes_main.xlsx	full EpiFactors library (all HGNC symbols)
HUWE1	histone_write	6	Histone modification write	Histone ubiquitination	histone	#	EpiGenes_main.xlsx	full EpiFactors library (all HGNC symbols)
JADE1	histone_write	6	Histone modification write	Histone acetylation	histone	HBO1	EpiGenes_main.xlsx	full EpiFactors library (all HGNC symbols)
JADE2	histone_write	6	Histone modification write	Histone acetylation	histone	HBO1	EpiGenes_main.xlsx	full EpiFactors library (all HGNC symbols)
JADE3	histone_write	6	Histone modification write	Histone acetylation	histone	HBO1	EpiGenes_main.xlsx	full EpiFactors library (all HGNC symbols)
JAK2	histone_write	6	Histone modification write	Histone phosphorylation	histone	#	EpiGenes_main.xlsx	full EpiFactors library (all HGNC symbols)
JARID2	histone_write	6	Histone modification write cofactor	Histone methylation	histone	PRC2	EpiGenes_main.xlsx	full EpiFactors library (all HGNC symbols)
KANSL1	histone_write	6	Histone modification write cofactor, Histone modification write cofactor	Histone methylation, Histone acetylation	histone	NSL, CHD8, MLL2/3, MLL4/WBP7	EpiGenes_main.xlsx	full EpiFactors library (all HGNC symbols)
KANSL2	histone_write	6	Histone modification write cofactor	Histone acetylation	histone	NSL	EpiGenes_main.xlsx	full EpiFactors library (all HGNC symbols)
KANSL3	histone_write	6	Histone modification write cofactor	Histone acetylation	histone	NSL	EpiGenes_main.xlsx	full EpiFactors library (all HGNC symbols)
KAT2A	histone_write	6	Histone modification write	Histone acetylation	histone	TFTC-HAT, SAGA, ATAC, STAGA	EpiGenes_main.xlsx	full EpiFactors library (all HGNC symbols)
KAT2B	histone_write	6	Histone modification write	Histone acetylation	histone	#	EpiGenes_main.xlsx	full EpiFactors library (all HGNC symbols)
KAT5	histone_write	6	Histone modification write	Histone acetylation	histone	SWR, NuA4, Piccolo_NuA4	EpiGenes_main.xlsx	full EpiFactors library (all HGNC symbols)
KAT6A	histone_write	6	Histone modification write	Histone acetylation	histone	MOZ/MORF	EpiGenes_main.xlsx	full EpiFactors library (all HGNC symbols)
KAT6B	histone_write	6	Histone modification write	Histone acetylation	histone	MOZ/MORF	EpiGenes_main.xlsx	full EpiFactors library (all HGNC symbols)
KAT7	histone_write	6	Histone modification write	Histone acetylation	histone	HBO1	EpiGenes_main.xlsx	full EpiFactors library (all HGNC symbols)
KAT8	histone_write	6	Histone modification write	Histone acetylation	histone	NSL, CHD8, MLL2/3, COMPASS-like MLL1,2, MLL4/WBP7	EpiGenes_main.xlsx	full EpiFactors library (all HGNC symbols)
KMT2A	histone_write	6	Histone modification write	Histone methylation	histone	MLL-HCF, CHD8, COMPASS-like MLL1,2	EpiGenes_main.xlsx	full EpiFactors library (all HGNC symbols)
KMT2B	histone_write	6	Histone modification write	Histone methylation	histone	Menin-associated_HMT, MLL2/3, COMPASS-like MLL3,4	EpiGenes_main.xlsx	full EpiFactors library (all HGNC symbols)
KMT2C	histone_write	6	Histone modification write	Histone methylation	histone	MLL2/3, COMPASS-like MLL3,4	EpiGenes_main.xlsx	full EpiFactors library (all HGNC symbols)
KMT2D	histone_write	6	Histone modification write	Histone methylation	histone	COMPASS-like MLL1,2, MLL4/WBP7, COMPASS-like MLL3,4	EpiGenes_main.xlsx	full EpiFactors library (all HGNC symbols)
KMT2E	histone_write	6	Histone modification write	Histone methylation	histone	#	EpiGenes_main.xlsx	full EpiFactors library (all HGNC symbols)
LAS1L	histone_write	6	Histone modification write cofactor, Histone modification write cofactor	Histone methylation, Histone acetylation	histone	CHD8, MLL2/3, MLL4/WBP7	EpiGenes_main.xlsx	full EpiFactors library (all HGNC symbols)
LEO1	histone_write	6	Histone modification write cofactor	Histone ubiquitination	histone	#	EpiGenes_main.xlsx	full EpiFactors library (all HGNC symbols)
MAP3K7	histone_write	6	Histone modification write	#	histone	#	EpiGenes_main.xlsx	full EpiFactors library (all HGNC symbols)
MASTL	histone_write	6	Histone modification write	Histone phosphorylation	histone	#	EpiGenes_main.xlsx	full EpiFactors library (all HGNC symbols)
MAX	histone_write	6	Histone modification write cofactor, TF	Histone methylation, Histone acetylation, TF activator, TF repressor	DNA	CHD8, MLL2/3, MLL4/WBP7	EpiGenes_main.xlsx	full EpiFactors library (all HGNC symbols)
MBD1	histone_write	6	Histone modification write cofactor, TF	Histone methylation, TF repressor	DNA	#	EpiGenes_main.xlsx	full EpiFactors library (all HGNC symbols)
MBIP	histone_write	6	Histone modification write cofactor	Histone acetylation	histone	ATAC	EpiGenes_main.xlsx	full EpiFactors library (all HGNC symbols)
MCRS1	histone_write	6	Histone modification write	Histone acetylation	histone	Ino80, NSL, CHD8, MLL2/3, MLL4/WBP7	EpiGenes_main.xlsx	full EpiFactors library (all HGNC symbols)
MEAF6	histone_write	6	Histone modification write cofactor	Histone acetylation	histone	HBO1, NuA4, MOZ/MORF	EpiGenes_main.xlsx	full EpiFactors library (all HGNC symbols)
MECP2	histone_write	6	Histone modification write cofactor, Histone modification write cofactor, TF	Histone methylation, Histone acetylation, TF repressor	DNA	#	EpiGenes_main.xlsx	full EpiFactors library (all HGNC symbols)
MEN1	histone_write	6	Histone modification write cofactor	Histone methylation	histone	Menin-associated_HMT, MLL-HCF, CHD8, MLL2/3, COMPASS-like MLL1,2, MLL4/WBP7	EpiGenes_main.xlsx	full EpiFactors library (all HGNC symbols)
METTL11B	histone_write	6	Histone modification writer	Histone methylation	protein	#	EpiGenes_main.xlsx	full EpiFactors library (all HGNC symbols)
MGA	histone_write	6	Histone modification write cofactor, TF	Histone methylation, Histone acetylation, TF activator, TF repressor	DNA	RING2-L3MBTL2, CHD8, MLL2/3, MLL4/WBP7	EpiGenes_main.xlsx	full EpiFactors library (all HGNC symbols)
MGEA5	histone_write	6	Histone modification write	Histone acetylation	histone	#	EpiGenes_main.xlsx	full EpiFactors library (all HGNC symbols)
MLLT10	histone_write	6	Histone modification write cofactor	Histone methylation	histone	#	EpiGenes_main.xlsx	full EpiFactors library (all HGNC symbols)
MLLT6	histone_write	6	Histone modification write cofactor	Histone methylation	histone	#	EpiGenes_main.xlsx	full EpiFactors library (all HGNC symbols)
MRGBP	histone_write	6	Histone modification write cofactor	Histone acetylation	histone	NuA4	EpiGenes_main.xlsx	full EpiFactors library (all HGNC symbols)
MSL1	histone_write	6	Histone modification write	Histone ubiquitination	histone	#	EpiGenes_main.xlsx	full EpiFactors library (all HGNC symbols)
MSL2	histone_write	6	Histone modification write	Histone ubiquitination	histone	#	EpiGenes_main.xlsx	full EpiFactors library (all HGNC symbols)
NAA60	histone_write	6	Histone modification write	Histone acetylation	histone	#	EpiGenes_main.xlsx	full EpiFactors library (all HGNC symbols)
NAT10	histone_write	6	Histone modification write	Histone acetylation	histone	#	EpiGenes_main.xlsx	full EpiFactors library (all HGNC symbols)
NCOA1	histone_write	6	Histone modification write	Histone acetylation	histone	#	EpiGenes_main.xlsx	full EpiFactors library (all HGNC symbols)
NCOA3	histone_write	6	Histone modification write	Histone acetylation	histone	#	EpiGenes_main.xlsx	full EpiFactors library (all HGNC symbols)
NCOA6	histone_write	6	Histone modification write cofactor	Histone methylation	histone	CHD8, MLL2/3, COMPASS-like MLL3,4	EpiGenes_main.xlsx	full EpiFactors library (all HGNC symbols)
NEK6	histone_write	6	Histone modification write	Histone phosphorylation	histone	#	EpiGenes_main.xlsx	full EpiFactors library (all HGNC symbols)
NEK9	histone_write	6	Histone modification write	Histone phosphorylation	histone	#	EpiGenes_main.xlsx	full EpiFactors library (all HGNC symbols)
NSD1	histone_write	6	Histone modification write	Histone methylation	histone	#	EpiGenes_main.xlsx	full EpiFactors library (all HGNC symbols)
NSL1	histone_write	6	Histone modification write cofactor	Histone acetylation	histone	#	EpiGenes_main.xlsx	full EpiFactors library (all HGNC symbols)
NTMT1	histone_write	6	Histone modification writer	Histone methylation	protein	#	EpiGenes_main.xlsx	full EpiFactors library (all HGNC symbols)
OGT	histone_write	6	Histone modification write	Histone GlcNAcylation	histone	NSL	EpiGenes_main.xlsx	full EpiFactors library (all HGNC symbols)
PAF1	histone_write	6	Histone modification write cofactor	Histone ubiquitination	histone	#	EpiGenes_main.xlsx	full EpiFactors library (all HGNC symbols)
PAGR1	histone_write	6	Histone modification write cofactor, Histone modification write cofactor	Histone methylation, Histone acetylation	histone	CHD8, MLL2/3, MLL4/WBP7, COMPASS-like MLL3,4	EpiGenes_main.xlsx	full EpiFactors library (all HGNC symbols)
PAK2	histone_write	6	Histone modification write	Histone phosphorylation	histone	#	EpiGenes_main.xlsx	full EpiFactors library (all HGNC symbols)
PAXIP1	histone_write	6	Histone modification write cofactor	Histone methylation	histone	CHD8, MLL2/3, MLL4/WBP7, COMPASS-like MLL3,4	EpiGenes_main.xlsx	full EpiFactors library (all HGNC symbols)
PBK	histone_write	6	Histone modification write	Histone phosphorylation	histone	#	EpiGenes_main.xlsx	full EpiFactors library (all HGNC symbols)
PELP1	histone_write	6	Histone modification read, Histone modification write cofactor	Histone methylation, Histone acetylation	histone	CHD8, MLL2/3, MLL4/WBP7	EpiGenes_main.xlsx	full EpiFactors library (all HGNC symbols)
PHF20	histone_write	6	Histone modification write	Histone acetylation	histone	NSL, CHD8, MLL2/3, MLL4/WBP7	EpiGenes_main.xlsx	full EpiFactors library (all HGNC symbols)
PKM	histone_write	6	Histone modification write cofactor	Histone phosphorylation	histone	#	EpiGenes_main.xlsx	full EpiFactors library (all HGNC symbols)
PKN1	histone_write	6	Histone modification write	Histone phosphorylation	histone	#	EpiGenes_main.xlsx	full EpiFactors library (all HGNC symbols)
PPP2CA	histone_write	6	Histone modification write	Histone phosphorylation	histone	#	EpiGenes_main.xlsx	full EpiFactors library (all HGNC symbols)
PRDM1	histone_write	6	Histone modification write cofactor	Histone methylation	histone	#	EpiGenes_main.xlsx	full EpiFactors library (all HGNC symbols)
PRDM11	histone_write	6	Histone modification write	Histone methylation	histone	#	EpiGenes_main.xlsx	full EpiFactors library (all HGNC symbols)
PRDM12	histone_write	6	Histone modification write cofactor	Histone methylation	histone	#	EpiGenes_main.xlsx	full EpiFactors library (all HGNC symbols)
PRDM13	histone_write	6	Histone modification write	Histone methylation	histone	#	EpiGenes_main.xlsx	full EpiFactors library (all HGNC symbols)
PRDM16	histone_write	6	Histone modification write cofactor, TF	Histone methylation, TF repressor	histone, DNA	#	EpiGenes_main.xlsx	full EpiFactors library (all HGNC symbols)
PRDM2	histone_write	6	Histone modification write	Histone methylation	histone	#	EpiGenes_main.xlsx	full EpiFactors library (all HGNC symbols)
PRDM4	histone_write	6	Histone modification write	Histone methylation	histone	#	EpiGenes_main.xlsx	full EpiFactors library (all HGNC symbols)
PRDM5	histone_write	6	Histone modification write	Histone methylation	histone	#	EpiGenes_main.xlsx	full EpiFactors library (all HGNC symbols)
PRDM6	histone_write	6	Histone modification write	Histone methylation	histone	#	EpiGenes_main.xlsx	full EpiFactors library (all HGNC symbols)
PRDM7	histone_write	6	Histone modification write	Histone methylation	histone	#	EpiGenes_main.xlsx	full EpiFactors library (all HGNC symbols)
PRDM8	histone_write	6	Histone modification write	Histone methylation	histone	#	EpiGenes_main.xlsx	full EpiFactors library (all HGNC symbols)
PRDM9	histone_write	6	Histone modification write	Histone methylation	histone	#	EpiGenes_main.xlsx	full EpiFactors library (all HGNC symbols)
PRKAA1	histone_write	6	Histone modification write	Histone phosphorylation	histone	#	EpiGenes_main.xlsx	full EpiFactors library (all HGNC symbols)
PRKAA2	histone_write	6	Histone modification write	Histone phosphorylation	histone	#	EpiGenes_main.xlsx	full EpiFactors library (all HGNC symbols)
PRKAB1	histone_write	6	Histone modification write cofactor	Histone phosphorylation	histone	#	EpiGenes_main.xlsx	full EpiFactors library (all HGNC symbols)
PRKAB2	histone_write	6	Histone modification write cofactor	Histone phosphorylation	histone	#	EpiGenes_main.xlsx	full EpiFactors library (all HGNC symbols)
PRKAG1	histone_write	6	Histone modification write cofactor	Histone phosphorylation	histone	#	EpiGenes_main.xlsx	full EpiFactors library (all HGNC symbols)
PRKAG2	histone_write	6	Histone modification write cofactor	Histone phosphorylation	histone	#	EpiGenes_main.xlsx	full EpiFactors library (all HGNC symbols)
PRKAG3	histone_write	6	Histone modification write cofactor	Histone phosphorylation	histone	#	EpiGenes_main.xlsx	full EpiFactors library (all HGNC symbols)
PRKCA	histone_write	6	Histone modification write cofactor	Histone phosphorylation	histone	#	EpiGenes_main.xlsx	full EpiFactors library (all HGNC symbols)
PRKCB	histone_write	6	Histone modification write	Histone methylation	histone	#	EpiGenes_main.xlsx	full EpiFactors library (all HGNC symbols)
PRKDC	histone_write	6	Histone modification write	Histone phosphorylation	histone	#	EpiGenes_main.xlsx	full EpiFactors library (all HGNC symbols)
PRMT1	histone_write	6	Histone modification write	Histone methylation	histone	#	EpiGenes_main.xlsx	full EpiFactors library (all HGNC symbols)
PRMT2	histone_write	6	Histone modification write	Histone methylation	histone	#	EpiGenes_main.xlsx	full EpiFactors library (all HGNC symbols)
PRMT5	histone_write	6	Histone modification write	Histone methylation	histone	methylosome	EpiGenes_main.xlsx	full EpiFactors library (all HGNC symbols)
PRMT6	histone_write	6	Histone modification write	Histone methylation	histone	#	EpiGenes_main.xlsx	full EpiFactors library (all HGNC symbols)
PRMT7	histone_write	6	Histone modification write	Histone methylation	histone	#	EpiGenes_main.xlsx	full EpiFactors library (all HGNC symbols)
PRMT8	histone_write	6	Histone modification write	Histone methylation	histone	#	EpiGenes_main.xlsx	full EpiFactors library (all HGNC symbols)
PRMT9	histone_write	6	Histone modification write	Histone methylation	histone	#	EpiGenes_main.xlsx	full EpiFactors library (all HGNC symbols)
PRPF31	histone_write	6	Histone modification write cofactor, Histone modification write cofactor	Histone methylation, Histone acetylation	histone	CHD8, MLL2/3, MLL4/WBP7	EpiGenes_main.xlsx	full EpiFactors library (all HGNC symbols)
PRR14	histone_write	6	Histone modification write	Histone phosphorylation	histone	#	EpiGenes_main.xlsx	full EpiFactors library (all HGNC symbols)
RAG1	histone_write	6	Histone modification write	Histone ubiquitination	histone, DNA	#	EpiGenes_main.xlsx	full EpiFactors library (all HGNC symbols)
RARA	histone_write	6	Histone modification write cofactor, TF	Histone methylation, TF activator, TF repressor	histone	#	EpiGenes_main.xlsx	full EpiFactors library (all HGNC symbols)
RBBP5	histone_write	6	Histone modification write cofactor	Histone methylation	histone	COMPASS, Menin-associated_HMT, MLL-HCF, CHD8, MLL2/3, COMPASS-like MLL1,2, MLL4/WBP7, COMPASS-like MLL3,4	EpiGenes_main.xlsx	full EpiFactors library (all HGNC symbols)
RBX1	histone_write	6	Histone modification write cofactor	Histone ubiquitination	histone	#	EpiGenes_main.xlsx	full EpiFactors library (all HGNC symbols)
RNF168	histone_write	6	Histone modification write	Histone ubiquitination	histone	#	EpiGenes_main.xlsx	full EpiFactors library (all HGNC symbols)
RNF2	histone_write	6	Histone modification write	Histone ubiquitination	histone	PRC1, BCOR, RING2-L3MBTL2, RING2-FBRS, CHD8, MLL2/3, MLL4/WBP7	EpiGenes_main.xlsx	full EpiFactors library (all HGNC symbols)
RNF20	histone_write	6	Histone modification write	Histone ubiquitination	histone	#	EpiGenes_main.xlsx	full EpiFactors library (all HGNC symbols)
RNF40	histone_write	6	Histone modification write cofactor	Histone ubiquitination	histone	#	EpiGenes_main.xlsx	full EpiFactors library (all HGNC symbols)
RNF8	histone_write	6	Histone modification write	Histone ubiquitination	histone	#	EpiGenes_main.xlsx	full EpiFactors library (all HGNC symbols)
RPS6KA3	histone_write	6	Histone modification write cofactor	Histone phosphorylation	histone	#	EpiGenes_main.xlsx	full EpiFactors library (all HGNC symbols)
RPS6KA4	histone_write	6	Histone modification write	Histone phosphorylation	histone	#	EpiGenes_main.xlsx	full EpiFactors library (all HGNC symbols)
RPS6KA5	histone_write	6	Histone modification write	Histone phosphorylation	histone	#	EpiGenes_main.xlsx	full EpiFactors library (all HGNC symbols)
SETD1A	histone_write	6	Histone modification write	Histone methylation	histone	COMPASS	EpiGenes_main.xlsx	full EpiFactors library (all HGNC symbols)
SETD1B	histone_write	6	Histone modification write	Histone methylation	histone	COMPASS	EpiGenes_main.xlsx	full EpiFactors library (all HGNC symbols)
SETD2	histone_write	6	Histone modification write	Histone methylation	histone	#	EpiGenes_main.xlsx	full EpiFactors library (all HGNC symbols)
SETD3	histone_write	6	Histone modification write	Histone methylation	histone	#	EpiGenes_main.xlsx	full EpiFactors library (all HGNC symbols)
SETD5	histone_write	6	Histone modification write	Histone methylation	histone	#	EpiGenes_main.xlsx	full EpiFactors library (all HGNC symbols)
SETD7	histone_write	6	Histone modification write	Histone methylation	histone	#	EpiGenes_main.xlsx	full EpiFactors library (all HGNC symbols)
SETD8	histone_write	6	Histone modification write	Histone methylation	histone	#	EpiGenes_main.xlsx	full EpiFactors library (all HGNC symbols)
SETDB1	histone_write	6	Histone modification write	Histone methylation	histone	#	EpiGenes_main.xlsx	full EpiFactors library (all HGNC symbols)
SETDB2	histone_write	6	Histone modification write	Histone methylation	histone	#	EpiGenes_main.xlsx	full EpiFactors library (all HGNC symbols)
SETMAR	histone_write	6	Histone modification write	Histone methylation	histone	#	EpiGenes_main.xlsx	full EpiFactors library (all HGNC symbols)
SHPRH	histone_write	6	Histone modification write cofactor	Histone ubiquitination	histone	#	EpiGenes_main.xlsx	full EpiFactors library (all HGNC symbols)
SKP1	histone_write	6	Histone modification write cofactor	Histone ubiquitination	histone	BCOR	EpiGenes_main.xlsx	full EpiFactors library (all HGNC symbols)
SMYD1	histone_write	6	Histone modification write	Histone methylation	histone	#	EpiGenes_main.xlsx	full EpiFactors library (all HGNC symbols)
SMYD2	histone_write	6	Histone modification write	Histone methylation	histone	#	EpiGenes_main.xlsx	full EpiFactors library (all HGNC symbols)
SMYD3	histone_write	6	Histone modification write	Histone methylation	histone	#	EpiGenes_main.xlsx	full EpiFactors library (all HGNC symbols)
SPOP	histone_write	6	Histone modification write	Histone ubiquitination	histone	#	EpiGenes_main.xlsx	full EpiFactors library (all HGNC symbols)
STK4	histone_write	6	Histone modification write	Histone phosphorylation	histone	#	EpiGenes_main.xlsx	full EpiFactors library (all HGNC symbols)
SUPT3H	histone_write	6	Histone modification write cofactor	Histone acetylation	histone	PCAF, SAGA, STAGA	EpiGenes_main.xlsx	full EpiFactors library (all HGNC symbols)
SUV39H1	histone_write	6	Histone modification write, Histone modification write	Histone methylation, Histone phosphorylation	histone	eNoSc	EpiGenes_main.xlsx	full EpiFactors library (all HGNC symbols)
SUV39H2	histone_write	6	Histone modification write	Histone methylation	histone	#	EpiGenes_main.xlsx	full EpiFactors library (all HGNC symbols)
SUV420H1	histone_write	6	Histone modification write	Histone methylation	histone	#	EpiGenes_main.xlsx	full EpiFactors library (all HGNC symbols)
SUV420H2	histone_write	6	Histone modification write	Histone methylation	histone	#	EpiGenes_main.xlsx	full EpiFactors library (all HGNC symbols)
TADA2B	histone_write	6	Histone modification write cofactor	Histone acetylation	histone	TFTC-HAT	EpiGenes_main.xlsx	full EpiFactors library (all HGNC symbols)
TADA3	histone_write	6	Histone modification write cofactor	Histone acetylation	histone	PCAF, TFTC-HAT, ATAC, STAGA	EpiGenes_main.xlsx	full EpiFactors library (all HGNC symbols)
TAF1	histone_write	6	Histone modification write	Histone acetylation	histone	CHD8, MLL2/3, MLL4/WBP7	EpiGenes_main.xlsx	full EpiFactors library (all HGNC symbols)
TAF5	histone_write	6	Histone modification write cofactor	Histone acetylation	histone	TFTC-HAT	EpiGenes_main.xlsx	full EpiFactors library (all HGNC symbols)
TAF5L	histone_write	6	Histone modification write cofactor	Histone acetylation	histone	PCAF, TFTC-HAT, STAGA	EpiGenes_main.xlsx	full EpiFactors library (all HGNC symbols)
TAF7	histone_write	6	Histone modification write cofactor, Histone modification write cofactor	Histone methylation, Histone acetylation	histone	CHD8, MLL2/3, MLL4/WBP7	EpiGenes_main.xlsx	full EpiFactors library (all HGNC symbols)
TEX10	histone_write	6	Histone modification write cofactor, Histone modification write cofactor	Histone methylation, Histone acetylation	histone	CHD8, MLL2/3, MLL4/WBP7	EpiGenes_main.xlsx	full EpiFactors library (all HGNC symbols)
TLK1	histone_write	6	Histone modification write	Histone phosphorylation	histone	#	EpiGenes_main.xlsx	full EpiFactors library (all HGNC symbols)
TLK2	histone_write	6	Histone modification write	Histone phosphorylation	chromatin	#	EpiGenes_main.xlsx	full EpiFactors library (all HGNC symbols)
TP53	histone_write	6	Histone modification write cofactor, TF	Histone acetylation, TF activator, TF repressor	histone	#	EpiGenes_main.xlsx	full EpiFactors library (all HGNC symbols)
TRIM16	histone_write	6	Histone modification write	Histone acetylation	histone, DNA	#	EpiGenes_main.xlsx	full EpiFactors library (all HGNC symbols)
TRRAP	histone_write	6	Histone modification write cofactor	Histone acetylation	histone	SWR, PCAF, TFTC-HAT, NuA4, SAGA, NuA4-related complex, STAGA	EpiGenes_main.xlsx	full EpiFactors library (all HGNC symbols)
TSSK6	histone_write	6	Histone modification write	Histone phosphorylation	histone	#	EpiGenes_main.xlsx	full EpiFactors library (all HGNC symbols)
TTK	histone_write	6	Histone modification write cofactor	Histone phosphorylation	histone	#	EpiGenes_main.xlsx	full EpiFactors library (all HGNC symbols)
UBE2A	histone_write	6	Histone modification write	Histone ubiquitination	histone	#	EpiGenes_main.xlsx	full EpiFactors library (all HGNC symbols)
UBE2B	histone_write	6	Histone modification write	Histone ubiquitination	histone	#	EpiGenes_main.xlsx	full EpiFactors library (all HGNC symbols)
UBE2D1	histone_write	6	Histone modification write	Histone ubiquitination	histone	#	EpiGenes_main.xlsx	full EpiFactors library (all HGNC symbols)
UBE2D3	histone_write	6	Histone modification write	Histone ubiquitination	histone	#	EpiGenes_main.xlsx	full EpiFactors library (all HGNC symbols)
UBE2E1	histone_write	6	Histone modification write	Histone ubiquitination	histone	#	EpiGenes_main.xlsx	full EpiFactors library (all HGNC symbols)
UBE2H	histone_write	6	Histone modification write	Histone ubiquitination	histone	#	EpiGenes_main.xlsx	full EpiFactors library (all HGNC symbols)
UBE2N	histone_write	6	Histone modification write	Histone ubiquitination	histone	#	EpiGenes_main.xlsx	full EpiFactors library (all HGNC symbols)
UBE2T	histone_write	6	Histone modification write	Histone ubiquitination	histone	#	EpiGenes_main.xlsx	full EpiFactors library (all HGNC symbols)
UBN1	histone_write	6	Histone modification write cofactor	Histone methylation	histone	#	EpiGenes_main.xlsx	full EpiFactors library (all HGNC symbols)
UBR2	histone_write	6	Histone modification write	Histone ubiquitination	histone	#	EpiGenes_main.xlsx	full EpiFactors library (all HGNC symbols)
UHRF1	histone_write	6	Histone modification read, Histone modification write cofactor	Histone ubiquitination	histone, DNA	#	EpiGenes_main.xlsx	full EpiFactors library (all HGNC symbols)
USP22	histone_write	6	Histone modification write cofactor	Histone ubiquitination	histone	SAGA	EpiGenes_main.xlsx	full EpiFactors library (all HGNC symbols)
USP3	histone_write	6	Histone modification write	Histone ubiquitination	histone	#	EpiGenes_main.xlsx	full EpiFactors library (all HGNC symbols)
USP36	histone_write	6	Histone modification write cofactor	Histone ubiquitination	histone	#	EpiGenes_main.xlsx	full EpiFactors library (all HGNC symbols)
VPS72	histone_write	6	Histone modification write cofactor	Histone acetylation	chromatin	NuA4, NuA4-related complex	EpiGenes_main.xlsx	full EpiFactors library (all HGNC symbols)
VRK1	histone_write	6	Histone modification write	Histone phosphorylation	histone	#	EpiGenes_main.xlsx	full EpiFactors library (all HGNC symbols)
WAC	histone_write	6	Histone modification write cofactor	Histone ubiquitination	histone	#	EpiGenes_main.xlsx	full EpiFactors library (all HGNC symbols)
WDR77	histone_write	6	Histone modification write	Histone methylation	histone	methylosome	EpiGenes_main.xlsx	full EpiFactors library (all HGNC symbols)
WDR82	histone_write	6	Histone modification write cofactor	Histone methylation	histone	COMPASS	EpiGenes_main.xlsx	full EpiFactors library (all HGNC symbols)
WHSC1	histone_write	6	Histone modification write	Histone methylation	histone	#	EpiGenes_main.xlsx	full EpiFactors library (all HGNC symbols)
WSB2	histone_write	6	Histone modification write	Histone ubiquitination	histone	#	EpiGenes_main.xlsx	full EpiFactors library (all HGNC symbols)
YEATS4	histone_write	6	Histone modification write cofactor	Histone acetylation	histone	NuA4, NuA4-related complex, SRCAP	EpiGenes_main.xlsx	full EpiFactors library (all HGNC symbols)
ACTR8	histone_read	7	Histone modification read	#	histone	Ino80	EpiGenes_main.xlsx	full EpiFactors library (all HGNC symbols)
AIRE	histone_read	7	Histone modification read, TF	#	histone, DNA	#	EpiGenes_main.xlsx	full EpiFactors library (all HGNC symbols)
ANKRD32	histone_read	7	Histone modification read	#	histone	#	EpiGenes_main.xlsx	full EpiFactors library (all HGNC symbols)
ASXL2	histone_read	7	Histone modification read	#	histone	#	EpiGenes_main.xlsx	full EpiFactors library (all HGNC symbols)
ATAD2B	histone_read	7	Histone modification read	#	histone	#	EpiGenes_main.xlsx	full EpiFactors library (all HGNC symbols)
BAZ2B	histone_read	7	Histone modification read	#	histone, DNA	#	EpiGenes_main.xlsx	full EpiFactors library (all HGNC symbols)
BRD1	histone_read	7	Histone modification read	#	histone	MOZ/MORF	EpiGenes_main.xlsx	full EpiFactors library (all HGNC symbols)
BRD2	histone_read	7	Histone modification read	#	histone	#	EpiGenes_main.xlsx	full EpiFactors library (all HGNC symbols)
BRD3	histone_read	7	Histone modification read	#	histone	#	EpiGenes_main.xlsx	full EpiFactors library (all HGNC symbols)
BRD4	histone_read	7	Histone modification read	#	histone	#	EpiGenes_main.xlsx	full EpiFactors library (all HGNC symbols)
BRD7	histone_read	7	Histone modification read	#	histone	SWI/SNF BRM-BRG1	EpiGenes_main.xlsx	full EpiFactors library (all HGNC symbols)
BRD8	histone_read	7	Histone modification read	#	histone	SWR, NuA4, NuA4-related complex	EpiGenes_main.xlsx	full EpiFactors library (all HGNC symbols)
BRD9	histone_read	7	Histone modification read	#	histone	SWI/SNF BRM-BRG1	EpiGenes_main.xlsx	full EpiFactors library (all HGNC symbols)
BRDT	histone_read	7	Histone modification read	#	histone	#	EpiGenes_main.xlsx	full EpiFactors library (all HGNC symbols)
BRPF1	histone_read	7	Histone modification read	#	histone	MOZ/MORF	EpiGenes_main.xlsx	full EpiFactors library (all HGNC symbols)
BRWD1	histone_read	7	Histone modification read	#	histone	#	EpiGenes_main.xlsx	full EpiFactors library (all HGNC symbols)
BRWD3	histone_read	7	Histone modification read	#	histone	#	EpiGenes_main.xlsx	full EpiFactors library (all HGNC symbols)
C17ORF49	histone_read	7	Histone modification read	#	histone	CHD8, MLL2/3, MLL4/WBP7	EpiGenes_main.xlsx	full EpiFactors library (all HGNC symbols)
CBX1	histone_read	7	Histone modification read	#	histone	#	EpiGenes_main.xlsx	full EpiFactors library (all HGNC symbols)
CBX2	histone_read	7	Histone modification read	#	histone	PRC1	EpiGenes_main.xlsx	full EpiFactors library (all HGNC symbols)
CBX3	histone_read	7	Histone modification read	#	histone	RING2-L3MBTL2, L3MBTL1	EpiGenes_main.xlsx	full EpiFactors library (all HGNC symbols)
CBX4	histone_read	7	Histone modification read	#	histone	PRC1	EpiGenes_main.xlsx	full EpiFactors library (all HGNC symbols)
CBX5	histone_read	7	Histone modification read	#	histone	#	EpiGenes_main.xlsx	full EpiFactors library (all HGNC symbols)
CBX6	histone_read	7	Histone modification read	#	histone	PRC1	EpiGenes_main.xlsx	full EpiFactors library (all HGNC symbols)
CBX7	histone_read	7	Histone modification read	#	histone	PRC1	EpiGenes_main.xlsx	full EpiFactors library (all HGNC symbols)
CBX8	histone_read	7	Histone modification read	#	histone	PRC1	EpiGenes_main.xlsx	full EpiFactors library (all HGNC symbols)
CCDC101	histone_read	7	Histone modification read	#	histone	ATAC	EpiGenes_main.xlsx	full EpiFactors library (all HGNC symbols)
CDYL2	histone_read	7	Histone modification read	#	histone	#	EpiGenes_main.xlsx	full EpiFactors library (all HGNC symbols)
CECR2	histone_read	7	Histone modification read	#	histone	CERF, CERF	EpiGenes_main.xlsx	full EpiFactors library (all HGNC symbols)
CIR1	histone_read	7	Histone modification read	#	histone	#	EpiGenes_main.xlsx	full EpiFactors library (all HGNC symbols)
CRB2	histone_read	7	Histone modification read	#	histone	#	EpiGenes_main.xlsx	full EpiFactors library (all HGNC symbols)
DNAJC2	histone_read	7	Histone modification read	#	histone	#	EpiGenes_main.xlsx	full EpiFactors library (all HGNC symbols)
DNMT3L	histone_read	7	Histone modification read	#	histone	#	EpiGenes_main.xlsx	full EpiFactors library (all HGNC symbols)
DPPA3	histone_read	7	Histone modification read	#	histone	#	EpiGenes_main.xlsx	full EpiFactors library (all HGNC symbols)
GATAD1	histone_read	7	Histone modification read	#	histone	#	EpiGenes_main.xlsx	full EpiFactors library (all HGNC symbols)
GATAD2A	histone_read	7	Histone modification read	#	histone	NuRD	EpiGenes_main.xlsx	full EpiFactors library (all HGNC symbols)
GATAD2B	histone_read	7	Histone modification read	#	histone	NuRD	EpiGenes_main.xlsx	full EpiFactors library (all HGNC symbols)
GLYR1	histone_read	7	Histone modification read	#	histone	#	EpiGenes_main.xlsx	full EpiFactors library (all HGNC symbols)
HDGFL2	histone_read	7	Histone modification read	#	histone	#	EpiGenes_main.xlsx	full EpiFactors library (all HGNC symbols)
HINFP	histone_read	7	Histone modification read, TF	TF activator, TF repressor	histone, DNA	#	EpiGenes_main.xlsx	full EpiFactors library (all HGNC symbols)
HIRA	histone_read	7	Histone modification read	#	histone	#	EpiGenes_main.xlsx	full EpiFactors library (all HGNC symbols)
HIRIP3	histone_read	7	Histone modification read	#	histone	#	EpiGenes_main.xlsx	full EpiFactors library (all HGNC symbols)
ING1	histone_read	7	Histone modification read	#	histone	#	EpiGenes_main.xlsx	full EpiFactors library (all HGNC symbols)
ING2	histone_read	7	Histone modification read	#	histone	mSin3A-like complex	EpiGenes_main.xlsx	full EpiFactors library (all HGNC symbols)
ING4	histone_read	7	Histone modification read	#	histone	HBO1	EpiGenes_main.xlsx	full EpiFactors library (all HGNC symbols)
ING5	histone_read	7	Histone modification read	#	histone	HBO1, MOZ/MORF	EpiGenes_main.xlsx	full EpiFactors library (all HGNC symbols)
L3MBTL1	histone_read	7	Histone modification read	#	histone	L3MBTL1	EpiGenes_main.xlsx	full EpiFactors library (all HGNC symbols)
L3MBTL2	histone_read	7	Histone modification read	#	histone	RING2-L3MBTL2	EpiGenes_main.xlsx	full EpiFactors library (all HGNC symbols)
L3MBTL3	histone_read	7	Histone modification read	#	histone	#	EpiGenes_main.xlsx	full EpiFactors library (all HGNC symbols)
L3MBTL4	histone_read	7	Histone modification read	#	histone	#	EpiGenes_main.xlsx	full EpiFactors library (all HGNC symbols)
MDC1	histone_read	7	Histone modification read	#	histone	#	EpiGenes_main.xlsx	full EpiFactors library (all HGNC symbols)
MORF4L1	histone_read	7	Histone modification read	#	histone	NuA4	EpiGenes_main.xlsx	full EpiFactors library (all HGNC symbols)
MPHOSPH8	histone_read	7	Histone modification read	#	histone	#	EpiGenes_main.xlsx	full EpiFactors library (all HGNC symbols)
MSH6	histone_read	7	Histone modification read	#	histone	#	EpiGenes_main.xlsx	full EpiFactors library (all HGNC symbols)
MSL3	histone_read	7	Histone modification read	#	histone	#	EpiGenes_main.xlsx	full EpiFactors library (all HGNC symbols)
MUM1	histone_read	7	Histone modification read	#	histone	#	EpiGenes_main.xlsx	full EpiFactors library (all HGNC symbols)
PBRM1	histone_read	7	Histone modification read	#	histone	PBAF, SWI/SNF BRM-BRG1	EpiGenes_main.xlsx	full EpiFactors library (all HGNC symbols)
PDP1	histone_read	7	Histone modification read	#	histone, DNA	#	EpiGenes_main.xlsx	full EpiFactors library (all HGNC symbols)
PHF13	histone_read	7	Histone modification read	#	histone	#	EpiGenes_main.xlsx	full EpiFactors library (all HGNC symbols)
PHF14	histone_read	7	Histone modification read	#	histone	#	EpiGenes_main.xlsx	full EpiFactors library (all HGNC symbols)
PHF20L1	histone_read	7	Histone modification read	#	histone	#	EpiGenes_main.xlsx	full EpiFactors library (all HGNC symbols)
PHIP	histone_read	7	Histone modification read	#	histone	#	EpiGenes_main.xlsx	full EpiFactors library (all HGNC symbols)
POGZ	histone_read	7	Histone modification read	Histone methylation	histone	#	EpiGenes_main.xlsx	full EpiFactors library (all HGNC symbols)
RAG2	histone_read	7	Histone modification read	#	histone	#	EpiGenes_main.xlsx	full EpiFactors library (all HGNC symbols)
RSF1	histone_read	7	Histone modification read	#	histone	RSF	EpiGenes_main.xlsx	full EpiFactors library (all HGNC symbols)
SMARCA2	histone_read	7	Histone modification read, TF	TF activator	histone, DNA	BAF, nBAF, npBAF, WINAC, bBAF, SWI/SNF BRM-BRG1	EpiGenes_main.xlsx	full EpiFactors library (all HGNC symbols)
SMARCA4	histone_read	7	Histone modification read, TF	TF activator	histone	BAF, nBAF, npBAF, PBAF, SWI/SNF_Brg1(I), SWI/SNF_Brg1(II), SWI/SNF_Brm, SWI/SNF-like_EPAFa, WINAC, SWI/SNF-like EPAFB, bBAF, SWI/SNF BRM-BRG1, CREST-BRG1	EpiGenes_main.xlsx	full EpiFactors library (all HGNC symbols)
SMARCB1	histone_read	7	Histone modification read	#	histone	BAF, nBAF, npBAF, PBAF, SWI/SNF_Brg1(I), SWI/SNF_Brg1(II), SWI/SNF_Brm, SWI/SNF-like_EPAFa, WINAC, SWI/SNF-like EPAFB, bBAF, SWI/SNF BRM-BRG1	EpiGenes_main.xlsx	full EpiFactors library (all HGNC symbols)
SP140	histone_read	7	Histone modification read, TF	#	histone	#	EpiGenes_main.xlsx	full EpiFactors library (all HGNC symbols)
SUPT16H	histone_read	7	Histone modification read	#	histone	WINAC, FACT	EpiGenes_main.xlsx	full EpiFactors library (all HGNC symbols)
TADA2A	histone_read	7	Histone modification read, TF	TF activator	histone	PCAF, ATAC	EpiGenes_main.xlsx	full EpiFactors library (all HGNC symbols)
TAF1L	histone_read	7	Histone modification read	#	histone	#	EpiGenes_main.xlsx	full EpiFactors library (all HGNC symbols)
TAF3	histone_read	7	Histone modification read	#	histone	#	EpiGenes_main.xlsx	full EpiFactors library (all HGNC symbols)
TDRD3	histone_read	7	Histone modification read	#	histone	#	EpiGenes_main.xlsx	full EpiFactors library (all HGNC symbols)
TDRD7	histone_read	7	Histone modification read	#	histone	#	EpiGenes_main.xlsx	full EpiFactors library (all HGNC symbols)
TP53BP1	histone_read	7	Histone modification read	#	histone	#	EpiGenes_main.xlsx	full EpiFactors library (all HGNC symbols)
TRIM24	histone_read	7	Histone modification read	#	histone	#	EpiGenes_main.xlsx	full EpiFactors library (all HGNC symbols)
TRIM28	histone_read	7	Histone modification read	#	histone	#	EpiGenes_main.xlsx	full EpiFactors library (all HGNC symbols)
TRIM33	histone_read	7	Histone modification read	#	histone	#	EpiGenes_main.xlsx	full EpiFactors library (all HGNC symbols)
UHRF2	histone_read	7	Histone modification read	#	histone, DNA	#	EpiGenes_main.xlsx	full EpiFactors library (all HGNC symbols)
UIMC1	histone_read	7	Histone modification read	#	histone	BRCA1-A	EpiGenes_main.xlsx	full EpiFactors library (all HGNC symbols)
WDR5	histone_read	7	Histone modification read	#	histone	ATAC, NSL, RING2-L3MBTL2, COMPASS, Menin-associated_HMT, MLL-HCF, CHD8, MLL2/3, COMPASS-like MLL1,2, MLL4/WBP7, COMPASS-like MLL3,4	EpiGenes_main.xlsx	full EpiFactors library (all HGNC symbols)
YWHAZ	histone_read	7	Histone modification read	#	histone	#	EpiGenes_main.xlsx	full EpiFactors library (all HGNC symbols)
ZCWPW1	histone_read	7	Histone modification read	#	histone	#	EpiGenes_main.xlsx	full EpiFactors library (all HGNC symbols)
ZMYND11	histone_read	7	Histone modification read	Histone methylation	histone	#	EpiGenes_main.xlsx	full EpiFactors library (all HGNC symbols)
ZZZ3	histone_read	7	Histone modification read	#	histone	ATAC	EpiGenes_main.xlsx	full EpiFactors library (all HGNC symbols)
APBB1	histone_other	8	Histone modification	#	histone	#	EpiGenes_main.xlsx	full EpiFactors library (all HGNC symbols)
ARRB1	histone_other	8	Histone modification	#	histone	#	EpiGenes_main.xlsx	full EpiFactors library (all HGNC symbols)
CDK9	histone_other	8	Histone modification cofactor	#	histone	#	EpiGenes_main.xlsx	full EpiFactors library (all HGNC symbols)
CSNK2A1	histone_other	8	Histone modification	#	histone	RING2-FBRS	EpiGenes_main.xlsx	full EpiFactors library (all HGNC symbols)
CTR9	histone_other	8	Histone modification cofactor	#	histone	#	EpiGenes_main.xlsx	full EpiFactors library (all HGNC symbols)
ERBB4	histone_other	8	Histone modification cofactor	#	histone	#	EpiGenes_main.xlsx	full EpiFactors library (all HGNC symbols)
FBRS	histone_other	8	Histone modification	#	histone	RING2-FBRS	EpiGenes_main.xlsx	full EpiFactors library (all HGNC symbols)
FBRSL1	histone_other	8	Histone modification	#	histone	RING2-FBRS	EpiGenes_main.xlsx	full EpiFactors library (all HGNC symbols)
GFI1B	histone_other	8	Histone modification cofactor	#	#	#	EpiGenes_main.xlsx	full EpiFactors library (all HGNC symbols)
MST1	histone_other	8	Histone modification	#	histone	#	EpiGenes_main.xlsx	full EpiFactors library (all HGNC symbols)
NAP1L2	histone_other	8	Histone modification cofactor	#	histone	#	EpiGenes_main.xlsx	full EpiFactors library (all HGNC symbols)
NAP1L4	histone_other	8	Histone modification cofactor	#	histone	#	EpiGenes_main.xlsx	full EpiFactors library (all HGNC symbols)
NFYC	histone_other	8	Histone modification	#	histone	#	EpiGenes_main.xlsx	full EpiFactors library (all HGNC symbols)
PADI1	histone_other	8	Histone modification	Histone citrullination	histone	#	EpiGenes_main.xlsx	full EpiFactors library (all HGNC symbols)
PADI2	histone_other	8	Histone modification	Histone citrullination	histone	#	EpiGenes_main.xlsx	full EpiFactors library (all HGNC symbols)
PADI3	histone_other	8	Histone modification	Histone citrullination	histone	#	EpiGenes_main.xlsx	full EpiFactors library (all HGNC symbols)
PADI4	histone_other	8	Histone modification	Histone citrullination	histone	#	EpiGenes_main.xlsx	full EpiFactors library (all HGNC symbols)
PPARGC1A	histone_other	8	Histone modification cofactor	#	histone	#	EpiGenes_main.xlsx	full EpiFactors library (all HGNC symbols)
PPP4R2	histone_other	8	Histone modification cofactor	#	histone	PPP4C-PPP4R2-PPP4R3A	EpiGenes_main.xlsx	full EpiFactors library (all HGNC symbols)
PRKCD	histone_other	8	Histone modification	#	histone	#	EpiGenes_main.xlsx	full EpiFactors library (all HGNC symbols)
RRP8	histone_other	8	Histone modification cofactor	#	histone	eNoSc	EpiGenes_main.xlsx	full EpiFactors library (all HGNC symbols)
SET	histone_other	8	Histone modification	#	histone	#	EpiGenes_main.xlsx	full EpiFactors library (all HGNC symbols)
TFDP1	histone_other	8	Histone modification	#	histone	RING2-L3MBTL2	EpiGenes_main.xlsx	full EpiFactors library (all HGNC symbols)
TLE2	histone_other	8	Histone modification cofactor	#	histone	#	EpiGenes_main.xlsx	full EpiFactors library (all HGNC symbols)
ZBTB7C	histone_other	8	Histone modification cofactor	#	histone	#	EpiGenes_main.xlsx	full EpiFactors library (all HGNC symbols)
A1CF	rna_modification	9	RNA modification	RNA deamination	RNA	APOB_mRNA_editosome	EpiGenes_main.xlsx	full EpiFactors library (all HGNC symbols)
ACINU	rna_modification	9	RNA modification	Alternative splicing	RNA	#	EpiGenes_main.xlsx	full EpiFactors library (all HGNC symbols)
ALKBH5	rna_modification	9	RNA modification	RNA demethylation	RNA	#	EpiGenes_main.xlsx	full EpiFactors library (all HGNC symbols)
CBLL1	rna_modification	9	RNA modification	RNA methylation	RNA	WMM	EpiGenes_main.xlsx	full EpiFactors library (all HGNC symbols)
CELF1	rna_modification	9	RNA modification	Alternative splicing	RNA	#	EpiGenes_main.xlsx	full EpiFactors library (all HGNC symbols)
CELF2	rna_modification	9	RNA modification	Alternative splicing	RNA	#	EpiGenes_main.xlsx	full EpiFactors library (all HGNC symbols)
CELF3	rna_modification	9	RNA modification	Alternative splicing	RNA	#	EpiGenes_main.xlsx	full EpiFactors library (all HGNC symbols)
CELF4	rna_modification	9	RNA modification	Alternative splicing	RNA	#	EpiGenes_main.xlsx	full EpiFactors library (all HGNC symbols)
CELF5	rna_modification	9	RNA modification	Alternative splicing	RNA	#	EpiGenes_main.xlsx	full EpiFactors library (all HGNC symbols)
CELF6	rna_modification	9	RNA modification	Alternative splicing	RNA	#	EpiGenes_main.xlsx	full EpiFactors library (all HGNC symbols)
DDX17	rna_modification	9	RNA modification	Alternative splicing	RNA	#	EpiGenes_main.xlsx	full EpiFactors library (all HGNC symbols)
DDX21	rna_modification	9	RNA modification	#	RNA	B-WICH	EpiGenes_main.xlsx	full EpiFactors library (all HGNC symbols)
DDX5	rna_modification	9	RNA modification	Alternative splicing	RNA	#	EpiGenes_main.xlsx	full EpiFactors library (all HGNC symbols)
DDX50	rna_modification	9	RNA modification	#	RNA	#	EpiGenes_main.xlsx	full EpiFactors library (all HGNC symbols)
DHX9	rna_modification	9	RNA modification	Alternative splicing	RNA	#	EpiGenes_main.xlsx	full EpiFactors library (all HGNC symbols)
DND1	rna_modification	9	RNA modification	#	RNA	#	EpiGenes_main.xlsx	full EpiFactors library (all HGNC symbols)
EIF4A3	rna_modification	9	RNA modification	Alternative splicing	RNA	#	EpiGenes_main.xlsx	full EpiFactors library (all HGNC symbols)
EXOSC1	rna_modification	9	Scaffold protein, RNA modification	RNA degradation	RNA	RNA exosome	EpiGenes_main.xlsx	full EpiFactors library (all HGNC symbols)
EXOSC2	rna_modification	9	Scaffold protein, RNA modification	RNA degradation	RNA	RNA exosome	EpiGenes_main.xlsx	full EpiFactors library (all HGNC symbols)
EXOSC3	rna_modification	9	Scaffold protein, RNA modification	RNA degradation	RNA	RNA exosome	EpiGenes_main.xlsx	full EpiFactors library (all HGNC symbols)
EXOSC4	rna_modification	9	Scaffold protein, RNA modification	RNA degradation	RNA	RNA exosome	EpiGenes_main.xlsx	full EpiFactors library (all HGNC symbols)
EXOSC5	rna_modification	9	Scaffold protein, RNA modification	RNA degradation	RNA	RNA exosome	EpiGenes_main.xlsx	full EpiFactors library (all HGNC symbols)
EXOSC6	rna_modification	9	Scaffold protein, RNA modification	RNA degradation	RNA	RNA exosome	EpiGenes_main.xlsx	full EpiFactors library (all HGNC symbols)
EXOSC7	rna_modification	9	Scaffold protein, RNA modification	RNA degradation	RNA	RNA exosome	EpiGenes_main.xlsx	full EpiFactors library (all HGNC symbols)
EXOSC8	rna_modification	9	Scaffold protein, RNA modification	RNA degradation	RNA	RNA exosome	EpiGenes_main.xlsx	full EpiFactors library (all HGNC symbols)
EXOSC9	rna_modification	9	Scaffold protein, RNA modification	RNA degradation	RNA	RNA exosome	EpiGenes_main.xlsx	full EpiFactors library (all HGNC symbols)
FTO	rna_modification	9	RNA modification	RNA demethylation	RNA	#	EpiGenes_main.xlsx	full EpiFactors library (all HGNC symbols)
HNRNPU	rna_modification	9	RNA modification	Alternative splicing	RNA	#	EpiGenes_main.xlsx	full EpiFactors library (all HGNC symbols)
HNRPL	rna_modification	9	RNA modification	Alternative splicing	RNA	#	EpiGenes_main.xlsx	full EpiFactors library (all HGNC symbols)
HNRPM	rna_modification	9	RNA modification	Alternative splicing	RNA	#	EpiGenes_main.xlsx	full EpiFactors library (all HGNC symbols)
KHDRBS1	rna_modification	9	RNA modification	Alternative splicing	RNA	#	EpiGenes_main.xlsx	full EpiFactors library (all HGNC symbols)
MAGOH	rna_modification	9	RNA modification	Alternative splicing	RNA	#	EpiGenes_main.xlsx	full EpiFactors library (all HGNC symbols)
MBNL1	rna_modification	9	RNA modification	Alternative splicing	RNA	#	EpiGenes_main.xlsx	full EpiFactors library (all HGNC symbols)
MBNL3	rna_modification	9	RNA modification	Alternative splicing	RNA	#	EpiGenes_main.xlsx	full EpiFactors library (all HGNC symbols)
METTL14	rna_modification	9	RNA modification	RNA methylation	RNA	WMM	EpiGenes_main.xlsx	full EpiFactors library (all HGNC symbols)
METTL16	rna_modification	9	RNA modification	RNA methylation	RNA	#	EpiGenes_main.xlsx	full EpiFactors library (all HGNC symbols)
METTL3	rna_modification	9	RNA modification	RNA methylation	RNA	WMM	EpiGenes_main.xlsx	full EpiFactors library (all HGNC symbols)
NSRP1	rna_modification	9	RNA modification	Alternative splicing	RNA	#	EpiGenes_main.xlsx	full EpiFactors library (all HGNC symbols)
NSUN2	rna_modification	9	RNA modification	RNA methylation	RNA	#	EpiGenes_main.xlsx	full EpiFactors library (all HGNC symbols)
NSUN6	rna_modification	9	RNA modification	RNA methylation	RNA	#	EpiGenes_main.xlsx	full EpiFactors library (all HGNC symbols)
NUP98	rna_modification	9	RNA modification	Alternative splicing	RNA	#	EpiGenes_main.xlsx	full EpiFactors library (all HGNC symbols)
PQBP1	rna_modification	9	RNA modification	Alternative splicing	RNA	#	EpiGenes_main.xlsx	full EpiFactors library (all HGNC symbols)
PTBP1	rna_modification	9	RNA modification	Alternative splicing	RNA	#	EpiGenes_main.xlsx	full EpiFactors library (all HGNC symbols)
PUF60	rna_modification	9	RNA modification	Alternative splicing	RNA	#	EpiGenes_main.xlsx	full EpiFactors library (all HGNC symbols)
RBFOX1	rna_modification	9	RNA modification	Alternative splicing	RNA	#	EpiGenes_main.xlsx	full EpiFactors library (all HGNC symbols)
RBM11	rna_modification	9	RNA modification	Alternative splicing	RNA	#	EpiGenes_main.xlsx	full EpiFactors library (all HGNC symbols)
RBM15	rna_modification	9	RNA modification	RNA methylation	RNA	WMM	EpiGenes_main.xlsx	full EpiFactors library (all HGNC symbols)
RBM15B	rna_modification	9	RNA modification	RNA methylation	RNA	WMM	EpiGenes_main.xlsx	full EpiFactors library (all HGNC symbols)
RBM17	rna_modification	9	RNA modification	Alternative splicing	RNA	#	EpiGenes_main.xlsx	full EpiFactors library (all HGNC symbols)
RBM24	rna_modification	9	RNA modification	Alternative splicing	RNA	#	EpiGenes_main.xlsx	full EpiFactors library (all HGNC symbols)
RBM25	rna_modification	9	RNA modification	Alternative splicing	RNA	#	EpiGenes_main.xlsx	full EpiFactors library (all HGNC symbols)
RBM4	rna_modification	9	RNA modification	Alternative splicing	RNA	#	EpiGenes_main.xlsx	full EpiFactors library (all HGNC symbols)
RBM5	rna_modification	9	RNA modification	Alternative splicing	RNA	#	EpiGenes_main.xlsx	full EpiFactors library (all HGNC symbols)
RBM7	rna_modification	9	RNA modification	RNA degradation, alternative splicing	RNA	#	EpiGenes_main.xlsx	full EpiFactors library (all HGNC symbols)
RBM8A	rna_modification	9	RNA modification	Alternative splicing	RNA	#	EpiGenes_main.xlsx	full EpiFactors library (all HGNC symbols)
RBMY1A1	rna_modification	9	RNA modification	Alternative splicing	RNA	#	EpiGenes_main.xlsx	full EpiFactors library (all HGNC symbols)
RFOX1	rna_modification	9	RNA modification	Alternative splicing	RNA	#	EpiGenes_main.xlsx	full EpiFactors library (all HGNC symbols)
RNPS1	rna_modification	9	RNA modification	Alternative splicing	RNA	#	EpiGenes_main.xlsx	full EpiFactors library (all HGNC symbols)
RPUSD3	rna_modification	9	RNA modification	RNA pseudouridinilation	RNA	#	EpiGenes_main.xlsx	full EpiFactors library (all HGNC symbols)
RSRC1	rna_modification	9	RNA modification	Alternative splicing	RNA	#	EpiGenes_main.xlsx	full EpiFactors library (all HGNC symbols)
SF3B1	rna_modification	9	RNA modification	#	RNA	B-WICH	EpiGenes_main.xlsx	full EpiFactors library (all HGNC symbols)
SF3B3	rna_modification	9	RNA modification	#	RNA	#	EpiGenes_main.xlsx	full EpiFactors library (all HGNC symbols)
SFSWAP	rna_modification	9	RNA modification	Alternative splicing	RNA	#	EpiGenes_main.xlsx	full EpiFactors library (all HGNC symbols)
SLU7	rna_modification	9	RNA modification	Alternative splicing	RNA	#	EpiGenes_main.xlsx	full EpiFactors library (all HGNC symbols)
SRRM4	rna_modification	9	RNA modification	Alternative splicing	RNA	#	EpiGenes_main.xlsx	full EpiFactors library (all HGNC symbols)
SRSF1	rna_modification	9	RNA modification	#	RNA	#	EpiGenes_main.xlsx	full EpiFactors library (all HGNC symbols)
SRSF10	rna_modification	9	RNA modification	Alternative splicing	RNA	#	EpiGenes_main.xlsx	full EpiFactors library (all HGNC symbols)
SRSF12	rna_modification	9	RNA modification	Alternative splicing	RNA	#	EpiGenes_main.xlsx	full EpiFactors library (all HGNC symbols)
SRSF3	rna_modification	9	RNA modification	#	RNA	#	EpiGenes_main.xlsx	full EpiFactors library (all HGNC symbols)
SRSF6	rna_modification	9	RNA modification	Alternative splicing	RNA	#	EpiGenes_main.xlsx	full EpiFactors library (all HGNC symbols)
SYNCRIP	rna_modification	9	RNA modification	mRNA editing	RNA	APOB_mRNA_editosome	EpiGenes_main.xlsx	full EpiFactors library (all HGNC symbols)
TDRKH	rna_modification	9	RNA modification	#	RNA	#	EpiGenes_main.xlsx	full EpiFactors library (all HGNC symbols)
THRAP3	rna_modification	9	RNA modification	RNA degradation	RNA	#	EpiGenes_main.xlsx	full EpiFactors library (all HGNC symbols)
TRA2B	rna_modification	9	RNA modification	Alternative splicing	RNA	#	EpiGenes_main.xlsx	full EpiFactors library (all HGNC symbols)
TRUB2	rna_modification	9	RNA modification	RNA pseudouridinilation	RNA	#	EpiGenes_main.xlsx	full EpiFactors library (all HGNC symbols)
TYW5	rna_modification	9	RNA modification	#	RNA	#	EpiGenes_main.xlsx	full EpiFactors library (all HGNC symbols)
U2AF2	rna_modification	9	RNA modification	Alternative splicing	RNA	#	EpiGenes_main.xlsx	full EpiFactors library (all HGNC symbols)
VIRMA	rna_modification	9	RNA modification	RNA methylation	RNA	WMM	EpiGenes_main.xlsx	full EpiFactors library (all HGNC symbols)
WTAP	rna_modification	9	RNA modification	RNA methylation	RNA	WMM	EpiGenes_main.xlsx	full EpiFactors library (all HGNC symbols)
YTHDC1	rna_modification	9	RNA modification	Alternative splicing	RNA	#	EpiGenes_main.xlsx	full EpiFactors library (all HGNC symbols)
ZBTB7A	rna_modification	9	RNA modification	Alternative splicing	RNA	#	EpiGenes_main.xlsx	full EpiFactors library (all HGNC symbols)
ZC3H13	rna_modification	9	RNA modification	RNA methylation	RNA	WMM	EpiGenes_main.xlsx	full EpiFactors library (all HGNC symbols)
E2F6	tf	10	TF	TF repressor	DNA	RING2-L3MBTL2, CHD8, MLL2/3, MLL4/WBP7	EpiGenes_main.xlsx	full EpiFactors library (all HGNC symbols)
FOXO1	tf	10	TF	#	histone, DNA	#	EpiGenes_main.xlsx	full EpiFactors library (all HGNC symbols)
FOXP1	tf	10	TF	#	histone, DNA	#	EpiGenes_main.xlsx	full EpiFactors library (all HGNC symbols)
FOXP2	tf	10	TF	#	histone, DNA	#	EpiGenes_main.xlsx	full EpiFactors library (all HGNC symbols)
FOXP3	tf	10	TF	#	histone, DNA	#	EpiGenes_main.xlsx	full EpiFactors library (all HGNC symbols)
FOXP4	tf	10	TF	#	histone, DNA	#	EpiGenes_main.xlsx	full EpiFactors library (all HGNC symbols)
GTF2I	tf	10	TF	#	DNA	BHC	EpiGenes_main.xlsx	full EpiFactors library (all HGNC symbols)
IKZF3	tf	10	TF	#	DNA	#	EpiGenes_main.xlsx	full EpiFactors library (all HGNC symbols)
KLF18	tf	10	TF	#	DNA	#	EpiGenes_main.xlsx	full EpiFactors library (all HGNC symbols)
TAF2	tf	10	TF	#	DNA	TFTC-HAT	EpiGenes_main.xlsx	full EpiFactors library (all HGNC symbols)
ZFP57	tf	10	TF	TF repressor	DNA	#	EpiGenes_main.xlsx	full EpiFactors library (all HGNC symbols)
ZGPAT	tf	10	TF	TF repressor	DNA	#	EpiGenes_main.xlsx	full EpiFactors library (all HGNC symbols)
CHTOP	other	11	#	#	DNA	#	EpiGenes_main.xlsx	full EpiFactors library (all HGNC symbols)
DAXX	other	11	#	#	histone	#	EpiGenes_main.xlsx	full EpiFactors library (all HGNC symbols)
EEF1AKMT3	other	11	Protein modification	Protein methylation	protein	#	EpiGenes_main.xlsx	full EpiFactors library (all HGNC symbols)
EEF1AKMT4	other	11	Protein modification	Protein methylation	protein	#	EpiGenes_main.xlsx	full EpiFactors library (all HGNC symbols)
EEF1AKNMT	other	11	Protein modification	Protein methylation	protein	#	EpiGenes_main.xlsx	full EpiFactors library (all HGNC symbols)
FAM175A	other	11	Scaffold protein	#	TF	BRCA1-A	EpiGenes_main.xlsx	full EpiFactors library (all HGNC symbols)
HSFX3	other	11	#	#	#	#	EpiGenes_main.xlsx	full EpiFactors library (all HGNC symbols)
IKBKAP	other	11	Scaffold protein	#	#	Pol2 elongator	EpiGenes_main.xlsx	full EpiFactors library (all HGNC symbols)
LBR	other	11	#	#	chromatin	#	EpiGenes_main.xlsx	full EpiFactors library (all HGNC symbols)
METTL21A	other	11	Protein modification	Protein methylation	protein	#	EpiGenes_main.xlsx	full EpiFactors library (all HGNC symbols)
MOV10	other	11	#	#	histone	#	EpiGenes_main.xlsx	full EpiFactors library (all HGNC symbols)
TBL1XR1	other	11	#	#	histone	#	EpiGenes_main.xlsx	full EpiFactors library (all HGNC symbols)
