gene	gene_class	nonsyn_abnormal_n	nonsyn_abnormal_rate	nonsyn_normal_n	nonsyn_normal_rate	nonsyn_control_n	nonsyn_control_rate	nonsyn_rate_ab_minus_normal	nonsyn_rate_ab_minus_control	rare_abnormal_n	rare_abnormal_rate	rare_normal_n	rare_normal_rate	rare_control_n	rare_control_rate	rare_rate_ab_minus_normal	rare_rate_ab_minus_control
ASXL3	polycomb	47	1.0	439	0.9799107142857143	149	0.9738562091503268	0.0200892857142857	0.02614379084967322	1	0.02127659574468085	53	0.11830357142857142	11	0.0718954248366013	-0.09702697568389057	-0.05061882909192045
BAHD1	chromatin_remodeling	47	1.0	431	0.9620535714285714	149	0.9738562091503268	0.0379464285714286	0.02614379084967322	1	0.02127659574468085	10	0.022321428571428572	2	0.013071895424836602	-0.0010448328267477214	0.008204700319844249
BRCA2	histone_write	47	1.0	446	0.9955357142857143	153	1.0	0.004464285714285698	0.0	5	0.10638297872340426	33	0.07366071428571429	16	0.10457516339869281	0.03272226443768997	0.0018078153247114426
BRDT	histone_read	47	1.0	446	0.9955357142857143	152	0.9934640522875817	0.004464285714285698	0.006535947712418277	0	0.0	6	0.013392857142857142	1	0.006535947712418301	-0.013392857142857142	-0.006535947712418301
CHD5	chromatin_remodeling	47	1.0	445	0.9933035714285714	150	0.9803921568627451	0.006696428571428603	0.019607843137254943	1	0.02127659574468085	27	0.060267857142857144	6	0.0392156862745098	-0.0389912613981763	-0.017939090529828953
CRB2	histone_read	47	1.0	446	0.9955357142857143	151	0.9869281045751634	0.004464285714285698	0.013071895424836555	6	0.1276595744680851	25	0.05580357142857143	12	0.0784313725490196	0.07185600303951367	0.04922820191906549
ELP4	histone_write	47	1.0	442	0.9866071428571429	149	0.9738562091503268	0.013392857142857095	0.02614379084967322	1	0.02127659574468085	5	0.011160714285714286	3	0.0196078431372549	0.010115881458966565	0.0016687526074259489
ERCC6	chromatin_remodeling	47	1.0	447	0.9977678571428571	153	1.0	0.0022321428571429047	0.0	2	0.0425531914893617	37	0.08258928571428571	10	0.06535947712418301	-0.04003609422492401	-0.02280628563482131
METTL4	dna_modification	47	1.0	446	0.9955357142857143	152	0.9934640522875817	0.004464285714285698	0.006535947712418277	2	0.0425531914893617	6	0.013392857142857142	3	0.0196078431372549	0.029160334346504557	0.0229453483521068
MTA1	chromatin_remodeling	47	1.0	444	0.9910714285714286	153	1.0	0.008928571428571397	0.0	1	0.02127659574468085	4	0.008928571428571428	1	0.006535947712418301	0.012348024316109422	0.014740648032262549
NAT10	histone_write	47	1.0	445	0.9933035714285714	152	0.9934640522875817	0.006696428571428603	0.006535947712418277	2	0.0425531914893617	12	0.026785714285714284	1	0.006535947712418301	0.015767477203647417	0.0360172437769434
NCOA3	histone_write	47	1.0	443	0.9888392857142857	153	1.0	0.011160714285714302	0.0	0	0.0	9	0.020089285714285716	4	0.026143790849673203	-0.020089285714285716	-0.026143790849673203
NEK9	histone_write	47	1.0	424	0.9464285714285714	140	0.9150326797385621	0.0535714285714286	0.08496732026143794	4	0.0851063829787234	45	0.10044642857142858	19	0.12418300653594772	-0.015340045592705173	-0.03907662355722431
PHIP	histone_read	47	1.0	443	0.9888392857142857	150	0.9803921568627451	0.011160714285714302	0.019607843137254943	1	0.02127659574468085	2	0.004464285714285714	4	0.026143790849673203	0.016812310030395135	-0.004867195104992353
PRKCA	histone_write	47	1.0	442	0.9866071428571429	151	0.9869281045751634	0.013392857142857095	0.013071895424836555	0	0.0	1	0.002232142857142857	0	0.0	-0.002232142857142857	0.0
SP140	histone_read	47	1.0	446	0.9955357142857143	153	1.0	0.004464285714285698	0.0	2	0.0425531914893617	3	0.006696428571428571	0	0.0	0.03585676291793313	0.0425531914893617
TAF4	histone_chaperone	47	1.0	437	0.9754464285714286	150	0.9803921568627451	0.024553571428571397	0.019607843137254943	0	0.0	6	0.013392857142857142	4	0.026143790849673203	-0.013392857142857142	-0.026143790849673203
TET1	dna_modification	47	1.0	434	0.96875	147	0.9607843137254902	0.03125	0.039215686274509776	1	0.02127659574468085	18	0.04017857142857143	11	0.0718954248366013	-0.01890197568389058	-0.05061882909192045
THRAP3	rna_modification	47	1.0	442	0.9866071428571429	152	0.9934640522875817	0.013392857142857095	0.006535947712418277	4	0.0851063829787234	26	0.05803571428571429	9	0.058823529411764705	0.027070668693009114	0.026282853566958697
AURKA	histone_write	46	0.9787234042553191	426	0.9508928571428571	146	0.954248366013072	0.027830547112462023	0.02447503824224717	1	0.02127659574468085	4	0.008928571428571428	0	0.0	0.012348024316109422	0.02127659574468085
CHEK1	histone_write	46	0.9787234042553191	444	0.9910714285714286	152	0.9934640522875817	-0.012348024316109485	-0.014740648032262604	0	0.0	3	0.006696428571428571	0	0.0	-0.006696428571428571	0.0
DPF3	chromatin_remodeling	46	0.9787234042553191	445	0.9933035714285714	151	0.9869281045751634	-0.014580167173252279	-0.008204700319844327	1	0.02127659574468085	5	0.011160714285714286	3	0.0196078431372549	0.010115881458966565	0.0016687526074259489
HJURP	histone_chaperone	46	0.9787234042553191	440	0.9821428571428571	149	0.9738562091503268	-0.003419452887537977	0.004867195104992339	1	0.02127659574468085	21	0.046875	4	0.026143790849673203	-0.02559840425531915	-0.004867195104992353
KDM3A	histone_erase	46	0.9787234042553191	438	0.9776785714285714	148	0.9673202614379085	0.0010448328267477214	0.011403142817410616	0	0.0	30	0.06696428571428571	5	0.032679738562091505	-0.06696428571428571	-0.032679738562091505
LBR	other	46	0.9787234042553191	441	0.984375	152	0.9934640522875817	-0.005651595744680882	-0.014740648032262604	1	0.02127659574468085	10	0.022321428571428572	3	0.0196078431372549	-0.0010448328267477214	0.0016687526074259489
MBIP	histone_write	46	0.9787234042553191	438	0.9776785714285714	148	0.9673202614379085	0.0010448328267477214	0.011403142817410616	0	0.0	1	0.002232142857142857	0	0.0	-0.002232142857142857	0.0
PRDM16	histone_write	46	0.9787234042553191	440	0.9821428571428571	151	0.9869281045751634	-0.003419452887537977	-0.008204700319844327	2	0.0425531914893617	18	0.04017857142857143	2	0.013071895424836602	0.0023746200607902695	0.029481296064525098
PRDM7	histone_write	46	0.9787234042553191	440	0.9821428571428571	147	0.9607843137254902	-0.003419452887537977	0.017939090529828894	1	0.02127659574468085	31	0.06919642857142858	9	0.058823529411764705	-0.04791983282674772	-0.03754693366708385
RAI1	chromatin_remodeling	46	0.9787234042553191	437	0.9754464285714286	146	0.954248366013072	0.003276975683890515	0.02447503824224717	3	0.06382978723404255	27	0.060267857142857144	6	0.0392156862745098	0.0035619300911854043	0.024614100959532745
SATB2	chromatin_remodeling	46	0.9787234042553191	447	0.9977678571428571	151	0.9869281045751634	-0.019044452887537977	-0.008204700319844327	0	0.0	9	0.020089285714285716	1	0.006535947712418301	-0.020089285714285716	-0.006535947712418301
SETDB2	histone_write	46	0.9787234042553191	424	0.9464285714285714	148	0.9673202614379085	0.03229483282674772	0.011403142817410616	0	0.0	6	0.013392857142857142	1	0.006535947712418301	-0.013392857142857142	-0.006535947712418301
SFSWAP	rna_modification	46	0.9787234042553191	438	0.9776785714285714	151	0.9869281045751634	0.0010448328267477214	-0.008204700319844327	1	0.02127659574468085	15	0.033482142857142856	5	0.032679738562091505	-0.012205547112462006	-0.011403142817410655
SMARCAD1	chromatin_remodeling	46	0.9787234042553191	393	0.8772321428571429	132	0.8627450980392157	0.10149126139817621	0.11597830621610339	0	0.0	2	0.004464285714285714	1	0.006535947712418301	-0.004464285714285714	-0.006535947712418301
ZGPAT	tf	46	0.9787234042553191	436	0.9732142857142857	152	0.9934640522875817	0.00550911854103342	-0.014740648032262604	1	0.02127659574468085	2	0.004464285714285714	3	0.0196078431372549	0.016812310030395135	0.0016687526074259489
ASH1L	histone_write	45	0.9574468085106383	439	0.9799107142857143	153	1.0	-0.022463905775075954	-0.04255319148936165	4	0.0851063829787234	18	0.04017857142857143	6	0.0392156862745098	0.04492781155015197	0.0458906967042136
ATF7IP	histone_write	45	0.9574468085106383	433	0.9665178571428571	151	0.9869281045751634	-0.009071048632218748	-0.029481296064525098	0	0.0	2	0.004464285714285714	2	0.013071895424836602	-0.004464285714285714	-0.013071895424836602
AURKC	histone_write	45	0.9574468085106383	434	0.96875	147	0.9607843137254902	-0.011303191489361653	-0.003337505214851877	0	0.0	2	0.004464285714285714	1	0.006535947712418301	-0.004464285714285714	-0.006535947712418301
BRWD1	histone_read	45	0.9574468085106383	391	0.8727678571428571	137	0.8954248366013072	0.08467895136778125	0.06202197190933112	2	0.0425531914893617	23	0.05133928571428571	7	0.0457516339869281	-0.008786094224924011	-0.0031984424975664005
FBRSL1	histone_other	45	0.9574468085106383	438	0.9776785714285714	152	0.9934640522875817	-0.02023176291793305	-0.036017243776943375	7	0.14893617021276595	87	0.19419642857142858	32	0.20915032679738563	-0.045260258358662625	-0.06021415658461968
FOXA1	chromatin_remodeling	45	0.9574468085106383	432	0.9642857142857143	146	0.954248366013072	-0.006838905775075954	0.0031984424975664005	1	0.02127659574468085	6	0.013392857142857142	0	0.0	0.007883738601823708	0.02127659574468085
METTL21A	other	45	0.9574468085106383	443	0.9888392857142857	151	0.9869281045751634	-0.03139247720364735	-0.029481296064525098	1	0.02127659574468085	9	0.020089285714285716	3	0.0196078431372549	0.0011873100303951348	0.0016687526074259489
NPAS2	chromatin_remodeling	45	0.9574468085106383	414	0.9241071428571429	141	0.9215686274509803	0.03333966565349544	0.03587818105965801	0	0.0	10	0.022321428571428572	0	0.0	-0.022321428571428572	0.0
PKN1	histone_write	45	0.9574468085106383	433	0.9665178571428571	149	0.9738562091503268	-0.009071048632218748	-0.016409400639688432	2	0.0425531914893617	18	0.04017857142857143	8	0.05228758169934641	0.0023746200607902695	-0.009734390209984706
TLE4	histone_erase	45	0.9574468085106383	443	0.9888392857142857	152	0.9934640522875817	-0.03139247720364735	-0.036017243776943375	1	0.02127659574468085	2	0.004464285714285714	0	0.0	0.016812310030395135	0.02127659574468085
BRD8	histone_read	44	0.9361702127659575	438	0.9776785714285714	148	0.9673202614379085	-0.04150835866261393	-0.031150048671951036	0	0.0	24	0.05357142857142857	4	0.026143790849673203	-0.05357142857142857	-0.026143790849673203
CENPC	dna_modification	44	0.9361702127659575	422	0.9419642857142857	143	0.934640522875817	-0.005794072948328233	0.001529689890140462	0	0.0	2	0.004464285714285714	1	0.006535947712418301	-0.004464285714285714	-0.006535947712418301
DNMT3L	histone_read	44	0.9361702127659575	403	0.8995535714285714	145	0.9477124183006536	0.03661664133738607	-0.011542205534696093	1	0.02127659574468085	2	0.004464285714285714	0	0.0	0.016812310030395135	0.02127659574468085
EXOSC7	rna_modification	44	0.9361702127659575	435	0.9709821428571429	149	0.9738562091503268	-0.03481193009118544	-0.037685996384369314	0	0.0	1	0.002232142857142857	1	0.006535947712418301	-0.002232142857142857	-0.006535947712418301
HDAC5	histone_erase	44	0.9361702127659575	420	0.9375	150	0.9803921568627451	-0.0013297872340425343	-0.04422194409678759	0	0.0	8	0.017857142857142856	0	0.0	-0.017857142857142856	0.0
HINFP	histone_read	44	0.9361702127659575	423	0.9441964285714286	146	0.954248366013072	-0.008026215805471137	-0.01807815324711448	2	0.0425531914893617	1	0.002232142857142857	0	0.0	0.040321048632218845	0.0425531914893617
TONSL	chromatin_remodeling	44	0.9361702127659575	418	0.9330357142857143	147	0.9607843137254902	0.003134498480243164	-0.02461410095953276	4	0.0851063829787234	21	0.046875	10	0.06535947712418301	0.0382313829787234	0.019746905854540392
APOBEC3F	dna_modification	43	0.9148936170212766	400	0.8928571428571429	129	0.8431372549019608	0.02203647416413368	0.0717563621193158	1	0.02127659574468085	6	0.013392857142857142	0	0.0	0.007883738601823708	0.02127659574468085
JDP2	chromatin_remodeling	43	0.9148936170212766	380	0.8482142857142857	139	0.9084967320261438	0.06667933130699089	0.006396884995132801	0	0.0	0	0.0	0	0.0	0.0	0.0
MGA	histone_write	43	0.9148936170212766	419	0.9352678571428571	143	0.934640522875817	-0.02037424012158051	-0.01974690585454042	5	0.10638297872340426	49	0.109375	21	0.13725490196078433	-0.002992021276595744	-0.03087192323738007
NOC2L	chromatin_remodeling	43	0.9148936170212766	430	0.9598214285714286	150	0.9803921568627451	-0.04492781155015202	-0.06549853984146847	2	0.0425531914893617	14	0.03125	2	0.013071895424836602	0.011303191489361701	0.029481296064525098
RBM11	rna_modification	43	0.9148936170212766	402	0.8973214285714286	139	0.9084967320261438	0.01757218844984798	0.006396884995132801	0	0.0	3	0.006696428571428571	0	0.0	-0.006696428571428571	0.0
SIRT6	histone_erase	43	0.9148936170212766	399	0.890625	141	0.9215686274509803	0.024268617021276584	-0.006675010429703754	2	0.0425531914893617	6	0.013392857142857142	4	0.026143790849673203	0.029160334346504557	0.016409400639688498
SMYD4	histone_erase	43	0.9148936170212766	424	0.9464285714285714	146	0.954248366013072	-0.03153495440729481	-0.03935474899179536	0	0.0	13	0.029017857142857144	3	0.0196078431372549	-0.029017857142857144	-0.0196078431372549
BRWD3	histone_read	42	0.8936170212765957	383	0.8549107142857143	129	0.8431372549019608	0.0387063069908814	0.050479766374634916	0	0.0	1	0.002232142857142857	0	0.0	-0.002232142857142857	0.0
DPF1	chromatin_remodeling	42	0.8936170212765957	425	0.9486607142857143	141	0.9215686274509803	-0.0550436930091186	-0.027951606174384636	1	0.02127659574468085	7	0.015625	0	0.0	0.0056515957446808505	0.02127659574468085
L3MBTL3	histone_read	42	0.8936170212765957	420	0.9375	144	0.9411764705882353	-0.0438829787234043	-0.04755944931163958	1	0.02127659574468085	5	0.011160714285714286	4	0.026143790849673203	0.010115881458966565	-0.004867195104992353
TAF3	histone_read	42	0.8936170212765957	374	0.8348214285714286	134	0.8758169934640523	0.0587955927051671	0.017800027812543417	2	0.0425531914893617	23	0.05133928571428571	11	0.0718954248366013	-0.008786094224924011	-0.0293422333472396
YEATS2	histone_chaperone	42	0.8936170212765957	386	0.8616071428571429	126	0.8235294117647058	0.0320098784194528	0.07008760951188986	1	0.02127659574468085	10	0.022321428571428572	8	0.05228758169934641	-0.0010448328267477214	-0.031010985954665556
KANSL2	histone_write	41	0.8723404255319149	393	0.8772321428571429	137	0.8954248366013072	-0.004891717325227973	-0.023084411069392297	0	0.0	1	0.002232142857142857	0	0.0	-0.002232142857142857	0.0
SETD2	histone_write	41	0.8723404255319149	360	0.8035714285714286	132	0.8627450980392157	0.06876899696048633	0.009595327492699202	1	0.02127659574468085	24	0.05357142857142857	4	0.026143790849673203	-0.03229483282674772	-0.004867195104992353
USP36	histone_write	41	0.8723404255319149	365	0.8147321428571429	131	0.8562091503267973	0.05760828267477203	0.01613127520511759	14	0.2978723404255319	123	0.27455357142857145	47	0.30718954248366015	0.02331876899696045	-0.009317202058128249
JMJD1C	histone_erase	40	0.851063829787234	366	0.8169642857142857	126	0.8235294117647058	0.03409954407294835	0.027534418022528206	1	0.02127659574468085	62	0.13839285714285715	22	0.1437908496732026	-0.1171162613981763	-0.12251425392852175
KDM4A	histone_erase	40	0.851063829787234	403	0.8995535714285714	138	0.9019607843137255	-0.04848974164133735	-0.050896954526491456	2	0.0425531914893617	9	0.020089285714285716	1	0.006535947712418301	0.022463905775075985	0.0360172437769434
KDM4D	histone_erase	40	0.851063829787234	367	0.8191964285714286	124	0.8104575163398693	0.031867401215805446	0.04060631344736476	0	0.0	5	0.011160714285714286	1	0.006535947712418301	-0.011160714285714286	-0.006535947712418301
USP44	histone_erase	40	0.851063829787234	364	0.8125	126	0.8235294117647058	0.03856382978723405	0.027534418022528206	2	0.0425531914893617	31	0.06919642857142858	12	0.0784313725490196	-0.026643237082066874	-0.035878181059657906
ATXN7	histone_write	39	0.8297872340425532	326	0.7276785714285714	115	0.7516339869281046	0.10210866261398177	0.0781532471144486	2	0.0425531914893617	25	0.05580357142857143	8	0.05228758169934641	-0.01325037993920973	-0.009734390209984706
CECR2	histone_read	39	0.8297872340425532	297	0.6629464285714286	112	0.7320261437908496	0.16684080547112456	0.09776109025170354	2	0.0425531914893617	27	0.060267857142857144	17	0.1111111111111111	-0.017714665653495443	-0.0685579196217494
RAG1	histone_write	39	0.8297872340425532	386	0.8616071428571429	131	0.8562091503267973	-0.03181990881458974	-0.026421916284244173	0	0.0	6	0.013392857142857142	4	0.026143790849673203	-0.013392857142857142	-0.026143790849673203
TRRAP	histone_write	39	0.8297872340425532	407	0.9084821428571429	139	0.9084967320261438	-0.07869490881458974	-0.07870949798359062	0	0.0	24	0.05357142857142857	7	0.0457516339869281	-0.05357142857142857	-0.0457516339869281
APOBEC1	dna_modification	38	0.8085106382978723	348	0.7767857142857143	117	0.7647058823529411	0.031724924012157985	0.04380475594493116	1	0.02127659574468085	0	0.0	1	0.006535947712418301	0.02127659574468085	0.014740648032262549
AURKB	histone_write	38	0.8085106382978723	324	0.7232142857142857	113	0.738562091503268	0.08529635258358659	0.06994854679460427	0	0.0	5	0.011160714285714286	1	0.006535947712418301	-0.011160714285714286	-0.006535947712418301
HCFC1	chromatin_remodeling	38	0.8085106382978723	343	0.765625	116	0.7581699346405228	0.042885638297872286	0.05034070365734944	0	0.0	7	0.015625	4	0.026143790849673203	-0.015625	-0.026143790849673203
HDAC9	histone_erase	38	0.8085106382978723	341	0.7611607142857143	113	0.738562091503268	0.047349924012157985	0.06994854679460427	0	0.0	7	0.015625	3	0.0196078431372549	-0.015625	-0.0196078431372549
KDM4C	histone_erase	38	0.8085106382978723	375	0.8370535714285714	127	0.8300653594771242	-0.02854293313069911	-0.021554721179251946	2	0.0425531914893617	21	0.046875	9	0.058823529411764705	-0.004321808510638299	-0.016270337922403004
MEN1	histone_write	38	0.8085106382978723	381	0.8504464285714286	140	0.9150326797385621	-0.04193579027355632	-0.10652204144068977	1	0.02127659574468085	8	0.017857142857142856	2	0.013071895424836602	0.0034194528875379944	0.008204700319844249
PPARGC1A	histone_other	38	0.8085106382978723	358	0.7991071428571429	121	0.7908496732026143	0.009403495440729381	0.01766096509525794	0	0.0	7	0.015625	3	0.0196078431372549	-0.015625	-0.0196078431372549
DNTTIP2	chromatin_remodeling	37	0.7872340425531915	352	0.7857142857142857	129	0.8431372549019608	0.001519756838905817	-0.05590321234876927	0	0.0	2	0.004464285714285714	0	0.0	-0.004464285714285714	0.0
EEF1AKNMT	other	37	0.7872340425531915	368	0.8214285714285714	124	0.8104575163398693	-0.03419452887537988	-0.023223473786677773	2	0.0425531914893617	8	0.017857142857142856	2	0.013071895424836602	0.024696048632218845	0.029481296064525098
ING5	histone_read	37	0.7872340425531915	360	0.8035714285714286	121	0.7908496732026143	-0.016337386018237088	-0.0036156306494228296	0	0.0	3	0.006696428571428571	2	0.013071895424836602	-0.006696428571428571	-0.013071895424836602
KLF18	tf	37	0.7872340425531915	340	0.7589285714285714	117	0.7647058823529411	0.02830547112462012	0.02252816020025039	12	0.2553191489361702	88	0.19642857142857142	41	0.2679738562091503	0.05889057750759877	-0.012654707272980126
MTF2	polycomb	37	0.7872340425531915	338	0.7544642857142857	116	0.7581699346405228	0.03276975683890582	0.02906410791266867	0	0.0	1	0.002232142857142857	1	0.006535947712418301	-0.002232142857142857	-0.006535947712418301
PHF14	histone_read	37	0.7872340425531915	384	0.8571428571428571	129	0.8431372549019608	-0.06990881458966558	-0.05590321234876927	0	0.0	2	0.004464285714285714	2	0.013071895424836602	-0.004464285714285714	-0.013071895424836602
SAP18	histone_erase	37	0.7872340425531915	405	0.9040178571428571	144	0.9411764705882353	-0.11678381458966558	-0.15394242803504377	0	0.0	0	0.0	0	0.0	0.0	0.0
SMYD2	histone_write	37	0.7872340425531915	355	0.7924107142857143	132	0.8627450980392157	-0.005176671732522786	-0.07551105548602421	1	0.02127659574468085	3	0.006696428571428571	0	0.0	0.014580167173252279	0.02127659574468085
DTX3L	histone_write	36	0.7659574468085106	375	0.8370535714285714	135	0.8823529411764706	-0.07109612462006076	-0.11639549436795993	2	0.0425531914893617	10	0.022321428571428572	3	0.0196078431372549	0.02023176291793313	0.0229453483521068
MBD4	dna_modification	36	0.7659574468085106	316	0.7053571428571429	107	0.6993464052287581	0.06060030395136773	0.0666110415797525	1	0.02127659574468085	10	0.022321428571428572	0	0.0	-0.0010448328267477214	0.02127659574468085
NAA60	histone_write	36	0.7659574468085106	369	0.8236607142857143	124	0.8104575163398693	-0.05770326747720367	-0.044500069531358655	2	0.0425531914893617	24	0.05357142857142857	2	0.013071895424836602	-0.011018237082066867	0.029481296064525098
TDRD7	histone_read	36	0.7659574468085106	340	0.7589285714285714	109	0.7124183006535948	0.007028875379939237	0.05353914615491584	1	0.02127659574468085	11	0.024553571428571428	6	0.0392156862745098	-0.0032769756838905775	-0.017939090529828953
APOBEC3B	dna_modification	35	0.7446808510638298	335	0.7477678571428571	114	0.7450980392156863	-0.0030870060790273435	-0.0004171881518565401	0	0.0	1	0.002232142857142857	0	0.0	-0.002232142857142857	0.0
NSD1	histone_write	35	0.7446808510638298	326	0.7276785714285714	117	0.7647058823529411	0.017002279635258355	-0.020025031289111372	3	0.06382978723404255	16	0.03571428571428571	8	0.05228758169934641	0.028115501519756836	0.011542205534696141
RMI1	dna_modification	35	0.7446808510638298	384	0.8571428571428571	130	0.8496732026143791	-0.11246200607902734	-0.10499235155054931	0	0.0	1	0.002232142857142857	4	0.026143790849673203	-0.002232142857142857	-0.026143790849673203
TP53	histone_write	35	0.7446808510638298	324	0.7232142857142857	112	0.7320261437908496	0.021466565349544053	0.012654707272980126	0	0.0	4	0.008928571428571428	1	0.006535947712418301	-0.008928571428571428	-0.006535947712418301
TP53BP1	histone_read	35	0.7446808510638298	283	0.6316964285714286	105	0.6862745098039216	0.11298442249240115	0.05840634125990818	7	0.14893617021276595	36	0.08035714285714286	6	0.0392156862745098	0.06857902735562309	0.10972048393825615
DNMT1	dna_modification	34	0.723404255319149	257	0.5736607142857143	99	0.6470588235294118	0.14974354103343468	0.07634543178973718	8	0.1702127659574468	43	0.09598214285714286	11	0.0718954248366013	0.07423062310030394	0.0983173411208455
L3MBTL4	histone_read	34	0.723404255319149	343	0.765625	119	0.7777777777777778	-0.04222074468085102	-0.05437352245862881	0	0.0	13	0.029017857142857144	8	0.05228758169934641	-0.029017857142857144	-0.05228758169934641
NSL1	histone_write	33	0.7021276595744681	324	0.7232142857142857	110	0.7189542483660131	-0.0210866261398176	-0.016826588791544972	0	0.0	1	0.002232142857142857	2	0.013071895424836602	-0.002232142857142857	-0.013071895424836602
PARP1	chromatin_remodeling	33	0.7021276595744681	288	0.6428571428571429	102	0.6666666666666666	0.059270516717325195	0.03546099290780147	6	0.1276595744680851	35	0.078125	11	0.0718954248366013	0.049534574468085096	0.055764149631483795
PHF21A	histone_erase	33	0.7021276595744681	324	0.7232142857142857	112	0.7320261437908496	-0.0210866261398176	-0.029898484216381527	1	0.02127659574468085	3	0.006696428571428571	2	0.013071895424836602	0.014580167173252279	0.008204700319844249
BRCA1	histone_write	32	0.6808510638297872	294	0.65625	95	0.6209150326797386	0.024601063829787218	0.05993603115004864	1	0.02127659574468085	15	0.033482142857142856	3	0.0196078431372549	-0.012205547112462006	0.0016687526074259489
EXOSC5	rna_modification	32	0.6808510638297872	283	0.6316964285714286	102	0.6666666666666666	0.049154635258358614	0.014184397163120588	1	0.02127659574468085	3	0.006696428571428571	1	0.006535947712418301	0.014580167173252279	0.014740648032262549
SP100	chromatin_remodeling	32	0.6808510638297872	303	0.6763392857142857	102	0.6666666666666666	0.004511778115501519	0.014184397163120588	0	0.0	16	0.03571428571428571	2	0.013071895424836602	-0.03571428571428571	-0.013071895424836602
VDR	chromatin_remodeling	32	0.6808510638297872	327	0.7299107142857143	110	0.7189542483660131	-0.049059650455927084	-0.038103184536225854	0	0.0	6	0.013392857142857142	1	0.006535947712418301	-0.013392857142857142	-0.006535947712418301
ZNF592	histone_erase	32	0.6808510638297872	295	0.6584821428571429	113	0.738562091503268	0.022368920972644313	-0.0577110276734808	2	0.0425531914893617	16	0.03571428571428571	2	0.013071895424836602	0.006838905775075989	0.029481296064525098
ACTR5	chromatin_remodeling	31	0.6595744680851063	274	0.6116071428571429	93	0.6078431372549019	0.04796732522796343	0.051731330830204425	1	0.02127659574468085	24	0.05357142857142857	7	0.0457516339869281	-0.03229483282674772	-0.02447503824224725
KDM5A	histone_erase	31	0.6595744680851063	329	0.734375	108	0.7058823529411765	-0.07480053191489366	-0.04630788485607018	5	0.10638297872340426	35	0.078125	8	0.05228758169934641	0.028257978723404256	0.05409539702405785
MYBBP1A	chromatin_remodeling	31	0.6595744680851063	307	0.6852678571428571	106	0.6928104575163399	-0.02569338905775076	-0.033235989431233515	11	0.23404255319148937	74	0.16517857142857142	29	0.1895424836601307	0.06886398176291794	0.044500069531358655
PIWIL4	chromatin_remodeling	31	0.6595744680851063	207	0.46205357142857145	67	0.43790849673202614	0.19752089665653488	0.2216659713530802	3	0.06382978723404255	11	0.024553571428571428	4	0.026143790849673203	0.039276215805471124	0.03768599638436934
TAF5	histone_write	30	0.6382978723404256	276	0.6160714285714286	98	0.6405228758169934	0.022226443768996962	-0.002225003476567844	0	0.0	5	0.011160714285714286	1	0.006535947712418301	-0.011160714285714286	-0.006535947712418301
USP17L2	histone_erase	30	0.6382978723404256	277	0.6183035714285714	85	0.5555555555555556	0.019994300911854168	0.08274231678486998	3	0.06382978723404255	14	0.03125	8	0.05228758169934641	0.03257978723404255	0.011542205534696141
CTCFL	chromatin_remodeling	29	0.6170212765957447	263	0.5870535714285714	97	0.6339869281045751	0.029967705167173286	-0.016965651508830448	0	0.0	3	0.006696428571428571	3	0.0196078431372549	-0.006696428571428571	-0.0196078431372549
EID2	histone_write	29	0.6170212765957447	298	0.6651785714285714	104	0.6797385620915033	-0.048157294832826714	-0.06271728549575861	0	0.0	0	0.0	0	0.0	0.0	0.0
KMT2B	histone_write	29	0.6170212765957447	302	0.6741071428571429	110	0.7189542483660131	-0.05708586626139822	-0.10193297177026839	5	0.10638297872340426	37	0.08258928571428571	13	0.08496732026143791	0.023793693009118544	0.021415658461966344
MYO1C	chromatin_remodeling	29	0.6170212765957447	315	0.703125	121	0.7908496732026143	-0.08610372340425532	-0.17382839660686966	2	0.0425531914893617	24	0.05357142857142857	9	0.058823529411764705	-0.011018237082066867	-0.016270337922403004
NBN	chromatin_remodeling	29	0.6170212765957447	292	0.6517857142857143	114	0.7450980392156863	-0.03476443768996962	-0.1280767626199416	4	0.0851063829787234	19	0.04241071428571429	11	0.0718954248366013	0.042695668693009114	0.0132109581421221
TRIM16	histone_write	29	0.6170212765957447	268	0.5982142857142857	100	0.6535947712418301	0.018806990881458985	-0.03657349464608539	10	0.2127659574468085	76	0.16964285714285715	34	0.2222222222222222	0.04312310030395136	-0.009456264775413697
CTBP2	histone_write	28	0.5957446808510638	261	0.5825892857142857	96	0.6274509803921569	0.013155395136778103	-0.03170629954109305	3	0.06382978723404255	8	0.017857142857142856	5	0.032679738562091505	0.04597264437689969	0.031150048671951043
PRKAG3	histone_write	28	0.5957446808510638	240	0.5357142857142857	77	0.5032679738562091	0.0600303951367781	0.09247670699485466	2	0.0425531914893617	3	0.006696428571428571	1	0.006535947712418301	0.03585676291793313	0.0360172437769434
ATR	histone_write	27	0.574468085106383	283	0.6316964285714286	91	0.5947712418300654	-0.05722834346504557	-0.020303156723682325	0	0.0	14	0.03125	1	0.006535947712418301	-0.03125	-0.006535947712418301
TET2	dna_modification	27	0.574468085106383	258	0.5758928571428571	90	0.5882352941176471	-0.0014247720364740646	-0.013767209011264048	2	0.0425531914893617	29	0.06473214285714286	8	0.05228758169934641	-0.022178951367781162	-0.009734390209984706
APOBEC3H	dna_modification	26	0.5531914893617021	247	0.5513392857142857	94	0.6143790849673203	0.0018522036474164505	-0.06118759560561815	0	0.0	6	0.013392857142857142	2	0.013071895424836602	-0.013392857142857142	-0.013071895424836602
ATRX	chromatin_remodeling	26	0.5531914893617021	250	0.5580357142857143	77	0.5032679738562091	-0.004844224924012153	0.04992351550549301	1	0.02127659574468085	13	0.029017857142857144	3	0.0196078431372549	-0.007741261398176293	0.0016687526074259489
IKZF1	chromatin_remodeling	26	0.5531914893617021	305	0.6808035714285714	117	0.7647058823529411	-0.12761208206686925	-0.21151439299123898	0	0.0	3	0.006696428571428571	0	0.0	-0.006696428571428571	0.0
BRMS1	chromatin_remodeling	25	0.5319148936170213	208	0.4642857142857143	80	0.5228758169934641	0.06762917933130697	0.009039076623557185	0	0.0	2	0.004464285714285714	1	0.006535947712418301	-0.004464285714285714	-0.006535947712418301
CHUK	histone_write	25	0.5319148936170213	293	0.6540178571428571	110	0.7189542483660131	-0.12210296352583583	-0.1870393547489918	4	0.0851063829787234	53	0.11830357142857142	19	0.12418300653594772	-0.03319718844984802	-0.03907662355722431
HR	histone_erase	25	0.5319148936170213	254	0.5669642857142857	93	0.6078431372549019	-0.03504939209726443	-0.07592824363788064	1	0.02127659574468085	25	0.05580357142857143	5	0.032679738562091505	-0.034526975683890584	-0.011403142817410655
PHC1	polycomb	25	0.5319148936170213	264	0.5892857142857143	86	0.5620915032679739	-0.057370820668693034	-0.03017660965095259	0	0.0	2	0.004464285714285714	1	0.006535947712418301	-0.004464285714285714	-0.006535947712418301
PRDM6	histone_write	25	0.5319148936170213	244	0.5446428571428571	89	0.5816993464052288	-0.012727963525835828	-0.049784452788207534	0	0.0	11	0.024553571428571428	4	0.026143790849673203	-0.024553571428571428	-0.026143790849673203
SPEN	histone_erase	25	0.5319148936170213	218	0.48660714285714285	86	0.5620915032679739	0.04530775075987842	-0.03017660965095259	1	0.02127659574468085	13	0.029017857142857144	11	0.0718954248366013	-0.007741261398176293	-0.05061882909192045
TRIM33	histone_read	25	0.5319148936170213	307	0.6852678571428571	110	0.7189542483660131	-0.15335296352583583	-0.1870393547489918	1	0.02127659574468085	2	0.004464285714285714	3	0.0196078431372549	0.016812310030395135	0.0016687526074259489
UBR2	histone_write	25	0.5319148936170213	263	0.5870535714285714	80	0.5228758169934641	-0.05513867781155013	0.009039076623557185	2	0.0425531914893617	12	0.026785714285714284	2	0.013071895424836602	0.015767477203647417	0.029481296064525098
APEX1	dna_modification	24	0.5106382978723404	195	0.43526785714285715	72	0.47058823529411764	0.07537044072948323	0.040050062578222745	4	0.0851063829787234	26	0.05803571428571429	11	0.0718954248366013	0.027070668693009114	0.0132109581421221
BAZ2B	histone_read	24	0.5106382978723404	245	0.546875	80	0.5228758169934641	-0.036236702127659615	-0.012237519121123697	2	0.0425531914893617	27	0.060267857142857144	6	0.0392156862745098	-0.017714665653495443	0.0033375052148518977
CBX8	histone_read	24	0.5106382978723404	263	0.5870535714285714	87	0.5686274509803921	-0.07641527355623101	-0.05798915310805175	0	0.0	13	0.029017857142857144	5	0.032679738562091505	-0.029017857142857144	-0.032679738562091505
CDK7	histone_write	24	0.5106382978723404	277	0.6183035714285714	106	0.6928104575163399	-0.10766527355623101	-0.18217215964399947	0	0.0	0	0.0	0	0.0	0.0	0.0
CDYL	histone_write	24	0.5106382978723404	232	0.5178571428571429	82	0.5359477124183006	-0.007218844984802519	-0.02530941454596025	0	0.0	4	0.008928571428571428	3	0.0196078431372549	-0.008928571428571428	-0.0196078431372549
PRDM14	dna_modification	24	0.5106382978723404	183	0.40848214285714285	49	0.3202614379084967	0.10215615501519754	0.19037685996384368	0	0.0	2	0.004464285714285714	0	0.0	-0.004464285714285714	0.0
REST	histone_erase	24	0.5106382978723404	262	0.5848214285714286	94	0.6143790849673203	-0.07418313069908822	-0.10374078709497991	2	0.0425531914893617	11	0.024553571428571428	6	0.0392156862745098	0.017999620060790273	0.0033375052148518977
CDC6	chromatin_remodeling	23	0.48936170212765956	202	0.45089285714285715	64	0.41830065359477125	0.03846884498480241	0.0710610485328883	1	0.02127659574468085	8	0.017857142857142856	2	0.013071895424836602	0.0034194528875379944	0.008204700319844249
CHD1L	chromatin_remodeling	23	0.48936170212765956	212	0.4732142857142857	79	0.5163398692810458	0.01614741641337386	-0.026978167153386245	3	0.06382978723404255	7	0.015625	1	0.006535947712418301	0.04820478723404255	0.05729383952162425
EYA4	histone_erase	23	0.48936170212765956	263	0.5870535714285714	96	0.6274509803921569	-0.09769186930091184	-0.1380892782644973	0	0.0	4	0.008928571428571428	2	0.013071895424836602	-0.008928571428571428	-0.013071895424836602
LEO1	histone_write	23	0.48936170212765956	179	0.39955357142857145	63	0.4117647058823529	0.0898081306990881	0.07759699624530664	0	0.0	1	0.002232142857142857	1	0.006535947712418301	-0.002232142857142857	-0.006535947712418301
PQBP1	rna_modification	23	0.48936170212765956	187	0.4174107142857143	67	0.43790849673202614	0.07195098784194526	0.05145320539563342	0	0.0	0	0.0	0	0.0	0.0	0.0
PBK	histone_write	22	0.46808510638297873	257	0.5736607142857143	86	0.5620915032679739	-0.10557560790273557	-0.09400639688499512	1	0.02127659574468085	2	0.004464285714285714	1	0.006535947712418301	0.016812310030395135	0.014740648032262549
TDG	dna_modification	22	0.46808510638297873	215	0.4799107142857143	59	0.38562091503267976	-0.011825607902735569	0.08246419135029898	0	0.0	1	0.002232142857142857	2	0.013071895424836602	-0.002232142857142857	-0.013071895424836602
ZNF541	chromatin_remodeling	22	0.46808510638297873	138	0.3080357142857143	57	0.37254901960784315	0.16004939209726443	0.09553608677513559	5	0.10638297872340426	42	0.09375	14	0.0915032679738562	0.012632978723404256	0.014879710749548053
ZRANB3	chromatin_remodeling	22	0.46808510638297873	159	0.3549107142857143	53	0.3464052287581699	0.11317439209726443	0.12167987762480881	3	0.06382978723404255	20	0.044642857142857144	10	0.06535947712418301	0.019186930091185404	-0.001529689890140462
BARD1	histone_write	21	0.44680851063829785	249	0.5558035714285714	77	0.5032679738562091	-0.10899506079027355	-0.05645946321791129	0	0.0	27	0.060267857142857144	5	0.032679738562091505	-0.060267857142857144	-0.032679738562091505
PADI4	histone_other	21	0.44680851063829785	237	0.5290178571428571	83	0.5424836601307189	-0.08220934650455924	-0.09567514949242106	1	0.02127659574468085	9	0.020089285714285716	3	0.0196078431372549	0.0011873100303951348	0.0016687526074259489
SMARCA2	histone_read	21	0.44680851063829785	159	0.3549107142857143	50	0.32679738562091504	0.09189779635258355	0.12001112501738281	0	0.0	6	0.013392857142857142	0	0.0	-0.013392857142857142	0.0
CHD9	chromatin_remodeling	20	0.425531914893617	142	0.3169642857142857	60	0.39215686274509803	0.10856762917933133	0.03337505214851899	5	0.10638297872340426	38	0.08482142857142858	15	0.09803921568627451	0.02156155015197568	0.008343763037129748
ZNF532	histone_erase	20	0.425531914893617	256	0.5714285714285714	78	0.5098039215686274	-0.14589665653495437	-0.08427200667501039	1	0.02127659574468085	8	0.017857142857142856	6	0.0392156862745098	0.0034194528875379944	-0.017939090529828953
CUL3	histone_write	19	0.40425531914893614	204	0.45535714285714285	71	0.46405228758169936	-0.051101823708206706	-0.05979696843276322	0	0.0	1	0.002232142857142857	0	0.0	-0.002232142857142857	0.0
INO80D	chromatin_remodeling	19	0.40425531914893614	218	0.48660714285714285	66	0.43137254901960786	-0.0823518237082067	-0.027117229870671722	0	0.0	5	0.011160714285714286	3	0.0196078431372549	-0.011160714285714286	-0.0196078431372549
APOBEC2	dna_modification	18	0.3829787234042553	191	0.4263392857142857	58	0.3790849673202614	-0.04336056231003038	0.0038937560839938934	0	0.0	3	0.006696428571428571	0	0.0	-0.006696428571428571	0.0
KMT2C	histone_write	18	0.3829787234042553	201	0.4486607142857143	73	0.477124183006536	-0.06568199088145898	-0.09414545960228066	5	0.10638297872340426	55	0.12276785714285714	16	0.10457516339869281	-0.01638487841945288	0.0018078153247114426
MORF4L1	histone_read	18	0.3829787234042553	230	0.5133928571428571	72	0.47058823529411764	-0.13041413373860178	-0.08760951188986232	0	0.0	4	0.008928571428571428	1	0.006535947712418301	-0.008928571428571428	-0.006535947712418301
MBD1	histone_write	17	0.3617021276595745	132	0.29464285714285715	40	0.26143790849673204	0.06705927051671734	0.10026421916284245	1	0.02127659574468085	4	0.008928571428571428	1	0.006535947712418301	0.012348024316109422	0.014740648032262549
PRKDC	histone_write	17	0.3617021276595745	95	0.21205357142857142	30	0.19607843137254902	0.14964855623100307	0.16562369628702547	9	0.19148936170212766	54	0.12053571428571429	15	0.09803921568627451	0.07095364741641337	0.09345014601585315
SMARCAL1	chromatin_remodeling	17	0.3617021276595745	127	0.28348214285714285	54	0.35294117647058826	0.07821998480243164	0.008760951188986232	5	0.10638297872340426	33	0.07366071428571429	14	0.0915032679738562	0.03272226443768997	0.014879710749548053
TNP2	chromatin_remodeling	17	0.3617021276595745	173	0.3861607142857143	51	0.3333333333333333	-0.02445858662613981	0.028368794326241176	2	0.0425531914893617	6	0.013392857142857142	3	0.0196078431372549	0.029160334346504557	0.0229453483521068
ELP2	histone_write	16	0.3404255319148936	221	0.49330357142857145	67	0.43790849673202614	-0.15287803951367784	-0.09748296481713253	7	0.14893617021276595	102	0.22767857142857142	31	0.20261437908496732	-0.07874240121580547	-0.05367820887220137
MSH6	histone_read	16	0.3404255319148936	171	0.38169642857142855	49	0.3202614379084967	-0.04127089665653494	0.020164094006396904	2	0.0425531914893617	16	0.03571428571428571	6	0.0392156862745098	0.006838905775075989	0.0033375052148518977
NCOR2	histone_erase	16	0.3404255319148936	159	0.3549107142857143	57	0.37254901960784315	-0.014485182370820693	-0.03212348769294954	5	0.10638297872340426	59	0.13169642857142858	25	0.16339869281045752	-0.02531344984802432	-0.05701571408705326
BANP	histone_write	15	0.3191489361702128	98	0.21875	47	0.30718954248366015	0.10039893617021278	0.011959393686552633	4	0.0851063829787234	2	0.004464285714285714	1	0.006535947712418301	0.08064209726443769	0.0785704352663051
PAXIP1	histone_write	14	0.2978723404255319	141	0.31473214285714285	50	0.32679738562091504	-0.01685980243161095	-0.028925045195383137	1	0.02127659574468085	5	0.011160714285714286	3	0.0196078431372549	0.010115881458966565	0.0016687526074259489
PHC2	polycomb	14	0.2978723404255319	152	0.3392857142857143	46	0.3006535947712418	-0.0414133738601824	-0.002781254345709916	0	0.0	8	0.017857142857142856	2	0.013071895424836602	-0.017857142857142856	-0.013071895424836602
PRMT9	histone_write	14	0.2978723404255319	116	0.25892857142857145	53	0.3464052287581699	0.03894376899696045	-0.048532888332638024	14	0.2978723404255319	116	0.25892857142857145	53	0.3464052287581699	0.03894376899696045	-0.048532888332638024
BRD2	histone_read	13	0.2765957446808511	109	0.24330357142857142	44	0.2875816993464052	0.03329217325227965	-0.010985954665554132	0	0.0	4	0.008928571428571428	0	0.0	-0.008928571428571428	0.0
KAT6A	histone_write	13	0.2765957446808511	153	0.34151785714285715	41	0.2679738562091503	-0.06492211246200608	0.008621888471700756	1	0.02127659574468085	11	0.024553571428571428	3	0.0196078431372549	-0.0032769756838905775	0.0016687526074259489
TADA1	histone_chaperone	13	0.2765957446808511	103	0.22991071428571427	35	0.22875816993464052	0.0466850303951368	0.04783757474621056	0	0.0	0	0.0	4	0.026143790849673203	0.0	-0.026143790849673203
UIMC1	histone_read	13	0.2765957446808511	111	0.24776785714285715	47	0.30718954248366015	0.028827887537993924	-0.030593797802809075	1	0.02127659574468085	6	0.013392857142857142	3	0.0196078431372549	0.007883738601823708	0.0016687526074259489
ZNF217	histone_erase	13	0.2765957446808511	154	0.34375	59	0.38562091503267976	-0.06715425531914893	-0.10902517035182868	1	0.02127659574468085	12	0.026785714285714284	7	0.0457516339869281	-0.005509118541033434	-0.02447503824224725
NCOA2	chromatin_remodeling	12	0.2553191489361702	142	0.3169642857142857	49	0.3202614379084967	-0.061645136778115506	-0.06494228897232651	0	0.0	17	0.03794642857142857	3	0.0196078431372549	-0.03794642857142857	-0.0196078431372549
ALKBH4	dna_modification	11	0.23404255319148937	111	0.24776785714285715	40	0.26143790849673204	-0.013725303951367784	-0.027395355305242675	0	0.0	3	0.006696428571428571	0	0.0	-0.006696428571428571	0.0
DOT1L	histone_write	11	0.23404255319148937	127	0.28348214285714285	56	0.3660130718954248	-0.04943958966565348	-0.13197051870393545	2	0.0425531914893617	15	0.033482142857142856	8	0.05228758169934641	0.009071048632218845	-0.009734390209984706
FOXO1	tf	11	0.23404255319148937	97	0.21651785714285715	32	0.20915032679738563	0.017524696048632216	0.02489222639410374	5	0.10638297872340426	30	0.06696428571428571	11	0.0718954248366013	0.039418693009118544	0.034487553886802955
KANSL3	histone_write	11	0.23404255319148937	101	0.22544642857142858	27	0.17647058823529413	0.008596124620060791	0.05757196495619524	1	0.02127659574468085	3	0.006696428571428571	1	0.006535947712418301	0.014580167173252279	0.014740648032262549
RNF168	histone_write	11	0.23404255319148937	122	0.27232142857142855	43	0.28104575163398693	-0.03827887537993918	-0.04700319844249756	0	0.0	16	0.03571428571428571	3	0.0196078431372549	-0.03571428571428571	-0.0196078431372549
TOP2B	chromatin_remodeling	11	0.23404255319148937	115	0.25669642857142855	40	0.26143790849673204	-0.02265387537993918	-0.027395355305242675	11	0.23404255319148937	113	0.25223214285714285	40	0.26143790849673204	-0.018189589665653483	-0.027395355305242675
TYW5	rna_modification	11	0.23404255319148937	70	0.15625	40	0.26143790849673204	0.07779255319148937	-0.027395355305242675	0	0.0	1	0.002232142857142857	0	0.0	-0.002232142857142857	0.0
YTHDC1	rna_modification	11	0.23404255319148937	87	0.19419642857142858	38	0.24836601307189543	0.03984612462006079	-0.014323459880406064	1	0.02127659574468085	0	0.0	0	0.0	0.02127659574468085	0.02127659574468085
APOBEC3G	dna_modification	10	0.2127659574468085	77	0.171875	17	0.1111111111111111	0.04089095744680851	0.10165484633569741	1	0.02127659574468085	7	0.015625	1	0.006535947712418301	0.0056515957446808505	0.014740648032262549
DPPA3	histone_read	10	0.2127659574468085	144	0.32142857142857145	35	0.22875816993464052	-0.10866261398176294	-0.015992212487832003	0	0.0	2	0.004464285714285714	0	0.0	-0.004464285714285714	0.0
HDGF	chromatin_remodeling	10	0.2127659574468085	59	0.13169642857142858	25	0.16339869281045752	0.08106952887537994	0.049367264636350994	1	0.02127659574468085	1	0.002232142857142857	0	0.0	0.019044452887537994	0.02127659574468085
KMT2D	histone_write	10	0.2127659574468085	100	0.22321428571428573	29	0.1895424836601307	-0.010448328267477214	0.0232234737866778	10	0.2127659574468085	100	0.22321428571428573	28	0.1830065359477124	-0.010448328267477214	0.029759421499096106
PRMT6	histone_write	10	0.2127659574468085	99	0.22098214285714285	29	0.1895424836601307	-0.008216185410334337	0.0232234737866778	0	0.0	1	0.002232142857142857	1	0.006535947712418301	-0.002232142857142857	-0.006535947712418301
SCML4	polycomb	10	0.2127659574468085	74	0.16517857142857142	25	0.16339869281045752	0.04758738601823709	0.049367264636350994	0	0.0	4	0.008928571428571428	0	0.0	-0.008928571428571428	0.0
HDAC10	histone_erase	9	0.19148936170212766	120	0.26785714285714285	48	0.3137254901960784	-0.07636778115501519	-0.12223612849395077	1	0.02127659574468085	14	0.03125	5	0.032679738562091505	-0.00997340425531915	-0.011403142817410655
KDM7A	histone_erase	9	0.19148936170212766	192	0.42857142857142855	65	0.42483660130718953	-0.2370820668693009	-0.23334723960506187	1	0.02127659574468085	1	0.002232142857142857	5	0.032679738562091505	0.019044452887537994	-0.011403142817410655
PRDM1	histone_write	9	0.19148936170212766	46	0.10267857142857142	13	0.08496732026143791	0.08881079027355623	0.10652204144068975	1	0.02127659574468085	12	0.026785714285714284	4	0.026143790849673203	-0.005509118541033434	-0.004867195104992353
ZNF516	histone_erase	9	0.19148936170212766	59	0.13169642857142858	20	0.13071895424836602	0.05979293313069908	0.06077040745376164	7	0.14893617021276595	49	0.109375	16	0.10457516339869281	0.03956117021276595	0.04436100681407314
EHMT1	histone_write	8	0.1702127659574468	44	0.09821428571428571	16	0.10457516339869281	0.07199848024316109	0.06563760255875399	8	0.1702127659574468	44	0.09821428571428571	16	0.10457516339869281	0.07199848024316109	0.06563760255875399
EP400	chromatin_remodeling	8	0.1702127659574468	29	0.06473214285714286	11	0.0718954248366013	0.10548062310030394	0.0983173411208455	4	0.0851063829787234	23	0.05133928571428571	9	0.058823529411764705	0.03376709726443769	0.026282853566958697
METTL11B	histone_write	8	0.1702127659574468	123	0.27455357142857145	50	0.32679738562091504	-0.10434080547112465	-0.15658461966346823	1	0.02127659574468085	5	0.011160714285714286	1	0.006535947712418301	0.010115881458966565	0.014740648032262549
PADI3	histone_other	8	0.1702127659574468	110	0.24553571428571427	30	0.19607843137254902	-0.07532294832826747	-0.025865665415102213	1	0.02127659574468085	15	0.033482142857142856	3	0.0196078431372549	-0.012205547112462006	0.0016687526074259489
DMAP1	chromatin_remodeling	7	0.14893617021276595	12	0.026785714285714284	5	0.032679738562091505	0.12215045592705166	0.11625643165067445	7	0.14893617021276595	12	0.026785714285714284	5	0.032679738562091505	0.12215045592705166	0.11625643165067445
PRDM2	histone_write	7	0.14893617021276595	35	0.078125	17	0.1111111111111111	0.07081117021276595	0.037825059101654845	4	0.0851063829787234	16	0.03571428571428571	10	0.06535947712418301	0.04939209726443769	0.019746905854540392
PRR14	histone_write	7	0.14893617021276595	49	0.109375	19	0.12418300653594772	0.03956117021276595	0.024753163676818235	2	0.0425531914893617	5	0.011160714285714286	2	0.013071895424836602	0.03139247720364741	0.029481296064525098
SETMAR	histone_write	7	0.14893617021276595	80	0.17857142857142858	27	0.17647058823529413	-0.029635258358662625	-0.02753441802252818	1	0.02127659574468085	19	0.04241071428571429	4	0.026143790849673203	-0.021134118541033437	-0.004867195104992353
ARID2	chromatin_remodeling	6	0.1276595744680851	57	0.12723214285714285	17	0.1111111111111111	0.00042743161094224713	0.01654846335697399	6	0.1276595744680851	57	0.12723214285714285	17	0.1111111111111111	0.00042743161094224713	0.01654846335697399
ATM	histone_write	6	0.1276595744680851	32	0.07142857142857142	26	0.16993464052287582	0.05623100303951367	-0.04227506605479073	2	0.0425531914893617	16	0.03571428571428571	18	0.11764705882352941	0.006838905775075989	-0.0750938673341677
CHAF1A	chromatin_remodeling	6	0.1276595744680851	32	0.07142857142857142	12	0.0784313725490196	0.05623100303951367	0.04922820191906549	0	0.0	5	0.011160714285714286	0	0.0	-0.011160714285714286	0.0
EEF1AKMT4	other	6	0.1276595744680851	55	0.12276785714285714	20	0.13071895424836602	0.0048917173252279594	-0.003059379780280924	0	0.0	3	0.006696428571428571	1	0.006535947712418301	-0.006696428571428571	-0.006535947712418301
ELP5	histone_write	6	0.1276595744680851	25	0.05580357142857143	13	0.08496732026143791	0.07185600303951367	0.042692254206647184	0	0.0	1	0.002232142857142857	0	0.0	-0.002232142857142857	0.0
EP300	histone_write	6	0.1276595744680851	65	0.14508928571428573	26	0.16993464052287582	-0.01742971124620063	-0.04227506605479073	1	0.02127659574468085	27	0.060267857142857144	9	0.058823529411764705	-0.0389912613981763	-0.03754693366708385
MLLT10	histone_write	6	0.1276595744680851	47	0.10491071428571429	15	0.09803921568627451	0.02274886018237081	0.029620358781810588	6	0.1276595744680851	47	0.10491071428571429	15	0.09803921568627451	0.02274886018237081	0.029620358781810588
UBR7	dna_modification	6	0.1276595744680851	61	0.13616071428571427	18	0.11764705882352941	-0.008501139817629177	0.010012515644555686	0	0.0	2	0.004464285714285714	3	0.0196078431372549	-0.004464285714285714	-0.0196078431372549
ALKBH1	dna_modification	5	0.10638297872340426	51	0.11383928571428571	20	0.13071895424836602	-0.007456306990881456	-0.024335975524961764	1	0.02127659574468085	6	0.013392857142857142	1	0.006535947712418301	0.007883738601823708	0.014740648032262549
HLTF	chromatin_remodeling	5	0.10638297872340426	29	0.06473214285714286	10	0.06535947712418301	0.04165083586626139	0.041023501599221246	2	0.0425531914893617	13	0.029017857142857144	5	0.032679738562091505	0.013535334346504557	0.009873452927270196
KMT2A	histone_write	5	0.10638297872340426	31	0.06919642857142858	21	0.13725490196078433	0.03718655015197568	-0.03087192323738007	5	0.10638297872340426	31	0.06919642857142858	21	0.13725490196078433	0.03718655015197568	-0.03087192323738007
MST1	histone_other	5	0.10638297872340426	77	0.171875	30	0.19607843137254902	-0.06549202127659574	-0.08969545264914476	1	0.02127659574468085	29	0.06473214285714286	10	0.06535947712418301	-0.04345554711246201	-0.044082881379502156
NCOA6	histone_write	5	0.10638297872340426	56	0.125	12	0.0784313725490196	-0.018617021276595744	0.02795160617438465	5	0.10638297872340426	56	0.125	12	0.0784313725490196	-0.018617021276595744	0.02795160617438465
RBM24	rna_modification	5	0.10638297872340426	32	0.07142857142857142	13	0.08496732026143791	0.03495440729483283	0.021415658461966344	5	0.10638297872340426	32	0.07142857142857142	13	0.08496732026143791	0.03495440729483283	0.021415658461966344
SRCAP	chromatin_remodeling	5	0.10638297872340426	35	0.078125	15	0.09803921568627451	0.028257978723404256	0.008343763037129748	5	0.10638297872340426	35	0.078125	14	0.0915032679738562	0.028257978723404256	0.014879710749548053
STK4	histone_write	5	0.10638297872340426	57	0.12723214285714285	17	0.1111111111111111	-0.020849164133738593	-0.004728132387706849	3	0.06382978723404255	43	0.09598214285714286	10	0.06535947712418301	-0.032152355623100315	-0.001529689890140462
CHRAC1	histone_chaperone	4	0.0851063829787234	42	0.09375	19	0.12418300653594772	-0.008643617021276598	-0.03907662355722431	2	0.0425531914893617	1	0.002232142857142857	1	0.006535947712418301	0.040321048632218845	0.0360172437769434
CIT	histone_write	4	0.0851063829787234	22	0.049107142857142856	6	0.0392156862745098	0.035999240121580546	0.0458906967042136	3	0.06382978723404255	18	0.04017857142857143	6	0.0392156862745098	0.023651215805471117	0.024614100959532745
DAPK3	histone_write	4	0.0851063829787234	14	0.03125	4	0.026143790849673203	0.0538563829787234	0.058962592129050195	4	0.0851063829787234	14	0.03125	4	0.026143790849673203	0.0538563829787234	0.058962592129050195
FOXP1	tf	4	0.0851063829787234	24	0.05357142857142857	10	0.06535947712418301	0.031534954407294834	0.019746905854540392	4	0.0851063829787234	24	0.05357142857142857	10	0.06535947712418301	0.031534954407294834	0.019746905854540392
NSRP1	rna_modification	4	0.0851063829787234	24	0.05357142857142857	8	0.05228758169934641	0.031534954407294834	0.032818801279376995	4	0.0851063829787234	24	0.05357142857142857	8	0.05228758169934641	0.031534954407294834	0.032818801279376995
PHF2	histone_erase	4	0.0851063829787234	27	0.060267857142857144	6	0.0392156862745098	0.02483852583586626	0.0458906967042136	4	0.0851063829787234	25	0.05580357142857143	4	0.026143790849673203	0.02930281155015197	0.058962592129050195
PHF20	histone_write	4	0.0851063829787234	107	0.23883928571428573	28	0.1830065359477124	-0.15373290273556234	-0.097900152968989	0	0.0	23	0.05133928571428571	2	0.013071895424836602	-0.05133928571428571	-0.013071895424836602
PRDM9	histone_write	4	0.0851063829787234	19	0.04241071428571429	9	0.058823529411764705	0.042695668693009114	0.026282853566958697	4	0.0851063829787234	18	0.04017857142857143	9	0.058823529411764705	0.04492781155015197	0.026282853566958697
PRMT7	histone_write	4	0.0851063829787234	68	0.15178571428571427	28	0.1830065359477124	-0.06667933130699087	-0.097900152968989	0	0.0	8	0.017857142857142856	2	0.013071895424836602	-0.017857142857142856	-0.013071895424836602
RBBP7	histone_chaperone	4	0.0851063829787234	39	0.08705357142857142	10	0.06535947712418301	-0.0019471884498480224	0.019746905854540392	0	0.0	0	0.0	0	0.0	0.0	0.0
SETD5	histone_write	4	0.0851063829787234	27	0.060267857142857144	8	0.05228758169934641	0.02483852583586626	0.032818801279376995	4	0.0851063829787234	27	0.060267857142857144	8	0.05228758169934641	0.02483852583586626	0.032818801279376995
SMYD1	histone_write	4	0.0851063829787234	34	0.07589285714285714	12	0.0784313725490196	0.009213525835866265	0.0066750104297037954	1	0.02127659574468085	12	0.026785714285714284	4	0.026143790849673203	-0.005509118541033434	-0.004867195104992353
ARID1A	chromatin_remodeling	3	0.06382978723404255	17	0.03794642857142857	6	0.0392156862745098	0.02588335866261398	0.024614100959532745	3	0.06382978723404255	17	0.03794642857142857	6	0.0392156862745098	0.02588335866261398	0.024614100959532745
ASXL1	polycomb	3	0.06382978723404255	25	0.05580357142857143	6	0.0392156862745098	0.008026215805471117	0.024614100959532745	3	0.06382978723404255	25	0.05580357142857143	6	0.0392156862745098	0.008026215805471117	0.024614100959532745
ATAD2B	histone_read	3	0.06382978723404255	4	0.008928571428571428	1	0.006535947712418301	0.054901215805471124	0.05729383952162425	3	0.06382978723404255	4	0.008928571428571428	1	0.006535947712418301	0.054901215805471124	0.05729383952162425
BAZ2A	chromatin_remodeling	3	0.06382978723404255	27	0.060267857142857144	6	0.0392156862745098	0.0035619300911854043	0.024614100959532745	3	0.06382978723404255	27	0.060267857142857144	6	0.0392156862745098	0.0035619300911854043	0.024614100959532745
CDK3	histone_write	3	0.06382978723404255	22	0.049107142857142856	11	0.0718954248366013	0.014722644376899692	-0.008065637602558753	3	0.06382978723404255	22	0.049107142857142856	11	0.0718954248366013	0.014722644376899692	-0.008065637602558753
CHAF1B	chromatin_remodeling	3	0.06382978723404255	18	0.04017857142857143	5	0.032679738562091505	0.023651215805471117	0.031150048671951043	1	0.02127659574468085	2	0.004464285714285714	0	0.0	0.016812310030395135	0.02127659574468085
CHD3	chromatin_remodeling	3	0.06382978723404255	34	0.07589285714285714	14	0.0915032679738562	-0.012063069908814589	-0.027673480739813655	0	0.0	8	0.017857142857142856	3	0.0196078431372549	-0.017857142857142856	-0.0196078431372549
CHD6	chromatin_remodeling	3	0.06382978723404255	38	0.08482142857142858	13	0.08496732026143791	-0.020991641337386027	-0.021137533027395364	1	0.02127659574468085	25	0.05580357142857143	12	0.0784313725490196	-0.034526975683890584	-0.05715477680433875
CHD7	chromatin_remodeling	3	0.06382978723404255	38	0.08482142857142858	11	0.0718954248366013	-0.020991641337386027	-0.008065637602558753	3	0.06382978723404255	38	0.08482142857142858	11	0.0718954248366013	-0.020991641337386027	-0.008065637602558753
DEK	chromatin_remodeling	3	0.06382978723404255	17	0.03794642857142857	3	0.0196078431372549	0.02588335866261398	0.044221944096787646	1	0.02127659574468085	0	0.0	0	0.0	0.02127659574468085	0.02127659574468085
EXOSC8	rna_modification	3	0.06382978723404255	10	0.022321428571428572	8	0.05228758169934641	0.04150835866261397	0.011542205534696141	3	0.06382978723404255	10	0.022321428571428572	8	0.05228758169934641	0.04150835866261397	0.011542205534696141
FOXP3	tf	3	0.06382978723404255	15	0.033482142857142856	7	0.0457516339869281	0.030347644376899692	0.018078153247114447	3	0.06382978723404255	15	0.033482142857142856	7	0.0457516339869281	0.030347644376899692	0.018078153247114447
GSE1	histone_erase	3	0.06382978723404255	27	0.060267857142857144	9	0.058823529411764705	0.0035619300911854043	0.005006257822277843	3	0.06382978723404255	27	0.060267857142857144	9	0.058823529411764705	0.0035619300911854043	0.005006257822277843
HDAC4	histone_erase	3	0.06382978723404255	44	0.09821428571428571	18	0.11764705882352941	-0.034384498480243164	-0.05381727158948686	3	0.06382978723404255	44	0.09821428571428571	18	0.11764705882352941	-0.034384498480243164	-0.05381727158948686
KANSL1	histone_write	3	0.06382978723404255	28	0.0625	8	0.05228758169934641	0.0013297872340425482	0.011542205534696141	3	0.06382978723404255	24	0.05357142857142857	7	0.0457516339869281	0.01025835866261398	0.018078153247114447
KAT6B	histone_write	3	0.06382978723404255	26	0.05803571428571429	11	0.0718954248366013	0.0057940729483282605	-0.008065637602558753	3	0.06382978723404255	26	0.05803571428571429	11	0.0718954248366013	0.0057940729483282605	-0.008065637602558753
KDM3B	histone_erase	3	0.06382978723404255	22	0.049107142857142856	9	0.058823529411764705	0.014722644376899692	0.005006257822277843	2	0.0425531914893617	12	0.026785714285714284	4	0.026143790849673203	0.015767477203647417	0.016409400639688498
KDM4E	histone_erase	3	0.06382978723404255	38	0.08482142857142858	19	0.12418300653594772	-0.020991641337386027	-0.06035321930190517	0	0.0	8	0.017857142857142856	4	0.026143790849673203	-0.017857142857142856	-0.026143790849673203
KMT2E	histone_write	3	0.06382978723404255	39	0.08705357142857142	12	0.0784313725490196	-0.023223784194528876	-0.014601585314977059	0	0.0	16	0.03571428571428571	8	0.05228758169934641	-0.03571428571428571	-0.05228758169934641
MBD6	chromatin_remodeling	3	0.06382978723404255	31	0.06919642857142858	6	0.0392156862745098	-0.005366641337386027	0.024614100959532745	3	0.06382978723404255	31	0.06919642857142858	6	0.0392156862745098	-0.005366641337386027	0.024614100959532745
MDC1	histone_read	3	0.06382978723404255	24	0.05357142857142857	7	0.0457516339869281	0.01025835866261398	0.018078153247114447	3	0.06382978723404255	10	0.022321428571428572	1	0.006535947712418301	0.04150835866261397	0.05729383952162425
MPND	histone_erase	3	0.06382978723404255	14	0.03125	7	0.0457516339869281	0.03257978723404255	0.018078153247114447	3	0.06382978723404255	14	0.03125	7	0.0457516339869281	0.03257978723404255	0.018078153247114447
NASP	chromatin_remodeling	3	0.06382978723404255	8	0.017857142857142856	2	0.013071895424836602	0.04597264437689969	0.050757891809205945	3	0.06382978723404255	8	0.017857142857142856	2	0.013071895424836602	0.04597264437689969	0.050757891809205945
NCOR1	histone_erase	3	0.06382978723404255	10	0.022321428571428572	9	0.058823529411764705	0.04150835866261397	0.005006257822277843	3	0.06382978723404255	10	0.022321428571428572	9	0.058823529411764705	0.04150835866261397	0.005006257822277843
NFRKB	chromatin_remodeling	3	0.06382978723404255	26	0.05803571428571429	8	0.05228758169934641	0.0057940729483282605	0.011542205534696141	3	0.06382978723404255	26	0.05803571428571429	8	0.05228758169934641	0.0057940729483282605	0.011542205534696141
PHF13	histone_read	3	0.06382978723404255	2	0.004464285714285714	1	0.006535947712418301	0.059365501519756836	0.05729383952162425	3	0.06382978723404255	2	0.004464285714285714	1	0.006535947712418301	0.059365501519756836	0.05729383952162425
PRDM11	histone_write	3	0.06382978723404255	10	0.022321428571428572	11	0.0718954248366013	0.04150835866261397	-0.008065637602558753	3	0.06382978723404255	10	0.022321428571428572	11	0.0718954248366013	0.04150835866261397	-0.008065637602558753
PRDM5	histone_write	3	0.06382978723404255	6	0.013392857142857142	5	0.032679738562091505	0.050436930091185404	0.031150048671951043	3	0.06382978723404255	6	0.013392857142857142	5	0.032679738562091505	0.050436930091185404	0.031150048671951043
PRKAG2	histone_write	3	0.06382978723404255	22	0.049107142857142856	12	0.0784313725490196	0.014722644376899692	-0.014601585314977059	3	0.06382978723404255	22	0.049107142857142856	12	0.0784313725490196	0.014722644376899692	-0.014601585314977059
RBM15	rna_modification	3	0.06382978723404255	15	0.033482142857142856	6	0.0392156862745098	0.030347644376899692	0.024614100959532745	1	0.02127659574468085	13	0.029017857142857144	6	0.0392156862745098	-0.007741261398176293	-0.017939090529828953
RBM15B	rna_modification	3	0.06382978723404255	9	0.020089285714285716	3	0.0196078431372549	0.043740501519756836	0.044221944096787646	3	0.06382978723404255	9	0.020089285714285716	3	0.0196078431372549	0.043740501519756836	0.044221944096787646
TAF2	tf	3	0.06382978723404255	35	0.078125	13	0.08496732026143791	-0.014295212765957452	-0.021137533027395364	0	0.0	3	0.006696428571428571	1	0.006535947712418301	-0.006696428571428571	-0.006535947712418301
TLE2	histone_other	3	0.06382978723404255	10	0.022321428571428572	1	0.006535947712418301	0.04150835866261397	0.05729383952162425	3	0.06382978723404255	10	0.022321428571428572	1	0.006535947712418301	0.04150835866261397	0.05729383952162425
TRUB2	rna_modification	3	0.06382978723404255	48	0.10714285714285714	13	0.08496732026143791	-0.04331306990881459	-0.021137533027395364	3	0.06382978723404255	48	0.10714285714285714	13	0.08496732026143791	-0.04331306990881459	-0.021137533027395364
UBR5	chromatin_remodeling	3	0.06382978723404255	7	0.015625	0	0.0	0.04820478723404255	0.06382978723404255	3	0.06382978723404255	7	0.015625	0	0.0	0.04820478723404255	0.06382978723404255
USP49	histone_erase	3	0.06382978723404255	28	0.0625	9	0.058823529411764705	0.0013297872340425482	0.005006257822277843	3	0.06382978723404255	27	0.060267857142857144	9	0.058823529411764705	0.0035619300911854043	0.005006257822277843
ZMYND8	histone_erase	3	0.06382978723404255	34	0.07589285714285714	12	0.0784313725490196	-0.012063069908814589	-0.014601585314977059	3	0.06382978723404255	34	0.07589285714285714	12	0.0784313725490196	-0.012063069908814589	-0.014601585314977059
ZZZ3	histone_read	3	0.06382978723404255	33	0.07366071428571429	10	0.06535947712418301	-0.00983092705167174	-0.001529689890140462	0	0.0	12	0.026785714285714284	4	0.026143790849673203	-0.026785714285714284	-0.026143790849673203
ADNP	chromatin_remodeling	2	0.0425531914893617	13	0.029017857142857144	3	0.0196078431372549	0.013535334346504557	0.0229453483521068	2	0.0425531914893617	13	0.029017857142857144	3	0.0196078431372549	0.013535334346504557	0.0229453483521068
APBB1	histone_other	2	0.0425531914893617	4	0.008928571428571428	3	0.0196078431372549	0.03362462006079027	0.0229453483521068	2	0.0425531914893617	4	0.008928571428571428	3	0.0196078431372549	0.03362462006079027	0.0229453483521068
ARID4A	histone_write	2	0.0425531914893617	13	0.029017857142857144	5	0.032679738562091505	0.013535334346504557	0.009873452927270196	2	0.0425531914893617	13	0.029017857142857144	5	0.032679738562091505	0.013535334346504557	0.009873452927270196
ASF1B	histone_chaperone	2	0.0425531914893617	5	0.011160714285714286	1	0.006535947712418301	0.03139247720364741	0.0360172437769434	2	0.0425531914893617	5	0.011160714285714286	1	0.006535947712418301	0.03139247720364741	0.0360172437769434
ATAD2	chromatin_remodeling	2	0.0425531914893617	7	0.015625	1	0.006535947712418301	0.0269281914893617	0.0360172437769434	2	0.0425531914893617	7	0.015625	1	0.006535947712418301	0.0269281914893617	0.0360172437769434
ATN1	histone_erase	2	0.0425531914893617	5	0.011160714285714286	1	0.006535947712418301	0.03139247720364741	0.0360172437769434	2	0.0425531914893617	5	0.011160714285714286	1	0.006535947712418301	0.03139247720364741	0.0360172437769434
BAZ1B	histone_write	2	0.0425531914893617	3	0.006696428571428571	2	0.013071895424836602	0.03585676291793313	0.029481296064525098	2	0.0425531914893617	3	0.006696428571428571	2	0.013071895424836602	0.03585676291793313	0.029481296064525098
BRD1	histone_read	2	0.0425531914893617	25	0.05580357142857143	14	0.0915032679738562	-0.01325037993920973	-0.0489500764844945	2	0.0425531914893617	24	0.05357142857142857	14	0.0915032679738562	-0.011018237082066867	-0.0489500764844945
BRD9	histone_read	2	0.0425531914893617	20	0.044642857142857144	2	0.013071895424836602	-0.0020896656534954428	0.029481296064525098	2	0.0425531914893617	19	0.04241071428571429	2	0.013071895424836602	0.0001424772036474134	0.029481296064525098
BRMS1L	histone_erase	2	0.0425531914893617	5	0.011160714285714286	1	0.006535947712418301	0.03139247720364741	0.0360172437769434	2	0.0425531914893617	5	0.011160714285714286	1	0.006535947712418301	0.03139247720364741	0.0360172437769434
BRPF3	histone_write	2	0.0425531914893617	9	0.020089285714285716	4	0.026143790849673203	0.022463905775075985	0.016409400639688498	2	0.0425531914893617	5	0.011160714285714286	4	0.026143790849673203	0.03139247720364741	0.016409400639688498
CREBBP	histone_write	2	0.0425531914893617	23	0.05133928571428571	8	0.05228758169934641	-0.008786094224924011	-0.009734390209984706	2	0.0425531914893617	23	0.05133928571428571	8	0.05228758169934641	-0.008786094224924011	-0.009734390209984706
CTR9	histone_other	2	0.0425531914893617	5	0.011160714285714286	2	0.013071895424836602	0.03139247720364741	0.029481296064525098	2	0.0425531914893617	5	0.011160714285714286	2	0.013071895424836602	0.03139247720364741	0.029481296064525098
DND1	rna_modification	2	0.0425531914893617	2	0.004464285714285714	1	0.006535947712418301	0.03808890577507599	0.0360172437769434	2	0.0425531914893617	2	0.004464285714285714	1	0.006535947712418301	0.03808890577507599	0.0360172437769434
ELP6	histone_write	2	0.0425531914893617	1	0.002232142857142857	3	0.0196078431372549	0.040321048632218845	0.0229453483521068	2	0.0425531914893617	1	0.002232142857142857	3	0.0196078431372549	0.040321048632218845	0.0229453483521068
ERBB4	histone_other	2	0.0425531914893617	8	0.017857142857142856	4	0.026143790849673203	0.024696048632218845	0.016409400639688498	2	0.0425531914893617	8	0.017857142857142856	4	0.026143790849673203	0.024696048632218845	0.016409400639688498
EXOSC2	rna_modification	2	0.0425531914893617	5	0.011160714285714286	2	0.013071895424836602	0.03139247720364741	0.029481296064525098	2	0.0425531914893617	5	0.011160714285714286	2	0.013071895424836602	0.03139247720364741	0.029481296064525098
FBL	histone_write	2	0.0425531914893617	55	0.12276785714285714	17	0.1111111111111111	-0.08021466565349544	-0.0685579196217494	0	0.0	0	0.0	0	0.0	0.0	0.0
FOXP4	tf	2	0.0425531914893617	23	0.05133928571428571	9	0.058823529411764705	-0.008786094224924011	-0.016270337922403004	2	0.0425531914893617	23	0.05133928571428571	9	0.058823529411764705	-0.008786094224924011	-0.016270337922403004
HCFC2	histone_write	2	0.0425531914893617	4	0.008928571428571428	0	0.0	0.03362462006079027	0.0425531914893617	2	0.0425531914893617	4	0.008928571428571428	0	0.0	0.03362462006079027	0.0425531914893617
HIRIP3	histone_read	2	0.0425531914893617	15	0.033482142857142856	3	0.0196078431372549	0.009071048632218845	0.0229453483521068	2	0.0425531914893617	15	0.033482142857142856	3	0.0196078431372549	0.009071048632218845	0.0229453483521068
HMGN5	chromatin_remodeling	2	0.0425531914893617	1	0.002232142857142857	0	0.0	0.040321048632218845	0.0425531914893617	2	0.0425531914893617	1	0.002232142857142857	0	0.0	0.040321048632218845	0.0425531914893617
ING1	histone_read	2	0.0425531914893617	30	0.06696428571428571	7	0.0457516339869281	-0.02441109422492401	-0.0031984424975664005	1	0.02127659574468085	3	0.006696428571428571	0	0.0	0.014580167173252279	0.02127659574468085
JAK2	histone_write	2	0.0425531914893617	20	0.044642857142857144	8	0.05228758169934641	-0.0020896656534954428	-0.009734390209984706	2	0.0425531914893617	20	0.044642857142857144	8	0.05228758169934641	-0.0020896656534954428	-0.009734390209984706
JARID2	histone_write	2	0.0425531914893617	12	0.026785714285714284	5	0.032679738562091505	0.015767477203647417	0.009873452927270196	2	0.0425531914893617	12	0.026785714285714284	5	0.032679738562091505	0.015767477203647417	0.009873452927270196
KDM1B	histone_erase	2	0.0425531914893617	27	0.060267857142857144	10	0.06535947712418301	-0.017714665653495443	-0.02280628563482131	1	0.02127659574468085	10	0.022321428571428572	4	0.026143790849673203	-0.0010448328267477214	-0.004867195104992353
KDM2B	histone_erase	2	0.0425531914893617	13	0.029017857142857144	1	0.006535947712418301	0.013535334346504557	0.0360172437769434	2	0.0425531914893617	13	0.029017857142857144	1	0.006535947712418301	0.013535334346504557	0.0360172437769434
L3MBTL2	histone_read	2	0.0425531914893617	16	0.03571428571428571	9	0.058823529411764705	0.006838905775075989	-0.016270337922403004	2	0.0425531914893617	16	0.03571428571428571	9	0.058823529411764705	0.006838905775075989	-0.016270337922403004
MAP3K7	histone_write	2	0.0425531914893617	1	0.002232142857142857	0	0.0	0.040321048632218845	0.0425531914893617	2	0.0425531914893617	1	0.002232142857142857	0	0.0	0.040321048632218845	0.0425531914893617
MBD5	chromatin_remodeling	2	0.0425531914893617	16	0.03571428571428571	6	0.0392156862745098	0.006838905775075989	0.0033375052148518977	2	0.0425531914893617	16	0.03571428571428571	6	0.0392156862745098	0.006838905775075989	0.0033375052148518977
MECP2	histone_write	2	0.0425531914893617	13	0.029017857142857144	4	0.026143790849673203	0.013535334346504557	0.016409400639688498	2	0.0425531914893617	13	0.029017857142857144	4	0.026143790849673203	0.013535334346504557	0.016409400639688498
MPHOSPH8	histone_read	2	0.0425531914893617	18	0.04017857142857143	5	0.032679738562091505	0.0023746200607902695	0.009873452927270196	2	0.0425531914893617	18	0.04017857142857143	5	0.032679738562091505	0.0023746200607902695	0.009873452927270196
NSUN6	rna_modification	2	0.0425531914893617	3	0.006696428571428571	1	0.006535947712418301	0.03585676291793313	0.0360172437769434	2	0.0425531914893617	3	0.006696428571428571	1	0.006535947712418301	0.03585676291793313	0.0360172437769434
PARG	chromatin_remodeling	2	0.0425531914893617	23	0.05133928571428571	5	0.032679738562091505	-0.008786094224924011	0.009873452927270196	2	0.0425531914893617	23	0.05133928571428571	5	0.032679738562091505	-0.008786094224924011	0.009873452927270196
PPP4R2	histone_other	2	0.0425531914893617	9	0.020089285714285716	3	0.0196078431372549	0.022463905775075985	0.0229453483521068	2	0.0425531914893617	9	0.020089285714285716	3	0.0196078431372549	0.022463905775075985	0.0229453483521068
PRMT2	histone_write	2	0.0425531914893617	17	0.03794642857142857	9	0.058823529411764705	0.004606762917933133	-0.016270337922403004	2	0.0425531914893617	17	0.03794642857142857	9	0.058823529411764705	0.004606762917933133	-0.016270337922403004
SAP25	histone_erase	2	0.0425531914893617	10	0.022321428571428572	7	0.0457516339869281	0.02023176291793313	-0.0031984424975664005	2	0.0425531914893617	10	0.022321428571428572	7	0.0457516339869281	0.02023176291793313	-0.0031984424975664005
SCMH1	polycomb	2	0.0425531914893617	4	0.008928571428571428	1	0.006535947712418301	0.03362462006079027	0.0360172437769434	2	0.0425531914893617	4	0.008928571428571428	1	0.006535947712418301	0.03362462006079027	0.0360172437769434
SETD1B	histone_write	2	0.0425531914893617	20	0.044642857142857144	7	0.0457516339869281	-0.0020896656534954428	-0.0031984424975664005	1	0.02127659574468085	11	0.024553571428571428	4	0.026143790849673203	-0.0032769756838905775	-0.004867195104992353
SETDB1	histone_write	2	0.0425531914893617	22	0.049107142857142856	6	0.0392156862745098	-0.006553951367781155	0.0033375052148518977	2	0.0425531914893617	22	0.049107142857142856	6	0.0392156862745098	-0.006553951367781155	0.0033375052148518977
SP1	chromatin_remodeling	2	0.0425531914893617	3	0.006696428571428571	1	0.006535947712418301	0.03585676291793313	0.0360172437769434	2	0.0425531914893617	3	0.006696428571428571	1	0.006535947712418301	0.03585676291793313	0.0360172437769434
SUPT6H	histone_erase	2	0.0425531914893617	14	0.03125	6	0.0392156862745098	0.011303191489361701	0.0033375052148518977	2	0.0425531914893617	14	0.03125	6	0.0392156862745098	0.011303191489361701	0.0033375052148518977
TEX10	histone_write	2	0.0425531914893617	3	0.006696428571428571	2	0.013071895424836602	0.03585676291793313	0.029481296064525098	2	0.0425531914893617	3	0.006696428571428571	2	0.013071895424836602	0.03585676291793313	0.029481296064525098
UBN1	histone_write	2	0.0425531914893617	24	0.05357142857142857	8	0.05228758169934641	-0.011018237082066867	-0.009734390209984706	1	0.02127659574468085	17	0.03794642857142857	2	0.013071895424836602	-0.016669832826747718	0.008204700319844249
VIRMA	rna_modification	2	0.0425531914893617	27	0.060267857142857144	9	0.058823529411764705	-0.017714665653495443	-0.016270337922403004	2	0.0425531914893617	27	0.060267857142857144	9	0.058823529411764705	-0.017714665653495443	-0.016270337922403004
WAC	histone_write	2	0.0425531914893617	11	0.024553571428571428	5	0.032679738562091505	0.017999620060790273	0.009873452927270196	2	0.0425531914893617	11	0.024553571428571428	5	0.032679738562091505	0.017999620060790273	0.009873452927270196
ZBTB33	histone_erase	2	0.0425531914893617	5	0.011160714285714286	1	0.006535947712418301	0.03139247720364741	0.0360172437769434	2	0.0425531914893617	5	0.011160714285714286	1	0.006535947712418301	0.03139247720364741	0.0360172437769434
ZCWPW1	histone_read	2	0.0425531914893617	26	0.05803571428571429	6	0.0392156862745098	-0.015482522796352587	0.0033375052148518977	2	0.0425531914893617	26	0.05803571428571429	6	0.0392156862745098	-0.015482522796352587	0.0033375052148518977
ZFP57	tf	2	0.0425531914893617	6	0.013392857142857142	5	0.032679738562091505	0.029160334346504557	0.009873452927270196	0	0.0	0	0.0	1	0.006535947712418301	0.0	-0.006535947712418301
A1CF	rna_modification	1	0.02127659574468085	10	0.022321428571428572	1	0.006535947712418301	-0.0010448328267477214	0.014740648032262549	1	0.02127659574468085	10	0.022321428571428572	1	0.006535947712418301	-0.0010448328267477214	0.014740648032262549
ACTR6	chromatin_remodeling	1	0.02127659574468085	0	0.0	0	0.0	0.02127659574468085	0.02127659574468085	1	0.02127659574468085	0	0.0	0	0.0	0.02127659574468085	0.02127659574468085
AEBP2	histone_write	1	0.02127659574468085	0	0.0	0	0.0	0.02127659574468085	0.02127659574468085	1	0.02127659574468085	0	0.0	0	0.0	0.02127659574468085	0.02127659574468085
APOBEC3C	dna_modification	1	0.02127659574468085	8	0.017857142857142856	2	0.013071895424836602	0.0034194528875379944	0.008204700319844249	1	0.02127659574468085	8	0.017857142857142856	2	0.013071895424836602	0.0034194528875379944	0.008204700319844249
APOBEC3D	dna_modification	1	0.02127659574468085	27	0.060267857142857144	8	0.05228758169934641	-0.0389912613981763	-0.031010985954665556	1	0.02127659574468085	27	0.060267857142857144	8	0.05228758169934641	-0.0389912613981763	-0.031010985954665556
ARID4B	histone_write	1	0.02127659574468085	6	0.013392857142857142	2	0.013071895424836602	0.007883738601823708	0.008204700319844249	1	0.02127659574468085	4	0.008928571428571428	2	0.013071895424836602	0.012348024316109422	0.008204700319844249
ARNTL	histone_write	1	0.02127659574468085	18	0.04017857142857143	3	0.0196078431372549	-0.01890197568389058	0.0016687526074259489	1	0.02127659574468085	18	0.04017857142857143	3	0.0196078431372549	-0.01890197568389058	0.0016687526074259489
ARRB1	histone_other	1	0.02127659574468085	3	0.006696428571428571	4	0.026143790849673203	0.014580167173252279	-0.004867195104992353	1	0.02127659574468085	3	0.006696428571428571	4	0.026143790849673203	0.014580167173252279	-0.004867195104992353
BAP1	polycomb	1	0.02127659574468085	3	0.006696428571428571	0	0.0	0.014580167173252279	0.02127659574468085	1	0.02127659574468085	3	0.006696428571428571	0	0.0	0.014580167173252279	0.02127659574468085
BPTF	chromatin_remodeling	1	0.02127659574468085	7	0.015625	1	0.006535947712418301	0.0056515957446808505	0.014740648032262549	1	0.02127659574468085	7	0.015625	1	0.006535947712418301	0.0056515957446808505	0.014740648032262549
BRD3	histone_read	1	0.02127659574468085	10	0.022321428571428572	3	0.0196078431372549	-0.0010448328267477214	0.0016687526074259489	1	0.02127659574468085	10	0.022321428571428572	3	0.0196078431372549	-0.0010448328267477214	0.0016687526074259489
CBX2	histone_read	1	0.02127659574468085	9	0.020089285714285716	3	0.0196078431372549	0.0011873100303951348	0.0016687526074259489	1	0.02127659574468085	9	0.020089285714285716	3	0.0196078431372549	0.0011873100303951348	0.0016687526074259489
CBX4	histone_read	1	0.02127659574468085	2	0.004464285714285714	1	0.006535947712418301	0.016812310030395135	0.014740648032262549	1	0.02127659574468085	2	0.004464285714285714	1	0.006535947712418301	0.016812310030395135	0.014740648032262549
CDC73	histone_write	1	0.02127659574468085	1	0.002232142857142857	0	0.0	0.019044452887537994	0.02127659574468085	1	0.02127659574468085	1	0.002232142857142857	0	0.0	0.019044452887537994	0.02127659574468085
CDK9	histone_other	1	0.02127659574468085	1	0.002232142857142857	0	0.0	0.019044452887537994	0.02127659574468085	1	0.02127659574468085	0	0.0	0	0.0	0.02127659574468085	0.02127659574468085
CHD2	chromatin_remodeling	1	0.02127659574468085	4	0.008928571428571428	1	0.006535947712418301	0.012348024316109422	0.014740648032262549	1	0.02127659574468085	4	0.008928571428571428	1	0.006535947712418301	0.012348024316109422	0.014740648032262549
CHD4	chromatin_remodeling	1	0.02127659574468085	3	0.006696428571428571	2	0.013071895424836602	0.014580167173252279	0.008204700319844249	1	0.02127659574468085	3	0.006696428571428571	2	0.013071895424836602	0.014580167173252279	0.008204700319844249
CHD8	chromatin_remodeling	1	0.02127659574468085	19	0.04241071428571429	3	0.0196078431372549	-0.021134118541033437	0.0016687526074259489	1	0.02127659574468085	19	0.04241071428571429	3	0.0196078431372549	-0.021134118541033437	0.0016687526074259489
CIR1	histone_read	1	0.02127659574468085	5	0.011160714285714286	1	0.006535947712418301	0.010115881458966565	0.014740648032262549	1	0.02127659574468085	5	0.011160714285714286	1	0.006535947712418301	0.010115881458966565	0.014740648032262549
CLNS1A	histone_write	1	0.02127659574468085	1	0.002232142857142857	0	0.0	0.019044452887537994	0.02127659574468085	1	0.02127659574468085	1	0.002232142857142857	0	0.0	0.019044452887537994	0.02127659574468085
CLOCK	histone_write	1	0.02127659574468085	14	0.03125	2	0.013071895424836602	-0.00997340425531915	0.008204700319844249	1	0.02127659574468085	11	0.024553571428571428	2	0.013071895424836602	-0.0032769756838905775	0.008204700319844249
CUL5	dna_modification	1	0.02127659574468085	0	0.0	0	0.0	0.02127659574468085	0.02127659574468085	1	0.02127659574468085	0	0.0	0	0.0	0.02127659574468085	0.02127659574468085
CXXC1	chromatin_remodeling	1	0.02127659574468085	11	0.024553571428571428	12	0.0784313725490196	-0.0032769756838905775	-0.05715477680433875	1	0.02127659574468085	11	0.024553571428571428	12	0.0784313725490196	-0.0032769756838905775	-0.05715477680433875
DNMT3B	dna_modification	1	0.02127659574468085	8	0.017857142857142856	6	0.0392156862745098	0.0034194528875379944	-0.017939090529828953	1	0.02127659574468085	8	0.017857142857142856	6	0.0392156862745098	0.0034194528875379944	-0.017939090529828953
EPC1	polycomb	1	0.02127659574468085	4	0.008928571428571428	3	0.0196078431372549	0.012348024316109422	0.0016687526074259489	1	0.02127659574468085	4	0.008928571428571428	3	0.0196078431372549	0.012348024316109422	0.0016687526074259489
EPC2	chromatin_remodeling	1	0.02127659574468085	2	0.004464285714285714	2	0.013071895424836602	0.016812310030395135	0.008204700319844249	1	0.02127659574468085	2	0.004464285714285714	2	0.013071895424836602	0.016812310030395135	0.008204700319844249
FBRS	histone_other	1	0.02127659574468085	13	0.029017857142857144	4	0.026143790849673203	-0.007741261398176293	-0.004867195104992353	1	0.02127659574468085	12	0.026785714285714284	4	0.026143790849673203	-0.005509118541033434	-0.004867195104992353
FTO	rna_modification	1	0.02127659574468085	23	0.05133928571428571	9	0.058823529411764705	-0.030062689969604862	-0.03754693366708385	1	0.02127659574468085	23	0.05133928571428571	9	0.058823529411764705	-0.030062689969604862	-0.03754693366708385
GADD45A	chromatin_remodeling	1	0.02127659574468085	2	0.004464285714285714	0	0.0	0.016812310030395135	0.02127659574468085	1	0.02127659574468085	2	0.004464285714285714	0	0.0	0.016812310030395135	0.02127659574468085
GATAD2A	histone_read	1	0.02127659574468085	9	0.020089285714285716	4	0.026143790849673203	0.0011873100303951348	-0.004867195104992353	1	0.02127659574468085	9	0.020089285714285716	4	0.026143790849673203	0.0011873100303951348	-0.004867195104992353
GFI1	chromatin_remodeling	1	0.02127659574468085	1	0.002232142857142857	1	0.006535947712418301	0.019044452887537994	0.014740648032262549	1	0.02127659574468085	1	0.002232142857142857	1	0.006535947712418301	0.019044452887537994	0.014740648032262549
GTF2I	tf	1	0.02127659574468085	0	0.0	0	0.0	0.02127659574468085	0.02127659574468085	1	0.02127659574468085	0	0.0	0	0.0	0.02127659574468085	0.02127659574468085
HLCS	histone_write	1	0.02127659574468085	37	0.08258928571428571	5	0.032679738562091505	-0.06131268996960486	-0.011403142817410655	0	0.0	13	0.029017857142857144	0	0.0	-0.029017857142857144	0.0
HMGN1	chromatin_remodeling	1	0.02127659574468085	12	0.026785714285714284	6	0.0392156862745098	-0.005509118541033434	-0.017939090529828953	0	0.0	1	0.002232142857142857	1	0.006535947712418301	-0.002232142857142857	-0.006535947712418301
IKZF3	tf	1	0.02127659574468085	3	0.006696428571428571	0	0.0	0.014580167173252279	0.02127659574468085	1	0.02127659574468085	3	0.006696428571428571	0	0.0	0.014580167173252279	0.02127659574468085
INO80	chromatin_remodeling	1	0.02127659574468085	7	0.015625	2	0.013071895424836602	0.0056515957446808505	0.008204700319844249	1	0.02127659574468085	7	0.015625	2	0.013071895424836602	0.0056515957446808505	0.008204700319844249
INO80C	chromatin_remodeling	1	0.02127659574468085	1	0.002232142857142857	0	0.0	0.019044452887537994	0.02127659574468085	1	0.02127659574468085	1	0.002232142857142857	0	0.0	0.019044452887537994	0.02127659574468085
INO80E	chromatin_remodeling	1	0.02127659574468085	10	0.022321428571428572	4	0.026143790849673203	-0.0010448328267477214	-0.004867195104992353	1	0.02127659574468085	10	0.022321428571428572	4	0.026143790849673203	-0.0010448328267477214	-0.004867195104992353
KAT2B	histone_write	1	0.02127659574468085	22	0.049107142857142856	2	0.013071895424836602	-0.027830547112462006	0.008204700319844249	1	0.02127659574468085	22	0.049107142857142856	2	0.013071895424836602	-0.027830547112462006	0.008204700319844249
KDM2A	histone_erase	1	0.02127659574468085	2	0.004464285714285714	0	0.0	0.016812310030395135	0.02127659574468085	1	0.02127659574468085	2	0.004464285714285714	0	0.0	0.016812310030395135	0.02127659574468085
KDM8	histone_erase	1	0.02127659574468085	9	0.020089285714285716	3	0.0196078431372549	0.0011873100303951348	0.0016687526074259489	1	0.02127659574468085	9	0.020089285714285716	3	0.0196078431372549	0.0011873100303951348	0.0016687526074259489
L3MBTL1	histone_read	1	0.02127659574468085	11	0.024553571428571428	2	0.013071895424836602	-0.0032769756838905775	0.008204700319844249	1	0.02127659574468085	11	0.024553571428571428	2	0.013071895424836602	-0.0032769756838905775	0.008204700319844249
METTL16	rna_modification	1	0.02127659574468085	3	0.006696428571428571	0	0.0	0.014580167173252279	0.02127659574468085	1	0.02127659574468085	3	0.006696428571428571	0	0.0	0.014580167173252279	0.02127659574468085
MIS18BP1	chromatin_remodeling	1	0.02127659574468085	15	0.033482142857142856	8	0.05228758169934641	-0.012205547112462006	-0.031010985954665556	1	0.02127659574468085	15	0.033482142857142856	8	0.05228758169934641	-0.012205547112462006	-0.031010985954665556
MYSM1	histone_erase	1	0.02127659574468085	6	0.013392857142857142	0	0.0	0.007883738601823708	0.02127659574468085	1	0.02127659574468085	6	0.013392857142857142	0	0.0	0.007883738601823708	0.02127659574468085
NAP1L4	histone_other	1	0.02127659574468085	5	0.011160714285714286	5	0.032679738562091505	0.010115881458966565	-0.011403142817410655	0	0.0	0	0.0	0	0.0	0.0	0.0
NEK6	histone_write	1	0.02127659574468085	3	0.006696428571428571	0	0.0	0.014580167173252279	0.02127659574468085	1	0.02127659574468085	3	0.006696428571428571	0	0.0	0.014580167173252279	0.02127659574468085
NIPBL	histone_erase	1	0.02127659574468085	8	0.017857142857142856	2	0.013071895424836602	0.0034194528875379944	0.008204700319844249	1	0.02127659574468085	8	0.017857142857142856	2	0.013071895424836602	0.0034194528875379944	0.008204700319844249
NPM1	histone_chaperone	1	0.02127659574468085	0	0.0	0	0.0	0.02127659574468085	0.02127659574468085	1	0.02127659574468085	0	0.0	0	0.0	0.02127659574468085	0.02127659574468085
NUP98	rna_modification	1	0.02127659574468085	26	0.05803571428571429	9	0.058823529411764705	-0.036759118541033434	-0.03754693366708385	1	0.02127659574468085	24	0.05357142857142857	8	0.05228758169934641	-0.03229483282674772	-0.031010985954665556
OIP5	chromatin_remodeling	1	0.02127659574468085	20	0.044642857142857144	6	0.0392156862745098	-0.023366261398176293	-0.017939090529828953	1	0.02127659574468085	20	0.044642857142857144	6	0.0392156862745098	-0.023366261398176293	-0.017939090529828953
PADI1	histone_other	1	0.02127659574468085	3	0.006696428571428571	1	0.006535947712418301	0.014580167173252279	0.014740648032262549	1	0.02127659574468085	3	0.006696428571428571	1	0.006535947712418301	0.014580167173252279	0.014740648032262549
PAF1	histone_write	1	0.02127659574468085	10	0.022321428571428572	1	0.006535947712418301	-0.0010448328267477214	0.014740648032262549	1	0.02127659574468085	10	0.022321428571428572	1	0.006535947712418301	-0.0010448328267477214	0.014740648032262549
PAGR1	histone_write	1	0.02127659574468085	4	0.008928571428571428	1	0.006535947712418301	0.012348024316109422	0.014740648032262549	1	0.02127659574468085	4	0.008928571428571428	1	0.006535947712418301	0.012348024316109422	0.014740648032262549
PARP3	polycomb	1	0.02127659574468085	15	0.033482142857142856	5	0.032679738562091505	-0.012205547112462006	-0.011403142817410655	1	0.02127659574468085	15	0.033482142857142856	5	0.032679738562091505	-0.012205547112462006	-0.011403142817410655
PCGF3	polycomb	1	0.02127659574468085	2	0.004464285714285714	0	0.0	0.016812310030395135	0.02127659574468085	1	0.02127659574468085	2	0.004464285714285714	0	0.0	0.016812310030395135	0.02127659574468085
PCGF6	polycomb	1	0.02127659574468085	2	0.004464285714285714	0	0.0	0.016812310030395135	0.02127659574468085	1	0.02127659574468085	2	0.004464285714285714	0	0.0	0.016812310030395135	0.02127659574468085
PDP1	histone_read	1	0.02127659574468085	0	0.0	0	0.0	0.02127659574468085	0.02127659574468085	1	0.02127659574468085	0	0.0	0	0.0	0.02127659574468085	0.02127659574468085
PELP1	histone_write	1	0.02127659574468085	6	0.013392857142857142	0	0.0	0.007883738601823708	0.02127659574468085	1	0.02127659574468085	4	0.008928571428571428	0	0.0	0.012348024316109422	0.02127659574468085
PHC3	polycomb	1	0.02127659574468085	6	0.013392857142857142	1	0.006535947712418301	0.007883738601823708	0.014740648032262549	1	0.02127659574468085	6	0.013392857142857142	1	0.006535947712418301	0.007883738601823708	0.014740648032262549
POLE3	histone_chaperone	1	0.02127659574468085	2	0.004464285714285714	1	0.006535947712418301	0.016812310030395135	0.014740648032262549	1	0.02127659574468085	2	0.004464285714285714	1	0.006535947712418301	0.016812310030395135	0.014740648032262549
PRDM12	histone_write	1	0.02127659574468085	3	0.006696428571428571	0	0.0	0.014580167173252279	0.02127659574468085	1	0.02127659574468085	3	0.006696428571428571	0	0.0	0.014580167173252279	0.02127659574468085
PRKAA2	histone_write	1	0.02127659574468085	6	0.013392857142857142	2	0.013071895424836602	0.007883738601823708	0.008204700319844249	1	0.02127659574468085	6	0.013392857142857142	2	0.013071895424836602	0.007883738601823708	0.008204700319844249
PRPF31	histone_write	1	0.02127659574468085	2	0.004464285714285714	0	0.0	0.016812310030395135	0.02127659574468085	1	0.02127659574468085	2	0.004464285714285714	0	0.0	0.016812310030395135	0.02127659574468085
PSIP1	chromatin_remodeling	1	0.02127659574468085	6	0.013392857142857142	0	0.0	0.007883738601823708	0.02127659574468085	1	0.02127659574468085	6	0.013392857142857142	0	0.0	0.007883738601823708	0.02127659574468085
RAD54B	chromatin_remodeling	1	0.02127659574468085	10	0.022321428571428572	6	0.0392156862745098	-0.0010448328267477214	-0.017939090529828953	0	0.0	7	0.015625	6	0.0392156862745098	-0.015625	-0.0392156862745098
RARA	histone_write	1	0.02127659574468085	2	0.004464285714285714	0	0.0	0.016812310030395135	0.02127659574468085	1	0.02127659574468085	2	0.004464285714285714	0	0.0	0.016812310030395135	0.02127659574468085
RBFOX1	rna_modification	1	0.02127659574468085	4	0.008928571428571428	0	0.0	0.012348024316109422	0.02127659574468085	1	0.02127659574468085	4	0.008928571428571428	0	0.0	0.012348024316109422	0.02127659574468085
RNPS1	rna_modification	1	0.02127659574468085	4	0.008928571428571428	1	0.006535947712418301	0.012348024316109422	0.014740648032262549	1	0.02127659574468085	3	0.006696428571428571	1	0.006535947712418301	0.014580167173252279	0.014740648032262549
RPS6KA4	histone_write	1	0.02127659574468085	4	0.008928571428571428	2	0.013071895424836602	0.012348024316109422	0.008204700319844249	1	0.02127659574468085	4	0.008928571428571428	2	0.013071895424836602	0.012348024316109422	0.008204700319844249
RPUSD3	rna_modification	1	0.02127659574468085	16	0.03571428571428571	11	0.0718954248366013	-0.014437689969604862	-0.05061882909192045	1	0.02127659574468085	16	0.03571428571428571	11	0.0718954248366013	-0.014437689969604862	-0.05061882909192045
RSRC1	rna_modification	1	0.02127659574468085	2	0.004464285714285714	1	0.006535947712418301	0.016812310030395135	0.014740648032262549	1	0.02127659574468085	2	0.004464285714285714	1	0.006535947712418301	0.016812310030395135	0.014740648032262549
SETD1A	histone_write	1	0.02127659574468085	29	0.06473214285714286	9	0.058823529411764705	-0.04345554711246201	-0.03754693366708385	1	0.02127659574468085	29	0.06473214285714286	9	0.058823529411764705	-0.04345554711246201	-0.03754693366708385
SF3B3	rna_modification	1	0.02127659574468085	8	0.017857142857142856	2	0.013071895424836602	0.0034194528875379944	0.008204700319844249	1	0.02127659574468085	8	0.017857142857142856	2	0.013071895424836602	0.0034194528875379944	0.008204700319844249
SFMBT1	polycomb	1	0.02127659574468085	14	0.03125	5	0.032679738562091505	-0.00997340425531915	-0.011403142817410655	1	0.02127659574468085	14	0.03125	5	0.032679738562091505	-0.00997340425531915	-0.011403142817410655
SHPRH	histone_write	1	0.02127659574468085	17	0.03794642857142857	6	0.0392156862745098	-0.016669832826747718	-0.017939090529828953	1	0.02127659574468085	17	0.03794642857142857	6	0.0392156862745098	-0.016669832826747718	-0.017939090529828953
SMARCA4	histone_read	1	0.02127659574468085	9	0.020089285714285716	4	0.026143790849673203	0.0011873100303951348	-0.004867195104992353	1	0.02127659574468085	9	0.020089285714285716	4	0.026143790849673203	0.0011873100303951348	-0.004867195104992353
SMARCD2	chromatin_remodeling	1	0.02127659574468085	14	0.03125	2	0.013071895424836602	-0.00997340425531915	0.008204700319844249	1	0.02127659574468085	14	0.03125	2	0.013071895424836602	-0.00997340425531915	0.008204700319844249
SMARCE1	chromatin_remodeling	1	0.02127659574468085	0	0.0	0	0.0	0.02127659574468085	0.02127659574468085	1	0.02127659574468085	0	0.0	0	0.0	0.02127659574468085	0.02127659574468085
SNAI2	histone_erase	1	0.02127659574468085	3	0.006696428571428571	4	0.026143790849673203	0.014580167173252279	-0.004867195104992353	1	0.02127659574468085	3	0.006696428571428571	4	0.026143790849673203	0.014580167173252279	-0.004867195104992353
SRRM4	rna_modification	1	0.02127659574468085	37	0.08258928571428571	11	0.0718954248366013	-0.06131268996960486	-0.05061882909192045	1	0.02127659574468085	11	0.024553571428571428	3	0.0196078431372549	-0.0032769756838905775	0.0016687526074259489
SS18L1	chromatin_remodeling	1	0.02127659574468085	3	0.006696428571428571	2	0.013071895424836602	0.014580167173252279	0.008204700319844249	1	0.02127659574468085	3	0.006696428571428571	2	0.013071895424836602	0.014580167173252279	0.008204700319844249
SUPT3H	histone_write	1	0.02127659574468085	6	0.013392857142857142	0	0.0	0.007883738601823708	0.02127659574468085	1	0.02127659574468085	6	0.013392857142857142	0	0.0	0.007883738601823708	0.02127659574468085
TAF1	histone_write	1	0.02127659574468085	7	0.015625	2	0.013071895424836602	0.0056515957446808505	0.008204700319844249	1	0.02127659574468085	7	0.015625	2	0.013071895424836602	0.0056515957446808505	0.008204700319844249
TAF1L	histone_read	1	0.02127659574468085	16	0.03571428571428571	7	0.0457516339869281	-0.014437689969604862	-0.02447503824224725	1	0.02127659574468085	16	0.03571428571428571	7	0.0457516339869281	-0.014437689969604862	-0.02447503824224725
TAF6	histone_chaperone	1	0.02127659574468085	17	0.03794642857142857	4	0.026143790849673203	-0.016669832826747718	-0.004867195104992353	1	0.02127659574468085	17	0.03794642857142857	4	0.026143790849673203	-0.016669832826747718	-0.004867195104992353
TBL1XR1	other	1	0.02127659574468085	1	0.002232142857142857	0	0.0	0.019044452887537994	0.02127659574468085	1	0.02127659574468085	1	0.002232142857142857	0	0.0	0.019044452887537994	0.02127659574468085
TDRKH	rna_modification	1	0.02127659574468085	4	0.008928571428571428	6	0.0392156862745098	0.012348024316109422	-0.017939090529828953	1	0.02127659574468085	4	0.008928571428571428	6	0.0392156862745098	0.012348024316109422	-0.017939090529828953
TET3	dna_modification	1	0.02127659574468085	8	0.017857142857142856	4	0.026143790849673203	0.0034194528875379944	-0.004867195104992353	1	0.02127659574468085	7	0.015625	4	0.026143790849673203	0.0056515957446808505	-0.004867195104992353
TRA2B	rna_modification	1	0.02127659574468085	1	0.002232142857142857	1	0.006535947712418301	0.019044452887537994	0.014740648032262549	1	0.02127659574468085	1	0.002232142857142857	1	0.006535947712418301	0.019044452887537994	0.014740648032262549
TRIM24	histone_read	1	0.02127659574468085	15	0.033482142857142856	3	0.0196078431372549	-0.012205547112462006	0.0016687526074259489	1	0.02127659574468085	15	0.033482142857142856	3	0.0196078431372549	-0.012205547112462006	0.0016687526074259489
TSSK6	histone_write	1	0.02127659574468085	5	0.011160714285714286	3	0.0196078431372549	0.010115881458966565	0.0016687526074259489	1	0.02127659574468085	5	0.011160714285714286	3	0.0196078431372549	0.010115881458966565	0.0016687526074259489
U2AF2	rna_modification	1	0.02127659574468085	0	0.0	0	0.0	0.02127659574468085	0.02127659574468085	1	0.02127659574468085	0	0.0	0	0.0	0.02127659574468085	0.02127659574468085
UHRF1	histone_write	1	0.02127659574468085	14	0.03125	3	0.0196078431372549	-0.00997340425531915	0.0016687526074259489	1	0.02127659574468085	14	0.03125	3	0.0196078431372549	-0.00997340425531915	0.0016687526074259489
WSB2	histone_write	1	0.02127659574468085	1	0.002232142857142857	0	0.0	0.019044452887537994	0.02127659574468085	1	0.02127659574468085	1	0.002232142857142857	0	0.0	0.019044452887537994	0.02127659574468085
ZMYM3	histone_erase	1	0.02127659574468085	7	0.015625	1	0.006535947712418301	0.0056515957446808505	0.014740648032262549	1	0.02127659574468085	7	0.015625	1	0.006535947712418301	0.0056515957446808505	0.014740648032262549
ZNF687	histone_erase	1	0.02127659574468085	3	0.006696428571428571	1	0.006535947712418301	0.014580167173252279	0.014740648032262549	1	0.02127659574468085	3	0.006696428571428571	1	0.006535947712418301	0.014580167173252279	0.014740648032262549
ACTB	chromatin_remodeling	0	0.0	0	0.0	1	0.006535947712418301	0.0	-0.006535947712418301	0	0.0	0	0.0	1	0.006535947712418301	0.0	-0.006535947712418301
ACTL6A	chromatin_remodeling	0	0.0	1	0.002232142857142857	0	0.0	-0.002232142857142857	0.0	0	0.0	1	0.002232142857142857	0	0.0	-0.002232142857142857	0.0
ACTL6B	chromatin_remodeling	0	0.0	3	0.006696428571428571	0	0.0	-0.006696428571428571	0.0	0	0.0	3	0.006696428571428571	0	0.0	-0.006696428571428571	0.0
ACTR3B	chromatin_remodeling	0	0.0	4	0.008928571428571428	2	0.013071895424836602	-0.008928571428571428	-0.013071895424836602	0	0.0	4	0.008928571428571428	2	0.013071895424836602	-0.008928571428571428	-0.013071895424836602
ACTR8	histone_read	0	0.0	3	0.006696428571428571	2	0.013071895424836602	-0.006696428571428571	-0.013071895424836602	0	0.0	3	0.006696428571428571	2	0.013071895424836602	-0.006696428571428571	-0.013071895424836602
AICDA	dna_modification	0	0.0	1	0.002232142857142857	0	0.0	-0.002232142857142857	0.0	0	0.0	1	0.002232142857142857	0	0.0	-0.002232142857142857	0.0
AIRE	histone_read	0	0.0	18	0.04017857142857143	10	0.06535947712418301	-0.04017857142857143	-0.06535947712418301	0	0.0	18	0.04017857142857143	10	0.06535947712418301	-0.04017857142857143	-0.06535947712418301
ALKBH5	rna_modification	0	0.0	1	0.002232142857142857	2	0.013071895424836602	-0.002232142857142857	-0.013071895424836602	0	0.0	1	0.002232142857142857	2	0.013071895424836602	-0.002232142857142857	-0.013071895424836602
ANP32A	chromatin_remodeling	0	0.0	1	0.002232142857142857	0	0.0	-0.002232142857142857	0.0	0	0.0	1	0.002232142857142857	0	0.0	-0.002232142857142857	0.0
APOBEC3A	dna_modification	0	0.0	6	0.013392857142857142	1	0.006535947712418301	-0.013392857142857142	-0.006535947712418301	0	0.0	6	0.013392857142857142	1	0.006535947712418301	-0.013392857142857142	-0.006535947712418301
ARID1B	histone_write	0	0.0	7	0.015625	5	0.032679738562091505	-0.015625	-0.032679738562091505	0	0.0	7	0.015625	5	0.032679738562091505	-0.015625	-0.032679738562091505
ASF1A	histone_chaperone	0	0.0	1	0.002232142857142857	0	0.0	-0.002232142857142857	0.0	0	0.0	1	0.002232142857142857	0	0.0	-0.002232142857142857	0.0
ASH2L	histone_write	0	0.0	4	0.008928571428571428	1	0.006535947712418301	-0.008928571428571428	-0.006535947712418301	0	0.0	4	0.008928571428571428	1	0.006535947712418301	-0.008928571428571428	-0.006535947712418301
ASXL2	histone_read	0	0.0	11	0.024553571428571428	1	0.006535947712418301	-0.024553571428571428	-0.006535947712418301	0	0.0	7	0.015625	1	0.006535947712418301	-0.015625	-0.006535947712418301
ATF2	histone_write	0	0.0	3	0.006696428571428571	0	0.0	-0.006696428571428571	0.0	0	0.0	3	0.006696428571428571	0	0.0	-0.006696428571428571	0.0
ATXN7L3	histone_erase	0	0.0	1	0.002232142857142857	0	0.0	-0.002232142857142857	0.0	0	0.0	1	0.002232142857142857	0	0.0	-0.002232142857142857	0.0
BABAM1	histone_erase	0	0.0	1	0.002232142857142857	2	0.013071895424836602	-0.002232142857142857	-0.013071895424836602	0	0.0	1	0.002232142857142857	2	0.013071895424836602	-0.002232142857142857	-0.013071895424836602
BAZ1A	histone_chaperone	0	0.0	8	0.017857142857142856	1	0.006535947712418301	-0.017857142857142856	-0.006535947712418301	0	0.0	5	0.011160714285714286	1	0.006535947712418301	-0.011160714285714286	-0.006535947712418301
BCOR	polycomb	0	0.0	9	0.020089285714285716	2	0.013071895424836602	-0.020089285714285716	-0.013071895424836602	0	0.0	9	0.020089285714285716	2	0.013071895424836602	-0.020089285714285716	-0.013071895424836602
BCORL1	histone_erase	0	0.0	9	0.020089285714285716	4	0.026143790849673203	-0.020089285714285716	-0.026143790849673203	0	0.0	9	0.020089285714285716	4	0.026143790849673203	-0.020089285714285716	-0.026143790849673203
BMI1	polycomb	0	0.0	1	0.002232142857142857	0	0.0	-0.002232142857142857	0.0	0	0.0	1	0.002232142857142857	0	0.0	-0.002232142857142857	0.0
BRCC3	histone_erase	0	0.0	4	0.008928571428571428	0	0.0	-0.008928571428571428	0.0	0	0.0	4	0.008928571428571428	0	0.0	-0.008928571428571428	0.0
BRD4	histone_read	0	0.0	17	0.03794642857142857	5	0.032679738562091505	-0.03794642857142857	-0.032679738562091505	0	0.0	17	0.03794642857142857	5	0.032679738562091505	-0.03794642857142857	-0.032679738562091505
BRD7	histone_read	0	0.0	3	0.006696428571428571	1	0.006535947712418301	-0.006696428571428571	-0.006535947712418301	0	0.0	3	0.006696428571428571	1	0.006535947712418301	-0.006696428571428571	-0.006535947712418301
BRPF1	histone_read	0	0.0	6	0.013392857142857142	1	0.006535947712418301	-0.013392857142857142	-0.006535947712418301	0	0.0	6	0.013392857142857142	1	0.006535947712418301	-0.013392857142857142	-0.006535947712418301
BUB1	histone_write	0	0.0	5	0.011160714285714286	0	0.0	-0.011160714285714286	0.0	0	0.0	5	0.011160714285714286	0	0.0	-0.011160714285714286	0.0
C17ORF49	histone_read	0	0.0	2	0.004464285714285714	0	0.0	-0.004464285714285714	0.0	0	0.0	2	0.004464285714285714	0	0.0	-0.004464285714285714	0.0
CARM1	histone_write	0	0.0	3	0.006696428571428571	1	0.006535947712418301	-0.006696428571428571	-0.006535947712418301	0	0.0	3	0.006696428571428571	1	0.006535947712418301	-0.006696428571428571	-0.006535947712418301
CBLL1	rna_modification	0	0.0	4	0.008928571428571428	1	0.006535947712418301	-0.008928571428571428	-0.006535947712418301	0	0.0	4	0.008928571428571428	1	0.006535947712418301	-0.008928571428571428	-0.006535947712418301
CBX7	histone_read	0	0.0	1	0.002232142857142857	0	0.0	-0.002232142857142857	0.0	0	0.0	1	0.002232142857142857	0	0.0	-0.002232142857142857	0.0
CDK1	histone_write	0	0.0	1	0.002232142857142857	0	0.0	-0.002232142857142857	0.0	0	0.0	1	0.002232142857142857	0	0.0	-0.002232142857142857	0.0
CDK5	histone_write	0	0.0	1	0.002232142857142857	1	0.006535947712418301	-0.002232142857142857	-0.006535947712418301	0	0.0	1	0.002232142857142857	1	0.006535947712418301	-0.002232142857142857	-0.006535947712418301
CDYL2	histone_read	0	0.0	4	0.008928571428571428	3	0.0196078431372549	-0.008928571428571428	-0.0196078431372549	0	0.0	4	0.008928571428571428	3	0.0196078431372549	-0.008928571428571428	-0.0196078431372549
CELF1	rna_modification	0	0.0	1	0.002232142857142857	1	0.006535947712418301	-0.002232142857142857	-0.006535947712418301	0	0.0	1	0.002232142857142857	1	0.006535947712418301	-0.002232142857142857	-0.006535947712418301
CELF3	rna_modification	0	0.0	4	0.008928571428571428	0	0.0	-0.008928571428571428	0.0	0	0.0	4	0.008928571428571428	0	0.0	-0.008928571428571428	0.0
CELF4	rna_modification	0	0.0	6	0.013392857142857142	2	0.013071895424836602	-0.013392857142857142	-0.013071895424836602	0	0.0	6	0.013392857142857142	2	0.013071895424836602	-0.013392857142857142	-0.013071895424836602
CELF5	rna_modification	0	0.0	0	0.0	1	0.006535947712418301	0.0	-0.006535947712418301	0	0.0	0	0.0	1	0.006535947712418301	0.0	-0.006535947712418301
CELF6	rna_modification	0	0.0	5	0.011160714285714286	1	0.006535947712418301	-0.011160714285714286	-0.006535947712418301	0	0.0	5	0.011160714285714286	1	0.006535947712418301	-0.011160714285714286	-0.006535947712418301
CHD1	chromatin_remodeling	0	0.0	10	0.022321428571428572	2	0.013071895424836602	-0.022321428571428572	-0.013071895424836602	0	0.0	10	0.022321428571428572	2	0.013071895424836602	-0.022321428571428572	-0.013071895424836602
CHTOP	other	0	0.0	2	0.004464285714285714	0	0.0	-0.004464285714285714	0.0	0	0.0	2	0.004464285714285714	0	0.0	-0.004464285714285714	0.0
CSNK2A1	histone_other	0	0.0	2	0.004464285714285714	0	0.0	-0.004464285714285714	0.0	0	0.0	2	0.004464285714285714	0	0.0	-0.004464285714285714	0.0
CTBP1	chromatin_remodeling	0	0.0	1	0.002232142857142857	0	0.0	-0.002232142857142857	0.0	0	0.0	1	0.002232142857142857	0	0.0	-0.002232142857142857	0.0
CUL1	chromatin_remodeling	0	0.0	0	0.0	1	0.006535947712418301	0.0	-0.006535947712418301	0	0.0	0	0.0	1	0.006535947712418301	0.0	-0.006535947712418301
CUL4A	histone_write	0	0.0	1	0.002232142857142857	0	0.0	-0.002232142857142857	0.0	0	0.0	1	0.002232142857142857	0	0.0	-0.002232142857142857	0.0
CUL4B	histone_write	0	0.0	20	0.044642857142857144	8	0.05228758169934641	-0.044642857142857144	-0.05228758169934641	0	0.0	0	0.0	1	0.006535947712418301	0.0	-0.006535947712418301
DAXX	other	0	0.0	3	0.006696428571428571	1	0.006535947712418301	-0.006696428571428571	-0.006535947712418301	0	0.0	3	0.006696428571428571	1	0.006535947712418301	-0.006696428571428571	-0.006535947712418301
DDB1	histone_write	0	0.0	3	0.006696428571428571	1	0.006535947712418301	-0.006696428571428571	-0.006535947712418301	0	0.0	3	0.006696428571428571	1	0.006535947712418301	-0.006696428571428571	-0.006535947712418301
DDB2	histone_write	0	0.0	5	0.011160714285714286	1	0.006535947712418301	-0.011160714285714286	-0.006535947712418301	0	0.0	5	0.011160714285714286	1	0.006535947712418301	-0.011160714285714286	-0.006535947712418301
DDX17	rna_modification	0	0.0	6	0.013392857142857142	0	0.0	-0.013392857142857142	0.0	0	0.0	6	0.013392857142857142	0	0.0	-0.013392857142857142	0.0
DDX21	rna_modification	0	0.0	5	0.011160714285714286	1	0.006535947712418301	-0.011160714285714286	-0.006535947712418301	0	0.0	5	0.011160714285714286	1	0.006535947712418301	-0.011160714285714286	-0.006535947712418301
DDX5	rna_modification	0	0.0	6	0.013392857142857142	3	0.0196078431372549	-0.013392857142857142	-0.0196078431372549	0	0.0	6	0.013392857142857142	3	0.0196078431372549	-0.013392857142857142	-0.0196078431372549
DDX50	rna_modification	0	0.0	7	0.015625	2	0.013071895424836602	-0.015625	-0.013071895424836602	0	0.0	7	0.015625	2	0.013071895424836602	-0.015625	-0.013071895424836602
DHX9	rna_modification	0	0.0	6	0.013392857142857142	7	0.0457516339869281	-0.013392857142857142	-0.0457516339869281	0	0.0	6	0.013392857142857142	7	0.0457516339869281	-0.013392857142857142	-0.0457516339869281
DNAJC1	histone_erase	0	0.0	6	0.013392857142857142	1	0.006535947712418301	-0.013392857142857142	-0.006535947712418301	0	0.0	6	0.013392857142857142	1	0.006535947712418301	-0.013392857142857142	-0.006535947712418301
DNAJC2	histone_read	0	0.0	3	0.006696428571428571	0	0.0	-0.006696428571428571	0.0	0	0.0	3	0.006696428571428571	0	0.0	-0.006696428571428571	0.0
DNMT3A	dna_modification	0	0.0	2	0.004464285714285714	1	0.006535947712418301	-0.004464285714285714	-0.006535947712418301	0	0.0	2	0.004464285714285714	1	0.006535947712418301	-0.004464285714285714	-0.006535947712418301
DPF2	chromatin_remodeling	0	0.0	4	0.008928571428571428	4	0.026143790849673203	-0.008928571428571428	-0.026143790849673203	0	0.0	4	0.008928571428571428	4	0.026143790849673203	-0.008928571428571428	-0.026143790849673203
DR1	histone_chaperone	0	0.0	2	0.004464285714285714	0	0.0	-0.004464285714285714	0.0	0	0.0	2	0.004464285714285714	0	0.0	-0.004464285714285714	0.0
DZIP3	histone_write	0	0.0	3	0.006696428571428571	1	0.006535947712418301	-0.006696428571428571	-0.006535947712418301	0	0.0	3	0.006696428571428571	1	0.006535947712418301	-0.006696428571428571	-0.006535947712418301
EED	polycomb	0	0.0	1	0.002232142857142857	0	0.0	-0.002232142857142857	0.0	0	0.0	1	0.002232142857142857	0	0.0	-0.002232142857142857	0.0
EHMT2	histone_write	0	0.0	2	0.004464285714285714	0	0.0	-0.004464285714285714	0.0	0	0.0	2	0.004464285714285714	0	0.0	-0.004464285714285714	0.0
EID1	histone_write	0	0.0	0	0.0	1	0.006535947712418301	0.0	-0.006535947712418301	0	0.0	0	0.0	1	0.006535947712418301	0.0	-0.006535947712418301
EIF4A3	rna_modification	0	0.0	1	0.002232142857142857	1	0.006535947712418301	-0.002232142857142857	-0.006535947712418301	0	0.0	1	0.002232142857142857	1	0.006535947712418301	-0.002232142857142857	-0.006535947712418301
ELP3	histone_write	0	0.0	3	0.006696428571428571	1	0.006535947712418301	-0.006696428571428571	-0.006535947712418301	0	0.0	3	0.006696428571428571	1	0.006535947712418301	-0.006696428571428571	-0.006535947712418301
EXOSC3	rna_modification	0	0.0	2	0.004464285714285714	4	0.026143790849673203	-0.004464285714285714	-0.026143790849673203	0	0.0	2	0.004464285714285714	3	0.0196078431372549	-0.004464285714285714	-0.0196078431372549
EXOSC4	rna_modification	0	0.0	2	0.004464285714285714	1	0.006535947712418301	-0.004464285714285714	-0.006535947712418301	0	0.0	2	0.004464285714285714	1	0.006535947712418301	-0.004464285714285714	-0.006535947712418301
EXOSC6	rna_modification	0	0.0	0	0.0	1	0.006535947712418301	0.0	-0.006535947712418301	0	0.0	0	0.0	1	0.006535947712418301	0.0	-0.006535947712418301
EXOSC9	rna_modification	0	0.0	20	0.044642857142857144	11	0.0718954248366013	-0.044642857142857144	-0.0718954248366013	0	0.0	3	0.006696428571428571	3	0.0196078431372549	-0.006696428571428571	-0.0196078431372549
EYA1	histone_erase	0	0.0	24	0.05357142857142857	6	0.0392156862745098	-0.05357142857142857	-0.0392156862745098	0	0.0	24	0.05357142857142857	6	0.0392156862745098	-0.05357142857142857	-0.0392156862745098
EYA2	histone_erase	0	0.0	2	0.004464285714285714	1	0.006535947712418301	-0.004464285714285714	-0.006535947712418301	0	0.0	2	0.004464285714285714	1	0.006535947712418301	-0.004464285714285714	-0.006535947712418301
EYA3	histone_erase	0	0.0	4	0.008928571428571428	0	0.0	-0.008928571428571428	0.0	0	0.0	4	0.008928571428571428	0	0.0	-0.008928571428571428	0.0
EZH1	polycomb	0	0.0	5	0.011160714285714286	0	0.0	-0.011160714285714286	0.0	0	0.0	5	0.011160714285714286	0	0.0	-0.011160714285714286	0.0
EZH2	polycomb	0	0.0	1	0.002232142857142857	1	0.006535947712418301	-0.002232142857142857	-0.006535947712418301	0	0.0	1	0.002232142857142857	1	0.006535947712418301	-0.002232142857142857	-0.006535947712418301
FOXP2	tf	0	0.0	1	0.002232142857142857	1	0.006535947712418301	-0.002232142857142857	-0.006535947712418301	0	0.0	1	0.002232142857142857	1	0.006535947712418301	-0.002232142857142857	-0.006535947712418301
GATAD1	histone_read	0	0.0	2	0.004464285714285714	0	0.0	-0.004464285714285714	0.0	0	0.0	2	0.004464285714285714	0	0.0	-0.004464285714285714	0.0
GFI1B	histone_other	0	0.0	1	0.002232142857142857	0	0.0	-0.002232142857142857	0.0	0	0.0	1	0.002232142857142857	0	0.0	-0.002232142857142857	0.0
GLYR1	histone_read	0	0.0	1	0.002232142857142857	1	0.006535947712418301	-0.002232142857142857	-0.006535947712418301	0	0.0	1	0.002232142857142857	1	0.006535947712418301	-0.002232142857142857	-0.006535947712418301
GTF3C4	histone_write	0	0.0	1	0.002232142857142857	0	0.0	-0.002232142857142857	0.0	0	0.0	1	0.002232142857142857	0	0.0	-0.002232142857142857	0.0
HDAC1	histone_erase	0	0.0	1	0.002232142857142857	0	0.0	-0.002232142857142857	0.0	0	0.0	1	0.002232142857142857	0	0.0	-0.002232142857142857	0.0
HDAC11	histone_erase	0	0.0	0	0.0	1	0.006535947712418301	0.0	-0.006535947712418301	0	0.0	0	0.0	1	0.006535947712418301	0.0	-0.006535947712418301
HDAC2	histone_erase	0	0.0	1	0.002232142857142857	0	0.0	-0.002232142857142857	0.0	0	0.0	1	0.002232142857142857	0	0.0	-0.002232142857142857	0.0
HDAC3	histone_erase	0	0.0	1	0.002232142857142857	0	0.0	-0.002232142857142857	0.0	0	0.0	1	0.002232142857142857	0	0.0	-0.002232142857142857	0.0
HDAC6	histone_erase	0	0.0	5	0.011160714285714286	1	0.006535947712418301	-0.011160714285714286	-0.006535947712418301	0	0.0	5	0.011160714285714286	1	0.006535947712418301	-0.011160714285714286	-0.006535947712418301
HDAC7	histone_erase	0	0.0	12	0.026785714285714284	3	0.0196078431372549	-0.026785714285714284	-0.0196078431372549	0	0.0	12	0.026785714285714284	3	0.0196078431372549	-0.026785714285714284	-0.0196078431372549
HDAC8	histone_erase	0	0.0	1	0.002232142857142857	0	0.0	-0.002232142857142857	0.0	0	0.0	1	0.002232142857142857	0	0.0	-0.002232142857142857	0.0
HDGFL2	histone_read	0	0.0	5	0.011160714285714286	2	0.013071895424836602	-0.011160714285714286	-0.013071895424836602	0	0.0	5	0.011160714285714286	2	0.013071895424836602	-0.011160714285714286	-0.013071895424836602
HELLS	chromatin_remodeling	0	0.0	5	0.011160714285714286	1	0.006535947712418301	-0.011160714285714286	-0.006535947712418301	0	0.0	5	0.011160714285714286	1	0.006535947712418301	-0.011160714285714286	-0.006535947712418301
HIRA	histone_read	0	0.0	6	0.013392857142857142	2	0.013071895424836602	-0.013392857142857142	-0.013071895424836602	0	0.0	6	0.013392857142857142	2	0.013071895424836602	-0.013392857142857142	-0.013071895424836602
HMG20A	chromatin_remodeling	0	0.0	1	0.002232142857142857	0	0.0	-0.002232142857142857	0.0	0	0.0	1	0.002232142857142857	0	0.0	-0.002232142857142857	0.0
HMG20B	chromatin_remodeling	0	0.0	1	0.002232142857142857	0	0.0	-0.002232142857142857	0.0	0	0.0	1	0.002232142857142857	0	0.0	-0.002232142857142857	0.0
HNRNPU	rna_modification	0	0.0	3	0.006696428571428571	2	0.013071895424836602	-0.006696428571428571	-0.013071895424836602	0	0.0	3	0.006696428571428571	2	0.013071895424836602	-0.006696428571428571	-0.013071895424836602
HP1BP3	chromatin_remodeling	0	0.0	3	0.006696428571428571	0	0.0	-0.006696428571428571	0.0	0	0.0	3	0.006696428571428571	0	0.0	-0.006696428571428571	0.0
HSPA1A	histone_write	0	0.0	1	0.002232142857142857	0	0.0	-0.002232142857142857	0.0	0	0.0	1	0.002232142857142857	0	0.0	-0.002232142857142857	0.0
HSPA1B	histone_write	0	0.0	2	0.004464285714285714	1	0.006535947712418301	-0.004464285714285714	-0.006535947712418301	0	0.0	0	0.0	0	0.0	0.0	0.0
HUWE1	histone_write	0	0.0	10	0.022321428571428572	0	0.0	-0.022321428571428572	0.0	0	0.0	10	0.022321428571428572	0	0.0	-0.022321428571428572	0.0
ING4	histone_read	0	0.0	4	0.008928571428571428	1	0.006535947712418301	-0.008928571428571428	-0.006535947712418301	0	0.0	4	0.008928571428571428	1	0.006535947712418301	-0.008928571428571428	-0.006535947712418301
INO80B	chromatin_remodeling	0	0.0	6	0.013392857142857142	1	0.006535947712418301	-0.013392857142857142	-0.006535947712418301	0	0.0	6	0.013392857142857142	1	0.006535947712418301	-0.013392857142857142	-0.006535947712418301
JADE1	histone_write	0	0.0	3	0.006696428571428571	0	0.0	-0.006696428571428571	0.0	0	0.0	3	0.006696428571428571	0	0.0	-0.006696428571428571	0.0
JADE2	histone_write	0	0.0	11	0.024553571428571428	2	0.013071895424836602	-0.024553571428571428	-0.013071895424836602	0	0.0	11	0.024553571428571428	2	0.013071895424836602	-0.024553571428571428	-0.013071895424836602
JADE3	histone_write	0	0.0	2	0.004464285714285714	3	0.0196078431372549	-0.004464285714285714	-0.0196078431372549	0	0.0	2	0.004464285714285714	3	0.0196078431372549	-0.004464285714285714	-0.0196078431372549
JMJD6	histone_erase	0	0.0	1	0.002232142857142857	0	0.0	-0.002232142857142857	0.0	0	0.0	1	0.002232142857142857	0	0.0	-0.002232142857142857	0.0
KAT2A	histone_write	0	0.0	14	0.03125	1	0.006535947712418301	-0.03125	-0.006535947712418301	0	0.0	14	0.03125	1	0.006535947712418301	-0.03125	-0.006535947712418301
KAT5	histone_write	0	0.0	3	0.006696428571428571	0	0.0	-0.006696428571428571	0.0	0	0.0	3	0.006696428571428571	0	0.0	-0.006696428571428571	0.0
KAT7	histone_write	0	0.0	0	0.0	1	0.006535947712418301	0.0	-0.006535947712418301	0	0.0	0	0.0	1	0.006535947712418301	0.0	-0.006535947712418301
KAT8	histone_write	0	0.0	3	0.006696428571428571	2	0.013071895424836602	-0.006696428571428571	-0.013071895424836602	0	0.0	3	0.006696428571428571	2	0.013071895424836602	-0.006696428571428571	-0.013071895424836602
KDM1A	histone_erase	0	0.0	4	0.008928571428571428	0	0.0	-0.008928571428571428	0.0	0	0.0	4	0.008928571428571428	0	0.0	-0.008928571428571428	0.0
KDM4B	histone_erase	0	0.0	16	0.03571428571428571	6	0.0392156862745098	-0.03571428571428571	-0.0392156862745098	0	0.0	16	0.03571428571428571	6	0.0392156862745098	-0.03571428571428571	-0.0392156862745098
KDM5B	histone_erase	0	0.0	7	0.015625	2	0.013071895424836602	-0.015625	-0.013071895424836602	0	0.0	7	0.015625	2	0.013071895424836602	-0.015625	-0.013071895424836602
KDM5C	histone_erase	0	0.0	1	0.002232142857142857	0	0.0	-0.002232142857142857	0.0	0	0.0	1	0.002232142857142857	0	0.0	-0.002232142857142857	0.0
KDM5D	histone_erase	0	0.0	8	0.017857142857142856	2	0.013071895424836602	-0.017857142857142856	-0.013071895424836602	0	0.0	8	0.017857142857142856	2	0.013071895424836602	-0.017857142857142856	-0.013071895424836602
KDM6B	histone_erase	0	0.0	21	0.046875	1	0.006535947712418301	-0.046875	-0.006535947712418301	0	0.0	20	0.044642857142857144	1	0.006535947712418301	-0.044642857142857144	-0.006535947712418301
KEAP1	chromatin_remodeling	0	0.0	6	0.013392857142857142	2	0.013071895424836602	-0.013392857142857142	-0.013071895424836602	0	0.0	6	0.013392857142857142	2	0.013071895424836602	-0.013392857142857142	-0.013071895424836602
KHDRBS1	rna_modification	0	0.0	1	0.002232142857142857	0	0.0	-0.002232142857142857	0.0	0	0.0	1	0.002232142857142857	0	0.0	-0.002232142857142857	0.0
LAS1L	histone_write	0	0.0	1	0.002232142857142857	1	0.006535947712418301	-0.002232142857142857	-0.006535947712418301	0	0.0	1	0.002232142857142857	1	0.006535947712418301	-0.002232142857142857	-0.006535947712418301
LRWD1	chromatin_remodeling	0	0.0	6	0.013392857142857142	2	0.013071895424836602	-0.013392857142857142	-0.013071895424836602	0	0.0	3	0.006696428571428571	1	0.006535947712418301	-0.006696428571428571	-0.006535947712418301
MAGOH	rna_modification	0	0.0	0	0.0	1	0.006535947712418301	0.0	-0.006535947712418301	0	0.0	0	0.0	1	0.006535947712418301	0.0	-0.006535947712418301
MAPKAPK3	chromatin_remodeling	0	0.0	1	0.002232142857142857	0	0.0	-0.002232142857142857	0.0	0	0.0	1	0.002232142857142857	0	0.0	-0.002232142857142857	0.0
MASTL	histone_write	0	0.0	5	0.011160714285714286	0	0.0	-0.011160714285714286	0.0	0	0.0	5	0.011160714285714286	0	0.0	-0.011160714285714286	0.0
MAZ	chromatin_remodeling	0	0.0	3	0.006696428571428571	2	0.013071895424836602	-0.006696428571428571	-0.013071895424836602	0	0.0	3	0.006696428571428571	2	0.013071895424836602	-0.006696428571428571	-0.013071895424836602
MBD3	histone_erase	0	0.0	1	0.002232142857142857	0	0.0	-0.002232142857142857	0.0	0	0.0	1	0.002232142857142857	0	0.0	-0.002232142857142857	0.0
MBNL1	rna_modification	0	0.0	2	0.004464285714285714	0	0.0	-0.004464285714285714	0.0	0	0.0	2	0.004464285714285714	0	0.0	-0.004464285714285714	0.0
MEAF6	histone_write	0	0.0	1	0.002232142857142857	0	0.0	-0.002232142857142857	0.0	0	0.0	1	0.002232142857142857	0	0.0	-0.002232142857142857	0.0
METTL14	rna_modification	0	0.0	3	0.006696428571428571	0	0.0	-0.006696428571428571	0.0	0	0.0	3	0.006696428571428571	0	0.0	-0.006696428571428571	0.0
METTL3	rna_modification	0	0.0	3	0.006696428571428571	1	0.006535947712418301	-0.006696428571428571	-0.006535947712418301	0	0.0	3	0.006696428571428571	1	0.006535947712418301	-0.006696428571428571	-0.006535947712418301
MIS18A	chromatin_remodeling	0	0.0	0	0.0	1	0.006535947712418301	0.0	-0.006535947712418301	0	0.0	0	0.0	1	0.006535947712418301	0.0	-0.006535947712418301
MLLT1	chromatin_remodeling	0	0.0	1	0.002232142857142857	1	0.006535947712418301	-0.002232142857142857	-0.006535947712418301	0	0.0	1	0.002232142857142857	1	0.006535947712418301	-0.002232142857142857	-0.006535947712418301
MLLT6	histone_write	0	0.0	4	0.008928571428571428	2	0.013071895424836602	-0.008928571428571428	-0.013071895424836602	0	0.0	4	0.008928571428571428	2	0.013071895424836602	-0.008928571428571428	-0.013071895424836602
MOV10	other	0	0.0	6	0.013392857142857142	1	0.006535947712418301	-0.013392857142857142	-0.006535947712418301	0	0.0	6	0.013392857142857142	1	0.006535947712418301	-0.013392857142857142	-0.006535947712418301
MSL1	histone_write	0	0.0	1	0.002232142857142857	1	0.006535947712418301	-0.002232142857142857	-0.006535947712418301	0	0.0	1	0.002232142857142857	1	0.006535947712418301	-0.002232142857142857	-0.006535947712418301
MSL2	histone_write	0	0.0	4	0.008928571428571428	0	0.0	-0.008928571428571428	0.0	0	0.0	4	0.008928571428571428	0	0.0	-0.008928571428571428	0.0
MSL3	histone_read	0	0.0	1	0.002232142857142857	0	0.0	-0.002232142857142857	0.0	0	0.0	1	0.002232142857142857	0	0.0	-0.002232142857142857	0.0
MTA2	histone_erase	0	0.0	1	0.002232142857142857	0	0.0	-0.002232142857142857	0.0	0	0.0	1	0.002232142857142857	0	0.0	-0.002232142857142857	0.0
MTA3	chromatin_remodeling	0	0.0	18	0.04017857142857143	6	0.0392156862745098	-0.04017857142857143	-0.0392156862745098	0	0.0	18	0.04017857142857143	6	0.0392156862745098	-0.04017857142857143	-0.0392156862745098
NAP1L1	histone_chaperone	0	0.0	0	0.0	1	0.006535947712418301	0.0	-0.006535947712418301	0	0.0	0	0.0	1	0.006535947712418301	0.0	-0.006535947712418301
NAP1L2	histone_other	0	0.0	2	0.004464285714285714	1	0.006535947712418301	-0.004464285714285714	-0.006535947712418301	0	0.0	2	0.004464285714285714	1	0.006535947712418301	-0.004464285714285714	-0.006535947712418301
NCL	histone_chaperone	0	0.0	2	0.004464285714285714	1	0.006535947712418301	-0.004464285714285714	-0.006535947712418301	0	0.0	2	0.004464285714285714	1	0.006535947712418301	-0.004464285714285714	-0.006535947712418301
NCOA1	histone_write	0	0.0	7	0.015625	2	0.013071895424836602	-0.015625	-0.013071895424836602	0	0.0	7	0.015625	2	0.013071895424836602	-0.015625	-0.013071895424836602
NFYC	histone_other	0	0.0	1	0.002232142857142857	0	0.0	-0.002232142857142857	0.0	0	0.0	1	0.002232142857142857	0	0.0	-0.002232142857142857	0.0
NPM2	histone_chaperone	0	0.0	1	0.002232142857142857	0	0.0	-0.002232142857142857	0.0	0	0.0	1	0.002232142857142857	0	0.0	-0.002232142857142857	0.0
NSUN2	rna_modification	0	0.0	8	0.017857142857142856	6	0.0392156862745098	-0.017857142857142856	-0.0392156862745098	0	0.0	7	0.015625	6	0.0392156862745098	-0.015625	-0.0392156862745098
NTMT1	histone_write	0	0.0	9	0.020089285714285716	4	0.026143790849673203	-0.020089285714285716	-0.026143790849673203	0	0.0	9	0.020089285714285716	4	0.026143790849673203	-0.020089285714285716	-0.026143790849673203
OGT	histone_write	0	0.0	1	0.002232142857142857	0	0.0	-0.002232142857142857	0.0	0	0.0	1	0.002232142857142857	0	0.0	-0.002232142857142857	0.0
PADI2	histone_other	0	0.0	2	0.004464285714285714	1	0.006535947712418301	-0.004464285714285714	-0.006535947712418301	0	0.0	2	0.004464285714285714	1	0.006535947712418301	-0.004464285714285714	-0.006535947712418301
PAK2	histone_write	0	0.0	1	0.002232142857142857	0	0.0	-0.002232142857142857	0.0	0	0.0	1	0.002232142857142857	0	0.0	-0.002232142857142857	0.0
PARP2	chromatin_remodeling	0	0.0	2	0.004464285714285714	0	0.0	-0.004464285714285714	0.0	0	0.0	2	0.004464285714285714	0	0.0	-0.004464285714285714	0.0
PBRM1	histone_read	0	0.0	9	0.020089285714285716	3	0.0196078431372549	-0.020089285714285716	-0.0196078431372549	0	0.0	9	0.020089285714285716	3	0.0196078431372549	-0.020089285714285716	-0.0196078431372549
PCGF1	polycomb	0	0.0	0	0.0	2	0.013071895424836602	0.0	-0.013071895424836602	0	0.0	0	0.0	2	0.013071895424836602	0.0	-0.013071895424836602
PCNA	chromatin_remodeling	0	0.0	0	0.0	2	0.013071895424836602	0.0	-0.013071895424836602	0	0.0	0	0.0	0	0.0	0.0	0.0
PHF1	polycomb	0	0.0	1	0.002232142857142857	2	0.013071895424836602	-0.002232142857142857	-0.013071895424836602	0	0.0	1	0.002232142857142857	2	0.013071895424836602	-0.002232142857142857	-0.013071895424836602
PHF10	chromatin_remodeling	0	0.0	4	0.008928571428571428	3	0.0196078431372549	-0.008928571428571428	-0.0196078431372549	0	0.0	4	0.008928571428571428	3	0.0196078431372549	-0.008928571428571428	-0.0196078431372549
PHF12	histone_erase	0	0.0	1	0.002232142857142857	0	0.0	-0.002232142857142857	0.0	0	0.0	1	0.002232142857142857	0	0.0	-0.002232142857142857	0.0
PHF19	chromatin_remodeling	0	0.0	5	0.011160714285714286	2	0.013071895424836602	-0.011160714285714286	-0.013071895424836602	0	0.0	5	0.011160714285714286	2	0.013071895424836602	-0.011160714285714286	-0.013071895424836602
PHF20L1	histone_read	0	0.0	0	0.0	1	0.006535947712418301	0.0	-0.006535947712418301	0	0.0	0	0.0	1	0.006535947712418301	0.0	-0.006535947712418301
PHF8	histone_erase	0	0.0	2	0.004464285714285714	1	0.006535947712418301	-0.004464285714285714	-0.006535947712418301	0	0.0	2	0.004464285714285714	1	0.006535947712418301	-0.004464285714285714	-0.006535947712418301
PKM	histone_write	0	0.0	24	0.05357142857142857	10	0.06535947712418301	-0.05357142857142857	-0.06535947712418301	0	0.0	2	0.004464285714285714	1	0.006535947712418301	-0.004464285714285714	-0.006535947712418301
POGZ	histone_read	0	0.0	6	0.013392857142857142	1	0.006535947712418301	-0.013392857142857142	-0.006535947712418301	0	0.0	6	0.013392857142857142	1	0.006535947712418301	-0.013392857142857142	-0.006535947712418301
PPM1G	chromatin_remodeling	0	0.0	3	0.006696428571428571	1	0.006535947712418301	-0.006696428571428571	-0.006535947712418301	0	0.0	3	0.006696428571428571	1	0.006535947712418301	-0.006696428571428571	-0.006535947712418301
PRDM13	histone_write	0	0.0	8	0.017857142857142856	3	0.0196078431372549	-0.017857142857142856	-0.0196078431372549	0	0.0	8	0.017857142857142856	3	0.0196078431372549	-0.017857142857142856	-0.0196078431372549
PRDM4	histone_write	0	0.0	3	0.006696428571428571	2	0.013071895424836602	-0.006696428571428571	-0.013071895424836602	0	0.0	3	0.006696428571428571	2	0.013071895424836602	-0.006696428571428571	-0.013071895424836602
PRDM8	histone_write	0	0.0	4	0.008928571428571428	1	0.006535947712418301	-0.008928571428571428	-0.006535947712418301	0	0.0	4	0.008928571428571428	1	0.006535947712418301	-0.008928571428571428	-0.006535947712418301
PRKAA1	histone_write	0	0.0	8	0.017857142857142856	1	0.006535947712418301	-0.017857142857142856	-0.006535947712418301	0	0.0	8	0.017857142857142856	1	0.006535947712418301	-0.017857142857142856	-0.006535947712418301
PRKAB1	histone_write	0	0.0	0	0.0	1	0.006535947712418301	0.0	-0.006535947712418301	0	0.0	0	0.0	1	0.006535947712418301	0.0	-0.006535947712418301
PRKAB2	histone_write	0	0.0	2	0.004464285714285714	0	0.0	-0.004464285714285714	0.0	0	0.0	2	0.004464285714285714	0	0.0	-0.004464285714285714	0.0
PRKAG1	histone_write	0	0.0	1	0.002232142857142857	1	0.006535947712418301	-0.002232142857142857	-0.006535947712418301	0	0.0	1	0.002232142857142857	1	0.006535947712418301	-0.002232142857142857	-0.006535947712418301
PRKCB	histone_write	0	0.0	1	0.002232142857142857	3	0.0196078431372549	-0.002232142857142857	-0.0196078431372549	0	0.0	1	0.002232142857142857	3	0.0196078431372549	-0.002232142857142857	-0.0196078431372549
PRKCD	histone_other	0	0.0	1	0.002232142857142857	2	0.013071895424836602	-0.002232142857142857	-0.013071895424836602	0	0.0	1	0.002232142857142857	2	0.013071895424836602	-0.002232142857142857	-0.013071895424836602
PRMT5	histone_write	0	0.0	1	0.002232142857142857	0	0.0	-0.002232142857142857	0.0	0	0.0	1	0.002232142857142857	0	0.0	-0.002232142857142857	0.0
PRMT8	histone_write	0	0.0	7	0.015625	1	0.006535947712418301	-0.015625	-0.006535947712418301	0	0.0	7	0.015625	1	0.006535947712418301	-0.015625	-0.006535947712418301
PTBP1	rna_modification	0	0.0	1	0.002232142857142857	1	0.006535947712418301	-0.002232142857142857	-0.006535947712418301	0	0.0	1	0.002232142857142857	1	0.006535947712418301	-0.002232142857142857	-0.006535947712418301
RAD51	histone_erase	0	0.0	1	0.002232142857142857	0	0.0	-0.002232142857142857	0.0	0	0.0	1	0.002232142857142857	0	0.0	-0.002232142857142857	0.0
RAD54L	chromatin_remodeling	0	0.0	8	0.017857142857142856	2	0.013071895424836602	-0.017857142857142856	-0.013071895424836602	0	0.0	8	0.017857142857142856	2	0.013071895424836602	-0.017857142857142856	-0.013071895424836602
RAD54L2	chromatin_remodeling	0	0.0	6	0.013392857142857142	4	0.026143790849673203	-0.013392857142857142	-0.026143790849673203	0	0.0	6	0.013392857142857142	4	0.026143790849673203	-0.013392857142857142	-0.026143790849673203
RAG2	histone_read	0	0.0	8	0.017857142857142856	4	0.026143790849673203	-0.017857142857142856	-0.026143790849673203	0	0.0	8	0.017857142857142856	4	0.026143790849673203	-0.017857142857142856	-0.026143790849673203
RB1	chromatin_remodeling	0	0.0	5	0.011160714285714286	1	0.006535947712418301	-0.011160714285714286	-0.006535947712418301	0	0.0	5	0.011160714285714286	1	0.006535947712418301	-0.011160714285714286	-0.006535947712418301
RBBP5	histone_write	0	0.0	2	0.004464285714285714	0	0.0	-0.004464285714285714	0.0	0	0.0	2	0.004464285714285714	0	0.0	-0.004464285714285714	0.0
RBM17	rna_modification	0	0.0	0	0.0	1	0.006535947712418301	0.0	-0.006535947712418301	0	0.0	0	0.0	1	0.006535947712418301	0.0	-0.006535947712418301
RBM25	rna_modification	0	0.0	0	0.0	1	0.006535947712418301	0.0	-0.006535947712418301	0	0.0	0	0.0	1	0.006535947712418301	0.0	-0.006535947712418301
RBM5	rna_modification	0	0.0	1	0.002232142857142857	1	0.006535947712418301	-0.002232142857142857	-0.006535947712418301	0	0.0	1	0.002232142857142857	1	0.006535947712418301	-0.002232142857142857	-0.006535947712418301
RBM7	rna_modification	0	0.0	9	0.020089285714285716	1	0.006535947712418301	-0.020089285714285716	-0.006535947712418301	0	0.0	9	0.020089285714285716	1	0.006535947712418301	-0.020089285714285716	-0.006535947712418301
RBM8A	rna_modification	0	0.0	2	0.004464285714285714	1	0.006535947712418301	-0.004464285714285714	-0.006535947712418301	0	0.0	2	0.004464285714285714	1	0.006535947712418301	-0.004464285714285714	-0.006535947712418301
RCC1	chromatin_remodeling	0	0.0	3	0.006696428571428571	0	0.0	-0.006696428571428571	0.0	0	0.0	3	0.006696428571428571	0	0.0	-0.006696428571428571	0.0
RCOR3	histone_erase	0	0.0	4	0.008928571428571428	0	0.0	-0.008928571428571428	0.0	0	0.0	4	0.008928571428571428	0	0.0	-0.008928571428571428	0.0
RLIM	histone_erase	0	0.0	1	0.002232142857142857	0	0.0	-0.002232142857142857	0.0	0	0.0	1	0.002232142857142857	0	0.0	-0.002232142857142857	0.0
RNF2	histone_write	0	0.0	2	0.004464285714285714	1	0.006535947712418301	-0.004464285714285714	-0.006535947712418301	0	0.0	2	0.004464285714285714	1	0.006535947712418301	-0.004464285714285714	-0.006535947712418301
RNF20	histone_write	0	0.0	2	0.004464285714285714	0	0.0	-0.004464285714285714	0.0	0	0.0	2	0.004464285714285714	0	0.0	-0.004464285714285714	0.0
RNF40	histone_write	0	0.0	7	0.015625	3	0.0196078431372549	-0.015625	-0.0196078431372549	0	0.0	7	0.015625	3	0.0196078431372549	-0.015625	-0.0196078431372549
RNF8	histone_write	0	0.0	1	0.002232142857142857	2	0.013071895424836602	-0.002232142857142857	-0.013071895424836602	0	0.0	1	0.002232142857142857	2	0.013071895424836602	-0.002232142857142857	-0.013071895424836602
RPS6KA3	histone_write	0	0.0	1	0.002232142857142857	0	0.0	-0.002232142857142857	0.0	0	0.0	0	0.0	0	0.0	0.0	0.0
RPS6KA5	histone_write	0	0.0	13	0.029017857142857144	4	0.026143790849673203	-0.029017857142857144	-0.026143790849673203	0	0.0	13	0.029017857142857144	4	0.026143790849673203	-0.029017857142857144	-0.026143790849673203
RRP8	histone_other	0	0.0	14	0.03125	4	0.026143790849673203	-0.03125	-0.026143790849673203	0	0.0	2	0.004464285714285714	1	0.006535947712418301	-0.004464285714285714	-0.006535947712418301
RSF1	histone_read	0	0.0	7	0.015625	2	0.013071895424836602	-0.015625	-0.013071895424836602	0	0.0	5	0.011160714285714286	2	0.013071895424836602	-0.011160714285714286	-0.013071895424836602
RUVBL2	chromatin_remodeling	0	0.0	4	0.008928571428571428	4	0.026143790849673203	-0.008928571428571428	-0.026143790849673203	0	0.0	4	0.008928571428571428	4	0.026143790849673203	-0.008928571428571428	-0.026143790849673203
SAFB	chromatin_remodeling	0	0.0	0	0.0	1	0.006535947712418301	0.0	-0.006535947712418301	0	0.0	0	0.0	1	0.006535947712418301	0.0	-0.006535947712418301
SAP130	histone_erase	0	0.0	8	0.017857142857142856	5	0.032679738562091505	-0.017857142857142856	-0.032679738562091505	0	0.0	8	0.017857142857142856	5	0.032679738562091505	-0.017857142857142856	-0.032679738562091505
SAP30L	histone_erase	0	0.0	1	0.002232142857142857	1	0.006535947712418301	-0.002232142857142857	-0.006535947712418301	0	0.0	1	0.002232142857142857	1	0.006535947712418301	-0.002232142857142857	-0.006535947712418301
SATB1	chromatin_remodeling	0	0.0	2	0.004464285714285714	2	0.013071895424836602	-0.004464285714285714	-0.013071895424836602	0	0.0	2	0.004464285714285714	1	0.006535947712418301	-0.004464285714285714	-0.006535947712418301
SENP1	histone_erase	0	0.0	4	0.008928571428571428	0	0.0	-0.008928571428571428	0.0	0	0.0	4	0.008928571428571428	0	0.0	-0.008928571428571428	0.0
SENP3	histone_erase	0	0.0	6	0.013392857142857142	2	0.013071895424836602	-0.013392857142857142	-0.013071895424836602	0	0.0	6	0.013392857142857142	2	0.013071895424836602	-0.013392857142857142	-0.013071895424836602
SETD3	histone_write	0	0.0	8	0.017857142857142856	6	0.0392156862745098	-0.017857142857142856	-0.0392156862745098	0	0.0	8	0.017857142857142856	6	0.0392156862745098	-0.017857142857142856	-0.0392156862745098
SETD6	chromatin_remodeling	0	0.0	4	0.008928571428571428	1	0.006535947712418301	-0.008928571428571428	-0.006535947712418301	0	0.0	4	0.008928571428571428	1	0.006535947712418301	-0.008928571428571428	-0.006535947712418301
SETD7	histone_write	0	0.0	2	0.004464285714285714	0	0.0	-0.004464285714285714	0.0	0	0.0	2	0.004464285714285714	0	0.0	-0.004464285714285714	0.0
SFMBT2	polycomb	0	0.0	7	0.015625	3	0.0196078431372549	-0.015625	-0.0196078431372549	0	0.0	7	0.015625	3	0.0196078431372549	-0.015625	-0.0196078431372549
SFPQ	chromatin_remodeling	0	0.0	2	0.004464285714285714	3	0.0196078431372549	-0.004464285714285714	-0.0196078431372549	0	0.0	2	0.004464285714285714	3	0.0196078431372549	-0.004464285714285714	-0.0196078431372549
SIN3B	histone_erase	0	0.0	6	0.013392857142857142	7	0.0457516339869281	-0.013392857142857142	-0.0457516339869281	0	0.0	6	0.013392857142857142	7	0.0457516339869281	-0.013392857142857142	-0.0457516339869281
SIRT1	histone_erase	0	0.0	6	0.013392857142857142	2	0.013071895424836602	-0.013392857142857142	-0.013071895424836602	0	0.0	6	0.013392857142857142	2	0.013071895424836602	-0.013392857142857142	-0.013071895424836602
SIRT7	histone_erase	0	0.0	2	0.004464285714285714	1	0.006535947712418301	-0.004464285714285714	-0.006535947712418301	0	0.0	2	0.004464285714285714	1	0.006535947712418301	-0.004464285714285714	-0.006535947712418301
SLU7	rna_modification	0	0.0	0	0.0	1	0.006535947712418301	0.0	-0.006535947712418301	0	0.0	0	0.0	1	0.006535947712418301	0.0	-0.006535947712418301
SMARCA1	chromatin_remodeling	0	0.0	7	0.015625	0	0.0	-0.015625	0.0	0	0.0	7	0.015625	0	0.0	-0.015625	0.0
SMARCA5	chromatin_remodeling	0	0.0	4	0.008928571428571428	0	0.0	-0.008928571428571428	0.0	0	0.0	4	0.008928571428571428	0	0.0	-0.008928571428571428	0.0
SMARCB1	histone_read	0	0.0	1	0.002232142857142857	0	0.0	-0.002232142857142857	0.0	0	0.0	1	0.002232142857142857	0	0.0	-0.002232142857142857	0.0
SMARCC1	chromatin_remodeling	0	0.0	5	0.011160714285714286	1	0.006535947712418301	-0.011160714285714286	-0.006535947712418301	0	0.0	5	0.011160714285714286	1	0.006535947712418301	-0.011160714285714286	-0.006535947712418301
SMARCC2	chromatin_remodeling	0	0.0	6	0.013392857142857142	0	0.0	-0.013392857142857142	0.0	0	0.0	6	0.013392857142857142	0	0.0	-0.013392857142857142	0.0
SMARCD1	chromatin_remodeling	0	0.0	5	0.011160714285714286	3	0.0196078431372549	-0.011160714285714286	-0.0196078431372549	0	0.0	5	0.011160714285714286	3	0.0196078431372549	-0.011160714285714286	-0.0196078431372549
SMARCD3	chromatin_remodeling	0	0.0	3	0.006696428571428571	0	0.0	-0.006696428571428571	0.0	0	0.0	3	0.006696428571428571	0	0.0	-0.006696428571428571	0.0
SMYD3	histone_write	0	0.0	3	0.006696428571428571	0	0.0	-0.006696428571428571	0.0	0	0.0	3	0.006696428571428571	0	0.0	-0.006696428571428571	0.0
SPOP	histone_write	0	0.0	0	0.0	1	0.006535947712418301	0.0	-0.006535947712418301	0	0.0	0	0.0	1	0.006535947712418301	0.0	-0.006535947712418301
SRSF1	rna_modification	0	0.0	1	0.002232142857142857	1	0.006535947712418301	-0.002232142857142857	-0.006535947712418301	0	0.0	1	0.002232142857142857	1	0.006535947712418301	-0.002232142857142857	-0.006535947712418301
SRSF12	rna_modification	0	0.0	3	0.006696428571428571	3	0.0196078431372549	-0.006696428571428571	-0.0196078431372549	0	0.0	3	0.006696428571428571	3	0.0196078431372549	-0.006696428571428571	-0.0196078431372549
SRSF6	rna_modification	0	0.0	1	0.002232142857142857	2	0.013071895424836602	-0.002232142857142857	-0.013071895424836602	0	0.0	1	0.002232142857142857	2	0.013071895424836602	-0.002232142857142857	-0.013071895424836602
SSRP1	chromatin_remodeling	0	0.0	6	0.013392857142857142	0	0.0	-0.013392857142857142	0.0	0	0.0	6	0.013392857142857142	0	0.0	-0.013392857142857142	0.0
SUDS3	histone_erase	0	0.0	1	0.002232142857142857	0	0.0	-0.002232142857142857	0.0	0	0.0	1	0.002232142857142857	0	0.0	-0.002232142857142857	0.0
SUPT16H	histone_read	0	0.0	2	0.004464285714285714	0	0.0	-0.004464285714285714	0.0	0	0.0	1	0.002232142857142857	0	0.0	-0.002232142857142857	0.0
SUPT7L	histone_chaperone	0	0.0	5	0.011160714285714286	1	0.006535947712418301	-0.011160714285714286	-0.006535947712418301	0	0.0	5	0.011160714285714286	1	0.006535947712418301	-0.011160714285714286	-0.006535947712418301
SUV39H1	histone_write	0	0.0	3	0.006696428571428571	0	0.0	-0.006696428571428571	0.0	0	0.0	3	0.006696428571428571	0	0.0	-0.006696428571428571	0.0
SUV39H2	histone_write	0	0.0	1	0.002232142857142857	0	0.0	-0.002232142857142857	0.0	0	0.0	1	0.002232142857142857	0	0.0	-0.002232142857142857	0.0
SUZ12	polycomb	0	0.0	0	0.0	1	0.006535947712418301	0.0	-0.006535947712418301	0	0.0	0	0.0	1	0.006535947712418301	0.0	-0.006535947712418301
SYNCRIP	rna_modification	0	0.0	2	0.004464285714285714	2	0.013071895424836602	-0.004464285714285714	-0.013071895424836602	0	0.0	2	0.004464285714285714	2	0.013071895424836602	-0.004464285714285714	-0.013071895424836602
TADA2A	histone_read	0	0.0	4	0.008928571428571428	0	0.0	-0.008928571428571428	0.0	0	0.0	2	0.004464285714285714	0	0.0	-0.004464285714285714	0.0
TADA2B	histone_write	0	0.0	1	0.002232142857142857	1	0.006535947712418301	-0.002232142857142857	-0.006535947712418301	0	0.0	1	0.002232142857142857	1	0.006535947712418301	-0.002232142857142857	-0.006535947712418301
TADA3	histone_write	0	0.0	2	0.004464285714285714	1	0.006535947712418301	-0.004464285714285714	-0.006535947712418301	0	0.0	2	0.004464285714285714	1	0.006535947712418301	-0.004464285714285714	-0.006535947712418301
TAF10	histone_chaperone	0	0.0	2	0.004464285714285714	1	0.006535947712418301	-0.004464285714285714	-0.006535947712418301	0	0.0	2	0.004464285714285714	1	0.006535947712418301	-0.004464285714285714	-0.006535947712418301
TAF5L	histone_write	0	0.0	6	0.013392857142857142	0	0.0	-0.013392857142857142	0.0	0	0.0	6	0.013392857142857142	0	0.0	-0.013392857142857142	0.0
TAF6L	histone_chaperone	0	0.0	8	0.017857142857142856	2	0.013071895424836602	-0.017857142857142856	-0.013071895424836602	0	0.0	8	0.017857142857142856	2	0.013071895424836602	-0.017857142857142856	-0.013071895424836602
TAF7	histone_write	0	0.0	2	0.004464285714285714	1	0.006535947712418301	-0.004464285714285714	-0.006535947712418301	0	0.0	2	0.004464285714285714	1	0.006535947712418301	-0.004464285714285714	-0.006535947712418301
TAF8	histone_chaperone	0	0.0	3	0.006696428571428571	1	0.006535947712418301	-0.006696428571428571	-0.006535947712418301	0	0.0	3	0.006696428571428571	1	0.006535947712418301	-0.006696428571428571	-0.006535947712418301
TAF9	histone_chaperone	0	0.0	3	0.006696428571428571	0	0.0	-0.006696428571428571	0.0	0	0.0	3	0.006696428571428571	0	0.0	-0.006696428571428571	0.0
TDRD3	histone_read	0	0.0	16	0.03571428571428571	3	0.0196078431372549	-0.03571428571428571	-0.0196078431372549	0	0.0	16	0.03571428571428571	3	0.0196078431372549	-0.03571428571428571	-0.0196078431372549
TFPT	dna_modification	0	0.0	1	0.002232142857142857	0	0.0	-0.002232142857142857	0.0	0	0.0	1	0.002232142857142857	0	0.0	-0.002232142857142857	0.0
TLE1	chromatin_remodeling	0	0.0	11	0.024553571428571428	7	0.0457516339869281	-0.024553571428571428	-0.0457516339869281	0	0.0	11	0.024553571428571428	7	0.0457516339869281	-0.024553571428571428	-0.0457516339869281
TLK1	histone_write	0	0.0	1	0.002232142857142857	1	0.006535947712418301	-0.002232142857142857	-0.006535947712418301	0	0.0	1	0.002232142857142857	1	0.006535947712418301	-0.002232142857142857	-0.006535947712418301
TLK2	histone_write	0	0.0	1	0.002232142857142857	0	0.0	-0.002232142857142857	0.0	0	0.0	1	0.002232142857142857	0	0.0	-0.002232142857142857	0.0
TRIM27	histone_erase	0	0.0	1	0.002232142857142857	0	0.0	-0.002232142857142857	0.0	0	0.0	1	0.002232142857142857	0	0.0	-0.002232142857142857	0.0
TRIM28	histone_read	0	0.0	4	0.008928571428571428	0	0.0	-0.008928571428571428	0.0	0	0.0	4	0.008928571428571428	0	0.0	-0.008928571428571428	0.0
TTK	histone_write	0	0.0	2	0.004464285714285714	1	0.006535947712418301	-0.004464285714285714	-0.006535947712418301	0	0.0	2	0.004464285714285714	1	0.006535947712418301	-0.004464285714285714	-0.006535947712418301
UBE2B	histone_write	0	0.0	1	0.002232142857142857	0	0.0	-0.002232142857142857	0.0	0	0.0	1	0.002232142857142857	0	0.0	-0.002232142857142857	0.0
UBE2T	histone_write	0	0.0	4	0.008928571428571428	2	0.013071895424836602	-0.008928571428571428	-0.013071895424836602	0	0.0	4	0.008928571428571428	2	0.013071895424836602	-0.008928571428571428	-0.013071895424836602
UHRF2	histone_read	0	0.0	7	0.015625	2	0.013071895424836602	-0.015625	-0.013071895424836602	0	0.0	7	0.015625	2	0.013071895424836602	-0.015625	-0.013071895424836602
USP11	histone_erase	0	0.0	1	0.002232142857142857	0	0.0	-0.002232142857142857	0.0	0	0.0	1	0.002232142857142857	0	0.0	-0.002232142857142857	0.0
USP15	histone_erase	0	0.0	5	0.011160714285714286	1	0.006535947712418301	-0.011160714285714286	-0.006535947712418301	0	0.0	5	0.011160714285714286	1	0.006535947712418301	-0.011160714285714286	-0.006535947712418301
USP16	histone_erase	0	0.0	7	0.015625	6	0.0392156862745098	-0.015625	-0.0392156862745098	0	0.0	7	0.015625	6	0.0392156862745098	-0.015625	-0.0392156862745098
USP21	histone_erase	0	0.0	3	0.006696428571428571	1	0.006535947712418301	-0.006696428571428571	-0.006535947712418301	0	0.0	2	0.004464285714285714	1	0.006535947712418301	-0.004464285714285714	-0.006535947712418301
USP22	histone_write	0	0.0	1	0.002232142857142857	1	0.006535947712418301	-0.002232142857142857	-0.006535947712418301	0	0.0	1	0.002232142857142857	1	0.006535947712418301	-0.002232142857142857	-0.006535947712418301
USP3	histone_write	0	0.0	0	0.0	1	0.006535947712418301	0.0	-0.006535947712418301	0	0.0	0	0.0	1	0.006535947712418301	0.0	-0.006535947712418301
USP46	histone_erase	0	0.0	2	0.004464285714285714	0	0.0	-0.004464285714285714	0.0	0	0.0	2	0.004464285714285714	0	0.0	-0.004464285714285714	0.0
USP7	dna_modification	0	0.0	2	0.004464285714285714	1	0.006535947712418301	-0.004464285714285714	-0.006535947712418301	0	0.0	2	0.004464285714285714	1	0.006535947712418301	-0.004464285714285714	-0.006535947712418301
VPS72	histone_write	0	0.0	1	0.002232142857142857	0	0.0	-0.002232142857142857	0.0	0	0.0	1	0.002232142857142857	0	0.0	-0.002232142857142857	0.0
VRK1	histone_write	0	0.0	0	0.0	1	0.006535947712418301	0.0	-0.006535947712418301	0	0.0	0	0.0	1	0.006535947712418301	0.0	-0.006535947712418301
WDR5	histone_read	0	0.0	4	0.008928571428571428	0	0.0	-0.008928571428571428	0.0	0	0.0	3	0.006696428571428571	0	0.0	-0.006696428571428571	0.0
WDR77	histone_write	0	0.0	7	0.015625	2	0.013071895424836602	-0.015625	-0.013071895424836602	0	0.0	7	0.015625	2	0.013071895424836602	-0.015625	-0.013071895424836602
WDR82	histone_write	0	0.0	2	0.004464285714285714	1	0.006535947712418301	-0.004464285714285714	-0.006535947712418301	0	0.0	2	0.004464285714285714	1	0.006535947712418301	-0.004464285714285714	-0.006535947712418301
YAF2	chromatin_remodeling	0	0.0	1	0.002232142857142857	0	0.0	-0.002232142857142857	0.0	0	0.0	1	0.002232142857142857	0	0.0	-0.002232142857142857	0.0
YEATS4	histone_write	0	0.0	1	0.002232142857142857	0	0.0	-0.002232142857142857	0.0	0	0.0	1	0.002232142857142857	0	0.0	-0.002232142857142857	0.0
YWHAB	histone_erase	0	0.0	2	0.004464285714285714	1	0.006535947712418301	-0.004464285714285714	-0.006535947712418301	0	0.0	2	0.004464285714285714	1	0.006535947712418301	-0.004464285714285714	-0.006535947712418301
YY1	chromatin_remodeling	0	0.0	1	0.002232142857142857	0	0.0	-0.002232142857142857	0.0	0	0.0	1	0.002232142857142857	0	0.0	-0.002232142857142857	0.0
ZBTB16	histone_erase	0	0.0	3	0.006696428571428571	0	0.0	-0.006696428571428571	0.0	0	0.0	3	0.006696428571428571	0	0.0	-0.006696428571428571	0.0
ZBTB7C	histone_other	0	0.0	8	0.017857142857142856	3	0.0196078431372549	-0.017857142857142856	-0.0196078431372549	0	0.0	8	0.017857142857142856	3	0.0196078431372549	-0.017857142857142856	-0.0196078431372549
ZC3H13	rna_modification	0	0.0	5	0.011160714285714286	6	0.0392156862745098	-0.011160714285714286	-0.0392156862745098	0	0.0	5	0.011160714285714286	6	0.0392156862745098	-0.011160714285714286	-0.0392156862745098
ZHX1	chromatin_remodeling	0	0.0	4	0.008928571428571428	1	0.006535947712418301	-0.008928571428571428	-0.006535947712418301	0	0.0	4	0.008928571428571428	1	0.006535947712418301	-0.008928571428571428	-0.006535947712418301
ZMYM2	histone_erase	0	0.0	6	0.013392857142857142	2	0.013071895424836602	-0.013392857142857142	-0.013071895424836602	0	0.0	6	0.013392857142857142	2	0.013071895424836602	-0.013392857142857142	-0.013071895424836602
ZNF711	histone_erase	0	0.0	2	0.004464285714285714	0	0.0	-0.004464285714285714	0.0	0	0.0	2	0.004464285714285714	0	0.0	-0.004464285714285714	0.0
ZNHIT1	chromatin_remodeling	0	0.0	3	0.006696428571428571	1	0.006535947712418301	-0.006696428571428571	-0.006535947712418301	0	0.0	3	0.006696428571428571	1	0.006535947712418301	-0.006696428571428571	-0.006535947712418301
