coord_key	chrom	pos	end	svtype	sv_id	cohort_carrier	cohort_rate	abnormal_carrier	abnormal_total	abnormal_rate	normal_carrier	normal_total	normal_rate	control_carrier	control_total	control_rate	p_abnormal_vs_control	p_abnormal_vs_normal	p_normal_vs_control	fdr_abnormal_vs_control	fdr_abnormal_vs_normal	fdr_normal_vs_control	delta_abnormal_vs_normal	delta_abnormal_vs_control	abnormal_specific	enrichment_pattern
chr9:108541820:108541820:INS	chr9	108541820	108541820	INS	Sniffles2.INS.ED84M8	312	0.48148148148148145	34	47	0.723404255319149	233	448	0.5200892857142857	45	153	0.29411764705882354	1.923974943984036e-07	0.005453267419389685	7.660914865693821e-07	0.0036236557634236936	1.0	0.00026520172036315586	0.20331496960486328	0.42928660826032544	0	case_vs_control
chr22:11042769:11042769:INS	chr22	11042769	11042769	INS	Sniffles2.INS.3F98M15	208	0.32098765432098764	25	47	0.5319148936170213	161	448	0.359375	22	153	0.1437908496732026	2.3862312238984215e-07	0.01622251758740419	1.42918477479228e-07	0.0036236557634236936	1.0	7.837592703583645e-05	0.17253989361702127	0.38812404394381866	0	case_vs_control
chr13:111307701:111307701:INS	chr13	111307701	111307701	INS	0003C_Sniffles2.INS.1AASC	325	0.5015432098765432	32	47	0.6808510638297872	253	448	0.5647321428571429	40	153	0.26143790849673204	2.938503203108902e-07	0.08302248646517746	4.2856318477858965e-11	0.0036236557634236936	1.0	3.3407739837832835e-07	0.11611892097264431	0.4194131553330552	0	case_vs_control
chr13:88515302:88515302:INS	chr13	88515302	88515302	INS	0002C_Sniffles2.INS.167SC	329	0.5077160493827161	33	47	0.7021276595744681	253	448	0.5647321428571429	43	153	0.28104575163398693	3.0474356223229155e-07	0.046910323445590915	7.491228912318755e-10	0.0036236557634236936	1.0	1.9596784392144436e-06	0.1373955167173252	0.42108190794048117	0	case_vs_control
chr11:69113752:69113791:DEL	chr11	69113752	69113791	DEL	Sniffles2.DEL.40BEMA	334	0.5154320987654321	33	47	0.7021276595744681	257	448	0.5736607142857143	44	153	0.2875816993464052	4.7588270704602313e-07	0.05947319530495414	5.755133569187976e-10	0.0036236557634236936	1.0	1.6777123059483348e-06	0.1284669452887538	0.4145459602280629	0	case_vs_control
chr22:22558121:22558169:DEL	chr22	22558121	22558169	DEL	Sniffles2.DEL.5984M15	189	0.2916666666666667	21	47	0.44680851063829785	153	448	0.34151785714285715	15	153	0.09803921568627451	4.932661943708959e-07	0.1018091847025957	5.609869049645076e-10	0.0036236557634236936	1.0	1.6777123059483348e-06	0.1052906534954407	0.34876929495202336	0	case_vs_control
chr22:11823569:38536104:DEL	chr22	11823569	38536104	DEL	Sniffles2.DEL.38BAM15	174	0.26851851851851855	22	47	0.46808510638297873	135	448	0.3013392857142857	17	153	0.1111111111111111	5.172907904397351e-07	0.0166969059006028	6.869004167109813e-07	0.0036236557634236936	1.0	0.0002438848735947938	0.16674582066869303	0.35697399527186763	0	case_vs_control
chr4:132646168:132646168:INS	chr4	132646168	132646168	INS	0006C_Sniffles2.INS.2C2S3	224	0.345679012345679	27	47	0.574468085106383	169	448	0.37723214285714285	28	153	0.1830065359477124	5.233849589692632e-07	0.007187462854654773	4.01872478608359e-06	0.0036236557634236936	1.0	0.0008797989266861577	0.19723594224924018	0.3914615491586706	0	case_vs_control
chr2:1764436:1764436:INS	chr2	1764436	1764436	INS	0002C_Sniffles2.INS.5DS1	246	0.37962962962962965	25	47	0.5319148936170213	197	448	0.43973214285714285	24	153	0.1568627450980392	7.573748612258603e-07	0.14584383810177276	5.587287975257066e-11	0.0046610532015086605	1.0	3.3407739837832835e-07	0.09218275075987842	0.37505214851898205	0	case_vs_control
chr5:10685224:10685224:INS	chr5	10685224	10685224	INS	Sniffles2.INS.BDDM4	209	0.32253086419753085	24	47	0.5106382978723404	163	448	0.3638392857142857	22	153	0.1437908496732026	8.616395672550785e-07	0.03596903254844188	8.611424955820784e-08	0.0047724492351124284	1.0	5.482409258080479e-05	0.1467990121580547	0.3668474481991378	0	case_vs_control
chr5:179277430:179277975:DEL	chr5	179277430	179277975	DEL	0006C_Sniffles2.DEL.791S4	76	0.11728395061728394	17	47	0.3617021276595745	50	448	0.11160714285714286	9	153	0.058823529411764705	9.983409293845336e-07	2.7556909808108702e-05	0.03667628142520974	0.00502691885425005	0.5038115177286414	0.61965116494017	0.25009498480243164	0.30287859824780977	0	abnormal_vs_control_only
chr14:63522927:63522927:INS	chr14	63522927	63522927	INS	Sniffles2.INS.4BD6MD	323	0.4984567901234568	33	47	0.7021276595744681	244	448	0.5446428571428571	46	153	0.3006535947712418	1.1249274738166184e-06	0.026410086724910388	1.119502611274517e-07	0.005192290243312905	1.0	6.753811587537519e-05	0.157484802431611	0.4014740648032263	0	case_vs_control
chr13:79460578:79460614:DEL	chr13	79460578	79460614	DEL	0006C_Sniffles2.DEL.481SC	206	0.31790123456790126	26	47	0.5531914893617021	152	448	0.3392857142857143	28	153	0.1830065359477124	1.8152486176335358e-06	0.0034959864052073516	0.00013301641639176613	0.007734076187191253	1.0	0.012508511495937425	0.21390577507598785	0.3701849534139897	0	case_vs_control
chr11:79457816:79457816:INS	chr11	79457816	79457816	INS	165_Sniffles2.INS.105SA	32	0.04938271604938271	10	47	0.2127659574468085	21	448	0.046875	1	153	0.006535947712418301	2.0878856884447394e-06	0.0002242662519456617	0.012099881444412267	0.008260272322255516	0.8642742367335806	0.3107038634414032	0.1658909574468085	0.2062300097343902	0	abnormal_vs_control_only
chr14:98168984:98168984:INS	chr14	98168984	98168984	INS	Sniffles2.INS.633BMD	264	0.4074074074074074	28	47	0.5957446808510638	202	448	0.45089285714285715	34	153	0.2222222222222222	2.8651613539572976e-06	0.040961930960063155	2.4065067524415533e-07	0.009385022352465845	1.0	0.00011295897966460404	0.14485182370820665	0.3735224586288416	0	case_vs_control
chr8:142203480:142203524:DEL	chr8	142203480	142203524	DEL	0002C_Sniffles2.DEL.4B9S7	246	0.37962962962962965	28	47	0.5957446808510638	184	448	0.4107142857142857	34	153	0.2222222222222222	2.8651613539572976e-06	0.011522666798695807	1.394045872030592e-05	0.009385022352465845	1.0	0.002351384341284523	0.1850303951367781	0.3735224586288416	0	case_vs_control
chr8:99815130:99815130:INS	chr8	99815130	99815130	INS	0011C_Sniffles2.INS.170S7	168	0.25925925925925924	19	47	0.40425531914893614	135	448	0.3013392857142857	14	153	0.0915032679738562	3.2006678176580503e-06	0.10106051891228451	2.6467621472054976e-08	0.009385022352465845	1.0	2.5275665829210016e-05	0.10291603343465044	0.3127520511750799	0	case_vs_control
chr9:137265683:137265683:INS	chr9	137265683	137265683	INS	0054c_Sniffles2.INS.2AES8	132	0.2037037037037037	19	47	0.40425531914893614	99	448	0.22098214285714285	14	153	0.0915032679738562	3.2006678176580503e-06	0.005933278256503623	0.0001567550853424771	0.009385022352465845	1.0	0.013972077270817342	0.1832731762917933	0.3127520511750799	0	case_vs_control
chr18:72172043:72172043:INS	chr18	72172043	72172043	INS	Sniffles2.INS.48DDM11	174	0.26851851851851855	20	47	0.425531914893617	138	448	0.3080357142857143	16	153	0.10457516339869281	3.388828754411008e-06	0.07156401865256237	1.1388044656661226e-07	0.009385022352465845	1.0	6.753811587537519e-05	0.11749620060790272	0.3209567514949242	0	case_vs_control
chr4:172206776:172206808:DEL	chr4	172206776	172206808	DEL	0002C_Sniffles2.DEL.683S3	192	0.2962962962962963	20	47	0.425531914893617	156	448	0.3482142857142857	16	153	0.10457516339869281	3.388828754411008e-06	0.18519359388182635	8.137611775462593e-10	0.009385022352465845	1.0	1.9596784392144436e-06	0.07731762917933133	0.3209567514949242	0	case_vs_control
chr6:169883605:169883605:INS	chr6	169883605	169883605	INS	0006C_Sniffles2.INS.383S5	250	0.38580246913580246	26	47	0.5531914893617021	194	448	0.4330357142857143	30	153	0.19607843137254902	4.789351223652387e-06	0.077774545474808	5.643274371993831e-08	0.012632027884555162	1.0	4.2817764509040316e-05	0.12015577507598785	0.35711305798915316	0	case_vs_control
chr2:242001606:242001606:INS	chr2	242001606	242001606	INS	Sniffles2.INS.C650M1	222	0.3425925925925926	25	47	0.5319148936170213	169	448	0.37723214285714285	28	153	0.1830065359477124	5.9431227323554055e-06	0.029164651235064086	4.01872478608359e-06	0.014962621904531874	1.0	0.0008797989266861577	0.15468275075987842	0.34890835766930883	0	case_vs_control
chr16:14036788:14036839:DEL	chr16	14036788	14036839	DEL	Sniffles2.DEL.DEBMF	272	0.41975308641975306	28	47	0.5957446808510638	208	448	0.4642857142857143	36	153	0.23529411764705882	6.923975841399408e-06	0.05895780686728515	2.8778420546543964e-07	0.016674137995801322	1.0	0.00013173381464727082	0.1314589665653495	0.360450563204005	0	case_vs_control
chr19:20876857:20876857:INS	chr19	20876857	20876857	INS	Sniffles2.INS.17E6M12	246	0.37962962962962965	26	47	0.5531914893617021	189	448	0.421875	31	153	0.20261437908496732	7.591273613148513e-06	0.05837678513894078	4.589469286552623e-07	0.01751939428687791	1.0	0.00018028476939260755	0.13131648936170215	0.3505771102767348	0	case_vs_control
chr4:48160861:48160861:INS	chr4	48160861	48160861	INS	0002C_Sniffles2.INS.107S3	166	0.25617283950617287	21	47	0.44680851063829785	125	448	0.27901785714285715	20	153	0.13071895424836602	1.0503213825624695e-05	0.014767919917636933	9.03623033590927e-05	0.023270080294948023	1.0	0.009443372185761183	0.1677906534954407	0.31608955638993186	0	case_vs_control
chr16:55449008:55449008:INS	chr16	55449008	55449008	INS	0008C_Sniffles2.INS.122SF	211	0.3256172839506173	20	47	0.425531914893617	173	448	0.3861607142857143	18	153	0.11764705882352941	1.1115117570828667e-05	0.35310103346007427	6.30617979520633e-11	0.023439538796919682	1.0	3.3407739837832835e-07	0.03937120060790272	0.30788485607008764	0	case_vs_control
chr20:16905716:16905716:INS	chr20	16905716	16905716	INS	Sniffles2.INS.D1CM13	340	0.5246913580246914	33	47	0.7021276595744681	255	448	0.5691964285714286	52	153	0.33986928104575165	1.182878411456583e-05	0.05289207995317759	6.735971276194933e-07	0.023439538796919682	1.0	0.00024226751756226296	0.1329312310030395	0.36225837852871645	0	case_vs_control
chr4:139368025:139368025:INS	chr4	139368025	139368025	INS	0002C_Sniffles2.INS.242S3	290	0.44753086419753085	26	47	0.5531914893617021	232	448	0.5178571428571429	32	153	0.20915032679738563	1.1849264936696597e-05	0.3798688024416322	7.985214452651564e-12	0.023439538796919682	1.0	8.845701162069297e-08	0.035334346504559244	0.3440411625643165	0	case_vs_control
chr7:100787975:100787975:INS	chr7	100787975	100787975	INS	Sniffles2.INS.5D68M6	270	0.4166666666666667	28	47	0.5957446808510638	204	448	0.45535714285714285	38	153	0.24836601307189543	1.5891591146693422e-05	0.046393145116901534	3.3578943485349474e-06	0.030351843118381214	1.0	0.000774946050736057	0.14038753799392095	0.34737866777916837	0	case_vs_control
chr16:86431244:86431244:INS	chr16	86431244	86431244	INS	Sniffles2.INS.731BMF	84	0.12962962962962962	16	47	0.3404255319148936	57	448	0.12723214285714285	11	153	0.0718954248366013	1.6553034290734422e-05	0.000376306048961748	0.0389056198949356	0.03056131544317327	0.8642742367335806	0.6319367961116401	0.21319338905775076	0.2685301070782923	0	abnormal_vs_control_only
chr8:2089228:2089228:INS	chr8	2089228	2089228	INS	Sniffles2.INS.3CAM7	255	0.39351851851851855	24	47	0.5106382978723404	203	448	0.453125	28	153	0.1830065359477124	1.838769809872363e-05	0.27405447093683105	7.241765960703645e-10	0.03285347813845498	1.0	1.9596784392144436e-06	0.057513297872340385	0.32763176192462795	0	case_vs_control
chr5:32041047:32041098:DEL	chr5	32041047	32041098	DEL	Sniffles2.DEL.1C07M4	66	0.10185185185185185	12	47	0.2553191489361702	49	448	0.109375	5	153	0.032679738562091505	2.0466854387011955e-05	0.006863229884734426	0.0018015664568190991	0.03542556658711932	1.0	0.08308506487118757	0.1459441489361702	0.2226394103740787	0	abnormal_vs_control_only
chr7:24429839:24429883:DEL	chr7	24429839	24429883	DEL	Sniffles2.DEL.15E0M6	222	0.3425925925925926	23	47	0.48936170212765956	173	448	0.3861607142857143	26	153	0.16993464052287582	2.207314439022968e-05	0.11193577012711793	2.959843860161552e-07	0.036375064709597976	1.0	0.000133284416037909	0.10320098784194526	0.31942706160478374	0	case_vs_control
chr20:33057480:33057480:INS	chr20	33057480	33057480	INS	0006C_Sniffles2.INS.C1S13	249	0.38425925925925924	25	47	0.5319148936170213	193	448	0.43080357142857145	31	153	0.20261437908496732	2.312920686399066e-05	0.12044999595881879	1.7423999943995738e-07	0.036375064709597976	1.0	9.019444008392859e-05	0.10111132218844981	0.32930051453205395	0	case_vs_control
chr5:843686:843686:INS	chr5	843686	843686	INS	Sniffles2.INS.23BM4	241	0.37191358024691357	25	47	0.5319148936170213	185	448	0.41294642857142855	31	153	0.20261437908496732	2.312920686399066e-05	0.07917437857489924	1.1724469557465327e-06	0.036375064709597976	1.0	0.00036014755514592533	0.11896846504559272	0.32930051453205395	0	case_vs_control
chr10:12544834:12544834:INS	chr10	12544834	12544834	INS	0002C_Sniffles2.INS.90S9	293	0.4521604938271605	28	47	0.5957446808510638	226	448	0.5044642857142857	39	153	0.2549019607843137	2.364234725112889e-05	0.14966917753890804	3.7943547241321265e-08	0.036375064709597976	1.0	3.3359003088925434e-05	0.0912803951367781	0.3408427200667501	0	case_vs_control
chr10:133759326:133759367:DEL	chr10	133759326	133759367	DEL	Sniffles2.DEL.A72DM3	39	0.06018518518518518	7	47	0.14893617021276595	32	448	0.07142857142857142	0	153	0.0	2.753693385801017e-05	0.06380416325833119	6.155382520711306e-05	0.038172784865791606	1.0	0.007029573753755831	0.07750759878419453	0.14893617021276595	0	case_vs_control
chr5:76724532:76724569:DEL	chr5	76724532	76724569	DEL	Sniffles2.DEL.4A56M4	17	0.026234567901234566	7	47	0.14893617021276595	10	448	0.022321428571428572	0	153	0.0	2.753693385801017e-05	0.00041895771137717545	0.051616794230699765	0.038172784865791606	0.8642742367335806	0.7289164135762886	0.12661474164133737	0.14893617021276595	0	abnormal_vs_control_only
chr1:20816025:20816075:DEL	chr1	20816025	20816075	DEL	Sniffles2.INS.1951M0	107	0.16512345679012347	15	47	0.3191489361702128	82	448	0.18303571428571427	10	153	0.06535947712418301	2.756754883064318e-05	0.024608892693565903	0.00016964734395598184	0.038172784865791606	1.0	0.014824167728006843	0.1361132218844985	0.2537894590460298	0	case_vs_control
chr4:35094625:35094642:DEL	chr4	35094625	35094642	DEL	0022C_Sniffles2.DEL.3E5S3	136	0.20987654320987653	15	47	0.3191489361702128	111	448	0.24776785714285715	10	153	0.06535947712418301	2.756754883064318e-05	0.1846435883713022	1.3384951766687403e-07	0.038172784865791606	1.0	7.576198044163482e-05	0.07138107902735563	0.2537894590460298	0	case_vs_control
chr21:43372817:43372863:DEL	chr21	43372817	43372863	DEL	Sniffles2.DEL.4429M14	182	0.2808641975308642	21	47	0.44680851063829785	139	448	0.31026785714285715	22	153	0.1437908496732026	2.938543923208129e-05	0.043127585433538736	2.3466979806619508e-05	0.03969757824845167	1.0	0.003447716386018677	0.1365406534954407	0.30301766096509525	0	case_vs_control
chr16:57628997:57628997:INS	chr16	57628997	57628997	INS	0003C_Sniffles2.INS.101SF	258	0.39814814814814814	27	47	0.574468085106383	194	448	0.4330357142857143	37	153	0.24183006535947713	3.1614290940837176e-05	0.04479577161550761	1.405192852179492e-05	0.04169172253883546	1.0	0.002351384341284523	0.14143237082066873	0.3326380197469059	0	case_vs_control
chr12:81135300:81135300:INS	chr12	81135300	81135300	INS	Sniffles2.INS.46C8MB	269	0.41512345679012347	28	47	0.5957446808510638	201	448	0.4486607142857143	40	153	0.26143790849673204	3.477021851535409e-05	0.038444020172629156	2.5078010578734845e-05	0.04172298174936878	1.0	0.0036457240155773375	0.1470839665653495	0.33430677235433176	0	case_vs_control
chr5:1848194:1848194:INS	chr5	1848194	1848194	INS	Sniffles2.INS.49CM4	330	0.5092592592592593	28	47	0.5957446808510638	262	448	0.5848214285714286	40	153	0.26143790849673204	3.477021851535409e-05	0.5072916676762851	2.3263265060670792e-12	0.04172298174936878	1.0	3.221264312951085e-08	0.010923252279635198	0.33430677235433176	0	case_vs_control
chr1:60732708:60732708:INS	chr1	60732708	60732708	INS	0003C_Sniffles2.INS.14DS0	158	0.24382716049382716	17	47	0.3617021276595745	127	448	0.28348214285714285	14	153	0.0915032679738562	3.484426688682949e-05	0.16940433420127166	2.2068237106310317e-07	0.04172298174936878	1.0	0.0001072206593723084	0.07821998480243164	0.2701988596857183	0	case_vs_control
chr21:14755732:14755732:INS	chr21	14755732	14755732	INS	Sniffles2.INS.2EB0M14	213	0.3287037037037037	25	47	0.5319148936170213	156	448	0.3482142857142857	32	153	0.20915032679738563	3.5268217216211084e-05	0.010888044099898051	0.0007577109846407579	0.04172298174936878	1.0	0.04509769764452824	0.18370060790273557	0.3227645668196356	0	case_vs_control
chr2:108122464:108122491:DEL	chr2	108122464	108122491	DEL	Sniffles2.DEL.6B3BM1	273	0.4212962962962963	29	47	0.6170212765957447	201	448	0.4486607142857143	43	153	0.28104575163398693	3.691099345921626e-05	0.020279092348998256	0.0001589020406084237	0.04172298174936878	1.0	0.014127233106291126	0.16836056231003038	0.33597552496175775	0	case_vs_control
chr3:188907518:188907518:INS	chr3	188907518	188907518	INS	Sniffles2.INS.9E13M2	333	0.5138888888888888	29	47	0.6170212765957447	261	448	0.5825892857142857	43	153	0.28104575163398693	3.691099345921626e-05	0.3846874581112471	6.634742872394042e-11	0.04172298174936878	1.0	3.3407739837832835e-07	0.034431990881458985	0.33597552496175775	0	case_vs_control
chr6:775446:775446:INS	chr6	775446	775446	INS	Sniffles2.DEL.CFM5	323	0.4984567901234568	29	47	0.6170212765957447	251	448	0.5602678571428571	43	153	0.28104575163398693	3.691099345921626e-05	0.27830704413591495	1.3406620287192659e-09	0.04172298174936878	1.0	3.0940245186126125e-06	0.05675341945288759	0.33597552496175775	0	case_vs_control
chr9:130169260:130169296:DEL	chr9	130169260	130169296	DEL	Sniffles2.DEL.FCE8M8	186	0.28703703703703703	22	47	0.46808510638297873	139	448	0.31026785714285715	25	153	0.16339869281045752	4.114483550227598e-05	0.022898704507509245	0.00020940706676696386	0.045371097170006695	1.0	0.01752060213608549	0.15781724924012158	0.30468641357252124	0	case_vs_control
chr8:63665008:63665008:INS	chr8	63665008	63665008	INS	Sniffles2.INS.3B77M7	47	0.07253086419753087	9	47	0.19148936170212766	36	448	0.08035714285714286	2	153	0.013071895424836602	4.294732305649702e-05	0.01826036176484818	0.0010397644975046595	0.045371097170006695	1.0	0.05640595101644278	0.1111322188449848	0.17841746627729105	0	abnormal_vs_control_only
chr15:91904022:91904060:DEL	chr15	91904022	91904060	DEL	Sniffles2.DEL.680FME	200	0.30864197530864196	24	47	0.5106382978723404	146	448	0.32589285714285715	30	153	0.19607843137254902	4.4034674720530964e-05	0.009857698173667186	0.001297039974568907	0.045371097170006695	1.0	0.06701534525319273	0.18474544072948323	0.3145598664997914	0	abnormal_vs_control_only
chr10:133013609:133013609:INS	chr10	133013609	133013609	INS	Sniffles2.INS.7C4AM9	109	0.16820987654320987	14	47	0.2978723404255319	86	448	0.19196428571428573	9	153	0.058823529411764705	4.505326685112964e-05	0.06717980794574159	2.4325025859321732e-05	0.045371097170006695	1.0	0.003545564558673979	0.10590805471124617	0.23904881101376718	0	case_vs_control
chr11:11246882:11246882:INS	chr11	11246882	11246882	INS	Sniffles2.INS.D1BMA	91	0.1404320987654321	14	47	0.2978723404255319	68	448	0.15178571428571427	9	153	0.058823529411764705	4.505326685112964e-05	0.01278280018725425	0.0013494664402456985	0.045371097170006695	1.0	0.06866212654424787	0.14608662613981763	0.23904881101376718	0	abnormal_vs_control_only
chr9:72114562:72114562:INS	chr9	72114562	72114562	INS	Sniffles2.INS.D38CM8	89	0.13734567901234568	14	47	0.2978723404255319	66	448	0.14732142857142858	9	153	0.058823529411764705	4.505326685112964e-05	0.01015786887653215	0.002024594628710169	0.045371097170006695	1.0	0.09028844387681066	0.15055091185410333	0.23904881101376718	0	abnormal_vs_control_only
chr8:141868504:141868544:DEL	chr8	141868504	141868544	DEL	108_Sniffles2.DEL.4B9S7	105	0.16203703703703703	12	47	0.2553191489361702	87	448	0.19419642857142858	6	153	0.0392156862745098	5.0659360270322666e-05	0.2072091143114922	4.2367249695860014e-07	0.047305637221387385	1.0	0.00017004617580828222	0.06112272036474162	0.2161034626616604	0	case_vs_control
chr7:29791577:29791577:INS	chr7	29791577	29791577	INS	Sniffles2.INS.191DM6	359	0.5540123456790124	32	47	0.6808510638297872	274	448	0.6116071428571429	53	153	0.3464052287581699	5.1322472245600414e-05	0.22150819791476994	1.0390035346608294e-08	0.047305637221387385	1.0	1.3701982804236671e-05	0.06924392097264431	0.3344458350716173	0	case_vs_control
chr2:241993345:241993387:DEL	chr2	241993345	241993387	DEL	Sniffles2.DEL.C68EM1	230	0.3549382716049383	25	47	0.5319148936170213	172	448	0.38392857142857145	33	153	0.21568627450980393	5.30098477309948e-05	0.035779281996747916	7.806297540854755e-05	0.047305637221387385	1.0	0.008395635110541033	0.14798632218844981	0.31622861910721733	0	case_vs_control
chr7:157828590:157828590:INS	chr7	157828590	157828590	INS	Sniffles2.INS.87C4M6	245	0.37808641975308643	25	47	0.5319148936170213	187	448	0.4174107142857143	33	153	0.21568627450980393	5.30098477309948e-05	0.08834889527916356	3.5364621029155735e-06	0.047305637221387385	1.0	0.0007963537963724429	0.11450417933130697	0.31622861910721733	0	case_vs_control
chr9:34875935:34875951:DEL	chr9	34875935	34875951	DEL	0008C_Sniffles2.DEL.458S8	272	0.41975308641975306	25	47	0.5319148936170213	214	448	0.47767857142857145	33	153	0.21568627450980393	5.30098477309948e-05	0.28948801614890995	4.490506041435465e-09	0.047305637221387385	1.0	7.1062899606579295e-06	0.054236322188449815	0.31622861910721733	0	case_vs_control
chr1:25462798:25462798:INS	chr1	25462798	25462798	INS	0003C_Sniffles2.INS.CES0	144	0.2222222222222222	20	47	0.425531914893617	103	448	0.22991071428571427	21	153	0.13725490196078433	5.335409608949122e-05	0.003918524112855953	0.008408231481582758	0.047305637221387385	1.0	0.24421348993282946	0.19562120060790275	0.2882770129328327	0	abnormal_vs_control_only
chr12:55648361:55648361:INS	chr12	55648361	55648361	INS	0006C_Sniffles2.INS.117SB	231	0.35648148148148145	23	47	0.48936170212765956	180	448	0.4017857142857143	28	153	0.1830065359477124	5.380687414146395e-05	0.15734552742542185	3.1313919603222257e-07	0.047305637221387385	1.0	0.00013974874152910814	0.08757598784194526	0.3063551661799472	0	case_vs_control
chr17:80746292:80746335:DEL	chr17	80746292	80746335	DEL	Sniffles2.DEL.5010M10	220	0.3395061728395062	23	47	0.48936170212765956	169	448	0.37723214285714285	28	153	0.1830065359477124	5.380687414146395e-05	0.09049356333232124	4.01872478608359e-06	0.047305637221387385	1.0	0.0008797989266861577	0.11212955927051671	0.3063551661799472	0	case_vs_control
chr9:9772645:9772645:INS	chr9	9772645	9772645	INS	Sniffles2.INS.6F7M8	123	0.18981481481481483	16	47	0.3404255319148936	94	448	0.20982142857142858	13	153	0.08496732026143791	5.9812770528765036e-05	0.035054159002076965	0.00019129201847267632	0.05130862176003771	1.0	0.016250433004853675	0.13060410334346503	0.2554582116534557	0	normal_vs_control
chr15:88913993:88913994:DEL	chr15	88913993	88913994	DEL	Sniffles2.DEL.65AAME	173	0.26697530864197533	18	47	0.3829787234042553	138	448	0.3080357142857143	17	153	0.1111111111111111	6.13108011533975e-05	0.18656521113268607	3.258148200830764e-07	0.05130862176003771	1.0	0.00014209630909260975	0.07494300911854102	0.2718676122931442	0	normal_vs_control
chr15:87874255:87874255:INS	chr15	87874255	87874255	INS	0003C_Sniffles2.INS.147SE	168	0.25925925925925924	17	47	0.3617021276595745	136	448	0.30357142857142855	15	153	0.09803921568627451	6.206538704994812e-05	0.2533802246595142	6.396105594133065e-08	0.05130862176003771	1.0	4.614341757545646e-05	0.05813069908814594	0.2636629119733	0	normal_vs_control
chr22:18106280:18106280:INS	chr22	18106280	18106280	INS	0010C_Sniffles2.INS.19CS15	127	0.19598765432098766	17	47	0.3617021276595745	95	448	0.21205357142857142	15	153	0.09803921568627451	6.206538704994812e-05	0.0190009518117352	0.0007703924918474507	0.05130862176003771	1.0	0.04553948702075411	0.14964855623100307	0.2636629119733	0	normal_vs_control
chr17:1946689:1946689:INS	chr17	1946689	1946689	INS	0006C_Sniffles2.INS.6CS10	199	0.30709876543209874	22	47	0.46808510638297873	151	448	0.33705357142857145	26	153	0.16993464052287582	6.431915784191364e-05	0.05317187503927485	4.0313728786083055e-05	0.05163057267460744	1.0	0.005040399119646881	0.13103153495440728	0.2981504658601029	0	normal_vs_control
chr22:49552902:49552902:INS	chr22	49552902	49552902	INS	Sniffles2.INS.7239M15	230	0.3549382716049383	22	47	0.46808510638297873	182	448	0.40625	26	153	0.16993464052287582	6.431915784191364e-05	0.25231349433259515	3.0673980522033765e-08	0.05163057267460744	1.0	2.831617388590677e-05	0.06183510638297873	0.2981504658601029	0	normal_vs_control
chr12:130996739:130996739:INS	chr12	130996739	130996739	INS	0002C_Sniffles2.INS.20DSB	237	0.36574074074074076	24	47	0.5106382978723404	182	448	0.40625	31	153	0.20261437908496732	6.655821284460534e-05	0.11063796617930764	2.3222193830591658e-06	0.052664661329100006	1.0	0.0005982469171575864	0.10438829787234039	0.30802391878737306	0	normal_vs_control
chr8:141617799:141617799:INS	chr8	141617799	141617799	INS	0006C_Sniffles2.INS.28AS7	279	0.4305555555555556	27	47	0.574468085106383	213	448	0.47544642857142855	39	153	0.2549019607843137	6.782165704641105e-05	0.12736729749384715	9.215078941016974e-07	0.052908534373050924	1.0	0.0003084623656176682	0.09902165653495448	0.3195661243220693	0	normal_vs_control
chr4:24293435:24293435:INS	chr4	24293435	24293435	INS	0026C_Sniffles2.INS.98S3	91	0.1404320987654321	13	47	0.2765957446808511	70	448	0.15625	8	153	0.05228758169934641	7.221065676953135e-05	0.034122752551131785	0.0003483683479788732	0.05555005357153892	1.0	0.025590750739859187	0.12034574468085107	0.22430816298150466	0	normal_vs_control
chr10:132927361:132927361:INS	chr10	132927361	132927361	INS	Sniffles2.INS.7C07M9	332	0.5123456790123457	30	47	0.6382978723404256	254	448	0.5669642857142857	48	153	0.3137254901960784	7.64205983868949e-05	0.2168560764609276	4.1377178310301055e-08	0.05719978518180182	1.0	3.564036637197592e-05	0.07133358662613987	0.32457238214434714	0	normal_vs_control
chr12:130010683:130010683:INS	chr12	130010683	130010683	INS	Sniffles2.INS.69BAMB	239	0.36882716049382713	25	47	0.5319148936170213	180	448	0.4017857142857143	34	153	0.2222222222222222	7.858601765288678e-05	0.05933629272555074	3.1550304830310734e-05	0.05803629794344124	1.0	0.004278580720500275	0.13012917933130697	0.30969267139479906	0	normal_vs_control
chr1:43308459:43308459:INS	chr1	43308459	43308459	INS	0002C_Sniffles2.INS.101S0	260	0.4012345679012346	26	47	0.5531914893617021	197	448	0.43973214285714285	37	153	0.24183006535947713	8.91515430922056e-05	0.09151191408569334	7.480487695486312e-06	0.06330673934347543	1.0	0.0014436559319776858	0.1134593465045593	0.311361424002225	0	normal_vs_control
chr14:105587870:105587870:INS	chr14	105587870	105587870	INS	Sniffles2.INS.6ACEMD	374	0.5771604938271605	33	47	0.7021276595744681	283	448	0.6316964285714286	58	153	0.3790849673202614	9.191339126460023e-05	0.2143013266135246	4.64323838242678e-08	0.06383002704693563	1.0	3.831485706010011e-05	0.0704312310030395	0.3230426922542067	0	normal_vs_control
chr13:107258815:107258815:INS	chr13	107258815	107258815	INS	0002C_Sniffles2.INS.1A3SC	306	0.4722222222222222	27	47	0.574468085106383	239	448	0.5334821428571429	40	153	0.26143790849673204	9.764269115822649e-05	0.35227396533547284	2.7248887978525507e-09	0.06383002704693563	1.0	5.0543174242925225e-06	0.040985942249240126	0.313030176609651	0	normal_vs_control
chr14:100641244:100641287:DEL	chr14	100641244	100641287	DEL	Sniffles2.DEL.6519MD	289	0.44598765432098764	27	47	0.574468085106383	222	448	0.4955357142857143	40	153	0.26143790849673204	9.764269115822649e-05	0.1905436170194164	2.348986752901188e-07	0.06383002704693563	1.0	0.00011120143441853932	0.07893237082066873	0.313030176609651	0	normal_vs_control
chr2:84061808:84061808:INS	chr2	84061808	84061808	INS	Sniffles2.INS.3CC3M1	289	0.44598765432098764	27	47	0.574468085106383	222	448	0.4955357142857143	40	153	0.26143790849673204	9.764269115822649e-05	0.1905436170194164	2.348986752901188e-07	0.06383002704693563	1.0	0.00011120143441853932	0.07893237082066873	0.313030176609651	0	normal_vs_control
chr15:82457382:82457418:DEL	chr15	82457382	82457418	DEL	Sniffles2.DEL.6175ME	404	0.6234567901234568	32	47	0.6808510638297872	317	448	0.7075892857142857	55	153	0.35947712418300654	9.930802297418009e-05	0.7132959562694892	3.4904808741970206e-14	0.06383002704693563	1.0	1.9333075466002458e-09	-0.02673822188449848	0.3213739396467807	0	normal_vs_control
chr17:3958656:3958702:DEL	chr17	3958656	3958702	DEL	Sniffles2.INS.78CM10	124	0.19135802469135801	15	47	0.3191489361702128	97	448	0.21651785714285715	12	153	0.0784313725490196	0.00010111640978336106	0.08151394639593099	4.012968373972133e-05	0.06383002704693563	1.0	0.005040399119646881	0.10263107902735563	0.24071756362119318	0	normal_vs_control
chr5:4944762:4944850:DEL	chr5	4944762	4944850	DEL	Sniffles2.DEL.7C4M4	127	0.19598765432098766	15	47	0.3191489361702128	100	448	0.22321428571428573	12	153	0.0784313725490196	0.00010111640978336106	0.09925296220630647	2.0189048297254213e-05	0.06383002704693563	1.0	0.003046950972992688	0.09593465045592706	0.24071756362119318	0	normal_vs_control
chr10:124263644:124263644:INS	chr10	124263644	124263644	INS	Sniffles2.INS.723DM9	158	0.24382716049382716	18	47	0.3829787234042553	122	448	0.27232142857142855	18	153	0.11764705882352941	0.00010256503948828756	0.0784714867195664	3.429260162099368e-05	0.06383002704693563	1.0	0.004490304062845386	0.11065729483282677	0.2653316645807259	0	normal_vs_control
chr20:50366200:50366200:INS	chr20	50366200	50366200	INS	Sniffles2.INS.4188M13	169	0.26080246913580246	18	47	0.3829787234042553	133	448	0.296875	18	153	0.11764705882352941	0.00010256503948828756	0.1463976751335051	2.9075710421498165e-06	0.06383002704693563	1.0	0.000690674389756107	0.08610372340425532	0.2653316645807259	0	normal_vs_control
chr10:44316539:44316577:DEL	chr10	44316539	44316577	DEL	Sniffles2.DEL.3D08M9	62	0.09567901234567901	10	47	0.2127659574468085	48	448	0.10714285714285714	4	153	0.026143790849673203	0.00010550227917773275	0.03516373124762767	0.0007335653577847812	0.06428969370620809	1.0	0.044260041434622505	0.10562310030395138	0.18662216659713532	0	normal_vs_control
chr9:10509564:10509564:INS	chr9	10509564	10509564	INS	Sniffles2.INS.78BM8	136	0.20987654320987653	17	47	0.3617021276595745	103	448	0.22991071428571427	16	153	0.10457516339869281	0.00010678579874650003	0.03743175396112034	0.0003459146037102094	0.06428969370620809	1.0	0.02547808254029399	0.13179141337386022	0.25712696426088166	0	normal_vs_control
chr4:178455861:178455861:INS	chr4	178455861	178455861	INS	0003C_Sniffles2.INS.2D3S3	200	0.30864197530864196	21	47	0.44680851063829785	154	448	0.34375	25	153	0.16339869281045752	0.00011658465077811775	0.10746732814208702	1.0085777087828455e-05	0.06797253302419354	1.0	0.0018255915730086354	0.10305851063829785	0.28340981782784036	0	normal_vs_control
chr3:177135320:177135366:DEL	chr3	177135320	177135366	DEL	Sniffles2.DEL.95FCM2	206	0.31790123456790126	20	47	0.425531914893617	163	448	0.3638392857142857	23	153	0.1503267973856209	0.0001346586849022106	0.24814184783059406	2.2393276909149992e-07	0.07458475239363642	1.0	0.0001078538105603478	0.061692629179331326	0.27520511750799614	0	normal_vs_control
chr5:178796761:178796798:DEL	chr5	178796761	178796798	DEL	Sniffles2.DEL.8DB3M4	184	0.2839506172839506	20	47	0.425531914893617	141	448	0.31473214285714285	23	153	0.1503267973856209	0.0001346586849022106	0.08568554828008498	3.356709994195827e-05	0.07458475239363642	1.0	0.004437266185167506	0.11079977203647418	0.27520511750799614	0	normal_vs_control
chr14:46933802:46933842:DEL	chr14	46933802	46933842	DEL	Sniffles2.DEL.411BMD	61	0.0941358024691358	9	47	0.19148936170212766	49	448	0.109375	3	153	0.0196078431372549	0.00014088026024024135	0.08230170841711722	0.00014947956618263636	0.07575801800181056	1.0	0.01363982571947918	0.08211436170212766	0.17188151856487277	0	normal_vs_control
chr5:2658152:2658152:INS	chr5	2658152	2658152	INS	0002C_Sniffles2.INS.63S4	329	0.5077160493827161	28	47	0.5957446808510638	257	448	0.5736607142857143	44	153	0.2875816993464052	0.00014605012948567948	0.44835840772321556	5.755133569187976e-10	0.07631532615049826	1.0	1.6777123059483348e-06	0.0220839665653495	0.3081629815046586	0	normal_vs_control
chr8:96477475:96477475:INS	chr8	96477475	96477475	INS	0008C_Sniffles2.INS.17AS7	296	0.4567901234567901	28	47	0.5957446808510638	224	448	0.5	44	153	0.2875816993464052	0.00014605012948567948	0.13649944833856872	2.917920979326371e-06	0.07631532615049826	1.0	0.000690674389756107	0.0957446808510638	0.3081629815046586	0	normal_vs_control
chr1:7602029:7602029:INS	chr1	7602029	7602029	INS	Sniffles2.INS.D5BM0	302	0.4660493827160494	30	47	0.6382978723404256	222	448	0.4955357142857143	50	153	0.32679738562091504	0.00014859995834649222	0.04312998429436798	0.0001874972260849751	0.0769220046065001	1.0	0.016026383269127472	0.14276215805471126	0.3115004867195105	0	normal_vs_control
chr13:24980083:24980083:INS	chr13	24980083	24980083	INS	Sniffles2.INS.40E6MC	183	0.2824074074074074	19	47	0.40425531914893614	143	448	0.31919642857142855	21	153	0.13725490196078433	0.00015189619467538643	0.15415023256995952	4.2584224070869e-06	0.07790024472852133	1.0	0.0009142073654408109	0.0850588905775076	0.2670004171881518	0	normal_vs_control
chr4:56803094:56803094:INS	chr4	56803094	56803094	INS	Sniffles2.INS.484FM3	161	0.24845679012345678	18	47	0.3829787234042553	124	448	0.2767857142857143	19	153	0.12418300653594772	0.00016690894138416868	0.08876183374545056	5.08113928860212e-05	0.08152972427034834	1.0	0.006078491207712618	0.10619300911854102	0.2587957168683076	0	normal_vs_control
chr6:164659800:164659800:INS	chr6	164659800	164659800	INS	Sniffles2.INS.762CM5	124	0.19135802469135801	14	47	0.2978723404255319	99	448	0.22098214285714285	11	153	0.0718954248366013	0.00016846486345852994	0.15560417770445242	9.185798494865725e-06	0.08152972427034834	1.0	0.0017056683070071983	0.07689019756838905	0.2259769155889306	0	normal_vs_control
chr10:34261751:34261787:DEL	chr10	34261751	34261787	DEL	113_Sniffles2.DEL.39BS9	49	0.07561728395061729	8	47	0.1702127659574468	39	448	0.08705357142857142	2	153	0.013071895424836602	0.00017238316311053676	0.06340099547979958	0.00046879160440258644	0.08152972427034834	1.0	0.03189856189760499	0.08315919452887538	0.1571408705326102	0	normal_vs_control
chr3:6372246:6372246:INS	chr3	6372246	6372246	INS	0002C_Sniffles2.INS.1BS2	84	0.12962962962962962	8	47	0.1702127659574468	74	448	0.16517857142857142	2	153	0.013071895424836602	0.00017238316311053676	0.5319004103355945	1.6862103235810156e-08	0.08152972427034834	1.0	1.945746195885527e-05	0.00503419452887538	0.1571408705326102	0	normal_vs_control
chr10:132671365:132671365:INS	chr10	132671365	132671365	INS	Sniffles2.INS.7B50M9	238	0.36728395061728397	21	47	0.44680851063829785	191	448	0.4263392857142857	26	153	0.16993464052287582	0.0001775168092701438	0.451975087828345	2.7375879744489e-09	0.08152972427034834	1.0	5.0543174242925225e-06	0.020469224924012153	0.276873870115422	0	normal_vs_control
chr7:155140743:155140743:INS	chr7	155140743	155140743	INS	0003C_Sniffles2.INS.2C3S6	250	0.38580246913580246	23	47	0.48936170212765956	196	448	0.4375	31	153	0.20261437908496732	0.00018105286497531678	0.2981939013711524	8.25906983130197e-08	0.08152972427034834	1.0	5.3818042331312174e-05	0.05186170212765956	0.28674732304269224	0	normal_vs_control
chr11:19859355:19859399:DEL	chr11	19859355	19859399	DEL	Sniffles2.DEL.12BFMA	358	0.5524691358024691	32	47	0.6808510638297872	269	448	0.6004464285714286	57	153	0.37254901960784315	0.00018632559835423312	0.17997847522953958	8.095111836678091e-07	0.08256161793315411	1.0	0.0002784919592608237	0.08040463525835861	0.30830204422194407	0	normal_vs_control
chr7:133177695:133177695:INS	chr7	133177695	133177695	INS	0002C_Sniffles2.INS.252S6	289	0.44598765432098764	24	47	0.5106382978723404	231	448	0.515625	34	153	0.2222222222222222	0.00021091489681398013	0.5868181156701346	8.937314272660416e-11	0.09198546696639946	1.0	4.1251663577842933e-07	-0.004986702127659615	0.2884160756501182	0	normal_vs_control
chr10:35742899:35742935:DEL	chr10	35742899	35742935	DEL	0006C_Sniffles2.DEL.46AS9	207	0.3194444444444444	22	47	0.46808510638297873	156	448	0.3482142857142857	29	153	0.1895424836601307	0.0002212296552428035	0.07234757345077354	0.00012064748356556061	0.09573021987959687	1.0	0.011682557377149076	0.11987082066869303	0.278542622722848	0	normal_vs_control
chr16:15131748:15131797:DEL	chr16	15131748	15131797	DEL	Sniffles2.DEL.EC3MF	264	0.4074074074074074	25	47	0.5319148936170213	202	448	0.45089285714285715	37	153	0.24183006535947713	0.00023702145085784343	0.1821970846317461	2.514363779334817e-06	0.10021484061155903	1.0	0.0006301610000443295	0.08102203647416412	0.2900848282575441	0	normal_vs_control
chr9:96027033:96027033:INS	chr9	96027033	96027033	INS	Sniffles2.INS.E50CM8	302	0.4660493827160494	26	47	0.5531914893617021	236	448	0.5267857142857143	40	153	0.26143790849673204	0.000258108255664662	0.4251254189829573	6.261930548404915e-09	0.10214448295358036	1.0	9.634328033751429e-06	0.026405775075987847	0.2917535808649701	0	normal_vs_control
chr11:79190865:79190865:INS	chr11	79190865	79190865	INS	Sniffles2.INS.480BMA	74	0.11419753086419752	10	47	0.2127659574468085	59	448	0.13169642857142858	5	153	0.032679738562091505	0.00025983486506046127	0.09971889435266085	0.00016968517259255324	0.10214448295358036	1.0	0.014824167728006843	0.08106952887537994	0.18008621888471701	0	normal_vs_control
chr13:91007761:91007761:INS	chr13	91007761	91007761	INS	Sniffles2.INS.6F28MC	221	0.3410493827160494	23	47	0.48936170212765956	166	448	0.3705357142857143	32	153	0.20915032679738563	0.0002633458961942657	0.07646151465296835	0.00012796698480133214	0.10214448295358036	1.0	0.012157774566654265	0.11882598784194526	0.28021137533027396	0	normal_vs_control
chr2:240110814:240110859:DEL	chr2	240110814	240110859	DEL	Sniffles2.DEL.C337M1	203	0.3132716049382716	18	47	0.3829787234042553	165	448	0.36830357142857145	20	153	0.13071895424836602	0.00026476693696692293	0.4797916749240025	6.473310797048208e-09	0.10214448295358036	1.0	9.6903713088353e-06	0.014675151975683864	0.2522597691558893	0	normal_vs_control
chr5:104598475:104598475:INS	chr5	104598475	104598475	INS	Sniffles2.INS.5C65M4	168	0.25925925925925924	18	47	0.3829787234042553	130	448	0.29017857142857145	20	153	0.13071895424836602	0.00026476693696692293	0.1250874377585159	3.205768395695122e-05	0.10214448295358036	1.0	0.004278580720500275	0.09280015197568386	0.2522597691558893	0	normal_vs_control
chr6:33084848:33084890:DEL	chr6	33084848	33084890	DEL	Sniffles2.DEL.1A4FM5	170	0.2623456790123457	18	47	0.3829787234042553	132	448	0.29464285714285715	20	153	0.13071895424836602	0.00026476693696692293	0.13905964969276272	2.09076007268076e-05	0.10214448295358036	1.0	0.003138293195274849	0.08833586626139817	0.2522597691558893	0	normal_vs_control
chr10:4380667:4380667:INS	chr10	4380667	4380667	INS	0011C_Sniffles2.INS.51S9	221	0.3410493827160494	21	47	0.44680851063829785	173	448	0.3861607142857143	27	153	0.17647058823529413	0.00026555942704765604	0.2552744647526073	7.073815804563189e-07	0.10214448295358036	1.0	0.0002479775378374341	0.06064779635258355	0.2703379224030037	0	normal_vs_control
chr13:24460441:24460441:INS	chr13	24460441	24460441	INS	Sniffles2.INS.407EMC	239	0.36882716049382713	21	47	0.44680851063829785	191	448	0.4263392857142857	27	153	0.17647058823529413	0.00026555942704765604	0.451975087828345	7.434395669959468e-09	0.10214448295358036	1.0	1.0836218614939869e-05	0.020469224924012153	0.2703379224030037	0	normal_vs_control
chr16:1043524:1043524:INS	chr16	1043524	1043524	INS	Sniffles2.INS.29EMF	104	0.16049382716049382	21	47	0.44680851063829785	56	448	0.125	27	153	0.17647058823529413	0.00026555942704765604	4.2283909965499783e-07	0.9556437415994923	0.10214448295358036	0.02342021205169102	1.0	0.32180851063829785	0.2703379224030037	0	none
chr17:51917038:51917080:DEL	chr17	51917038	51917080	DEL	0003C_Sniffles2.DEL.371S10	227	0.35030864197530864	21	47	0.44680851063829785	179	448	0.39955357142857145	27	153	0.17647058823529413	0.00026555942704765604	0.3164504508750081	1.6565486187651568e-07	0.10214448295358036	1.0	8.65593536756269e-05	0.0472549392097264	0.2703379224030037	0	normal_vs_control
chr8:142222064:142222145:DEL	chr8	142222064	142222145	DEL	Sniffles2.DEL.7280M7	201	0.3101851851851852	21	47	0.44680851063829785	153	448	0.34151785714285715	27	153	0.17647058823529413	0.00026555942704765604	0.1018091847025957	5.51981832452141e-05	0.10214448295358036	1.0	0.006463672248596022	0.1052906534954407	0.2703379224030037	0	normal_vs_control
chr5:133445368:133445368:INS	chr5	133445368	133445368	INS	Sniffles2.INS.6F0BM4	358	0.5524691358024691	31	47	0.6595744680851063	272	448	0.6071428571428571	55	153	0.35947712418300654	0.00026856955542694367	0.29562274281112455	8.736199358807871e-08	0.10258986576543142	1.0	5.4986432964278455e-05	0.05243161094224924	0.3000973439020998	0	normal_vs_control
chr10:133074748:133074748:INS	chr10	133074748	133074748	INS	Sniffles2.INS.7C8DM9	281	0.43364197530864196	28	47	0.5957446808510638	207	448	0.46205357142857145	46	153	0.3006535947712418	0.0002819205749403747	0.055593188457800924	0.00029537581207199457	0.10410011203198317	1.0	0.022472905877807193	0.13369110942249235	0.295091086079822	0	normal_vs_control
chr7:157787069:157787069:INS	chr7	157787069	157787069	INS	0005c_Sniffles2.INS.64ES6	322	0.49691358024691357	29	47	0.6170212765957447	244	448	0.5446428571428571	49	153	0.3202614379084967	0.00028388973863557773	0.2139075830316382	1.0605455896996369e-06	0.10413301220892304	1.0	0.00033273181745006186	0.07237841945288759	0.296759838687248	0	normal_vs_control
chr3:146424977:146424977:INS	chr3	146424977	146424977	INS	Sniffles2.INS.8181M2	154	0.23765432098765432	17	47	0.3617021276595745	119	448	0.265625	18	153	0.11764705882352941	0.0002882091119952928	0.11057117242904484	6.470503777809112e-05	0.10433546598166848	1.0	0.0072110314536275874	0.09607712765957449	0.24405506883604508	0	normal_vs_control
chr21:6664651:6664700:DEL	chr21	6664651	6664700	DEL	Sniffles2.DEL.C7AMD	277	0.42746913580246915	24	47	0.5106382978723404	218	448	0.48660714285714285	35	153	0.22875816993464052	0.0003016546996673014	0.4361055419518008	9.546567610284893e-09	0.10668227462879319	1.0	1.321913216996149e-05	0.024031155015197536	0.2818801279376999	0	normal_vs_control
chr4:80015909:80015945:DEL	chr4	80015909	80015945	DEL	Sniffles2.DEL.5876M3	140	0.21604938271604937	16	47	0.3404255319148936	108	448	0.24107142857142858	16	153	0.10457516339869281	0.0003044211665667458	0.09601947126024675	0.00012605801492866845	0.10668227462879319	1.0	0.012079760088008804	0.09935410334346503	0.23585036851620078	0	normal_vs_control
chr18:63198151:63198151:INS	chr18	63198151	63198151	INS	Sniffles2.INS.42A1M11	141	0.2175925925925926	15	47	0.3191489361702128	112	448	0.25	14	153	0.0915032679738562	0.0003101004949670634	0.19396020632993247	8.825440786816797e-06	0.10668227462879319	1.0	0.0016570288620346059	0.06914893617021278	0.22764566819635657	0	normal_vs_control
chr6:88277247:88277247:INS	chr6	88277247	88277247	INS	Sniffles2.INS.42AAM5	146	0.22530864197530864	15	47	0.3191489361702128	117	448	0.2611607142857143	14	153	0.0915032679738562	0.0003101004949670634	0.24407791869362339	2.6931382088787533e-06	0.10668227462879319	1.0	0.0006566345175349849	0.05798822188449848	0.22764566819635657	0	normal_vs_control
chr6:168311595:168311595:INS	chr6	168311595	168311595	INS	Sniffles2.INS.79C8M5	130	0.2006172839506173	15	47	0.3191489361702128	101	448	0.22544642857142858	14	153	0.0915032679738562	0.0003101004949670634	0.10569049118523827	0.00010275511058506322	0.10668227462879319	1.0	0.01038576654212679	0.09370250759878421	0.22764566819635657	0	normal_vs_control
chr7:76227117:76227159:DEL	chr7	76227117	76227159	DEL	Sniffles2.DEL.4CEAM6	131	0.2021604938271605	15	47	0.3191489361702128	102	448	0.22767857142857142	14	153	0.0915032679738562	0.0003101004949670634	0.11239346124214651	8.295950860695664e-05	0.10668227462879319	1.0	0.00879710473363421	0.09147036474164136	0.22764566819635657	0	normal_vs_control
chr6:94096420:94096420:INS	chr6	94096420	94096420	INS	0006C_Sniffles2.INS.1DBS5	258	0.39814814814814814	22	47	0.46808510638297873	206	448	0.45982142857142855	30	153	0.19607843137254902	0.00032340624290375515	0.5168730055291458	2.309980478132316e-09	0.11057299371576043	1.0	4.738711063807138e-06	0.008263677811550185	0.27200667501042974	0	normal_vs_control
chr6:167563055:167563102:DEL	chr6	167563055	167563102	DEL	0003C_Sniffles2.DEL.5CFS5	301	0.4645061728395062	25	47	0.5319148936170213	238	448	0.53125	38	153	0.24836601307189543	0.00033430428491418426	0.5585493401870878	5.702135228064346e-10	0.11359782658175975	1.0	1.6777123059483348e-06	0.0006648936170212671	0.28354888054512584	0	normal_vs_control
chr17:3112492:3112542:DEL	chr17	3112492	3112542	DEL	Sniffles2.DEL.6C0M10	297	0.4583333333333333	26	47	0.5531914893617021	230	448	0.5133928571428571	41	153	0.2679738562091503	0.00035986690632727975	0.3578165705247599	7.148011510022267e-08	0.12151554399101158	1.0	4.853885767675668e-05	0.039798632218845054	0.28521763315255183	0	normal_vs_control
chr12:130920019:130920019:INS	chr12	130920019	130920019	INS	Sniffles2.INS.6ACFMB	291	0.44907407407407407	27	47	0.574468085106383	220	448	0.49107142857142855	44	153	0.2875816993464052	0.00037736446500843333	0.17507287173088706	6.979800866675668e-06	0.12324043266115213	1.0	0.0013757907843538503	0.08339665653495448	0.2868863857599778	0	normal_vs_control
chr15:84498484:84498484:INS	chr15	84498484	84498484	INS	0003C_Sniffles2.INS.130SE	385	0.5941358024691358	30	47	0.6382978723404256	302	448	0.6741071428571429	53	153	0.3464052287581699	0.0003782565456849112	0.7479800118555054	1.3281077670944752e-12	0.12324043266115213	1.0	2.4520411001276263e-08	-0.03580927051671734	0.29189264358225564	0	normal_vs_control
chr21:43314935:43314935:INS	chr21	43314935	43314935	INS	0003C_Sniffles2.INS.DFS14	310	0.4783950617283951	28	47	0.5957446808510638	235	448	0.5245535714285714	47	153	0.30718954248366015	0.00038626631285712347	0.21908649357743426	2.0380659040207633e-06	0.12435962710963068	1.0	0.0005333869427720615	0.0711911094224924	0.28855513836740365	0	normal_vs_control
chr9:16876813:16876813:INS	chr9	16876813	16876813	INS	Sniffles2.INS.C14M8	206	0.31790123456790126	21	47	0.44680851063829785	157	448	0.35044642857142855	28	153	0.1830065359477124	0.0003906726207314895	0.12571456430492844	5.0277658928458204e-05	0.12435962710963068	1.0	0.006034312403160854	0.0963620820668693	0.2638019746905854	0	normal_vs_control
chr1:106560900:106560900:INS	chr1	106560900	106560900	INS	0006C_Sniffles2.INS.229S0	175	0.2700617283950617	18	47	0.3829787234042553	136	448	0.30357142857142855	21	153	0.13725490196078433	0.00041014445303842197	0.16980974131871288	1.9995173048821157e-05	0.12981189122795495	1.0	0.0030392641449142124	0.07940729483282677	0.245723821443471	0	normal_vs_control
chr16:56300024:56300066:DEL	chr16	56300024	56300066	DEL	Sniffles2.DEL.5CCBMF	116	0.17901234567901234	12	47	0.2553191489361702	95	448	0.21205357142857142	9	153	0.058823529411764705	0.0004485490257404747	0.30143544007421685	2.6175620856415107e-06	0.13662894626325028	1.0	0.0006443623502200533	0.04326557750759877	0.19649561952440547	0	normal_vs_control
chr2:2862454:2862454:INS	chr2	2862454	2862454	INS	0003C_Sniffles2.INS.5CS1	152	0.2345679012345679	17	47	0.3617021276595745	116	448	0.25892857142857145	19	153	0.12418300653594772	0.0004543117031857711	0.09250368545509127	0.0002554481654457416	0.13662894626325028	1.0	0.020208592469200756	0.10277355623100304	0.23751912112362678	0	normal_vs_control
chr4:82077087:82077132:DEL	chr4	82077087	82077132	DEL	Sniffles2.INS.59CDM3	218	0.33641975308641975	20	47	0.425531914893617	172	448	0.38392857142857145	26	153	0.16993464052287582	0.0004641236288437477	0.34196825013472143	3.7728409376601946e-07	0.13662894626325028	1.0	0.000158310692314487	0.04160334346504557	0.2555972743707412	0	normal_vs_control
chr3:183149563:183149589:DEL	chr3	183149563	183149589	DEL	0002C_Sniffles2.DEL.51CS2	239	0.36882716049382713	22	47	0.46808510638297873	186	448	0.41517857142857145	31	153	0.20261437908496732	0.0004658477107937828	0.29186172514619857	9.300428803739184e-07	0.13662894626325028	1.0	0.0003084623656176682	0.05290653495440728	0.2654707272980114	0	normal_vs_control
chr16:84974039:84974039:INS	chr16	84974039	84974039	INS	0004c_Sniffles2.INS.328SF	263	0.4058641975308642	25	47	0.5319148936170213	199	448	0.44419642857142855	39	153	0.2549019607843137	0.0004662178414813166	0.15976959047810482	1.9440658527810502e-05	0.13662894626325028	1.0	0.002974528161708199	0.08771846504559272	0.27701293283270756	0	normal_vs_control
chr12:30967717:30967717:INS	chr12	30967717	30967717	INS	0006C_Sniffles2.INS.9ESB	165	0.25462962962962965	16	47	0.3404255319148936	132	448	0.29464285714285715	17	153	0.1111111111111111	0.0004904309245152124	0.30916584523562834	1.4259234512400038e-06	0.13662894626325028	1.0	0.000404025534876642	0.04578267477203646	0.2293144208037825	0	normal_vs_control
chr15:100556551:100556551:INS	chr15	100556551	100556551	INS	0008C_Sniffles2.INS.1B7SE	164	0.25308641975308643	16	47	0.3404255319148936	131	448	0.2924107142857143	17	153	0.1111111111111111	0.0004904309245152124	0.2978544766903541	1.812706302229819e-06	0.13662894626325028	1.0	0.00048063089408576567	0.04801481762917931	0.2293144208037825	0	normal_vs_control
chr4:69114989:69114989:INS	chr4	69114989	69114989	INS	0006C_Sniffles2.INS.1E8S3	146	0.22530864197530864	16	47	0.3404255319148936	113	448	0.25223214285714285	17	153	0.1111111111111111	0.0004904309245152124	0.12905210564035963	0.00010060667522342202	0.13662894626325028	1.0	0.010300189514371347	0.08819338905775076	0.2293144208037825	0	normal_vs_control
chr5:57225300:57225300:INS	chr5	57225300	57225300	INS	0008C_Sniffles2.INS.19BS4	165	0.25462962962962965	16	47	0.3404255319148936	132	448	0.29464285714285715	17	153	0.1111111111111111	0.0004904309245152124	0.30916584523562834	1.4259234512400038e-06	0.13662894626325028	1.0	0.000404025534876642	0.04578267477203646	0.2293144208037825	0	normal_vs_control
chr12:40353280:40353280:INS	chr12	40353280	40353280	INS	Sniffles2.INS.2B1CMB	128	0.19753086419753085	13	47	0.2765957446808511	104	448	0.23214285714285715	11	153	0.0718954248366013	0.0004979988181411639	0.30127246317917716	2.7029802483927303e-06	0.13662894626325028	1.0	0.0006566345175349849	0.044452887537993924	0.20470031984424977	0	normal_vs_control
chr18:79776710:79776758:DEL	chr18	79776710	79776758	DEL	Sniffles2.DEL.51E4M11	115	0.17746913580246915	13	47	0.2765957446808511	91	448	0.203125	11	153	0.0718954248366013	0.0004979988181411639	0.16108205612507082	5.939973857263912e-05	0.13662894626325028	1.0	0.0068802148640207126	0.07347074468085107	0.20470031984424977	0	normal_vs_control
chr6:9145994:9145994:INS	chr6	9145994	9145994	INS	Sniffles2.INS.745M5	127	0.19598765432098766	13	47	0.2765957446808511	103	448	0.22991071428571427	11	153	0.0718954248366013	0.0004979988181411639	0.28915615139661993	3.4639475653658493e-06	0.13662894626325028	1.0	0.0007863160973380478	0.0466850303951368	0.20470031984424977	0	normal_vs_control
chr13:51844206:51844206:INS	chr13	51844206	51844206	INS	Sniffles2.INS.5344MC	132	0.2037037037037037	15	47	0.3191489361702128	102	448	0.22767857142857142	15	153	0.09803921568627451	0.0005135507505046276	0.11239346124214651	0.00019248700975097672	0.13662894626325028	1.0	0.016326907344696936	0.09147036474164136	0.2211097204839383	0	normal_vs_control
chr22:19907704:19907745:DEL	chr22	19907704	19907745	DEL	0003C_Sniffles2.DEL.3F9S15	145	0.22376543209876543	15	47	0.3191489361702128	115	448	0.25669642857142855	15	153	0.09803921568627451	0.0005135507505046276	0.22334941846449016	1.1448847633678236e-05	0.13662894626325028	1.0	0.001994115637528837	0.062452507598784235	0.2211097204839383	0	normal_vs_control
chr3:54265662:54265662:INS	chr3	54265662	54265662	INS	Sniffles2.INS.23D8M2	148	0.22839506172839505	15	47	0.3191489361702128	118	448	0.26339285714285715	15	153	0.09803921568627451	0.0005135507505046276	0.2547607973244798	5.7156862876870675e-06	0.13662894626325028	1.0	0.0011858220244413513	0.05575607902735563	0.2211097204839383	0	normal_vs_control
chr4:186614873:186614873:INS	chr4	186614873	186614873	INS	Sniffles2.INS.A117M3	331	0.5108024691358025	27	47	0.574468085106383	259	448	0.578125	45	153	0.29411764705882354	0.0005161530663220856	0.5829777778824924	7.921986265391985e-10	0.13662894626325028	1.0	1.9596784392144436e-06	-0.0036569148936169693	0.2803504380475595	0	normal_vs_control
chr10:541011:541071:DEL	chr10	541011	541071	DEL	Sniffles2.DEL.107M9	60	0.09259259259259259	8	47	0.1702127659574468	49	448	0.109375	3	153	0.0196078431372549	0.0005175454032546428	0.1571348101039593	0.00014947956618263636	0.13662894626325028	1.0	0.01363982571947918	0.060837765957446804	0.1506049228201919	0	normal_vs_control
chr16:61398263:61398304:DEL	chr16	61398263	61398304	DEL	Sniffles2.DEL.18EAMF	55	0.08487654320987655	8	47	0.1702127659574468	44	448	0.09821428571428571	3	153	0.0196078431372549	0.0005175454032546428	0.10417084851832724	0.0005465306348369573	0.13662894626325028	1.0	0.035609397897527	0.07199848024316109	0.1506049228201919	0	normal_vs_control
chr13:113117578:113117623:DEL	chr13	113117578	113117623	DEL	Sniffles2.DEL.806BMC	122	0.1882716049382716	14	47	0.2978723404255319	95	448	0.21205357142857142	13	153	0.08496732026143791	0.0005180197644847721	0.12336183894762684	0.0001548963975409813	0.13662894626325028	1.0	0.013927600108766027	0.08581876899696048	0.212905020164094	0	normal_vs_control
chr2:223166578:223166578:INS	chr2	223166578	223166578	INS	Sniffles2.INS.B553M1	114	0.17592592592592593	14	47	0.2978723404255319	87	448	0.19419642857142858	13	153	0.08496732026143791	0.0005180197644847721	0.07232884299960024	0.0007933473400731182	0.13662894626325028	1.0	0.04606071537942335	0.10367591185410333	0.212905020164094	0	normal_vs_control
chr10:97528324:97528324:INS	chr10	97528324	97528324	INS	0003C_Sniffles2.INS.21AS9	343	0.529320987654321	29	47	0.6170212765957447	263	448	0.5870535714285714	51	153	0.3333333333333333	0.0005217261780195104	0.4075144837190497	4.1825373983144996e-08	0.13695435804807887	1.0	3.564036637197592e-05	0.029967705167173286	0.28368794326241137	0	normal_vs_control
chr12:114051076:114051076:INS	chr12	114051076	114051076	INS	Sniffles2.INS.5CA0MB	185	0.2854938271604938	19	47	0.40425531914893614	142	448	0.3169642857142857	24	153	0.1568627450980392	0.0005419658854116398	0.14672053131452184	5.784110483758976e-05	0.14027292738869113	1.0	0.006716358731120381	0.08729103343465044	0.24739257405089693	0	normal_vs_control
chr16:57197968:57197968:INS	chr16	57197968	57197968	INS	Sniffles2.INS.5D7EMF	206	0.31790123456790126	19	47	0.40425531914893614	163	448	0.3638392857142857	24	153	0.1568627450980392	0.0005419658854116398	0.3457118339846382	5.585162833801548e-07	0.14027292738869113	1.0	0.00021029548045820379	0.040416033434650445	0.24739257405089693	0	normal_vs_control
chr19:51723912:51723912:INS	chr19	51723912	51723912	INS	0006C_Sniffles2.INS.1A9S12	219	0.33796296296296297	21	47	0.44680851063829785	169	448	0.37723214285714285	29	153	0.1895424836601307	0.0005656710932853782	0.21798016089979247	8.694148982298608e-06	0.1412021526444573	1.0	0.0016379303531685555	0.069576367781155	0.25726602697816714	0	normal_vs_control
chr2:233100994:233100994:INS	chr2	233100994	233100994	INS	0006C_Sniffles2.INS.42FS1	224	0.345679012345679	21	47	0.44680851063829785	174	448	0.38839285714285715	29	153	0.1895424836601307	0.0005656710932853782	0.2650582423309805	2.9049060570116587e-06	0.1412021526444573	1.0	0.000690674389756107	0.0584156534954407	0.25726602697816714	0	normal_vs_control
chr3:163790418:163790418:INS	chr3	163790418	163790418	INS	Sniffles2.INS.8D1FM2	225	0.3472222222222222	21	47	0.44680851063829785	175	448	0.390625	29	153	0.1895424836601307	0.0005656710932853782	0.27501533254074184	2.3199031679622664e-06	0.1412021526444573	1.0	0.0005982469171575864	0.05618351063829785	0.25726602697816714	0	normal_vs_control
chr4:71037128:71037128:INS	chr4	71037128	71037128	INS	0005c_Sniffles2.INS.3C9S3	230	0.3549382716049383	21	47	0.44680851063829785	180	448	0.4017857142857143	29	153	0.1895424836601307	0.0005656710932853782	0.3271762778406758	7.327243634545155e-07	0.1412021526444573	1.0	0.00025524614492464595	0.04502279635258355	0.25726602697816714	0	normal_vs_control
chr6:63228669:63228669:INS	chr6	63228669	63228669	INS	Sniffles2.INS.31C1M5	248	0.38271604938271603	21	47	0.44680851063829785	198	448	0.4419642857142857	29	153	0.1895424836601307	0.0005656710932853782	0.5341842822271631	7.826749974224418e-09	0.1412021526444573	1.0	1.1115590450572874e-05	0.004844224924012153	0.25726602697816714	0	normal_vs_control
chr2:137782004:137782004:INS	chr2	137782004	137782004	INS	Sniffles2.INS.8056M1	93	0.14351851851851852	10	47	0.2127659574468085	77	448	0.171875	6	153	0.0392156862745098	0.0005685000368259185	0.29967628721276046	6.300226432007759e-06	0.1412021526444573	1.0	0.0012689343331492575	0.04089095744680851	0.1735502711722987	0	normal_vs_control
chr16:76652009:76652044:DEL	chr16	76652009	76652044	DEL	Sniffles2.DEL.6B53MF	31	0.047839506172839504	5	47	0.10638297872340426	26	448	0.05803571428571429	0	153	0.0	0.000604949017333638	0.1599742736073951	0.00039767308811535743	0.1456822442264154	1.0	0.02798769632088109	0.04834726443768997	0.10638297872340426	0	normal_vs_control
chr6:63674283:63674283:INS	chr6	63674283	63674283	INS	Sniffles2.INS.3222M5	29	0.044753086419753084	5	47	0.10638297872340426	24	448	0.05357142857142857	0	153	0.0	0.000604949017333638	0.12911854671533735	0.000736916489257523	0.1456822442264154	1.0	0.044365576638038785	0.05281155015197569	0.10638297872340426	0	normal_vs_control
chr22:48280269:48280269:INS	chr22	48280269	48280269	INS	0008C_Sniffles2.INS.25AS15	177	0.27314814814814814	18	47	0.3829787234042553	137	448	0.30580357142857145	22	153	0.1437908496732026	0.0006214384826081782	0.1780743052469297	3.572532164982102e-05	0.14709501997735802	1.0	0.004601753757070434	0.07717515197568386	0.2391878737310527	0	normal_vs_control
chr3:93760895:93760895:INS	chr3	93760895	93760895	INS	0017C_Sniffles2.INS.12AS2	181	0.279320987654321	18	47	0.3829787234042553	141	448	0.31473214285714285	22	153	0.1437908496732026	0.0006214384826081782	0.21336275209480002	1.5301930586908216e-05	0.14709501997735802	1.0	0.0025001278210845792	0.06824658054711247	0.2391878737310527	0	normal_vs_control
chr6:10461865:10461865:INS	chr6	10461865	10461865	INS	Sniffles2.INS.82BM5	177	0.27314814814814814	18	47	0.3829787234042553	137	448	0.30580357142857145	22	153	0.1437908496732026	0.0006214384826081782	0.1780743052469297	3.572532164982102e-05	0.14709501997735802	1.0	0.004601753757070434	0.07717515197568386	0.2391878737310527	0	normal_vs_control
chr9:94743180:94743180:INS	chr9	94743180	94743180	INS	0002C_Sniffles2.INS.3DDS8	161	0.24845679012345678	18	47	0.3829787234042553	121	448	0.2700892857142857	22	153	0.1437908496732026	0.0006214384826081782	0.0736547967728608	0.0007865216970247261	0.14709501997735802	1.0	0.04595344277933073	0.11288943768996962	0.2391878737310527	0	normal_vs_control
chr12:88010383:88010423:DEL	chr12	88010383	88010423	DEL	Sniffles2.DEL.4B95MB	288	0.4444444444444444	25	47	0.5319148936170213	223	448	0.49776785714285715	40	153	0.26143790849673204	0.0006431371997007649	0.38529130051696364	1.838450179297655e-07	0.15030414859504626	1.0	9.342025553297112e-05	0.034147036474164116	0.2704769851202892	0	normal_vs_control
chr16:88178204:88178247:DEL	chr16	88178204	88178247	DEL	Sniffles2.DEL.7538MF	258	0.39814814814814814	25	47	0.5319148936170213	193	448	0.43080357142857145	40	153	0.26143790849673204	0.0006431371997007649	0.12044999595881879	0.00011762421534260875	0.15030414859504626	1.0	0.011470017674993685	0.10111132218844981	0.2704769851202892	0	normal_vs_control
chr6:122146206:122146206:INS	chr6	122146206	122146206	INS	Sniffles2.INS.58B2M5	293	0.4521604938271605	25	47	0.5319148936170213	228	448	0.5089285714285714	40	153	0.26143790849673204	0.0006431371997007649	0.4421891289938463	5.2306808423486395e-08	0.15030414859504626	1.0	4.138813578514378e-05	0.02298632218844987	0.2704769851202892	0	normal_vs_control
chr11:87389585:87389590:DEL	chr11	87389585	87389590	DEL	Sniffles2.DEL.4D97MA	254	0.39197530864197533	22	47	0.46808510638297873	200	448	0.44642857142857145	32	153	0.20915032679738563	0.0006616441672939782	0.4467324386800413	7.228765077161896e-08	0.15211473804577683	1.0	4.853885767675668e-05	0.02165653495440728	0.2589347795855931	0	normal_vs_control
chr11:71150210:71150210:INS	chr11	71150210	71150210	INS	0002C_Sniffles2.INS.146SA	48	0.07407407407407407	7	47	0.14893617021276595	39	448	0.08705357142857142	2	153	0.013071895424836602	0.0006642393553158878	0.13170773384722098	0.00046879160440258644	0.15211473804577683	1.0	0.03189856189760499	0.061882598784194526	0.13586427478792934	0	normal_vs_control
chr5:857860:857953:DEL	chr5	857860	857953	DEL	0006C_Sniffles2.DEL.3C8S4	210	0.32407407407407407	20	47	0.425531914893617	163	448	0.3638392857142857	27	153	0.17647058823529413	0.0006764249766760469	0.24814184783059406	6.856825088328494e-06	0.15211473804577683	1.0	0.0013563779571154951	0.061692629179331326	0.2490613266583229	0	normal_vs_control
chr8:141538268:141538268:INS	chr8	141538268	141538268	INS	Sniffles2.INS.7160M7	197	0.30401234567901236	20	47	0.425531914893617	150	448	0.33482142857142855	27	153	0.17647058823529413	0.0006764249766760469	0.1394692300639379	9.949575235251496e-05	0.15211473804577683	1.0	0.010224249965308161	0.09071048632218848	0.2490613266583229	0	normal_vs_control
chr14:74232762:74232801:DEL	chr14	74232762	74232801	DEL	Sniffles2.DEL.52CBMD	328	0.5061728395061729	30	47	0.6382978723404256	243	448	0.5424107142857143	55	153	0.35947712418300654	0.000677714737156127	0.13467251242241374	6.349561106056913e-05	0.15211473804577683	1.0	0.007119220456321464	0.09588715805471126	0.27882074815741903	0	normal_vs_control
chr18:74172701:74172701:INS	chr18	74172701	74172701	INS	Sniffles2.INS.4A58M11	355	0.5478395061728395	30	47	0.6382978723404256	270	448	0.6026785714285714	55	153	0.35947712418300654	0.000677714737156127	0.3783159797368041	1.4698411231952407e-07	0.15211473804577683	1.0	7.85063882881631e-05	0.03561930091185417	0.27882074815741903	0	normal_vs_control
chr10:131957695:131957695:INS	chr10	131957695	131957695	INS	Sniffles2.INS.79C6M9	294	0.4537037037037037	26	47	0.5531914893617021	225	448	0.5022321428571429	43	153	0.28104575163398693	0.0006783480229888581	0.30487453155549976	1.1338980512479554e-06	0.15211473804577683	1.0	0.0003528334003512458	0.050959346504559244	0.2721457377277152	0	normal_vs_control
chr18:39640982:39640982:INS	chr18	39640982	39640982	INS	0003C_Sniffles2.INS.8DS11	299	0.46141975308641975	26	47	0.5531914893617021	230	448	0.5133928571428571	43	153	0.28104575163398693	0.0006783480229888581	0.3578165705247599	3.481528134741652e-07	0.15211473804577683	1.0	0.00014948440335431834	0.039798632218845054	0.2721457377277152	0	normal_vs_control
chr2:72251101:72251101:INS	chr2	72251101	72251101	INS	Sniffles2.INS.3498M1	330	0.5092592592592593	26	47	0.5531914893617021	261	448	0.5825892857142857	43	153	0.28104575163398693	0.0006783480229888581	0.7081382748538014	6.634742872394042e-11	0.15211473804577683	1.0	3.3407739837832835e-07	-0.02939779635258355	0.2721457377277152	0	normal_vs_control
chr2:44286563:44286563:INS	chr2	44286563	44286563	INS	Sniffles2.INS.2272M1	167	0.25771604938271603	17	47	0.3617021276595745	130	448	0.29017857142857145	20	153	0.13071895424836602	0.0006986040507171333	0.19540987387179584	3.205768395695122e-05	0.1540048626615764	1.0	0.004278580720500275	0.07152355623100304	0.23098317341120847	0	normal_vs_control
chr16:21067779:21067779:INS	chr16	21067779	21067779	INS	Sniffles2.INS.1383MF	86	0.13271604938271606	11	47	0.23404255319148937	67	448	0.14955357142857142	8	153	0.05228758169934641	0.0007173621464340057	0.09993671145756136	0.0006735763619043837	0.1540048626615764	1.0	0.041315667257098565	0.08448898176291794	0.18175497149214295	0	normal_vs_control
chr17:56881060:56881060:INS	chr17	56881060	56881060	INS	Sniffles2.INS.3D0AM10	93	0.14351851851851852	11	47	0.23404255319148937	74	448	0.16517857142857142	8	153	0.05228758169934641	0.0007173621464340057	0.16099457833726633	0.00014066491339555996	0.1540048626615764	1.0	0.013080885592685157	0.06886398176291794	0.18175497149214295	0	normal_vs_control
chr4:124585837:124585837:INS	chr4	124585837	124585837	INS	Sniffles2.INS.7595M3	93	0.14351851851851852	11	47	0.23404255319148937	74	448	0.16517857142857142	8	153	0.05228758169934641	0.0007173621464340057	0.16099457833726633	0.00014066491339555996	0.1540048626615764	1.0	0.013080885592685157	0.06886398176291794	0.18175497149214295	0	normal_vs_control
chr16:89077770:89077824:DEL	chr16	89077770	89077824	DEL	Sniffles2.DEL.773BMF	241	0.37191358024691357	23	47	0.48936170212765956	183	448	0.40848214285714285	35	153	0.22875816993464052	0.0007477920636961305	0.17993376339255363	3.391916531410903e-05	0.15869236331034972	1.0	0.004473130305756836	0.08087955927051671	0.260603532193019	0	normal_vs_control
chr13:113801018:113801059:DEL	chr13	113801018	113801059	DEL	Sniffles2.DEL.81FAMC	233	0.3595679012345679	21	47	0.44680851063829785	182	448	0.40625	30	153	0.19607843137254902	0.0008067800999151805	0.3490153667763264	1.0461748976533622e-06	0.1667385678138135	1.0	0.00033111734417842526	0.04055851063829785	0.25073007926574886	0	normal_vs_control
chr20:47482837:47482884:DEL	chr20	47482837	47482884	DEL	Sniffles2.DEL.3EABM13	220	0.3395061728395062	21	47	0.44680851063829785	169	448	0.37723214285714285	30	153	0.19607843137254902	0.0008067800999151805	0.21798016089979247	1.818885658076602e-05	0.1667385678138135	1.0	0.002845888102529571	0.069576367781155	0.25073007926574886	0	normal_vs_control
chr5:78937326:78937326:INS	chr5	78937326	78937326	INS	Sniffles2.DEL.4BCDM4	219	0.33796296296296297	21	47	0.44680851063829785	168	448	0.375	30	153	0.19607843137254902	0.0008067800999151805	0.20914026580595727	2.2359745990092782e-05	0.1667385678138135	1.0	0.003329197878761449	0.07180851063829785	0.25073007926574886	0	normal_vs_control
chr5:154371614:154371614:INS	chr5	154371614	154371614	INS	Sniffles2.INS.7CD2M4	244	0.3765432098765432	21	47	0.44680851063829785	193	448	0.43080357142857145	30	153	0.19607843137254902	0.0008067800999151805	0.47545254897065486	7.273642643119096e-08	0.1667385678138135	1.0	4.853885767675668e-05	0.0160049392097264	0.25073007926574886	0	normal_vs_control
chr13:25677526:25677526:INS	chr13	25677526	25677526	INS	0003C_Sniffles2.INS.7CSC	274	0.4228395061728395	24	47	0.5106382978723404	212	448	0.4732142857142857	38	153	0.24836601307189543	0.0008207184551958878	0.36825470875802374	5.401454811655668e-07	0.16774152692394775	1.0	0.0002054109531979311	0.03742401215805469	0.26227228480044495	0	normal_vs_control
chr8:138712633:138712633:INS	chr8	138712633	138712633	INS	0003C_Sniffles2.INS.1D6S7	250	0.38580246913580246	24	47	0.5106382978723404	188	448	0.41964285714285715	38	153	0.24836601307189543	0.0008207184551958878	0.14822705012816165	8.851222389963017e-05	0.16774152692394775	1.0	0.009320370831469041	0.09099544072948323	0.26227228480044495	0	normal_vs_control
chr2:49217989:49217989:INS	chr2	49217989	49217989	INS	0013C_Sniffles2.INS.106S1	111	0.1712962962962963	13	47	0.2765957446808511	86	448	0.19196428571428573	12	153	0.0784313725490196	0.0008549939357140172	0.11922292254158079	0.000431770768908392	0.17166230290634435	1.0	0.029968570611902272	0.08463145896656535	0.19816437213183147	0	normal_vs_control
chr9:68793097:68793097:INS	chr9	68793097	68793097	INS	Sniffles2.INS.D188M8	115	0.17746913580246915	13	47	0.2765957446808511	90	448	0.20089285714285715	12	153	0.0784313725490196	0.0008549939357140172	0.15212005875603815	0.00018692797694911604	0.17166230290634435	1.0	0.016026383269127472	0.07570288753799392	0.19816437213183147	0	normal_vs_control
chr21:37732298:37732346:DEL	chr21	37732298	37732346	DEL	Sniffles2.DEL.3B15M15	135	0.20833333333333334	14	47	0.2978723404255319	107	448	0.23883928571428573	14	153	0.0915032679738562	0.0008553982018153939	0.2329278978427759	2.767712523774611e-05	0.17166230290634435	1.0	0.003920666528563379	0.059033054711246175	0.20636907245167568	0	normal_vs_control
chr18:50297163:50297204:DEL	chr18	50297163	50297204	DEL	Sniffles2.INS.39C2M11	257	0.3966049382716049	25	47	0.5319148936170213	191	448	0.4263392857142857	41	153	0.2679738562091503	0.0008779109460642425	0.10896586675482693	0.00030144854093212836	0.1742857759161515	1.0	0.02287209833582017	0.10557560790273557	0.26394103740787095	0	normal_vs_control
chr7:47695479:47695479:INS	chr7	47695479	47695479	INS	0003C_Sniffles2.INS.108S6	276	0.42592592592592593	26	47	0.5531914893617021	206	448	0.45982142857142855	44	153	0.2875816993464052	0.0009177184761591723	0.14309192671842233	0.00011380855970316316	0.17893534343040457	1.0	0.011156864610334162	0.0933700607902736	0.26560979001529694	0	normal_vs_control
chr16:4810278:4810278:INS	chr16	4810278	4810278	INS	Sniffles2.INS.6E6MF	183	0.2824074074074074	18	47	0.3829787234042553	142	448	0.3169642857142857	23	153	0.1503267973856209	0.0009223028073216356	0.22272339945806768	2.7247197794017495e-05	0.17893534343040457	1.0	0.003913968842412366	0.06601443768996962	0.2326519260186344	0	normal_vs_control
chr17:18654752:18654790:DEL	chr17	18654752	18654790	DEL	0002C_Sniffles2.DEL.2BFS10	194	0.2993827160493827	18	47	0.3829787234042553	153	448	0.34151785714285715	23	153	0.1503267973856209	0.0009223028073216356	0.33788569441419863	2.4338232148016418e-06	0.17893534343040457	1.0	0.0006183697257863915	0.041460866261398166	0.2326519260186344	0	normal_vs_control
chr3:193889032:193889073:DEL	chr3	193889032	193889073	DEL	Sniffles2.DEL.A13FM2	167	0.25771604938271603	18	47	0.3829787234042553	126	448	0.28125	23	153	0.1503267973856209	0.0009223028073216356	0.09994897453156149	0.0006123338194299862	0.17893534343040457	1.0	0.038723472833261156	0.10172872340425532	0.2326519260186344	0	normal_vs_control
chr13:64294441:64294441:INS	chr13	64294441	64294441	INS	0002C_Sniffles2.INS.115SC	254	0.39197530864197533	22	47	0.46808510638297873	199	448	0.44419642857142855	33	153	0.21568627450980393	0.0009271763480271199	0.4351212005611401	2.1774664488930897e-07	0.17893534343040457	1.0	0.00010673054130202695	0.023888677811550185	0.2523988318731748	0	normal_vs_control
chr7:134933450:134933499:DEL	chr7	134933450	134933499	DEL	Sniffles2.DEL.74B3M6	334	0.5154320987654321	27	47	0.574468085106383	260	448	0.5803571428571429	47	153	0.30718954248366015	0.000939298723815892	0.5945194890035072	3.4783928899302214e-09	0.1806433933108493	1.0	6.020663293357972e-06	-0.005889057750759874	0.2672785426227229	0	normal_vs_control
chr3:197884415:197884459:DEL	chr3	197884415	197884459	DEL	Sniffles2.DEL.A794M2	313	0.48302469135802467	28	47	0.5957446808510638	235	448	0.5245535714285714	50	153	0.32679738562091504	0.0009425496617829755	0.21908649357743426	1.5165137983756982e-05	0.1806433933108493	1.0	0.002492482678469827	0.0711911094224924	0.26894729523014876	0	normal_vs_control
chr2:63686889:63686889:INS	chr2	63686889	63686889	INS	Sniffles2.INS.2F18M1	227	0.35030864197530864	20	47	0.425531914893617	179	448	0.39955357142857145	28	153	0.1830065359477124	0.0009699003692677547	0.42192108270407414	3.986055270500928e-07	0.18334758243345528	1.0	0.00016460465272840843	0.025978343465045572	0.24252537894590462	0	normal_vs_control
chr4:56905349:56905349:INS	chr4	56905349	56905349	INS	0003C_Sniffles2.INS.152S3	249	0.38425925925925924	23	47	0.48936170212765956	190	448	0.42410714285714285	36	153	0.23529411764705882	0.0010328242684923266	0.239724842923183	1.6162359419258758e-05	0.1931781672745254	1.0	0.002594784821779432	0.06525455927051671	0.25406758448060074	0	normal_vs_control
chr7:12265317:12265317:INS	chr7	12265317	12265317	INS	Sniffles2.INS.DB2M6	266	0.4104938271604938	23	47	0.48936170212765956	207	448	0.46205357142857145	36	153	0.23529411764705882	0.0010328242684923266	0.4184180091984631	3.6608381452006666e-07	0.1931781672745254	1.0	0.00015478359021860652	0.027308130699088107	0.25406758448060074	0	normal_vs_control
chr1:43154417:43154417:INS	chr1	43154417	43154417	INS	0006C_Sniffles2.INS.152S0	179	0.2762345679012346	17	47	0.3617021276595745	141	448	0.31473214285714285	21	153	0.13725490196078433	0.0010498055237530177	0.3069927745258743	6.684719137333263e-06	0.1931781672745254	1.0	0.0013270724859448559	0.04696998480243164	0.22444722569879016	0	normal_vs_control
chr1:185076564:185076607:DEL	chr1	185076564	185076607	DEL	Sniffles2.DEL.A560M0	171	0.2638888888888889	17	47	0.3617021276595745	133	448	0.296875	21	153	0.13725490196078433	0.0010498055237530177	0.22344694226130032	3.7750215560977206e-05	0.1931781672745254	1.0	0.004806687217221621	0.06482712765957449	0.22444722569879016	0	normal_vs_control
chr12:38391047:38391047:INS	chr12	38391047	38391047	INS	0002C_Sniffles2.INS.B9SB	175	0.2700617283950617	17	47	0.3617021276595745	137	448	0.30580357142857145	21	153	0.13725490196078433	0.0010498055237530177	0.2637502846361101	1.6118914432756818e-05	0.1931781672745254	1.0	0.002594784821779432	0.05589855623100304	0.22444722569879016	0	normal_vs_control
chr5:179937187:179937187:INS	chr5	179937187	179937187	INS	Sniffles2.INS.8ED4M4	157	0.24228395061728394	17	47	0.3617021276595745	119	448	0.265625	21	153	0.13725490196078433	0.0010498055237530177	0.11057117242904484	0.0005863869521095468	0.1931781672745254	1.0	0.03754774624675558	0.09607712765957449	0.22444722569879016	0	normal_vs_control
chr9:32520854:32520854:INS	chr9	32520854	32520854	INS	Sniffles2.INS.16D5M8	182	0.2808641975308642	17	47	0.3617021276595745	144	448	0.32142857142857145	21	153	0.13725490196078433	0.0010498055237530177	0.3410349737753444	3.389698760626376e-06	0.1931781672745254	1.0	0.0007758208055932798	0.04027355623100304	0.22444722569879016	0	normal_vs_control
chr6:169654736:169654736:INS	chr6	169654736	169654736	INS	Sniffles2.INS.7BFBM5	363	0.5601851851851852	31	47	0.6595744680851063	272	448	0.6071428571428571	60	153	0.39215686274509803	0.0011150086949268103	0.29562274281112455	3.097975699692103e-06	0.1991765305850642	1.0	0.0007270791442989245	0.05243161094224924	0.2674176053400083	0	normal_vs_control
chr5:139224404:139224404:INS	chr5	139224404	139224404	INS	Sniffles2.INS.72BFM4	254	0.39197530864197533	24	47	0.5106382978723404	191	448	0.4263392857142857	39	153	0.2549019607843137	0.0011200502522923212	0.16980422972943765	9.313993867967256e-05	0.1991765305850642	1.0	0.009678864772213327	0.08429901215805469	0.2557363370880267	0	normal_vs_control
chr18:60526241:60526277:DEL	chr18	60526241	60526277	DEL	0008C_Sniffles2.DEL.2D6S11	91	0.1404320987654321	10	47	0.2127659574468085	74	448	0.16517857142857142	7	153	0.0457516339869281	0.0011321494809193617	0.2595731676485767	4.6764823365820926e-05	0.1991765305850642	1.0	0.005692769311178219	0.04758738601823709	0.1670143234598804	0	normal_vs_control
chr2:74997264:74997264:INS	chr2	74997264	74997264	INS	Sniffles2.INS.368CM1	109	0.16820987654320987	10	47	0.2127659574468085	92	448	0.20535714285714285	7	153	0.0457516339869281	0.0011321494809193617	0.5157356719507873	4.4294886555113696e-07	0.1991765305850642	1.0	0.00017650396953342715	0.007408814589665663	0.1670143234598804	0	normal_vs_control
chr2:75797787:75797824:DEL	chr2	75797787	75797824	DEL	Sniffles2.DEL.3706M1	113	0.1743827160493827	10	47	0.2127659574468085	96	448	0.21428571428571427	7	153	0.0457516339869281	0.0011321494809193617	0.5723919673515317	1.4679733866449173e-07	0.1991765305850642	1.0	7.85063882881631e-05	-0.0015197568389057614	0.1670143234598804	0	normal_vs_control
chr21:35993137:35993137:INS	chr21	35993137	35993137	INS	Sniffles2.INS.3D91M14	93	0.14351851851851852	10	47	0.2127659574468085	76	448	0.16964285714285715	7	153	0.0457516339869281	0.0011321494809193617	0.28609068162827545	2.8615467631988708e-05	0.1991765305850642	1.0	0.004002407881819673	0.04312310030395136	0.1670143234598804	0	normal_vs_control
chr6:16791443:16791443:INS	chr6	16791443	16791443	INS	Sniffles2.INS.CCFM5	90	0.1388888888888889	10	47	0.2127659574468085	73	448	0.16294642857142858	7	153	0.0457516339869281	0.0011321494809193617	0.24667661805380076	5.962488507853582e-05	0.1991765305850642	1.0	0.0068802148640207126	0.04981952887537994	0.1670143234598804	0	normal_vs_control
chr8:143425225:143425306:DEL	chr8	143425225	143425306	DEL	0003C_Sniffles2.DEL.4D3S7	94	0.14506172839506173	10	47	0.2127659574468085	77	448	0.171875	7	153	0.0457516339869281	0.0011321494809193617	0.29967628721276046	2.2325843664426508e-05	0.1991765305850642	1.0	0.003329197878761449	0.04089095744680851	0.1670143234598804	0	normal_vs_control
chr10:2371679:2371717:DEL	chr10	2371679	2371717	DEL	Sniffles2.DEL.3C5M9	242	0.3734567901234568	21	47	0.44680851063829785	190	448	0.42410714285714285	31	153	0.20261437908496732	0.0011342269062777587	0.4402792039252665	3.612903973957934e-07	0.1991765305850642	1.0	0.00015393194254583235	0.022701367781155002	0.24419413155333053	0	normal_vs_control
chr11:5435573:5435573:INS	chr11	5435573	5435573	INS	Sniffles2.INS.8F5MA	208	0.32098765432098764	19	47	0.40425531914893614	163	448	0.3638392857142857	26	153	0.16993464052287582	0.0011494877626067137	0.3457118339846382	3.0859298278079177e-06	0.1991765305850642	1.0	0.0007270791442989245	0.040416033434650445	0.23432067862606032	0	normal_vs_control
chr4:29322943:29322976:DEL	chr4	29322943	29322976	DEL	Sniffles2.DEL.1920M3	209	0.32253086419753085	19	47	0.40425531914893614	164	448	0.36607142857142855	26	153	0.16993464052287582	0.0011494877626067137	0.35701567384394833	2.4613030055130977e-06	0.1991765305850642	1.0	0.0006196665948607249	0.038183890577507595	0.23432067862606032	0	normal_vs_control
chr5:16535745:16535784:DEL	chr5	16535745	16535784	DEL	Sniffles2.DEL.F8BM4	209	0.32253086419753085	19	47	0.40425531914893614	164	448	0.36607142857142855	26	153	0.16993464052287582	0.0011494877626067137	0.35701567384394833	2.4613030055130977e-06	0.1991765305850642	1.0	0.0006196665948607249	0.038183890577507595	0.23432067862606032	0	normal_vs_control
chr15:82307837:82307837:INS	chr15	82307837	82307837	INS	0006C_Sniffles2.INS.202SE	174	0.26851851851851855	16	47	0.3404255319148936	139	448	0.31026785714285715	19	153	0.12418300653594772	0.001172303548976871	0.3919962650449065	1.7925219471717072e-06	0.1991765305850642	1.0	0.0004796338435263117	0.030157674772036458	0.2162425253789459	0	normal_vs_control
chr19:20155707:20155707:INS	chr19	20155707	20155707	INS	0002C_Sniffles2.INS.DCS12	154	0.23765432098765432	16	47	0.3404255319148936	119	448	0.265625	19	153	0.12418300653594772	0.001172303548976871	0.1770314027523173	0.00014139836435529804	0.1991765305850642	1.0	0.013096609707209446	0.07480053191489361	0.2162425253789459	0	normal_vs_control
chr5:178269379:178269379:INS	chr5	178269379	178269379	INS	Sniffles2.INS.8D03M4	153	0.2361111111111111	16	47	0.3404255319148936	118	448	0.26339285714285715	19	153	0.12418300653594772	0.001172303548976871	0.16841244684413195	0.00017254050302604275	0.1991765305850642	1.0	0.015049879341112527	0.07703267477203646	0.2162425253789459	0	normal_vs_control
chr8:143525033:143525033:INS	chr8	143525033	143525033	INS	0006C_Sniffles2.INS.2B2S7	149	0.22993827160493827	16	47	0.3404255319148936	114	448	0.2544642857142857	19	153	0.12418300653594772	0.001172303548976871	0.13641970885039786	0.0003752988626339105	0.1991765305850642	1.0	0.026856658144143456	0.08596124620060791	0.2162425253789459	0	normal_vs_control
chr20:45439443:45439443:INS	chr20	45439443	45439443	INS	0003C_Sniffles2.INS.127S13	315	0.4861111111111111	27	47	0.574468085106383	240	448	0.5357142857142857	48	153	0.3137254901960784	0.001250379454980199	0.36320267765545833	1.3167297733279495e-06	0.2086779384069402	1.0	0.00038587845865126175	0.03875379939209733	0.2607425949103046	0	normal_vs_control
chr1:46800256:46800256:INS	chr1	46800256	46800256	INS	122_Sniffles2.INS.13AS0	72	0.1111111111111111	8	47	0.1702127659574468	60	448	0.13392857142857142	4	153	0.026143790849673203	0.0012708756892834457	0.3090497558175344	3.495275729892044e-05	0.2086779384069402	1.0	0.004546175261734246	0.03628419452887538	0.1440689751077736	0	normal_vs_control
chr15:48546910:48546910:INS	chr15	48546910	48546910	INS	Sniffles2.INS.4A6DME	61	0.0941358024691358	8	47	0.1702127659574468	49	448	0.109375	4	153	0.026143790849673203	0.0012708756892834457	0.1571348101039593	0.000575042984471995	0.2086779384069402	1.0	0.03694951371686179	0.060837765957446804	0.1440689751077736	0	normal_vs_control
chr7:56513990:56513990:INS	chr7	56513990	56513990	INS	Sniffles2.INS.2B95M6	63	0.09722222222222222	8	47	0.1702127659574468	51	448	0.11383928571428571	4	153	0.026143790849673203	0.0012708756892834457	0.18150957678684138	0.00035129156969050033	0.2086779384069402	1.0	0.025737218865102423	0.05637348024316109	0.1440689751077736	0	normal_vs_control
chr1:29686259:29686298:DEL	chr1	29686259	29686298	DEL	Sniffles2.INS.2024M0	152	0.2345679012345679	15	47	0.3191489361702128	120	448	0.26785714285714285	17	153	0.1111111111111111	0.0012809723957961953	0.27672174823722606	2.2617993451626346e-05	0.2086779384069402	1.0	0.0033496401639002142	0.05129179331306993	0.20803782505910168	0	normal_vs_control
chr1:219596045:219596045:INS	chr1	219596045	219596045	INS	Sniffles2.INS.BBF1M0	142	0.2191358024691358	15	47	0.3191489361702128	110	448	0.24553571428571427	17	153	0.1111111111111111	0.0012809723957961953	0.1755757821682435	0.00018546678704387315	0.2086779384069402	1.0	0.01595129565339448	0.07361322188449851	0.20803782505910168	0	normal_vs_control
chr12:122387567:122387593:DEL	chr12	122387567	122387593	DEL	0006C_Sniffles2.DEL.4DBSB	156	0.24074074074074073	15	47	0.3191489361702128	124	448	0.2767857142857143	17	153	0.1111111111111111	0.0012809723957961953	0.322759304172598	9.261065102171961e-06	0.2086779384069402	1.0	0.0017056683070071983	0.04236322188449848	0.20803782505910168	0	normal_vs_control
chr9:120215431:120215431:INS	chr9	120215431	120215431	INS	0002C_Sniffles2.INS.41FS8	105	0.16203703703703703	11	47	0.23404255319148937	85	448	0.18973214285714285	9	153	0.058823529411764705	0.0013087510119597736	0.28793625112186416	3.089512511496811e-05	0.210113336378052	1.0	0.0042044697539750705	0.04431041033434652	0.17521902377972465	0	normal_vs_control
chr18:78479631:78479631:INS	chr18	78479631	78479631	INS	Sniffles2.INS.4E41M11	176	0.2716049382716049	18	47	0.3829787234042553	134	448	0.29910714285714285	24	153	0.1568627450980392	0.001342535210550862	0.15396955078624966	0.0002732953345539985	0.2122160423817961	1.0	0.021320115479263196	0.08387158054711247	0.2261159783062161	0	normal_vs_control
chr22:50193931:50193931:INS	chr22	50193931	50193931	INS	0002C_Sniffles2.INS.2BCS15	178	0.27469135802469136	18	47	0.3829787234042553	136	448	0.30357142857142855	24	153	0.1568627450980392	0.001342535210550862	0.16980974131871288	0.00018748372221623891	0.2122160423817961	1.0	0.016026383269127472	0.07940729483282677	0.2261159783062161	0	normal_vs_control
chr5:181248664:181248664:INS	chr5	181248664	181248664	INS	0006C_Sniffles2.INS.396S4	175	0.2700617283950617	18	47	0.3829787234042553	133	448	0.296875	24	153	0.1568627450980392	0.001342535210550862	0.1463976751335051	0.0003290201039742283	0.2122160423817961	1.0	0.02462671016070886	0.08610372340425532	0.2261159783062161	0	normal_vs_control
chr13:25829702:25829702:INS	chr13	25829702	25829702	INS	0006C_Sniffles2.INS.C6SC	124	0.19135802469135801	14	47	0.2978723404255319	95	448	0.21205357142857142	15	153	0.09803921568627451	0.001364342728207169	0.12336183894762684	0.0007703924918474507	0.2122160423817961	1.0	0.04553948702075411	0.08581876899696048	0.1998331247392574	0	normal_vs_control
chr12:5553227:5553252:DEL	chr12	5553227	5553252	DEL	Sniffles2.DEL.52FMB	221	0.3410493827160494	20	47	0.425531914893617	172	448	0.38392857142857145	29	153	0.1895424836601307	0.001369367782051386	0.34196825013472143	4.529117809956087e-06	0.2122160423817961	1.0	0.0009615276510382175	0.04160334346504557	0.2359894312334863	0	normal_vs_control
chr18:13880128:13880128:INS	chr18	13880128	13880128	INS	0010C_Sniffles2.INS.44S11	126	0.19444444444444445	12	47	0.2553191489361702	103	448	0.22991071428571427	11	153	0.0718954248366013	0.001395586542324338	0.40678584233782017	3.4639475653658493e-06	0.2122160423817961	1.0	0.0007863160973380478	0.02540843465045592	0.1834237240995689	0	normal_vs_control
chr9:98436289:98436289:INS	chr9	98436289	98436289	INS	Sniffles2.DEL.E6D8M8	114	0.17592592592592593	13	47	0.2765957446808511	88	448	0.19642857142857142	13	153	0.08496732026143791	0.0014081402167884383	0.13507582398179982	0.0006513534516174556	0.2122160423817961	1.0	0.04039996078184505	0.08016717325227965	0.19162842441941316	0	normal_vs_control
chr13:113273968:113273968:INS	chr13	113273968	113273968	INS	Sniffles2.INS.80B0MC	282	0.4351851851851852	23	47	0.48936170212765956	222	448	0.4955357142857143	37	153	0.24183006535947713	0.0014099715388983347	0.5921733149288204	1.941809173623479e-08	0.2122160423817961	1.0	2.030341753016071e-05	-0.0061740121580547425	0.24753163676818243	0	normal_vs_control
chr7:795023:795070:DEL	chr7	795023	795070	DEL	Sniffles2.DEL.228M6	237	0.36574074074074076	23	47	0.48936170212765956	177	448	0.3950892857142857	37	153	0.24183006535947713	0.0014099715388983347	0.13663489645715074	0.0003587163016374504	0.2122160423817961	1.0	0.025904274465573796	0.09427241641337386	0.24753163676818243	0	normal_vs_control
chr3:54809312:54809312:INS	chr3	54809312	54809312	INS	Sniffles2.DEL.2427M2	271	0.4182098765432099	24	47	0.5106382978723404	207	448	0.46205357142857145	40	153	0.26143790849673204	0.0015123496987789235	0.3145189340182902	7.235692311751559e-06	0.2263946624755865	1.0	0.001411163823110195	0.04858472644376893	0.24920038937560834	0	normal_vs_control
chr14:104308677:104308727:DEL	chr14	104308677	104308727	DEL	Sniffles2.DEL.687AMD	169	0.26080246913580246	17	47	0.3617021276595745	130	448	0.29017857142857145	22	153	0.1437908496732026	0.0015440890783961143	0.19540987387179584	0.00014668266481774881	0.22806401566454396	1.0	0.013473398737853188	0.07152355623100304	0.2179112779863719	0	normal_vs_control
chr2:71735670:71735670:INS	chr2	71735670	71735670	INS	Sniffles2.INS.3446M1	177	0.27314814814814814	17	47	0.3617021276595745	138	448	0.3080357142857143	22	153	0.1437908496732026	0.0015440890783961143	0.2743045719521684	2.8981227850497604e-05	0.22806401566454396	1.0	0.004033196603475782	0.05366641337386019	0.2179112779863719	0	normal_vs_control
chr7:155166898:155166898:INS	chr7	155166898	155166898	INS	0006C_Sniffles2.INS.36DS6	192	0.2962962962962963	17	47	0.3617021276595745	153	448	0.34151785714285715	22	153	0.1437908496732026	0.0015440890783961143	0.44859860171625565	1.0099271001498405e-06	0.22806401566454396	1.0	0.0003246809196959786	0.02018427051671734	0.2179112779863719	0	normal_vs_control
chr9:38303797:38303797:INS	chr9	38303797	38303797	INS	Sniffles2.INS.1AEFM8	188	0.29012345679012347	17	47	0.3617021276595745	149	448	0.3325892857142857	22	153	0.1437908496732026	0.0015440890783961143	0.4000681921800206	2.5721518635774474e-06	0.22806401566454396	1.0	0.0006360104795528021	0.029112841945288792	0.2179112779863719	0	normal_vs_control
chr11:46297511:46297511:INS	chr11	46297511	46297511	INS	0003C_Sniffles2.INS.BDSA	211	0.3256172839506173	21	47	0.44680851063829785	158	448	0.35267857142857145	32	153	0.20915032679738563	0.001572850753314118	0.13222587846676487	0.0005391528364553982	0.22925541453832202	1.0	0.035382224295724636	0.0941299392097264	0.23765818384091222	0	normal_vs_control
chr5:4259290:4259335:DEL	chr5	4259290	4259335	DEL	Sniffles2.DEL.733M4	247	0.38117283950617287	21	47	0.44680851063829785	194	448	0.4330357142857143	32	153	0.20915032679738563	0.001572850753314118	0.48721433905303757	3.179089592089916e-07	0.22925541453832202	1.0	0.00013974874152910814	0.01377279635258355	0.23765818384091222	0	normal_vs_control
chr8:138493953:138493953:INS	chr8	138493953	138493953	INS	Sniffles2.INS.6EBCM7	243	0.375	21	47	0.44680851063829785	190	448	0.42410714285714285	32	153	0.20915032679738563	0.001572850753314118	0.4402792039252665	8.209747882478272e-07	0.22925541453832202	1.0	0.00027897025503969723	0.022701367781155002	0.23765818384091222	0	normal_vs_control
chr7:5866408:5866408:INS	chr7	5866408	5866408	INS	Sniffles2.INS.8E3M6	194	0.2993827160493827	19	47	0.40425531914893614	148	448	0.33035714285714285	27	153	0.17647058823529413	0.0016317810419213936	0.19465342421545417	0.0001459792677104911	0.23621003720642164	1.0	0.013431062591276879	0.0738981762917933	0.22778473091364201	0	normal_vs_control
chr13:107254063:107254063:INS	chr13	107254063	107254063	INS	Sniffles2.INS.79FFMC	311	0.4799382716049383	26	47	0.5531914893617021	239	448	0.5334821428571429	46	153	0.3006535947712418	0.0016333582048468891	0.45980028633554537	3.857985348001083e-07	0.23621003720642164	1.0	0.00016066623492863458	0.019709346504559244	0.25253789459046033	0	normal_vs_control
chr2:116782582:116782582:INS	chr2	116782582	116782582	INS	0002C_Sniffles2.INS.241S1	306	0.4722222222222222	26	47	0.5531914893617021	234	448	0.5223214285714286	46	153	0.3006535947712418	0.0016333582048468891	0.40232774173361774	1.2575773046149075e-06	0.23621003720642164	1.0	0.0003806267308634453	0.030870060790273546	0.25253789459046033	0	normal_vs_control
chr10:99838740:99838740:INS	chr10	99838740	99838740	INS	Sniffles2.INS.6194M9	229	0.3533950617283951	22	47	0.46808510638297873	172	448	0.38392857142857145	35	153	0.22875816993464052	0.001752678016053479	0.1665444964600165	0.0002701596225427087	0.24417938658053454	1.0	0.021164923866188897	0.08415653495440728	0.23932693644833822	0	normal_vs_control
chr8:124639936:124639936:INS	chr8	124639936	124639936	INS	0006C_Sniffles2.INS.228S7	249	0.38425925925925924	22	47	0.46808510638297873	192	448	0.42857142857142855	35	153	0.22875816993464052	0.001752678016053479	0.35571730629072784	5.217035569124839e-06	0.24417938658053454	1.0	0.00109871165818512	0.039513677811550185	0.23932693644833822	0	normal_vs_control
chr11:90518897:90518897:INS	chr11	90518897	90518897	INS	0008C_Sniffles2.INS.1A3SA	86	0.13271604938271606	9	47	0.19148936170212766	71	448	0.15848214285714285	6	153	0.0392156862745098	0.0017625468854975553	0.34131805471432297	2.9497065961280243e-05	0.24417938658053454	1.0	0.00409469546231426	0.03300721884498481	0.15227367542761786	0	normal_vs_control
chr5:179217876:179217915:DEL	chr5	179217876	179217915	DEL	Sniffles2.DEL.8E05M4	80	0.12345679012345678	9	47	0.19148936170212766	65	448	0.14508928571428573	6	153	0.0392156862745098	0.0017625468854975553	0.2553040260852388	0.00012985823366213326	0.24417938658053454	1.0	0.012295021959108098	0.04640007598784193	0.15227367542761786	0	normal_vs_control
chr6:150264137:150264137:INS	chr6	150264137	150264137	INS	Sniffles2.INS.6A7DM5	87	0.13425925925925927	9	47	0.19148936170212766	72	448	0.16071428571428573	6	153	0.0392156862745098	0.0017625468854975553	0.3562714067527601	2.290058015157901e-05	0.24417938658053454	1.0	0.0033809587830092662	0.030775075987841932	0.15227367542761786	0	normal_vs_control
chr1:166677327:166677368:DEL	chr1	166677327	166677368	DEL	Sniffles2.DEL.9A4DM0	64	0.09876543209876543	7	47	0.14893617021276595	54	448	0.12053571428571429	3	153	0.0196078431372549	0.0018119038037950404	0.3548182968924522	3.9190419054696714e-05	0.24417938658053454	1.0	0.0049558879694099126	0.028400455927051663	0.12932832707551106	0	normal_vs_control
chr5:10759338:10759379:DEL	chr5	10759338	10759379	DEL	Sniffles2.DEL.BEDM4	54	0.08333333333333333	7	47	0.14893617021276595	44	448	0.09821428571428571	3	153	0.0196078431372549	0.0018119038037950404	0.19652964199443768	0.0005465306348369573	0.24417938658053454	1.0	0.035609397897527	0.05072188449848024	0.12932832707551106	0	normal_vs_control
chr19:37310456:37310456:INS	chr19	37310456	37310456	INS	0010C_Sniffles2.INS.12DS12	265	0.4089506172839506	23	47	0.48936170212765956	204	448	0.45535714285714285	38	153	0.24836601307189543	0.0019033822535648418	0.3843733907640161	3.3578943485349474e-06	0.24698680053897062	1.0	0.000774946050736057	0.03400455927051671	0.24099568905576413	0	normal_vs_control
chr6:106568100:106568100:INS	chr6	106568100	106568100	INS	0006C_Sniffles2.INS.21CS5	264	0.4074074074074074	23	47	0.48936170212765956	203	448	0.453125	38	153	0.24836601307189543	0.0019033822535648418	0.37319570285201054	4.181520224070886e-06	0.24698680053897062	1.0	0.0009079060891918351	0.03623670212765956	0.24099568905576413	0	normal_vs_control
chr10:131444775:131444775:INS	chr10	131444775	131444775	INS	Sniffles2.INS.78E2M9	224	0.345679012345679	20	47	0.425531914893617	174	448	0.38839285714285715	30	153	0.19607843137254902	0.0019051655745620578	0.3643454666448405	6.297922813498134e-06	0.24698680053897062	1.0	0.0012689343331492575	0.037139057750759874	0.229453483521068	0	normal_vs_control
chr7:86635415:86635453:DEL	chr7	86635415	86635453	DEL	0003C_Sniffles2.DEL.5A3S6	205	0.31635802469135804	20	47	0.425531914893617	155	448	0.34598214285714285	30	153	0.19607843137254902	0.0019051655745620578	0.17702801630500892	0.00027550913177717707	0.24698680053897062	1.0	0.021331952042535844	0.07954977203647418	0.229453483521068	0	normal_vs_control
chr10:118758581:118758627:DEL	chr10	118758581	118758627	DEL	0006C_Sniffles2.DEL.6EBS9	201	0.3101851851851852	18	47	0.3829787234042553	158	448	0.35267857142857145	25	153	0.16339869281045752	0.0019189451246511026	0.395844712749057	4.1862508841311175e-06	0.24698680053897062	1.0	0.0009079060891918351	0.030300151975683864	0.2195800305937978	0	normal_vs_control
chr20:46226254:46226290:DEL	chr20	46226254	46226290	DEL	0002C_Sniffles2.DEL.30FS13	195	0.30092592592592593	18	47	0.3829787234042553	152	448	0.3392857142857143	25	153	0.16339869281045752	0.0019189451246511026	0.3266267546885655	1.5483016911675633e-05	0.24698680053897062	1.0	0.002514877831976217	0.043693009118541015	0.2195800305937978	0	normal_vs_control
chr20:62509213:62509213:INS	chr20	62509213	62509213	INS	Sniffles2.INS.4BB0M13	190	0.2932098765432099	18	47	0.3829787234042553	147	448	0.328125	25	153	0.16339869281045752	0.0019189451246511026	0.2725032292742365	4.3767483569317675e-05	0.24698680053897062	1.0	0.0053692309983789524	0.05485372340425532	0.2195800305937978	0	normal_vs_control
chr6:49669519:49669519:INS	chr6	49669519	49669519	INS	Sniffles2.INS.25DBM5	205	0.31635802469135804	18	47	0.3829787234042553	162	448	0.36160714285714285	25	153	0.16339869281045752	0.0019189451246511026	0.44360360199391496	1.687349586203262e-06	0.24698680053897062	1.0	0.00046038876295875016	0.021371580547112468	0.2195800305937978	0	normal_vs_control
chr10:79583306:79583306:INS	chr10	79583306	79583306	INS	0002C_Sniffles2.INS.1F1S9	146	0.22530864197530864	15	47	0.3191489361702128	113	448	0.25223214285714285	18	153	0.11764705882352941	0.0019397569551970143	0.20352058343484486	0.00021903736292277722	0.24698680053897062	1.0	0.01808053868489834	0.06691679331306993	0.20150187734668337	0	normal_vs_control
chr4:184965201:184965240:DEL	chr4	184965201	184965240	DEL	0006C_Sniffles2.DEL.861S3	161	0.24845679012345678	15	47	0.3191489361702128	128	448	0.2857142857142857	18	153	0.11764705882352941	0.0019397569551970143	0.3710547614143812	9.16907932303842e-06	0.24698680053897062	1.0	0.0017056683070071983	0.033434650455927084	0.20150187734668337	0	normal_vs_control
chr5:79538336:79538336:INS	chr5	79538336	79538336	INS	Sniffles2.INS.4C34M4	153	0.2361111111111111	15	47	0.3191489361702128	120	448	0.26785714285714285	18	153	0.11764705882352941	0.0019397569551970143	0.27672174823722606	5.245988479517571e-05	0.24698680053897062	1.0	0.006248705589322994	0.05129179331306993	0.20150187734668337	0	normal_vs_control
chr6:164925592:164925592:INS	chr6	164925592	164925592	INS	0008C_Sniffles2.INS.286S5	143	0.22067901234567902	15	47	0.3191489361702128	110	448	0.24553571428571427	18	153	0.11764705882352941	0.0019397569551970143	0.1755757821682435	0.0003927638139755103	0.24698680053897062	1.0	0.02785454817986628	0.07361322188449851	0.20150187734668337	0	normal_vs_control
chr1:226115417:226115417:INS	chr1	226115417	226115417	INS	0066c_Sniffles2.INS.905S0	98	0.15123456790123457	10	47	0.2127659574468085	80	448	0.17857142857142858	8	153	0.05228758169934641	0.0020877354920122077	0.3415171793044399	3.411478766614231e-05	0.25841022750730863	1.0	0.004488241945967436	0.03419452887537994	0.1604783757474621	0	normal_vs_control
chr10:131540388:131540388:INS	chr10	131540388	131540388	INS	Sniffles2.INS.78FFM9	105	0.16203703703703703	10	47	0.2127659574468085	87	448	0.19419642857142858	8	153	0.05228758169934641	0.0020877354920122077	0.44295671787507573	6.029654991188252e-06	0.25841022750730863	1.0	0.0012323635817414573	0.018569528875379937	0.1604783757474621	0	normal_vs_control
chr5:169079715:169079771:DEL	chr5	169079715	169079771	DEL	Sniffles2.DEL.8667M4	95	0.14660493827160495	10	47	0.2127659574468085	77	448	0.171875	8	153	0.05228758169934641	0.0020877354920122077	0.29967628721276046	6.984474350446124e-05	0.25841022750730863	1.0	0.007640102950513833	0.04089095744680851	0.1604783757474621	0	normal_vs_control
chr21:46152340:46152340:INS	chr21	46152340	46152340	INS	Sniffles2.INS.4884M14	306	0.4722222222222222	25	47	0.5319148936170213	237	448	0.5290178571428571	44	153	0.2875816993464052	0.002103690266866639	0.546959964693472	1.3541626460102994e-07	0.25841022750730863	1.0	7.576198044163482e-05	0.002897036474164172	0.24433319427061606	0	normal_vs_control
chr11:47648334:47648334:INS	chr11	47648334	47648334	INS	0006C_Sniffles2.INS.10CSA	161	0.24845679012345678	14	47	0.2978723404255319	131	448	0.2924107142857143	16	153	0.10457516339869281	0.0021087857086968926	0.5283327022693081	6.723617709157994e-07	0.25841022750730863	1.0	0.00024226751756226296	0.005461626139817599	0.19329717702683907	0	normal_vs_control
chr4:138854515:138854515:INS	chr4	138854515	138854515	INS	Sniffles2.INS.7F1FM3	139	0.21450617283950618	14	47	0.2978723404255319	109	448	0.24330357142857142	16	153	0.10457516339869281	0.0021087857086968926	0.2546697953345986	0.00010242505605523924	0.25841022750730863	1.0	0.01038576654212679	0.054568768996960476	0.19329717702683907	0	normal_vs_control
chr7:71798091:71798133:DEL	chr7	71798091	71798133	DEL	Sniffles2.DEL.4902M6	160	0.24691358024691357	14	47	0.2978723404255319	130	448	0.29017857142857145	16	153	0.10457516339869281	0.0021087857086968926	0.5155383082641847	8.60638395497188e-07	0.25841022750730863	1.0	0.00029066487469389175	0.007693768996960448	0.19329717702683907	0	normal_vs_control
chr7:139984713:139984763:DEL	chr7	139984713	139984763	DEL	Sniffles2.DEL.7843M6	136	0.20987654320987653	14	47	0.2978723404255319	106	448	0.23660714285714285	16	153	0.10457516339869281	0.0021087857086968926	0.22239253383687613	0.00018985861722055575	0.25841022750730863	1.0	0.0161534394633059	0.06126519756838905	0.19329717702683907	0	normal_vs_control
chr16:88109620:88109666:DEL	chr16	88109620	88109666	DEL	Sniffles2.DEL.7502MF	329	0.5077160493827161	28	47	0.5957446808510638	248	448	0.5535714285714286	53	153	0.3464052287581699	0.0021355676217913355	0.3464804678796104	6.6309988357970985e-06	0.26090650596291437	1.0	0.0013259125036719484	0.0421732522796352	0.24933945209289388	0	normal_vs_control
chr9:34936600:34936600:INS	chr9	34936600	34936600	INS	0003C_Sniffles2.INS.73S8	280	0.43209876543209874	26	47	0.5531914893617021	207	448	0.46205357142857145	47	153	0.30718954248366015	0.00214999129915806	0.14982704825218188	0.0005045129406729759	0.26090650596291437	1.0	0.033830463387402886	0.0911379179331307	0.246001946878042	0	normal_vs_control
chr11:61689571:61689571:INS	chr11	61689571	61689571	INS	Sniffles2.INS.3ABBMA	233	0.3595679012345679	21	47	0.44680851063829785	179	448	0.39955357142857145	33	153	0.21568627450980393	0.002152709489872389	0.3164504508750081	1.9437122002658214e-05	0.26090650596291437	1.0	0.002974528161708199	0.0472549392097264	0.23112223612849392	0	normal_vs_control
chr11:130091800:130091851:DEL	chr11	130091800	130091851	DEL	0003C_Sniffles2.DEL.42ESA	226	0.3487654320987654	21	47	0.44680851063829785	172	448	0.38392857142857145	33	153	0.21568627450980393	0.002152709489872389	0.2456696743704196	7.806297540854755e-05	0.26090650596291437	1.0	0.008395635110541033	0.0628799392097264	0.23112223612849392	0	normal_vs_control
chr12:84116230:84116230:INS	chr12	84116230	84116230	INS	Sniffles2.INS.48D3MB	221	0.3410493827160494	21	47	0.44680851063829785	167	448	0.37276785714285715	33	153	0.21568627450980393	0.002152709489872389	0.20050182410371634	0.00019895150178207664	0.26090650596291437	1.0	0.016798057592539117	0.0740406534954407	0.23112223612849392	0	normal_vs_control
chr9:132779125:132779168:DEL	chr9	132779125	132779168	DEL	Sniffles2.DEL.FF20M8	341	0.5262345679012346	27	47	0.574468085106383	264	448	0.5892857142857143	50	153	0.32679738562091504	0.002160226083806754	0.6398876970416061	1.4239771742289538e-08	0.26124585661547706	1.0	1.714592341873767e-05	-0.014817629179331271	0.247670699485468	0	normal_vs_control
chr16:77202918:77202918:INS	chr16	77202918	77202918	INS	Sniffles2.INS.6BA5MF	175	0.2700617283950617	17	47	0.3617021276595745	135	448	0.3013392857142857	23	153	0.1503267973856209	0.002226048214413285	0.24320176835518584	0.00011285209875364877	0.26296964031742875	1.0	0.011082716393204075	0.06036284194528879	0.21137533027395358	0	normal_vs_control
chr7:482302:482302:INS	chr7	482302	482302	INS	Sniffles2.INS.14AM6	187	0.28858024691358025	17	47	0.3617021276595745	147	448	0.328125	23	153	0.1503267973856209	0.002226048214413285	0.37617238578790335	9.340598624653635e-06	0.26296964031742875	1.0	0.0017074490977634178	0.03357712765957449	0.21137533027395358	0	normal_vs_control
chr18:51151345:51151345:INS	chr18	51151345	51151345	INS	0010C_Sniffles2.INS.CDS11	131	0.2021604938271605	13	47	0.2765957446808511	104	448	0.23214285714285715	14	153	0.0915032679738562	0.0022346806367847002	0.30127246317917716	5.377294789211156e-05	0.26296964031742875	1.0	0.006350481957032569	0.044452887537993924	0.18509247670699486	0	normal_vs_control
chr6:49572528:49572528:INS	chr6	49572528	49572528	INS	Sniffles2.INS.25C4M5	127	0.19598765432098766	13	47	0.2765957446808511	100	448	0.22321428571428573	14	153	0.0915032679738562	0.0022346806367847002	0.25395222675698187	0.00012703514353602124	0.26296964031742875	1.0	0.012110537917681831	0.05338145896656535	0.18509247670699486	0	normal_vs_control
chr7:158436491:158436491:INS	chr7	158436491	158436491	INS	Sniffles2.INS.8A2AM6	144	0.2222222222222222	13	47	0.2765957446808511	117	448	0.2611607142857143	14	153	0.0915032679738562	0.0022346806367847002	0.46931620504881155	2.6931382088787533e-06	0.26296964031742875	1.0	0.0006566345175349849	0.015435030395136773	0.18509247670699486	0	normal_vs_control
chr11:126169886:126169886:INS	chr11	126169886	126169886	INS	Sniffles2.INS.67B2MA	98	0.15123456790123457	11	47	0.23404255319148937	77	448	0.171875	10	153	0.06535947712418301	0.002254973196801002	0.1922001618572643	0.0004992178778222762	0.26296964031742875	1.0	0.03355665026313135	0.062167553191489366	0.16868307606730637	0	normal_vs_control
chr8:138813760:138813804:DEL	chr8	138813760	138813804	DEL	Sniffles2.DEL.6EFFM7	139	0.21450617283950618	11	47	0.23404255319148937	118	448	0.26339285714285715	10	153	0.06535947712418301	0.002254973196801002	0.7242470097000167	1.942805533867476e-08	0.26296964031742875	1.0	2.030341753016071e-05	-0.029350303951367784	0.16868307606730637	0	normal_vs_control
chr10:68268681:68268681:INS	chr10	68268681	68268681	INS	0006C_Sniffles2.INS.215S9	207	0.3194444444444444	19	47	0.40425531914893614	160	448	0.35714285714285715	28	153	0.1830065359477124	0.002280058371909307	0.3125393343483258	2.7417850632916842e-05	0.26296964031742875	1.0	0.003913968842412366	0.04711246200607899	0.22124878320122374	0	normal_vs_control
chr19:18035135:18035135:INS	chr19	18035135	18035135	INS	0002C_Sniffles2.INS.D0S12	224	0.345679012345679	19	47	0.40425531914893614	177	448	0.3950892857142857	28	153	0.1830065359477124	0.002280058371909307	0.5102003770385906	6.422815214952535e-07	0.26296964031742875	1.0	0.0002371645927505273	0.009166033434650445	0.22124878320122374	0	normal_vs_control
chr4:8316516:8316554:DEL	chr4	8316516	8316554	DEL	0003C_Sniffles2.DEL.3A5S3	221	0.3410493827160494	19	47	0.40425531914893614	174	448	0.38839285714285715	28	153	0.1830065359477124	0.002280058371909307	0.47438027709576813	1.2954741456637914e-06	0.26296964031742875	1.0	0.000384226898983606	0.015862462006078992	0.22124878320122374	0	normal_vs_control
chr1:190694908:190694908:INS	chr1	190694908	190694908	INS	0006C_Sniffles2.INS.3E3S0	113	0.1743827160493827	12	47	0.2553191489361702	89	448	0.19866071428571427	12	153	0.0784313725490196	0.002293174266507512	0.2293473716532907	0.00023112299975204054	0.26296964031742875	1.0	0.018742958580184512	0.05665843465045592	0.17688777638715059	0	normal_vs_control
chr15:48331090:48331090:INS	chr15	48331090	48331090	INS	Sniffles2.INS.4A4CME	131	0.2021604938271605	12	47	0.2553191489361702	107	448	0.23883928571428573	12	153	0.0784313725490196	0.002293174266507512	0.4612365397794506	3.820690656130527e-06	0.26296964031742875	1.0	0.00085676280996663	0.016479863221884467	0.17688777638715059	0	normal_vs_control
chr17:10730324:10730324:INS	chr17	10730324	10730324	INS	Sniffles2.INS.D10M10	107	0.16512345679012347	12	47	0.2553191489361702	83	448	0.18526785714285715	12	153	0.0784313725490196	0.002293174266507512	0.16627117359754895	0.0007922182337000863	0.26296964031742875	1.0	0.04606071537942335	0.07005129179331304	0.17688777638715059	0	normal_vs_control
chr8:142217336:142217373:DEL	chr8	142217336	142217373	DEL	0022C_Sniffles2.DEL.4BCS7	123	0.18981481481481483	12	47	0.2553191489361702	99	448	0.22098214285714285	12	153	0.0784313725490196	0.002293174266507512	0.35318393400715736	2.5429982673138506e-05	0.26296964031742875	1.0	0.003687214346334543	0.034337006079027343	0.17688777638715059	0	normal_vs_control
chr2:236202794:236202801:DEL	chr2	236202794	236202801	DEL	0003C_Sniffles2.DEL.7B3S1	264	0.4074074074074074	23	47	0.48936170212765956	202	448	0.45089285714285715	39	153	0.2549019607843137	0.002541876288500378	0.3621177400226947	1.0455293309766765e-05	0.2782052113594767	1.0	0.0018680573736818114	0.03846884498480241	0.23445974134334585	0	normal_vs_control
chr10:3406896:3406896:INS	chr10	3406896	3406896	INS	Sniffles2.INS.4F6M9	176	0.2716049382716049	16	47	0.3404255319148936	139	448	0.31026785714285715	21	153	0.13725490196078433	0.0025452440540993646	0.3919962650449065	1.0417995885991947e-05	0.2782052113594767	1.0	0.0018674173337647959	0.030157674772036458	0.20317062995410928	0	normal_vs_control
chr18:79732066:79732111:DEL	chr18	79732066	79732111	DEL	0006C_Sniffles2.DEL.3D5S11	181	0.279320987654321	16	47	0.3404255319148936	144	448	0.32142857142857145	21	153	0.13725490196078433	0.0025452440540993646	0.4536362604158651	3.389698760626376e-06	0.2782052113594767	1.0	0.0007758208055932798	0.018996960486322156	0.20317062995410928	0	normal_vs_control
chr9:132486038:132486079:DEL	chr9	132486038	132486079	DEL	0017C_Sniffles2.DEL.B1CS8	171	0.2638888888888889	16	47	0.3404255319148936	134	448	0.29910714285714285	21	153	0.13725490196078433	0.0025452440540993646	0.3322321978473667	3.059986110194973e-05	0.2782052113594767	1.0	0.004184852115345165	0.04131838905775076	0.20317062995410928	0	normal_vs_control
chr13:24989763:24989763:INS	chr13	24989763	24989763	INS	0002C_Sniffles2.INS.7ASC	248	0.38271604938271603	20	47	0.425531914893617	197	448	0.43973214285714285	31	153	0.20261437908496732	0.0026138013646568167	0.6315985600638436	6.414824787517418e-08	0.2782052113594767	1.0	4.614341757545646e-05	-0.014200227963525824	0.2229175358086497	0	normal_vs_control
chr17:8489719:8489719:INS	chr17	8489719	8489719	INS	Sniffles2.INS.B7CM10	202	0.3117283950617284	18	47	0.3829787234042553	158	448	0.35267857142857145	26	153	0.16993464052287582	0.002696152416960687	0.395844712749057	9.300061903592365e-06	0.2782052113594767	1.0	0.0017056683070071983	0.030300151975683864	0.2130440828813795	0	normal_vs_control
chr19:8499592:8499634:DEL	chr19	8499592	8499634	DEL	Sniffles2.DEL.C9EM12	202	0.3117283950617284	18	47	0.3829787234042553	158	448	0.35267857142857145	26	153	0.16993464052287582	0.002696152416960687	0.395844712749057	9.300061903592365e-06	0.2782052113594767	1.0	0.0017056683070071983	0.030300151975683864	0.2130440828813795	0	normal_vs_control
chr1:106476609:106476609:INS	chr1	106476609	106476609	INS	Sniffles2.INS.5230M0	78	0.12037037037037036	8	47	0.1702127659574468	65	448	0.14508928571428573	5	153	0.032679738562091505	0.002703806063133977	0.3880084723441114	3.754127807888163e-05	0.2782052113594767	1.0	0.004802162379291214	0.025123480243161078	0.1375330273953553	0	normal_vs_control
chr4:82626115:82626115:INS	chr4	82626115	82626115	INS	Sniffles2.INS.5A1FM3	73	0.11265432098765432	8	47	0.1702127659574468	60	448	0.13392857142857142	5	153	0.032679738562091505	0.002703806063133977	0.3090497558175344	0.00013255221642224105	0.2782052113594767	1.0	0.012486058100671917	0.03628419452887538	0.1375330273953553	0	normal_vs_control
chr8:61565662:61565662:INS	chr8	61565662	61565662	INS	0027C_Sniffles2.INS.11FS7	76	0.11728395061728394	8	47	0.1702127659574468	63	448	0.140625	5	153	0.032679738562091505	0.002703806063133977	0.35604948962050065	6.25075640324357e-05	0.2782052113594767	1.0	0.007063090155225567	0.029587765957446804	0.1375330273953553	0	normal_vs_control
chr10:121449041:121449077:DEL	chr10	121449041	121449077	DEL	Sniffles2.DEL.6FDCM9	32	0.04938271604938271	4	47	0.0851063829787234	28	448	0.0625	0	153	0.0	0.002757442032497513	0.3611009690838755	0.00021406270619830518	0.2782052113594767	1.0	0.01772272820764085	0.022606382978723402	0.0851063829787234	0	normal_vs_control
chr14:88883958:88883958:INS	chr14	88883958	88883958	INS	Sniffles2.INS.5CAFMD	30	0.046296296296296294	4	47	0.0851063829787234	26	448	0.05803571428571429	0	153	0.0	0.002757442032497513	0.3150486692544943	0.00039767308811535743	0.2782052113594767	1.0	0.02798769632088109	0.027070668693009114	0.0851063829787234	0	normal_vs_control
chr7:157442262:157442300:DEL	chr7	157442262	157442300	DEL	121_Sniffles2.DEL.67CS6	33	0.05092592592592592	4	47	0.0851063829787234	29	448	0.06473214285714286	0	153	0.0	0.002757442032497513	0.3842016287610262	0.0001569046014018991	0.2782052113594767	1.0	0.013972077270817342	0.02037424012158054	0.0851063829787234	0	normal_vs_control
chr12:75358187:75358235:DEL	chr12	75358187	75358235	DEL	Sniffles2.DEL.42C3MB	288	0.4444444444444444	25	47	0.5319148936170213	218	448	0.48660714285714285	45	153	0.29411764705882354	0.002762563483926341	0.3307558697664124	2.0472584293539333e-05	0.2782052113594767	1.0	0.003081346464267817	0.04530775075987842	0.23779724655819773	0	normal_vs_control
chr12:93191253:93191253:INS	chr12	93191253	93191253	INS	Sniffles2.INS.4EF3MB	307	0.4737654320987654	25	47	0.5319148936170213	237	448	0.5290178571428571	45	153	0.29411764705882354	0.002762563483926341	0.546959964693472	2.9396093666778826e-07	0.2782052113594767	1.0	0.000133284416037909	0.002897036474164172	0.23779724655819773	0	normal_vs_control
chr16:26474669:26474669:INS	chr16	26474669	26474669	INS	0002C_Sniffles2.INS.B2SF	324	0.5	26	47	0.5531914893617021	250	448	0.5580357142857143	48	153	0.3137254901960784	0.0028057831108017355	0.5879468220921329	1.1645574975711219e-07	0.2820448547025164	1.0	6.753811587537519e-05	-0.004844224924012153	0.23946599916562372	0	normal_vs_control
chr18:7511294:7511294:INS	chr18	7511294	7511294	INS	Sniffles2.INS.595M11	168	0.25925925925925924	15	47	0.3191489361702128	134	448	0.29910714285714285	19	153	0.12418300653594772	0.0028647128997701782	0.44609409869411587	5.716301013321312e-06	0.2838474384480691	1.0	0.0011858220244413513	0.020041793313069933	0.19496592963426507	0	normal_vs_control
chr4:188455518:188455518:INS	chr4	188455518	188455518	INS	Sniffles2.INS.A3A5M3	159	0.24537037037037038	15	47	0.3191489361702128	125	448	0.27901785714285715	19	153	0.12418300653594772	0.0028647128997701782	0.33464939273038774	4.117562889935222e-05	0.2838474384480691	1.0	0.005136303566655277	0.04013107902735563	0.19496592963426507	0	normal_vs_control
chr5:181270000:181270000:INS	chr5	181270000	181270000	INS	Sniffles2.INS.9080M4	145	0.22376543209876543	15	47	0.3191489361702128	111	448	0.24776785714285715	19	153	0.12418300653594772	0.0028647128997701782	0.1846435883713022	0.000658646488511914	0.2838474384480691	1.0	0.04071552645725211	0.07138107902735563	0.19496592963426507	0	normal_vs_control
chr20:63050904:63050952:DEL	chr20	63050904	63050952	DEL	Sniffles2.DEL.4CADM13	227	0.35030864197530864	21	47	0.44680851063829785	172	448	0.38392857142857145	34	153	0.2222222222222222	0.0029096564304238793	0.2456696743704196	0.0001473328089104589	0.28638389890662863	1.0	0.013488379537078508	0.0628799392097264	0.22458628841607564	0	normal_vs_control
chr20:61659625:61659663:DEL	chr20	61659625	61659663	DEL	Sniffles2.DEL.4A59M13	43	0.06635802469135803	5	47	0.10638297872340426	37	448	0.08258928571428571	1	153	0.006535947712418301	0.002978210546873295	0.3674065207488647	0.000140992429747112	0.28638389890662863	1.0	0.013080885592685157	0.023793693009118544	0.09984703101098595	0	normal_vs_control
chr17:21990304:21990304:INS	chr17	21990304	21990304	INS	Sniffles2.INS.1682M10	352	0.5432098765432098	31	47	0.6595744680851063	257	448	0.5736607142857143	64	153	0.41830065359477125	0.0030755548440973522	0.1634918901239926	0.0006147767405930276	0.29436415553521555	1.0	0.038826971616837645	0.08591375379939203	0.24127381449033508	0	normal_vs_control
chr14:38558469:38558505:DEL	chr14	38558469	38558505	DEL	0008C_Sniffles2.DEL.308SD	194	0.2993827160493827	19	47	0.40425531914893614	146	448	0.32589285714285715	29	153	0.1895424836601307	0.003138437752950324	0.1777888836222152	0.0007334525194608582	0.29436415553521555	1.0	0.044260041434622505	0.07836246200607899	0.21471283548880543	0	normal_vs_control
chr21:17054565:17054846:DEL	chr21	17054565	17054846	DEL	0006C_Sniffles2.DEL.23CS14	245	0.37808641975308643	19	47	0.40425531914893614	197	448	0.43973214285714285	29	153	0.1895424836601307	0.003138437752950324	0.7314566355561442	1.0235638434084466e-08	0.29436415553521555	1.0	1.3701982804236671e-05	-0.035476823708206706	0.21471283548880543	0	normal_vs_control
chr8:141997718:141997764:DEL	chr8	141997718	141997764	DEL	Sniffles2.INS.721DM7	218	0.33641975308641975	19	47	0.40425531914893614	170	448	0.3794642857142857	29	153	0.1895424836601307	0.003138437752950324	0.4267700640684703	7.008697929316225e-06	0.29436415553521555	1.0	0.0013765878046417272	0.024791033434650445	0.21471283548880543	0	normal_vs_control
chr1:246897934:246897934:INS	chr1	246897934	246897934	INS	0011C_Sniffles2.INS.450S0	197	0.30401234567901236	17	47	0.3617021276595745	156	448	0.3482142857142857	24	153	0.1568627450980392	0.003149534544436537	0.4852914912138772	2.8683511466960374e-06	0.29436415553521555	1.0	0.0006877585857714292	0.013487841945288792	0.20483938256153528	0	normal_vs_control
chr4:85255855:85255855:INS	chr4	85255855	85255855	INS	0006C_Sniffles2.INS.221S3	180	0.2777777777777778	17	47	0.3617021276595745	139	448	0.31026785714285715	24	153	0.1568627450980392	0.003149534544436537	0.2850352851459181	0.00010502181198197247	0.29436415553521555	1.0	0.010537949496480962	0.05143427051671734	0.20483938256153528	0	normal_vs_control
chr14:87656026:87656026:INS	chr14	87656026	87656026	INS	Sniffles2.INS.5C07MD	255	0.39351851851851855	22	47	0.46808510638297873	196	448	0.4375	37	153	0.24183006535947713	0.003159934873582212	0.40061525971696427	9.248134195166122e-06	0.29436415553521555	1.0	0.0017056683070071983	0.030585106382978733	0.2262550410235016	0	normal_vs_control
chr22:16232306:16232354:DEL	chr22	16232306	16232354	DEL	Sniffles2.DEL.51B3M15	249	0.38425925925925924	22	47	0.46808510638297873	190	448	0.42410714285714285	37	153	0.24183006535947713	0.003159934873582212	0.33390235509250343	3.1685565323431147e-05	0.29436415553521555	1.0	0.004278580720500275	0.043977963525835884	0.2262550410235016	0	normal_vs_control
chr5:59181554:59181554:INS	chr5	59181554	59181554	INS	Sniffles2.INS.3F9DM4	135	0.20833333333333334	14	47	0.2978723404255319	104	448	0.23214285714285715	17	153	0.1111111111111111	0.003167491815898542	0.20203410000775668	0.0005984147888494064	0.29436415553521555	1.0	0.03812007027566728	0.06572948328267475	0.1867612293144208	0	normal_vs_control
chr12:105071635:105071652:DEL	chr12	105071635	105071652	DEL	Sniffles2.DEL.5692MB	124	0.19135802469135801	13	47	0.2765957446808511	96	448	0.21428571428571427	15	153	0.09803921568627451	0.0034300587470914327	0.2101022358191719	0.0006356970788653898	0.31093959719132613	1.0	0.03977132286604926	0.0623100303951368	0.17855652899457658	0	normal_vs_control
chr22:47204986:47204986:INS	chr22	47204986	47204986	INS	Sniffles2.INS.6F1DM15	128	0.19753086419753085	13	47	0.2765957446808511	100	448	0.22321428571428573	15	153	0.09803921568627451	0.0034300587470914327	0.25395222675698187	0.00028890202987574126	0.31093959719132613	1.0	0.02222459115382994	0.05338145896656535	0.17855652899457658	0	normal_vs_control
chr6:167104162:167104162:INS	chr6	167104162	167104162	INS	0006C_Sniffles2.INS.331S5	131	0.2021604938271605	13	47	0.2765957446808511	103	448	0.22991071428571427	15	153	0.09803921568627451	0.0034300587470914327	0.28915615139661993	0.00015666560654502656	0.31093959719132613	1.0	0.013972077270817342	0.0466850303951368	0.17855652899457658	0	normal_vs_control
chr10:133460497:133460497:INS	chr10	133460497	133460497	INS	Sniffles2.DEL.7DB7M9	346	0.5339506172839507	24	47	0.5106382978723404	279	448	0.6227678571428571	43	153	0.28104575163398693	0.003505046989460438	0.9501419200344768	1.571256167390214e-13	0.3118513564766218	1.0	4.351436829970458e-09	-0.11212955927051671	0.22959254623835346	0	normal_vs_control
chr3:2881720:2881720:INS	chr3	2881720	2881720	INS	Sniffles2.INS.25BM2	305	0.470679012345679	24	47	0.5106382978723404	238	448	0.53125	43	153	0.28104575163398693	0.003505046989460438	0.6643653773027093	4.703925543595738e-08	0.3118513564766218	1.0	3.831485706010011e-05	-0.020611702127659615	0.22959254623835346	0	normal_vs_control
chr1:5199132:5199132:INS	chr1	5199132	5199132	INS	0003C_Sniffles2.INS.72S0	235	0.3626543209876543	20	47	0.425531914893617	183	448	0.40848214285714285	32	153	0.20915032679738563	0.0035385354011437295	0.469026676597205	4.011070653539167e-06	0.3118513564766218	1.0	0.0008797989266861577	0.017049772036474176	0.2163815880962314	0	normal_vs_control
chr10:7367274:7367313:DEL	chr10	7367274	7367313	DEL	0002C_Sniffles2.DEL.36CS9	239	0.36882716049382713	20	47	0.425531914893617	187	448	0.4174107142857143	32	153	0.20915032679738563	0.0035385354011437295	0.5163680760330783	1.6390029049798397e-06	0.3118513564766218	1.0	0.00044941135099516515	0.008121200607902723	0.2163815880962314	0	normal_vs_control
chr18:51576107:51576107:INS	chr18	51576107	51576107	INS	Sniffles2.INS.3A8EM11	322	0.49691358024691357	25	47	0.5319148936170213	251	448	0.5602678571428571	46	153	0.3006535947712418	0.0035955202600085087	0.7018060986288474	1.7996824896591206e-08	0.3118513564766218	1.0	1.9936162747447873e-05	-0.028352963525835828	0.23126129884577945	0	normal_vs_control
chr2:237632172:237632172:INS	chr2	237632172	237632172	INS	Sniffles2.INS.C072M1	95	0.14660493827160495	10	47	0.2127659574468085	76	448	0.16964285714285715	9	153	0.058823529411764705	0.0036103725426546553	0.28609068162827545	0.00024477617735405136	0.3118513564766218	1.0	0.019591998426714156	0.04312310030395136	0.15394242803504382	0	normal_vs_control
chr14:77957841:77957841:INS	chr14	77957841	77957841	INS	0002C_Sniffles2.INS.17CSD	132	0.2037037037037037	12	47	0.2553191489361702	107	448	0.23883928571428573	13	153	0.08496732026143791	0.0036207253410861237	0.4612365397794506	1.0646951830287037e-05	0.3118513564766218	1.0	0.0018805507586213243	0.016479863221884467	0.17035182867473228	0	normal_vs_control
chr6:108400849:108400849:INS	chr6	108400849	108400849	INS	Sniffles2.INS.4FD8M5	114	0.17592592592592593	12	47	0.2553191489361702	89	448	0.19866071428571427	13	153	0.08496732026143791	0.0036207253410861237	0.2293473716532907	0.0005336889250951395	0.3118513564766218	1.0	0.03510684344794488	0.05665843465045592	0.17035182867473228	0	normal_vs_control
chr7:112066713:112066751:DEL	chr7	112066713	112066751	DEL	Sniffles2.DEL.6628M6	128	0.19753086419753085	12	47	0.2553191489361702	103	448	0.22991071428571427	13	153	0.08496732026143791	0.0036207253410861237	0.40678584233782017	2.6758875878592572e-05	0.3118513564766218	1.0	0.0038599814960722477	0.02540843465045592	0.17035182867473228	0	normal_vs_control
chr13:40900873:40900873:INS	chr13	40900873	40900873	INS	Sniffles2.INS.4BF8MC	173	0.26697530864197533	16	47	0.3404255319148936	135	448	0.3013392857142857	22	153	0.1437908496732026	0.0036328357125330717	0.3439667576769833	5.3986459756986904e-05	0.3118513564766218	1.0	0.0063621319851489165	0.03908624620060791	0.196634682241691	0	normal_vs_control
chr11:107621615:107621615:INS	chr11	107621615	107621615	INS	Sniffles2.INS.5B5CMA	101	0.1558641975308642	11	47	0.23404255319148937	79	448	0.17633928571428573	11	153	0.0718954248366013	0.0036980941826203063	0.21454073662621578	0.0007808801297581135	0.3118513564766218	1.0	0.0459144252941002	0.05770326747720364	0.16214712835488806	0	normal_vs_control
chr19:501545:501545:INS	chr19	501545	501545	INS	Sniffles2.INS.104M12	103	0.15895061728395063	11	47	0.23404255319148937	81	448	0.18080357142857142	11	153	0.0718954248366013	0.0036980941826203063	0.23801220063545975	0.0005184202126390248	0.3118513564766218	1.0	0.034512330213522	0.05323898176291794	0.16214712835488806	0	normal_vs_control
chr2:230581579:230581579:INS	chr2	230581579	230581579	INS	Sniffles2.INS.BA45M1	102	0.1574074074074074	11	47	0.23404255319148937	80	448	0.17857142857142858	11	153	0.0718954248366013	0.0036980941826203063	0.22614105361163386	0.0006369098610201793	0.3118513564766218	1.0	0.03977132286604926	0.05547112462006079	0.16214712835488806	0	normal_vs_control
chr5:2657092:2657092:INS	chr5	2657092	2657092	INS	Sniffles2.INS.596M4	105	0.16203703703703703	11	47	0.23404255319148937	83	448	0.18526785714285715	11	153	0.0718954248366013	0.0036980941826203063	0.2625146331252009	0.00034139692306316247	0.3118513564766218	1.0	0.025313644945947046	0.048774696048632216	0.16214712835488806	0	normal_vs_control
chr20:12460795:12460838:DEL	chr20	12460795	12460838	DEL	Sniffles2.DEL.9E7M13	215	0.3317901234567901	18	47	0.3829787234042553	170	448	0.3794642857142857	27	153	0.17647058823529413	0.0037272621865300005	0.5399503050923781	1.4257179277235848e-06	0.3118513564766218	1.0	0.000404025534876642	0.0035144376899696184	0.2065081351689612	0	normal_vs_control
chr6:22201203:22201242:DEL	chr6	22201203	22201242	DEL	0002C_Sniffles2.DEL.3A9S5	234	0.3611111111111111	18	47	0.3829787234042553	189	448	0.421875	27	153	0.17647058823529413	0.0037272621865300005	0.7470635337810946	1.2705871793215266e-08	0.3118513564766218	1.0	1.5638951708502382e-05	-0.03889627659574468	0.2065081351689612	0	normal_vs_control
chr7:152581930:152581930:INS	chr7	152581930	152581930	INS	Sniffles2.INS.81DFM6	188	0.29012345679012347	18	47	0.3829787234042553	143	448	0.31919642857142855	27	153	0.17647058823529413	0.0037272621865300005	0.23229019404956303	0.0003681798633126524	0.3118513564766218	1.0	0.026449735757666914	0.06378229483282677	0.2065081351689612	0	normal_vs_control
chr1:248740730:248740730:INS	chr1	248740730	248740730	INS	Sniffles2.INS.D349M0	237	0.36574074074074076	21	47	0.44680851063829785	181	448	0.40401785714285715	35	153	0.22875816993464052	0.0038858569675489034	0.33803392520765796	5.0333146715178635e-05	0.32220036784221356	1.0	0.006034312403160854	0.0427906534954407	0.21805034070365734	0	normal_vs_control
chr14:99348372:99348372:INS	chr14	99348372	99348372	INS	Sniffles2.INS.63F7MD	232	0.35802469135802467	21	47	0.44680851063829785	176	448	0.39285714285714285	35	153	0.22875816993464052	0.0038858569675489034	0.28513968612359203	0.00013051977970185327	0.32220036784221356	1.0	0.012336569211819536	0.053951367781155	0.21805034070365734	0	normal_vs_control
chr3:190893635:190893673:DEL	chr3	190893635	190893673	DEL	0011C_Sniffles2.DEL.56ES2	63	0.09722222222222222	7	47	0.14893617021276595	52	448	0.11607142857142858	4	153	0.026143790849673203	0.004077031004740736	0.3211632505769395	0.0002737843683041669	0.3320861666037939	1.0	0.02132822586727313	0.032864741641337375	0.12279237936309274	0	normal_vs_control
chr13:93789599:93789619:DEL	chr13	93789599	93789619	DEL	0006C_Sniffles2.DEL.4C5SC	154	0.23765432098765432	15	47	0.3191489361702128	119	448	0.265625	20	153	0.13071895424836602	0.004134019912865158	0.2656450431833471	0.00029455311544230786	0.33378293722124686	1.0	0.02244113886948906	0.05352393617021278	0.18842998192184676	0	normal_vs_control
chr8:144561708:144561708:INS	chr8	144561708	144561708	INS	Sniffles2.INS.76A7M7	160	0.24691358024691357	15	47	0.3191489361702128	125	448	0.27901785714285715	20	153	0.13071895424836602	0.004134019912865158	0.33464939273038774	9.03623033590927e-05	0.33378293722124686	1.0	0.009443372185761183	0.04013107902735563	0.18842998192184676	0	normal_vs_control
chr10:92915453:92915453:INS	chr10	92915453	92915453	INS	0003C_Sniffles2.INS.20BS9	243	0.375	22	47	0.46808510638297873	183	448	0.40848214285714285	38	153	0.24836601307189543	0.004173071541030773	0.2619450030070649	0.00022191765041394744	0.33546892092106306	1.0	0.018289303230500133	0.059602963525835884	0.2197190933110833	0	normal_vs_control
chr2:223146750:223146750:INS	chr2	223146750	223146750	INS	0006C_Sniffles2.INS.401S1	258	0.39814814814814814	22	47	0.46808510638297873	198	448	0.4419642857142857	38	153	0.24836601307189543	0.004173071541030773	0.4235582819379456	1.2153208666909154e-05	0.33546892092106306	1.0	0.002090502862244609	0.026120820668693034	0.2197190933110833	0	normal_vs_control
chr22:15440477:15441523:DEL	chr22	15440477	15441523	DEL	Sniffles2.DEL.5003M15	260	0.4012345679012346	22	47	0.46808510638297873	200	448	0.44642857142857145	38	153	0.24836601307189543	0.004173071541030773	0.4467324386800413	7.978815395794456e-06	0.33546892092106306	1.0	0.00153448134424397	0.02165653495440728	0.2197190933110833	0	normal_vs_control
chr10:4362016:4362016:INS	chr10	4362016	4362016	INS	0002C_Sniffles2.INS.50S9	231	0.35648148148148145	19	47	0.40425531914893614	182	448	0.40625	30	153	0.19607843137254902	0.0042588487345196525	0.5692925340838931	1.0461748976533622e-06	0.33989785836826303	1.0	0.00033111734417842526	-0.001994680851063857	0.20817688777638713	0	normal_vs_control
chr16:8387115:8387115:INS	chr16	8387115	8387115	INS	0003C_Sniffles2.INS.4CSF	205	0.31635802469135804	19	47	0.40425531914893614	156	448	0.3482142857142857	30	153	0.19607843137254902	0.0042588487345196525	0.27034890289720753	0.00022972071175306934	0.33989785836826303	1.0	0.01871142762143971	0.056041033434650445	0.20817688777638713	0	normal_vs_control
chr4:74620354:74620354:INS	chr4	74620354	74620354	INS	0006C_Sniffles2.INS.201S3	234	0.3611111111111111	19	47	0.40425531914893614	185	448	0.41294642857142855	30	153	0.19607843137254902	0.0042588487345196525	0.6039492249046762	5.172697294102222e-07	0.33989785836826303	1.0	0.0002003533970110027	-0.008691109422492405	0.20817688777638713	0	normal_vs_control
chr7:158863777:158863777:INS	chr7	158863777	158863777	INS	Sniffles2.INS.8B6BM6	287	0.44290123456790126	23	47	0.48936170212765956	223	448	0.49776785714285715	41	153	0.2679738562091503	0.004395591159135742	0.6034842017500498	4.0281797839914636e-07	0.3488008640719348	1.0	0.00016460465272840843	-0.008406155015197592	0.22138784591850924	0	normal_vs_control
chr5:148284120:148284159:DEL	chr5	148284120	148284159	DEL	Sniffles2.INS.78EEM4	265	0.4089506172839506	24	47	0.5106382978723404	197	448	0.43973214285714285	44	153	0.2875816993464052	0.00455111157409219	0.21846729705393522	0.0005549712908524906	0.3606251328552478	1.0	0.03603604907120486	0.07090615501519754	0.22305659852593518	0	normal_vs_control
chr15:98358204:98358204:INS	chr15	98358204	98358204	INS	Sniffles2.INS.6C6FME	171	0.2638888888888889	14	47	0.2978723404255319	139	448	0.31026785714285715	18	153	0.11764705882352941	0.004634784698200366	0.6273821164941679	6.914677728141564e-07	0.36207539473049627	1.0	0.00024394278344350633	-0.01239551671732525	0.1802252816020025	0	normal_vs_control
chr2:95122953:95122999:DEL	chr2	95122953	95122999	DEL	Sniffles2.DEL.6290M1	157	0.24228395061728394	14	47	0.2978723404255319	125	448	0.27901785714285715	18	153	0.11764705882352941	0.004634784698200366	0.4510281383111788	1.7877214483824244e-05	0.36207539473049627	1.0	0.0028130203290626624	0.01885448328267475	0.1802252816020025	0	normal_vs_control
chr3:125958099:125958099:INS	chr3	125958099	125958099	INS	Sniffles2.INS.7406M2	138	0.21296296296296297	14	47	0.2978723404255319	106	448	0.23660714285714285	18	153	0.11764705882352941	0.004634784698200366	0.22239253383687613	0.0008325324950481902	0.36207539473049627	1.0	0.04798367308608654	0.06126519756838905	0.1802252816020025	0	normal_vs_control
chr12:93202870:93202870:INS	chr12	93202870	93202870	INS	Sniffles2.INS.4EF4MB	231	0.35648148148148145	20	47	0.425531914893617	178	448	0.39732142857142855	33	153	0.21568627450980393	0.004729859430131372	0.41025707230957226	2.384453852748538e-05	0.3669152018433003	1.0	0.0034846999998954095	0.028210486322188477	0.2098456403838131	0	normal_vs_control
chr12:108115080:108115084:DEL	chr12	108115080	108115084	DEL	Sniffles2.DEL.5861MB	213	0.3287037037037037	20	47	0.425531914893617	160	448	0.35714285714285715	33	153	0.21568627450980393	0.004729859430131372	0.21996000723347597	0.0006799504435272487	0.3669152018433003	1.0	0.04152270690858572	0.06838905775075987	0.2098456403838131	0	normal_vs_control
chr13:66756544:66756544:INS	chr13	66756544	66756544	INS	0006C_Sniffles2.INS.15ESC	226	0.3487654320987654	20	47	0.425531914893617	173	448	0.3861607142857143	33	153	0.21568627450980393	0.004729859430131372	0.35310103346007427	6.437010134421627e-05	0.3669152018433003	1.0	0.00720268923889586	0.03937120060790272	0.2098456403838131	0	normal_vs_control
chr4:54348077:54348077:INS	chr4	54348077	54348077	INS	0006C_Sniffles2.INS.1ADS3	215	0.3317901234567901	20	47	0.425531914893617	162	448	0.36160714285714285	33	153	0.21568627450980393	0.004729859430131372	0.23855602462949507	0.000483249234764746	0.3669152018433003	1.0	0.032681573400671245	0.06392477203647418	0.2098456403838131	0	normal_vs_control
chr8:135559215:135559215:INS	chr8	135559215	135559215	INS	Sniffles2.INS.6CACM7	235	0.3626543209876543	20	47	0.425531914893617	182	448	0.40625	33	153	0.21568627450980393	0.004729859430131372	0.45720290223061605	1.0407901341330168e-05	0.3669152018433003	1.0	0.0018674173337647959	0.019281914893617025	0.2098456403838131	0	normal_vs_control
chr7:156265350:156265350:INS	chr7	156265350	156265350	INS	0013C_Sniffles2.INS.28ES6	196	0.30246913580246915	18	47	0.3829787234042553	150	448	0.33482142857142855	28	153	0.1830065359477124	0.005074357208064105	0.3045172183900307	0.0001937124172283205	0.377617963949549	1.0	0.01640572380037036	0.04815729483282677	0.1999721874565429	0	normal_vs_control
chr11:4334659:4334659:INS	chr11	4334659	4334659	INS	0006C_Sniffles2.DEL.2FCSA	226	0.3487654320987654	16	47	0.3404255319148936	187	448	0.4174107142857143	23	153	0.1503267973856209	0.005085876849323998	0.8810809396279384	3.5135000036800483e-10	0.377617963949549	1.0	1.297371588025537e-06	-0.07698518237082069	0.1900987345292727	0	normal_vs_control
chr4:3721518:3721518:INS	chr4	3721518	3721518	INS	Sniffles2.INS.53CM3	193	0.2978395061728395	16	47	0.3404255319148936	154	448	0.34375	23	153	0.1503267973856209	0.005085876849323998	0.5767278042390599	1.93280448195684e-06	0.377617963949549	1.0	0.0005097817840315498	-0.0033244680851063912	0.1900987345292727	0	normal_vs_control
chr16:87975523:87975570:DEL	chr16	87975523	87975570	DEL	Sniffles2.DEL.74D2MF	139	0.21450617283950618	13	47	0.2765957446808511	110	448	0.24553571428571427	16	153	0.10457516339869281	0.005108453012434894	0.377083646876886	8.306647244332152e-05	0.377617963949549	1.0	0.00879710473363421	0.0310600303951368	0.17202058128215825	0	normal_vs_control
chr22:26661924:26661946:DEL	chr22	26661924	26661946	DEL	0003C_Sniffles2.DEL.426S15	132	0.2037037037037037	13	47	0.2765957446808511	103	448	0.22991071428571427	16	153	0.10457516339869281	0.005108453012434894	0.28915615139661993	0.0003459146037102094	0.377617963949549	1.0	0.02547808254029399	0.0466850303951368	0.17202058128215825	0	normal_vs_control
chr2:14054944:14055013:DEL	chr2	14054944	14055013	DEL	Sniffles2.DEL.E56M1	235	0.3626543209876543	21	47	0.44680851063829785	178	448	0.39732142857142855	36	153	0.23529411764705882	0.005130211355921237	0.3058641792787823	0.00016660789847488242	0.377617963949549	1.0	0.014601389684694285	0.0494870820668693	0.21151439299123903	0	normal_vs_control
chr20:61654934:61654934:INS	chr20	61654934	61654934	INS	0006C_Sniffles2.INS.14ES13	253	0.3904320987654321	21	47	0.44680851063829785	196	448	0.4375	36	153	0.23529411764705882	0.005130211355921237	0.5107344830337206	4.530922165829688e-06	0.377617963949549	1.0	0.0009615276510382175	0.009308510638297851	0.21151439299123903	0	normal_vs_control
chr3:3800161:3800209:DEL	chr3	3800161	3800209	DEL	Sniffles2.DEL.305M2	271	0.4182098765432099	21	47	0.44680851063829785	214	448	0.47767857142857145	36	153	0.23529411764705882	0.005130211355921237	0.7104337144578736	6.510432606318845e-08	0.377617963949549	1.0	4.623074887163951e-05	-0.0308700607902736	0.21151439299123903	0	normal_vs_control
chr7:140177026:140177026:INS	chr7	140177026	140177026	INS	0006C_Sniffles2.INS.315S6	260	0.4012345679012346	21	47	0.44680851063829785	203	448	0.453125	36	153	0.23529411764705882	0.005130211355921237	0.5919939902408664	9.396244688572295e-07	0.377617963949549	1.0	0.0003085224408903711	-0.006316489361702149	0.21151439299123903	0	normal_vs_control
chr12:1504659:1504659:INS	chr12	1504659	1504659	INS	Sniffles2.INS.1DBMB	71	0.1095679012345679	8	47	0.1702127659574468	57	448	0.12723214285714285	6	153	0.0392156862745098	0.005160987916332212	0.2638304811063845	0.0008437563507408688	0.377617963949549	1.0	0.04847922899879174	0.042980623100303955	0.130997079682937	0	normal_vs_control
chr12:32142011:32142058:DEL	chr12	32142011	32142058	DEL	Sniffles2.INS.1847MB	75	0.11574074074074074	8	47	0.1702127659574468	61	448	0.13616071428571427	6	153	0.0392156862745098	0.005160987916332212	0.32455463552705704	0.00033626141995648357	0.377617963949549	1.0	0.024966283550334735	0.03405205167173253	0.130997079682937	0	normal_vs_control
chr2:170327497:170327497:INS	chr2	170327497	170327497	INS	0002C_Sniffles2.INS.2F1S1	72	0.1111111111111111	8	47	0.1702127659574468	58	448	0.12946428571428573	6	153	0.0392156862745098	0.005160987916332212	0.2786610171802329	0.0006724558778677678	0.377617963949549	1.0	0.041315667257098565	0.04074848024316108	0.130997079682937	0	normal_vs_control
chr2:240309480:240309480:INS	chr2	240309480	240309480	INS	Sniffles2.INS.C36AM1	76	0.11728395061728394	8	47	0.1702127659574468	62	448	0.13839285714285715	6	153	0.0392156862745098	0.005160987916332212	0.3402303436477366	0.0002658410800498571	0.377617963949549	1.0	0.020856098784421368	0.031819908814589654	0.130997079682937	0	normal_vs_control
chr15:89424577:89424577:INS	chr15	89424577	89424577	INS	Sniffles2.INS.660EME	122	0.1882716049382716	12	47	0.2553191489361702	96	448	0.21428571428571427	14	153	0.0915032679738562	0.005517226876198425	0.31414523872459554	0.00029115011667214607	0.38399000236653114	1.0	0.0223045956600786	0.04103343465045592	0.16381588096231398	0	normal_vs_control
chr16:55500514:55500514:INS	chr16	55500514	55500514	INS	0072c_Sniffles2.INS.125SF	120	0.18518518518518517	12	47	0.2553191489361702	94	448	0.20982142857142858	14	153	0.0915032679738562	0.005517226876198425	0.28890162894585664	0.0004356626161569146	0.38399000236653114	1.0	0.03006392330425515	0.04549772036474162	0.16381588096231398	0	normal_vs_control
chr6:151340637:151340637:INS	chr6	151340637	151340637	INS	Sniffles2.INS.6B49M5	125	0.19290123456790123	12	47	0.2553191489361702	99	448	0.22098214285714285	14	153	0.0915032679738562	0.005517226876198425	0.35318393400715736	0.0001567550853424771	0.38399000236653114	1.0	0.013972077270817342	0.034337006079027343	0.16381588096231398	0	normal_vs_control
chrX:7625890:7625890:INS	chrX	7625890	7625890	INS	Sniffles2.INS.101BM16	122	0.1882716049382716	12	47	0.2553191489361702	96	448	0.21428571428571427	14	153	0.0915032679738562	0.005517226876198425	0.31414523872459554	0.00029115011667214607	0.38399000236653114	1.0	0.0223045956600786	0.04103343465045592	0.16381588096231398	0	normal_vs_control
chr6:13814642:13814642:INS	chr6	13814642	13814642	INS	Sniffles2.INS.AAAM5	301	0.4645061728395062	23	47	0.48936170212765956	236	448	0.5267857142857143	42	153	0.27450980392156865	0.005695876523610386	0.7398079583036314	3.4697890179352115e-08	0.38399000236653114	1.0	3.150568428285172e-05	-0.03742401215805474	0.2148518982060909	0	normal_vs_control
chr1:15957367:15957406:DEL	chr1	15957367	15957406	DEL	Sniffles2.DEL.14C4M0	216	0.3333333333333333	19	47	0.40425531914893614	166	448	0.3705357142857143	31	153	0.20261437908496732	0.005701428735783983	0.3799380054558266	6.660560711748098e-05	0.38399000236653114	1.0	0.007363575582880312	0.03371960486322184	0.20164094006396882	0	normal_vs_control
chr20:47919339:47919339:INS	chr20	47919339	47919339	INS	0003C_Sniffles2.INS.12ES13	213	0.3287037037037037	19	47	0.40425531914893614	163	448	0.3638392857142857	31	153	0.20261437908496732	0.005701428735783983	0.3457118339846382	0.00011838237386819625	0.38399000236653114	1.0	0.011503443725985359	0.040416033434650445	0.20164094006396882	0	normal_vs_control
chr3:196827961:196827961:INS	chr3	196827961	196827961	INS	Sniffles2.INS.A5D8M2	226	0.3487654320987654	19	47	0.40425531914893614	176	448	0.39285714285714285	31	153	0.20261437908496732	0.005701428735783983	0.49827039307728616	8.654471593458756e-06	0.38399000236653114	1.0	0.001636020043066531	0.011398176291793294	0.20164094006396882	0	normal_vs_control
chr7:2101559:2101559:INS	chr7	2101559	2101559	INS	0003C_Sniffles2.INS.5BS6	204	0.3148148148148148	19	47	0.40425531914893614	154	448	0.34375	31	153	0.20261437908496732	0.005701428735783983	0.2502649941801304	0.0005994544163014769	0.38399000236653114	1.0	0.03812007027566728	0.06050531914893614	0.20164094006396882	0	normal_vs_control
chr10:112377018:112377018:INS	chr10	112377018	112377018	INS	0002C_Sniffles2.INS.24DS9	100	0.15432098765432098	9	47	0.19148936170212766	83	448	0.18526785714285715	8	153	0.05228758169934641	0.005734050534340175	0.5234236816437956	1.6399817721338227e-05	0.38399000236653114	1.0	0.002617732288038852	0.006221504559270508	0.13920178000278124	0	normal_vs_control
chr2:35783912:35783954:DEL	chr2	35783912	35783954	DEL	Sniffles2.DEL.1CB3M1	87	0.13425925925925927	9	47	0.19148936170212766	70	448	0.15625	8	153	0.05228758169934641	0.005734050534340175	0.32650352689905454	0.0003483683479788732	0.38399000236653114	1.0	0.025590750739859187	0.03523936170212766	0.13920178000278124	0	normal_vs_control
chr20:4517195:4517238:DEL	chr20	4517195	4517238	DEL	Sniffles2.DEL.47AM13	84	0.12962962962962962	9	47	0.19148936170212766	67	448	0.14955357142857142	8	153	0.05228758169934641	0.005734050534340175	0.2831205940379829	0.0006735763619043837	0.38399000236653114	1.0	0.041315667257098565	0.041935790273556234	0.13920178000278124	0	normal_vs_control
chr7:63553043:63553043:INS	chr7	63553043	63553043	INS	Sniffles2.INS.4146M6	86	0.13271604938271606	9	47	0.19148936170212766	69	448	0.15401785714285715	8	153	0.05228758169934641	0.005734050534340175	0.3118507275704171	0.0004348792504337079	0.38399000236653114	1.0	0.03006392330425515	0.03747150455927051	0.13920178000278124	0	normal_vs_control
chr1:163552183:163552183:INS	chr1	163552183	163552183	INS	Sniffles2.INS.9849M0	109	0.16820987654320987	11	47	0.23404255319148937	86	448	0.19196428571428573	12	153	0.0784313725490196	0.005808726186224945	0.30095403951511757	0.000431770768908392	0.38399000236653114	1.0	0.029968570611902272	0.04207826747720364	0.15561118064246976	0	normal_vs_control
chr14:83952958:83952958:INS	chr14	83952958	83952958	INS	Sniffles2.INS.5962MD	118	0.18209876543209877	11	47	0.23404255319148937	95	448	0.21205357142857142	12	153	0.0784313725490196	0.005808726186224945	0.42433642141619404	6.286747032798087e-05	0.38399000236653114	1.0	0.007063090155225567	0.021988981762917942	0.15561118064246976	0	normal_vs_control
chr19:53796924:53796924:INS	chr19	53796924	53796924	INS	Sniffles2.INS.48D3M12	123	0.18981481481481483	11	47	0.23404255319148937	100	448	0.22321428571428573	12	153	0.0784313725490196	0.005808726186224945	0.4946829222629046	2.0189048297254213e-05	0.38399000236653114	1.0	0.003046950972992688	0.01082826747720364	0.15561118064246976	0	normal_vs_control
chr5:170599625:170599665:DEL	chr5	170599625	170599665	DEL	0026C_Sniffles2.DEL.59DS4	118	0.18209876543209877	11	47	0.23404255319148937	95	448	0.21205357142857142	12	153	0.0784313725490196	0.005808726186224945	0.42433642141619404	6.286747032798087e-05	0.38399000236653114	1.0	0.007063090155225567	0.021988981762917942	0.15561118064246976	0	normal_vs_control
chrX:78765626:78765671:DEL	chrX	78765626	78765671	DEL	Sniffles2.DEL.65DCM16	120	0.18518518518518517	11	47	0.23404255319148937	97	448	0.21651785714285715	12	153	0.0784313725490196	0.005808726186224945	0.45251170650603495	4.012968373972133e-05	0.38399000236653114	1.0	0.005040399119646881	0.017524696048632216	0.15561118064246976	0	normal_vs_control
chr11:75103141:75103141:INS	chr11	75103141	75103141	INS	Sniffles2.INS.457FMA	157	0.24228395061728394	15	47	0.3191489361702128	121	448	0.2700892857142857	21	153	0.13725490196078433	0.0058392505466190224	0.28798153932505294	0.00040546247237569275	0.38399000236653114	1.0	0.028480575040510218	0.049059650455927084	0.18189403420942846	0	normal_vs_control
chr2:21427553:21427553:INS	chr2	21427553	21427553	INS	0006C_Sniffles2.INS.E7S1	297	0.4583333333333333	24	47	0.5106382978723404	228	448	0.5089285714285714	45	153	0.29411764705882354	0.0058564029379458175	0.552349288493636	2.415605034072957e-06	0.38399000236653114	1.0	0.0006165692701715804	0.0017097264437689885	0.21652065081351685	0	normal_vs_control
chr19:14067398:14067398:INS	chr19	14067398	14067398	INS	0006C_Sniffles2.INS.BFS12	105	0.16203703703703703	10	47	0.2127659574468085	85	448	0.18973214285714285	10	153	0.06535947712418301	0.005911994073349536	0.4136942440627714	8.674096878796223e-05	0.38399000236653114	1.0	0.00916871904432758	0.023033814589665663	0.1474064803226255	0	normal_vs_control
chr11:60441336:60441336:INS	chr11	60441336	60441336	INS	0006C_Sniffles2.INS.15CSA	205	0.31635802469135804	17	47	0.3617021276595745	162	448	0.36160714285714285	26	153	0.16993464052287582	0.005986329954404592	0.5581358836598923	3.861958223079886e-06	0.38399000236653114	1.0	0.0008625247663707609	9.498480243164131e-05	0.19176748713669867	0	normal_vs_control
chr4:46783342:46783342:INS	chr4	46783342	46783342	INS	Sniffles2.INS.24E1M3	188	0.29012345679012347	17	47	0.3617021276595745	145	448	0.3236607142857143	26	153	0.16993464052287582	0.005986329954404592	0.3526392071353039	0.0001317586238764277	0.38399000236653114	1.0	0.012432447460421768	0.03804141337386019	0.19176748713669867	0	normal_vs_control
chr11:70658283:70658283:INS	chr11	70658283	70658283	INS	Sniffles2.INS.4225MA	52	0.08024691358024691	6	47	0.1276595744680851	43	448	0.09598214285714286	3	153	0.0196078431372549	0.006010676176279744	0.3156636560165637	0.0007044358424087635	0.38399000236653114	1.0	0.04283272516903557	0.03167743161094223	0.1080517313308302	0	normal_vs_control
chr1:218490869:218490869:INS	chr1	218490869	218490869	INS	Sniffles2.INS.BB39M0	147	0.22685185185185186	14	47	0.2978723404255319	114	448	0.2544642857142857	19	153	0.12418300653594772	0.006620594614097572	0.3124916015790875	0.0003752988626339105	0.41860901196990447	1.0	0.026856658144143456	0.0434080547112462	0.17368933388958419	0	normal_vs_control
chr17:891826:891826:INS	chr17	891826	891826	INS	Sniffles2.INS.32CM10	144	0.2222222222222222	14	47	0.2978723404255319	111	448	0.24776785714285715	19	153	0.12418300653594772	0.006620594614097572	0.27724512444496147	0.000658646488511914	0.41860901196990447	1.0	0.04071552645725211	0.05010448328267475	0.17368933388958419	0	normal_vs_control
chr22:23986626:23986626:INS	chr22	23986626	23986626	INS	Sniffles2.INS.5B64M15	146	0.22530864197530864	14	47	0.2978723404255319	113	448	0.25223214285714285	19	153	0.12418300653594772	0.006620594614097572	0.30057289646956087	0.00045357786818180253	0.41860901196990447	1.0	0.03101576662080701	0.04564019756838905	0.17368933388958419	0	normal_vs_control
chr5:65965407:65965407:INS	chr5	65965407	65965407	INS	Sniffles2.INS.43D1M4	145	0.22376543209876543	14	47	0.2978723404255319	112	448	0.25	19	153	0.12418300653594772	0.006620594614097572	0.2888203164541689	0.0005471148553981996	0.41860901196990447	1.0	0.035609397897527	0.0478723404255319	0.17368933388958419	0	normal_vs_control
chr9:94452679:94452679:INS	chr9	94452679	94452679	INS	Sniffles2.INS.E3DEM8	167	0.25771604938271603	14	47	0.2978723404255319	134	448	0.29910714285714285	19	153	0.12418300653594772	0.006620594614097572	0.5662778012352239	5.716301013321312e-06	0.41860901196990447	1.0	0.0011858220244413513	-0.0012348024316109485	0.17368933388958419	0	normal_vs_control
chr17:65936811:65936811:INS	chr17	65936811	65936811	INS	0003C_Sniffles2.INS.14DS10	235	0.3626543209876543	21	47	0.44680851063829785	177	448	0.3950892857142857	37	153	0.24183006535947713	0.006698648213992503	0.29542488997570315	0.0003587163016374504	0.4230612625731092	1.0	0.025904274465573796	0.05171922492401215	0.20497844527882073	0	normal_vs_control
chr1:247852935:247852935:INS	chr1	247852935	247852935	INS	Sniffles2.INS.D209M0	241	0.37191358024691357	18	47	0.3829787234042553	194	448	0.4330357142857143	29	153	0.1895424836601307	0.0068087495891257085	0.7916596628572943	2.2632425903926744e-08	0.42757712272391696	1.0	2.279208738121263e-05	-0.050056990881458985	0.1934362397441246	0	normal_vs_control
chr18:63567944:63567944:INS	chr18	63567944	63567944	INS	Sniffles2.INS.42D9M11	210	0.32407407407407407	18	47	0.3829787234042553	163	448	0.3638392857142857	29	153	0.1895424836601307	0.0068087495891257085	0.4556490654469539	3.045319182162444e-05	0.42757712272391696	1.0	0.00417510244706964	0.01913943768996962	0.1934362397441246	0	normal_vs_control
chr6:10202506:10202548:DEL	chr6	10202506	10202548	DEL	0017C_Sniffles2.DEL.353S5	182	0.2808641975308642	16	47	0.3404255319148936	142	448	0.3169642857142857	24	153	0.1568627450980392	0.006992429272597807	0.42884793093378515	5.784110483758976e-05	0.43516480061870483	1.0	0.006716358731120381	0.02346124620060791	0.1835627868168544	0	normal_vs_control
chr18:25661037:25661037:INS	chr18	25661037	25661037	INS	Sniffles2.INS.28F3M11	149	0.22993827160493827	13	47	0.2765957446808511	119	448	0.265625	17	153	0.1111111111111111	0.007402316244705133	0.49577245363307443	2.8147678107658207e-05	0.45104454583248393	1.0	0.003963900863990674	0.010970744680851074	0.16548463356973997	0	normal_vs_control
chr2:21370830:21370830:INS	chr2	21370830	21370830	INS	0006C_Sniffles2.INS.E6S1	137	0.21141975308641975	13	47	0.2765957446808511	107	448	0.23883928571428573	17	153	0.1111111111111111	0.007402316244705133	0.33859140154900547	0.0003360762156054974	0.45104454583248393	1.0	0.024966283550334735	0.03775645896656535	0.16548463356973997	0	normal_vs_control
chr2:100150079:100150079:INS	chr2	100150079	100150079	INS	Sniffles2.INS.65F4M1	152	0.2345679012345679	13	47	0.2765957446808511	122	448	0.27232142857142855	17	153	0.1111111111111111	0.007402316244705133	0.5351234411425814	1.4525078982977525e-05	0.45104454583248393	1.0	0.0024194645975985055	0.004274316109422527	0.16548463356973997	0	normal_vs_control
chr12:7190212:7190256:DEL	chr12	7190212	7190256	DEL	Sniffles2.DEL.691MB	318	0.49074074074074076	26	47	0.5531914893617021	240	448	0.5357142857142857	52	153	0.33986928104575165	0.007501630220751396	0.47144897111055334	1.901510740104045e-05	0.45559242836291486	1.0	0.0029419239349967275	0.01747720364741645	0.2133222083159505	0	normal_vs_control
chr11:3649005:3649005:INS	chr11	3649005	3649005	INS	0002C_Sniffles2.INS.62SA	255	0.39351851851851855	19	47	0.40425531914893614	204	448	0.45535714285714285	32	153	0.20915032679738563	0.007534707487390738	0.7945093292308805	2.5900821422428285e-08	0.4556030330912644	1.0	2.516832801658698e-05	-0.051101823708206706	0.19510499235155052	0	normal_vs_control
chr5:10994341:10994341:INS	chr5	10994341	10994341	INS	Sniffles2.INS.C10M4	247	0.38117283950617287	19	47	0.40425531914893614	196	448	0.4375	32	153	0.20915032679738563	0.007534707487390738	0.7216929558640849	1.955507072448235e-07	0.4556030330912644	1.0	9.757804119708363e-05	-0.03324468085106386	0.19510499235155052	0	normal_vs_control
chr5:132306392:132306431:DEL	chr5	132306392	132306431	DEL	Sniffles2.DEL.6E50M4	69	0.10648148148148148	7	47	0.14893617021276595	57	448	0.12723214285714285	5	153	0.032679738562091505	0.008005648446380943	0.40608954636860745	0.00027652815711960596	0.46502047090572196	1.0	0.021331952042535844	0.0217040273556231	0.11625643165067445	0	normal_vs_control
chrX:117388772:117388772:INS	chrX	117388772	117388772	INS	Sniffles2.INS.908EM16	76	0.11728395061728394	7	47	0.14893617021276595	64	448	0.14285714285714285	5	153	0.032679738562091505	0.008005648446380943	0.5249621283570262	4.848331009109292e-05	0.46502047090572196	1.0	0.005889021007292663	0.006079027355623101	0.11625643165067445	0	normal_vs_control
chr2:239184697:239184697:INS	chr2	239184697	239184697	INS	0008C_Sniffles2.INS.3EAS1	189	0.2916666666666667	17	47	0.3617021276595745	145	448	0.3236607142857143	27	153	0.17647058823529413	0.008057923218721124	0.3526392071353039	0.0002557634021974025	0.46502047090572196	1.0	0.020208592469200756	0.03804141337386019	0.18523153942428036	0	normal_vs_control
chr3:34660226:34660226:INS	chr3	34660226	34660226	INS	Sniffles2.INS.174BM2	233	0.3595679012345679	17	47	0.3617021276595745	189	448	0.421875	27	153	0.17647058823529413	0.008057923218721124	0.8291624200517875	1.2705871793215266e-08	0.46502047090572196	1.0	1.5638951708502382e-05	-0.06017287234042551	0.18523153942428036	0	normal_vs_control
chr5:78347018:78347018:INS	chr5	78347018	78347018	INS	0006C_Sniffles2.INS.1FES4	189	0.2916666666666667	17	47	0.3617021276595745	145	448	0.3236607142857143	27	153	0.17647058823529413	0.008057923218721124	0.3526392071353039	0.0002557634021974025	0.46502047090572196	1.0	0.020208592469200756	0.03804141337386019	0.18523153942428036	0	normal_vs_control
chr3:116911940:116911940:INS	chr3	116911940	116911940	INS	Sniffles2.DEL.6EBCM2	189	0.2916666666666667	15	47	0.3191489361702128	152	448	0.3392857142857143	22	153	0.1437908496732026	0.008085164064246062	0.665538027175666	1.2792578748864882e-06	0.46502047090572196	1.0	0.000384226898983606	-0.02013677811550152	0.17535808649701018	0	normal_vs_control
chr6:66906761:66906761:INS	chr6	66906761	66906761	INS	Sniffles2.INS.344DM5	175	0.2700617283950617	15	47	0.3191489361702128	138	448	0.3080357142857143	22	153	0.1437908496732026	0.008085164064246062	0.4966984832548285	2.8981227850497604e-05	0.46502047090572196	1.0	0.004033196603475782	0.011113221884498481	0.17535808649701018	0	normal_vs_control
chr1:182118776:182118776:INS	chr1	182118776	182118776	INS	Sniffles2.INS.A37AM0	134	0.20679012345679013	12	47	0.2553191489361702	107	448	0.23883928571428573	15	153	0.09803921568627451	0.008143263867729405	0.4612365397794506	6.745913725719806e-05	0.46502047090572196	1.0	0.007413545028574774	0.016479863221884467	0.1572799332498957	0	normal_vs_control
chr12:78117160:78117160:INS	chr12	78117160	78117160	INS	Sniffles2.INS.448AMB	138	0.21296296296296297	12	47	0.2553191489361702	111	448	0.24776785714285715	15	153	0.09803921568627451	0.008143263867729405	0.5155357610794115	2.8197027161340466e-05	0.46502047090572196	1.0	0.003963900863990674	0.007551291793313042	0.1572799332498957	0	normal_vs_control
chr7:66100781:66100781:INS	chr7	66100781	66100781	INS	0013C_Sniffles2.INS.160S6	124	0.19135802469135801	12	47	0.2553191489361702	97	448	0.21651785714285715	15	153	0.09803921568627451	0.008143263867729405	0.3270165380531014	0.0005234995795695539	0.46502047090572196	1.0	0.034698141560166325	0.03880129179331304	0.1572799332498957	0	normal_vs_control
chr7:103522825:103522825:INS	chr7	103522825	103522825	INS	0006C_Sniffles2.INS.29CS6	136	0.20987654320987653	12	47	0.2553191489361702	109	448	0.24330357142857142	15	153	0.09803921568627451	0.008143263867729405	0.4884660108361182	4.377391724526904e-05	0.46502047090572196	1.0	0.0053692309983789524	0.012015577507598768	0.1572799332498957	0	normal_vs_control
chr12:21736946:21736946:INS	chr12	21736946	21736946	INS	0006C_Sniffles2.INS.70SB	241	0.37191358024691357	20	47	0.425531914893617	186	448	0.41517857142857145	35	153	0.22875816993464052	0.008152214870539756	0.5045459801437873	1.8493723673029522e-05	0.46502047090572196	1.0	0.002877332491016177	0.010353343465045572	0.1967737449589765	0	normal_vs_control
chr22:32000110:32000146:DEL	chr22	32000110	32000146	DEL	Sniffles2.DEL.6187M15	232	0.35802469135802467	20	47	0.425531914893617	177	448	0.3950892857142857	35	153	0.22875816993464052	0.008152214870539756	0.3986578619728178	0.00010829071567743093	0.46502047090572196	1.0	0.010768413213539578	0.030442629179331326	0.1967737449589765	0	normal_vs_control
chr9:116803500:116803531:DEL	chr9	116803500	116803531	DEL	0002C_Sniffles2.DEL.A47S8	242	0.3734567901234568	20	47	0.425531914893617	187	448	0.4174107142857143	35	153	0.22875816993464052	0.008152214870539756	0.5163680760330783	1.5049900927902467e-05	0.46502047090572196	1.0	0.002480904501769827	0.008121200607902723	0.1967737449589765	0	normal_vs_control
chr2:99251897:99252155:DEL	chr2	99251897	99252155	DEL	254_Sniffles2.DEL.701S1	49	0.07561728395061729	5	47	0.10638297872340426	42	448	0.09375	2	153	0.013071895424836602	0.008556598471976817	0.4687955666508321	0.00020815139778983024	0.4687763364647398	1.0	0.01746831760724715	0.012632978723404256	0.09331108329856766	0	normal_vs_control
chr1:109148145:109148189:DEL	chr1	109148145	109148189	DEL	Sniffles2.INS.53E6M0	253	0.3904320987654321	21	47	0.44680851063829785	194	448	0.4330357142857143	38	153	0.24836601307189543	0.008654252954745556	0.48721433905303757	2.7534734183476602e-05	0.4694826274803593	1.0	0.003920549760808231	0.01377279635258355	0.19844249756640242	0	normal_vs_control
chr14:21764875:21764875:INS	chr14	21764875	21764875	INS	Sniffles2.INS.2FFFMD	266	0.4104938271604938	21	47	0.44680851063829785	207	448	0.46205357142857145	38	153	0.24836601307189543	0.008654252954745556	0.6367973223445416	1.7180921314994535e-06	0.4694826274803593	1.0	0.00046537828409721555	-0.015245060790273601	0.19844249756640242	0	normal_vs_control
chr5:35734441:35734441:INS	chr5	35734441	35734441	INS	0003C_Sniffles2.INS.104S4	254	0.39197530864197533	21	47	0.44680851063829785	195	448	0.43526785714285715	38	153	0.24836601307189543	0.008654252954745556	0.49897828330942784	2.250971176214189e-05	0.4694826274803593	1.0	0.0033425413272962874	0.0115406534954407	0.19844249756640242	0	normal_vs_control
chr7:33671762:33671806:DEL	chr7	33671762	33671806	DEL	Sniffles2.INS.1BA4M6	309	0.47685185185185186	21	47	0.44680851063829785	250	448	0.5580357142857143	38	153	0.24836601307189543	0.008654252954745556	0.946179321664149	1.466929362724455e-11	0.4694826274803593	1.0	1.3541713923763684e-07	-0.11122720364741645	0.19844249756640242	0	normal_vs_control
chr1:246765152:246765195:DEL	chr1	246765152	246765195	DEL	Sniffles2.DEL.D09BM0	112	0.1728395061728395	11	47	0.23404255319148937	88	448	0.19642857142857142	13	153	0.08496732026143791	0.008783423964447389	0.3275235659362574	0.0006513534516174556	0.46959101017645943	1.0	0.04039996078184505	0.03761398176291794	0.14907523293005145	0	normal_vs_control
chr11:123524319:123524319:INS	chr11	123524319	123524319	INS	Sniffles2.INS.65EEMA	124	0.19135802469135801	11	47	0.23404255319148937	100	448	0.22321428571428573	13	153	0.08496732026143791	0.008783423964447389	0.4946829222629046	5.24145702234089e-05	0.46959101017645943	1.0	0.006248705589322994	0.01082826747720364	0.14907523293005145	0	normal_vs_control
chr12:81213982:81213982:INS	chr12	81213982	81213982	INS	Sniffles2.INS.46C9MB	126	0.19444444444444445	11	47	0.23404255319148937	102	448	0.22767857142857142	13	153	0.08496732026143791	0.008783423964447389	0.522542748029421	3.354171086305031e-05	0.46959101017645943	1.0	0.004437266185167506	0.006363981762917942	0.14907523293005145	0	normal_vs_control
chr7:15026171:15026171:INS	chr7	15026171	15026171	INS	0006C_Sniffles2.INS.D2S6	155	0.23919753086419754	11	47	0.23404255319148937	131	448	0.2924107142857143	13	153	0.08496732026143791	0.008783423964447389	0.8442352947137677	2.38437442657021e-08	0.46959101017645943	1.0	2.3583166203369783e-05	-0.058368161094224935	0.14907523293005145	0	normal_vs_control
chr8:125468271:125468309:DEL	chr8	125468271	125468309	DEL	Sniffles2.DEL.6605M7	141	0.2175925925925926	11	47	0.23404255319148937	117	448	0.2611607142857143	13	153	0.08496732026143791	0.008783423964447389	0.7131967144854844	9.413644202800738e-07	0.46959101017645943	1.0	0.0003085224408903711	-0.027118161094224935	0.14907523293005145	0	normal_vs_control
chr16:29254391:29254391:INS	chr16	29254391	29254391	INS	0002C_Sniffles2.INS.C4SF	209	0.32253086419753085	18	47	0.3829787234042553	161	448	0.359375	30	153	0.19607843137254902	0.009010936690830938	0.4315897262946866	8.996699922978016e-05	0.4721772459264334	1.0	0.009437674532839136	0.023603723404255317	0.1869002920317063	0	normal_vs_control
chr3:31410596:31410596:INS	chr3	31410596	31410596	INS	0010C_Sniffles2.INS.51S2	271	0.4182098765432099	22	47	0.46808510638297873	208	448	0.4642857142857143	41	153	0.2679738562091503	0.009037609910310223	0.5401997136644545	1.1602043293506143e-05	0.4721772459264334	1.0	0.0020144638681527218	0.0037993920972644313	0.20011125017382841	0	normal_vs_control
chr13:37967392:37967392:INS	chr13	37967392	37967392	INS	0006C_Sniffles2.INS.F3SC	84	0.12962962962962962	8	47	0.1702127659574468	69	448	0.15401785714285715	7	153	0.0457516339869281	0.009044920523000394	0.45245401895862497	0.00015472804674745568	0.4721772459264334	1.0	0.013927600108766027	0.016194908814589654	0.1244611319705187	0	normal_vs_control
chr4:119348753:119348753:INS	chr4	119348753	119348753	INS	Sniffles2.INS.7251M3	83	0.12808641975308643	8	47	0.1702127659574468	68	448	0.15178571428571427	7	153	0.0457516339869281	0.009044920523000394	0.436342673092807	0.00019547025780986078	0.4721772459264334	1.0	0.01652932311385125	0.01842705167173253	0.1244611319705187	0	normal_vs_control
chr7:154065306:154065306:INS	chr7	154065306	154065306	INS	0027C_Sniffles2.INS.2A7S6	95	0.14660493827160495	8	47	0.1702127659574468	80	448	0.17857142857142858	7	153	0.0457516339869281	0.009044920523000394	0.6219798876112831	1.0495187701074698e-05	0.4721772459264334	1.0	0.001869155808318731	-0.008358662613981771	0.1244611319705187	0	normal_vs_control
chr4:49197620:49197669:DEL	chr4	49197620	49197669	DEL	Sniffles2.DEL.13B4MD	132	0.2037037037037037	10	47	0.2127659574468085	111	448	0.24776785714285715	11	153	0.0718954248366013	0.009236558506575475	0.7569137501504647	4.5455273927357855e-07	0.4721871317611543	1.0	0.00017983405087774977	-0.03500189969604864	0.1408705326102072	0	normal_vs_control
chr6:20386959:20386959:INS	chr6	20386959	20386959	INS	Sniffles2.INS.F54M5	121	0.1867283950617284	10	47	0.2127659574468085	100	448	0.22321428571428573	11	153	0.0718954248366013	0.009236558506575475	0.626569488380022	7.216806473256905e-06	0.4721871317611543	1.0	0.001411163823110195	-0.010448328267477214	0.1408705326102072	0	normal_vs_control
chr8:67607169:67607197:DEL	chr8	67607169	67607197	DEL	0006C_Sniffles2.DEL.45FS7	103	0.15895061728395063	10	47	0.2127659574468085	82	448	0.18303571428571427	11	153	0.0718954248366013	0.009236558506575475	0.3701207728544635	0.00042112011960760624	0.4721871317611543	1.0	0.02948799138410379	0.02973024316109424	0.1408705326102072	0	normal_vs_control
chr2:95232813:95232813:INS	chr2	95232813	95232813	INS	Sniffles2.INS.6298M1	156	0.24074074074074073	14	47	0.2978723404255319	122	448	0.27232142857142855	20	153	0.13071895424836602	0.00924971181412675	0.41235944028328664	0.00016454486340336966	0.4721871317611543	1.0	0.014582097430697343	0.025550911854103353	0.16715338617716588	0	normal_vs_control
chr3:1160352:1160352:INS	chr3	1160352	1160352	INS	0006C_Sniffles2.INS.AS2	158	0.24382716049382716	14	47	0.2978723404255319	124	448	0.2767857142857143	20	153	0.13071895424836602	0.00924971181412675	0.4381089751605302	0.00011055312960336889	0.4721871317611543	1.0	0.010915003106009617	0.0210866261398176	0.16715338617716588	0	normal_vs_control
chr8:103118257:103118257:INS	chr8	103118257	103118257	INS	Sniffles2.INS.5710M7	92	0.1419753086419753	9	47	0.19148936170212766	74	448	0.16517857142857142	9	153	0.058823529411764705	0.009380365576668138	0.38650236629189966	0.0003796869794314405	0.472756768480887	1.0	0.027065768876124358	0.026310790273556234	0.13266583229036294	0	normal_vs_control
chr8:133757820:133757869:DEL	chr8	133757820	133757869	DEL	Sniffles2.DEL.6B5EM7	92	0.1419753086419753	9	47	0.19148936170212766	74	448	0.16517857142857142	9	153	0.058823529411764705	0.009380365576668138	0.38650236629189966	0.0003796869794314405	0.472756768480887	1.0	0.027065768876124358	0.026310790273556234	0.13266583229036294	0	normal_vs_control
chr1:151527813:151527813:INS	chr1	151527813	151527813	INS	0002C_Sniffles2.INS.2F8S0	333	0.5138888888888888	25	47	0.5319148936170213	258	448	0.5758928571428571	50	153	0.32679738562091504	0.009483341662881577	0.769400885000201	7.084600914403573e-08	0.47406437547263974	1.0	4.853885767675668e-05	-0.04397796352583583	0.20511750799610623	0	normal_vs_control
chr2:170632848:170632848:INS	chr2	170632848	170632848	INS	Sniffles2.INS.945EM1	184	0.2839506172839506	13	47	0.2765957446808511	153	448	0.34151785714285715	18	153	0.11764705882352941	0.010460800554398785	0.8557656186350243	1.903270794965796e-08	0.4965942473972821	1.0	2.030341753016071e-05	-0.06492211246200608	0.15894868585732166	0	normal_vs_control
chr4:86138986:86138986:INS	chr4	86138986	86138986	INS	0002C_Sniffles2.INS.1BCS3	172	0.2654320987654321	13	47	0.2765957446808511	141	448	0.31473214285714285	18	153	0.11764705882352941	0.010460800554398785	0.756012127920081	4.2248771659086164e-07	0.4965942473972821	1.0	0.00017004617580828222	-0.038136398176291775	0.15894868585732166	0	normal_vs_control
chr6:167671852:167671852:INS	chr6	167671852	167671852	INS	Sniffles2.INS.78DAM5	139	0.21450617283950618	13	47	0.2765957446808511	108	448	0.24107142857142858	18	153	0.11764705882352941	0.010460800554398785	0.3513101566247553	0.000574091252058553	0.4965942473972821	1.0	0.03694951371686179	0.0355243161094225	0.15894868585732166	0	normal_vs_control
chr7:158757395:158757438:DEL	chr7	158757395	158757438	DEL	Sniffles2.DEL.8B58M6	146	0.22530864197530864	13	47	0.2765957446808511	115	448	0.25669642857142855	18	153	0.11764705882352941	0.010460800554398785	0.44281090614238133	0.00014698509645255832	0.4965942473972821	1.0	0.013478825368070033	0.019899316109422527	0.15894868585732166	0	normal_vs_control
chr10:41884985:41884985:INS	chr10	41884985	41884985	INS	0002C_Sniffles2.INS.131S9	243	0.375	20	47	0.425531914893617	187	448	0.4174107142857143	36	153	0.23529411764705882	0.01052241370553467	0.5163680760330783	2.9730823395475756e-05	0.4965942473972821	1.0	0.004096345388628386	0.008121200607902723	0.1902377972465582	0	normal_vs_control
chr12:131845079:131845079:INS	chr12	131845079	131845079	INS	0002C_Sniffles2.INS.22BSB	248	0.38271604938271603	20	47	0.425531914893617	192	448	0.42857142857142855	36	153	0.23529411764705882	0.01052241370553467	0.5748991886337727	1.0661026543783776e-05	0.4965942473972821	1.0	0.0018805507586213243	-0.003039513677811523	0.1902377972465582	0	normal_vs_control
chr17:65958577:65958577:INS	chr17	65958577	65958577	INS	0003C_Sniffles2.INS.14ES10	258	0.39814814814814814	20	47	0.425531914893617	202	448	0.45089285714285715	36	153	0.23529411764705882	0.01052241370553467	0.6853932380802474	1.1834125629479023e-06	0.4965942473972821	1.0	0.00036014755514592533	-0.025360942249240126	0.1902377972465582	0	normal_vs_control
chr6:22293680:22293680:INS	chr6	22293680	22293680	INS	0003C_Sniffles2.INS.69S5	249	0.38425925925925924	20	47	0.425531914893617	193	448	0.43080357142857145	36	153	0.23529411764705882	0.01052241370553467	0.586422127466849	8.633212881473648e-06	0.4965942473972821	1.0	0.001636020043066531	-0.0052716565349544275	0.1902377972465582	0	normal_vs_control
chr12:131574632:131574676:DEL	chr12	131574632	131574676	DEL	0002C_Sniffles2.DEL.489SB	193	0.2978395061728395	17	47	0.3617021276595745	148	448	0.33035714285714285	28	153	0.1830065359477124	0.01068725313112288	0.3880803294415003	0.0002799630149922036	0.4965942473972821	1.0	0.021566886612500936	0.03134498480243164	0.17869559171186208	0	normal_vs_control
chr2:25139409:25139452:DEL	chr2	25139409	25139452	DEL	Sniffles2.DEL.1572M1	229	0.3533950617283951	17	47	0.3617021276595745	184	448	0.4107142857142857	28	153	0.1830065359477124	0.01068725313112288	0.7892271471581097	1.1705891391702207e-07	0.4965942473972821	1.0	6.753811587537519e-05	-0.04901215805471121	0.17869559171186208	0	normal_vs_control
chr2:242021673:242021673:INS	chr2	242021673	242021673	INS	0003C_Sniffles2.INS.3C6S1	194	0.2993827160493827	17	47	0.3617021276595745	149	448	0.3325892857142857	28	153	0.1830065359477124	0.01068725313112288	0.4000681921800206	0.00023310065505265388	0.4965942473972821	1.0	0.01887570041236315	0.029112841945288792	0.17869559171186208	0	normal_vs_control
chr11:128189351:128189351:INS	chr11	128189351	128189351	INS	Sniffles2.INS.68F3MA	211	0.3256172839506173	15	47	0.3191489361702128	173	448	0.3861607142857143	23	153	0.1503267973856209	0.01098885646753714	0.8554278690862784	1.7224296430868946e-08	0.4965942473972821	1.0	1.946978225944835e-05	-0.06701177811550152	0.16882213878459187	0	normal_vs_control
chr12:90596201:90596241:DEL	chr12	90596201	90596241	DEL	0003C_Sniffles2.DEL.3B5SB	171	0.2638888888888889	15	47	0.3191489361702128	133	448	0.296875	23	153	0.1503267973856209	0.01098885646753714	0.43346332740794846	0.00016654249158083384	0.4965942473972821	1.0	0.014601389684694285	0.022273936170212782	0.16882213878459187	0	normal_vs_control
chr5:62746006:62746006:INS	chr5	62746006	62746006	INS	0003C_Sniffles2.INS.199S4	171	0.2638888888888889	15	47	0.3191489361702128	133	448	0.296875	23	153	0.1503267973856209	0.01098885646753714	0.43346332740794846	0.00016654249158083384	0.4965942473972821	1.0	0.014601389684694285	0.022273936170212782	0.16882213878459187	0	normal_vs_control
chr9:90841941:90842087:DEL	chr9	90841941	90842087	DEL	0003C_Sniffles2.DEL.B2DS8	167	0.25771604938271603	15	47	0.3191489361702128	129	448	0.28794642857142855	23	153	0.1503267973856209	0.01098885646753714	0.383395668832564	0.0003545298507102793	0.4965942473972821	1.0	0.025871804178051315	0.031202507598784235	0.16882213878459187	0	normal_vs_control
chr14:21770874:21770874:INS	chr14	21770874	21770874	INS	Sniffles2.INS.3000MD	272	0.41975308641975306	21	47	0.44680851063829785	212	448	0.4732142857142857	39	153	0.2549019607843137	0.011067196792899678	0.6901222808237597	1.1608863015898398e-06	0.4965942473972821	1.0	0.0003592132428628941	-0.026405775075987847	0.19190654985398414	0	normal_vs_control
chr6:129868174:129868219:DEL	chr6	129868174	129868219	DEL	Sniffles2.DEL.5D6FM5	251	0.3873456790123457	21	47	0.44680851063829785	191	448	0.4263392857142857	39	153	0.2549019607843137	0.011067196792899678	0.451975087828345	9.313993867967256e-05	0.4965942473972821	1.0	0.009678864772213327	0.020469224924012153	0.19190654985398414	0	normal_vs_control
chr8:76477419:76477419:INS	chr8	76477419	76477419	INS	Sniffles2.INS.43C8M7	281	0.43364197530864196	21	47	0.44680851063829785	221	448	0.49330357142857145	39	153	0.2549019607843137	0.011067196792899678	0.7761027553528065	1.3491118378871773e-07	0.4965942473972821	1.0	7.576198044163482e-05	-0.0464950607902736	0.19190654985398414	0	normal_vs_control
chr17:34545967:34547600:DEL	chr17	34545967	34547600	DEL	Sniffles2.DEL.2BDBM10	38	0.05864197530864197	4	47	0.0851063829787234	33	448	0.07366071428571429	1	153	0.006535947712418301	0.011367414093153012	0.47535630283060926	0.00044503298303904577	0.4965942473972821	1.0	0.03058248990641026	0.011445668693009114	0.0785704352663051	0	normal_vs_control
chr22:44255962:44256007:DEL	chr22	44255962	44256007	DEL	Sniffles2.DEL.6C01M15	292	0.4506172839506173	22	47	0.46808510638297873	228	448	0.5089285714285714	42	153	0.27450980392156865	0.011469143541877804	0.7535774787685252	2.612121930515324e-07	0.4965942473972821	1.0	0.00012158000797259055	-0.040843465045592664	0.19357530246141008	0	normal_vs_control
chr7:45812438:45812438:INS	chr7	45812438	45812438	INS	Sniffles2.INS.2371M6	273	0.4212962962962963	22	47	0.46808510638297873	209	448	0.46651785714285715	42	153	0.27450980392156865	0.011469143541877804	0.5518094888667734	1.8339367162607455e-05	0.4965942473972821	1.0	0.0028613545588802866	0.001567249240121582	0.19357530246141008	0	normal_vs_control
chr18:46397527:46397527:INS	chr18	46397527	46397527	INS	Sniffles2.INS.3688M11	166	0.25617283950617287	12	47	0.2553191489361702	138	448	0.3080357142857143	16	153	0.10457516339869281	0.011678167708207884	0.8190887299802104	1.1388044656661226e-07	0.4965942473972821	1.0	6.753811587537519e-05	-0.05271656534954411	0.15074398553747737	0	normal_vs_control
chr18:79711993:79711993:INS	chr18	79711993	79711993	INS	0017C_Sniffles2.INS.177S11	149	0.22993827160493827	12	47	0.2553191489361702	121	448	0.2700892857142857	16	153	0.10457516339869281	0.011678167708207884	0.6446600987896562	7.345966705221662e-06	0.4965942473972821	1.0	0.001422651761779082	-0.014770136778115506	0.15074398553747737	0	normal_vs_control
chr3:82584848:82584939:DEL	chr3	82584848	82584939	DEL	Sniffles2.DEL.3658M2	136	0.20987654320987653	12	47	0.2553191489361702	108	448	0.24107142857142858	16	153	0.10457516339869281	0.011678167708207884	0.47486377736061114	0.00012605801492866845	0.4965942473972821	1.0	0.012079760088008804	0.014247720364741617	0.15074398553747737	0	normal_vs_control
chr7:11668493:11668493:INS	chr7	11668493	11668493	INS	0006C_Sniffles2.INS.B4S6	128	0.19753086419753085	12	47	0.2553191489361702	100	448	0.22321428571428573	16	153	0.10457516339869281	0.011678167708207884	0.36644946415613366	0.0006192553588638271	0.4965942473972821	1.0	0.03897649524630643	0.032104863221884467	0.15074398553747737	0	normal_vs_control
chr7:118670300:118670300:INS	chr7	118670300	118670300	INS	0002C_Sniffles2.INS.234S6	137	0.21141975308641975	12	47	0.2553191489361702	109	448	0.24330357142857142	16	153	0.10457516339869281	0.011678167708207884	0.4884660108361182	0.00010242505605523924	0.4965942473972821	1.0	0.01038576654212679	0.012015577507598768	0.15074398553747737	0	normal_vs_control
chr2:113643869:113643869:INS	chr2	113643869	113643869	INS	Sniffles2.INS.6E8CM1	292	0.4506172839506173	23	47	0.48936170212765956	224	448	0.5	45	153	0.29411764705882354	0.011730214075287144	0.6147086994830363	5.824741387198417e-06	0.4965942473972821	1.0	0.0012038088655005445	-0.010638297872340441	0.19524405506883602	0	normal_vs_control
chr3:61172767:61172767:INS	chr3	61172767	61172767	INS	0003C_Sniffles2.INS.CAS2	318	0.49074074074074076	25	47	0.5319148936170213	242	448	0.5401785714285714	51	153	0.3333333333333333	0.011847188563406335	0.6043577745423153	6.567532310078767e-06	0.4965942473972821	1.0	0.0013179799985168217	-0.00826367781155013	0.19858156028368795	0	normal_vs_control
chr6:169724400:169724400:INS	chr6	169724400	169724400	INS	0003C_Sniffles2.INS.2DAS5	338	0.5216049382716049	24	47	0.5106382978723404	266	448	0.59375	48	153	0.3137254901960784	0.011854389224842336	0.8949162191875178	1.4730464902447818e-09	0.4965942473972821	1.0	3.263563960067119e-06	-0.08311170212765961	0.19691280767626196	0	normal_vs_control
chr10:48657486:48657486:INS	chr10	48657486	48657486	INS	Sniffles2.INS.3FF2M9	74	0.11419753086419752	6	47	0.1276595744680851	64	448	0.14285714285714285	4	153	0.026143790849673203	0.012308834735006801	0.6809350493201937	1.2001298149086446e-05	0.4965942473972821	1.0	0.00207080343265296	-0.015197568389057753	0.10151578361841189	0	normal_vs_control
chr16:50435636:50435677:DEL	chr16	50435636	50435677	DEL	Sniffles2.DEL.58F2MF	73	0.11265432098765432	6	47	0.1276595744680851	63	448	0.140625	4	153	0.026143790849673203	0.012308834735006801	0.6661385110591791	1.571499416992095e-05	0.4965942473972821	1.0	0.0025450938511215834	-0.012965425531914904	0.10151578361841189	0	normal_vs_control
chr16:63257932:63257968:DEL	chr16	63257932	63257968	DEL	Sniffles2.DEL.61CEMF	69	0.10648148148148148	6	47	0.1276595744680851	59	448	0.13169642857142858	4	153	0.026143790849673203	0.012308834735006801	0.6031839846721719	4.54787272437355e-05	0.4965942473972821	1.0	0.005560652857783713	-0.004036854103343479	0.10151578361841189	0	normal_vs_control
chr17:80994870:80994914:DEL	chr17	80994870	80994914	DEL	Sniffles2.DEL.5070M10	65	0.10030864197530864	6	47	0.1276595744680851	55	448	0.12276785714285714	4	153	0.026143790849673203	0.012308834735006801	0.5349657273214513	0.0001281891447051002	0.4965942473972821	1.0	0.012157774566654265	0.0048917173252279594	0.10151578361841189	0	normal_vs_control
chr5:40739483:40739483:INS	chr5	40739483	40739483	INS	Sniffles2.INS.21DBM4	208	0.32098765432098764	16	47	0.3404255319148936	166	448	0.3705357142857143	26	153	0.16993464052287582	0.012574089779939318	0.7115058072663561	1.5571374708653319e-06	0.5009279995285256	1.0	0.00043123365118144497	-0.030110182370820693	0.17049089139201778	0	normal_vs_control
chr22:25232637:25232637:INS	chr22	25232637	25232637	INS	Sniffles2.INS.5C7EM15	176	0.2716049382716049	14	47	0.2978723404255319	141	448	0.31473214285714285	21	153	0.13725490196078433	0.012660173081634472	0.6508375016089732	6.684719137333263e-06	0.5009279995285256	1.0	0.0013270724859448559	-0.01685980243161095	0.16061743846474758	0	normal_vs_control
chr17:79203403:79203403:INS	chr17	79203403	79203403	INS	Sniffles2.INS.4E28M10	220	0.3395061728395062	19	47	0.40425531914893614	167	448	0.37276785714285715	34	153	0.2222222222222222	0.012688704833872343	0.39153740053822733	0.0003625889400495135	0.5009279995285256	1.0	0.026149838817008404	0.03148746200607899	0.18203309692671393	0	normal_vs_control
chr18:8516148:8516148:INS	chr18	8516148	8516148	INS	Sniffles2.INS.626M11	218	0.33641975308641975	19	47	0.40425531914893614	165	448	0.36830357142857145	34	153	0.2222222222222222	0.012688704833872343	0.3684275457392097	0.000512852935104773	0.5009279995285256	1.0	0.03426525738188561	0.03595174772036469	0.18203309692671393	0	normal_vs_control
chr3:197006269:197006313:DEL	chr3	197006269	197006313	DEL	Sniffles2.DEL.A627M2	227	0.35030864197530864	19	47	0.40425531914893614	174	448	0.38839285714285715	34	153	0.2222222222222222	0.012688704833872343	0.47438027709576813	0.00010138966272986788	0.5009279995285256	1.0	0.01036120044147956	0.015862462006078992	0.18203309692671393	0	normal_vs_control
chr4:256858:256858:INS	chr4	256858	256858	INS	0006C_Sniffles2.INS.3S3	232	0.35802469135802467	19	47	0.40425531914893614	179	448	0.39955357142857145	34	153	0.2222222222222222	0.012688704833872343	0.5339788968512507	3.851171158991869e-05	0.5009279995285256	1.0	0.004881205220920861	0.004701747720364691	0.18203309692671393	0	normal_vs_control
chr6:44004480:44004480:INS	chr6	44004480	44004480	INS	0052c_Sniffles2.INS.EAS5	224	0.345679012345679	19	47	0.40425531914893614	171	448	0.38169642857142855	34	153	0.2222222222222222	0.012688704833872343	0.43862537311277017	0.00017709132944016093	0.5009279995285256	1.0	0.015350132323993168	0.022558890577507595	0.18203309692671393	0	normal_vs_control
chr21:45245596:45245631:DEL	chr21	45245596	45245631	DEL	Sniffles2.DEL.46D9M14	124	0.19135802469135801	11	47	0.23404255319148937	99	448	0.22098214285714285	14	153	0.0915032679738562	0.012839830025659808	0.48066050000332605	0.0001567550853424771	0.503306797920202	1.0	0.013972077270817342	0.013060410334346517	0.14253928521763315	0	normal_vs_control
chr3:195110685:195110748:DEL	chr3	195110685	195110748	DEL	Sniffles2.DEL.A26BM2	120	0.18518518518518517	11	47	0.23404255319148937	95	448	0.21205357142857142	14	153	0.0915032679738562	0.012839830025659808	0.42433642141619404	0.0003565013496505967	0.503306797920202	1.0	0.025904274465573796	0.021988981762917942	0.14253928521763315	0	normal_vs_control
chr10:729101:729101:INS	chr10	729101	729101	INS	0002C_Sniffles2.DEL.325S9	273	0.4212962962962963	20	47	0.425531914893617	216	448	0.48214285714285715	37	153	0.24183006535947713	0.01343711767829869	0.8138080950758011	9.100245710096801e-08	0.5205237230936332	1.0	5.663420330234176e-05	-0.056610942249240126	0.1837018495341399	0	normal_vs_control
chr2:226766163:226766163:INS	chr2	226766163	226766163	INS	0003C_Sniffles2.INS.344S1	266	0.4104938271604938	20	47	0.425531914893617	209	448	0.46651785714285715	37	153	0.24183006535947713	0.01343711767829869	0.7541662312100537	5.02574484565017e-07	0.5205237230936332	1.0	0.00019603236303582507	-0.040985942249240126	0.1837018495341399	0	normal_vs_control
chr3:40613806:40613806:INS	chr3	40613806	40613806	INS	0003C_Sniffles2.INS.9FS2	285	0.4398148148148148	20	47	0.425531914893617	228	448	0.5089285714285714	37	153	0.24183006535947713	0.01343711767829869	0.8928905432117658	3.8434156540557544e-09	0.5205237230936332	1.0	6.450882007480003e-06	-0.08339665653495437	0.1837018495341399	0	normal_vs_control
chr3:184034564:184034609:DEL	chr3	184034564	184034609	DEL	Sniffles2.DEL.9A97M2	232	0.35802469135802467	20	47	0.425531914893617	175	448	0.390625	37	153	0.24183006535947713	0.01343711767829869	0.3756925779949961	0.0005060584074503518	0.5205237230936332	1.0	0.033893062964764305	0.034906914893617025	0.1837018495341399	0	normal_vs_control
chr1:203515079:203515079:INS	chr1	203515079	203515079	INS	Sniffles2.INS.B15FM0	113	0.1743827160493827	10	47	0.2127659574468085	91	448	0.203125	12	153	0.0784313725490196	0.013851945443204785	0.5012969722547121	0.00015089294366037203	0.5205237230936332	1.0	0.01372357695149538	0.009640957446808512	0.1343345848977889	0	normal_vs_control
chr10:91689635:91689635:INS	chr10	91689635	91689635	INS	Sniffles2.INS.5C41M9	117	0.18055555555555555	10	47	0.2127659574468085	95	448	0.21205357142857142	12	153	0.0784313725490196	0.013851945443204785	0.5584244630180095	6.286747032798087e-05	0.5205237230936332	1.0	0.007063090155225567	0.0007123860182370878	0.1343345848977889	0	normal_vs_control
chr2:210929675:210929675:INS	chr2	210929675	210929675	INS	Sniffles2.INS.AD88M1	142	0.2191358024691358	10	47	0.2127659574468085	120	448	0.26785714285714285	12	153	0.0784313725490196	0.013851945443204785	0.8390889481035667	1.3936365810820108e-07	0.5205237230936332	1.0	7.719074295297041e-05	-0.05509118541033434	0.1343345848977889	0	normal_vs_control
chr5:114477003:114477003:INS	chr5	114477003	114477003	INS	Sniffles2.INS.62A7M4	196	0.30246913580246915	17	47	0.3617021276595745	150	448	0.33482142857142855	29	153	0.1895424836601307	0.013977571430846993	0.412125042821636	0.00036460349030948726	0.5205237230936332	1.0	0.026226828728911532	0.026880699088145943	0.17215964399944378	0	normal_vs_control
chr10:97819335:97819335:INS	chr10	97819335	97819335	INS	0002C_Sniffles2.INS.223S9	284	0.4382716049382716	21	47	0.44680851063829785	223	448	0.49776785714285715	40	153	0.26143790849673204	0.014014435338073629	0.793176829554121	1.838450179297655e-07	0.5205237230936332	1.0	9.342025553297112e-05	-0.0509593465045593	0.1853706021415658	0	normal_vs_control
chr19:48081831:48081831:INS	chr19	48081831	48081831	INS	0003C_Sniffles2.INS.156S12	255	0.39351851851851855	21	47	0.44680851063829785	194	448	0.4330357142857143	40	153	0.26143790849673204	0.014014435338073629	0.48721433905303757	9.763635288805219e-05	0.5205237230936332	1.0	0.010083684520950325	0.01377279635258355	0.1853706021415658	0	normal_vs_control
chr4:6726066:6726066:INS	chr4	6726066	6726066	INS	Sniffles2.INS.80DM3	77	0.11882716049382716	7	47	0.14893617021276595	64	448	0.14285714285714285	6	153	0.0392156862745098	0.014191131226835737	0.5249621283570262	0.0001651983182213468	0.5205237230936332	1.0	0.014601389684694285	0.006079027355623101	0.10972048393825615	0	normal_vs_control
chr4:49156007:49156047:DEL	chr4	49156007	49156047	DEL	0006C_Sniffles2.DEL.522S3	293	0.4521604938271605	22	47	0.46808510638297873	228	448	0.5089285714285714	43	153	0.28104575163398693	0.014422908062851833	0.7535774787685252	5.619219164406398e-07	0.5205237230936332	1.0	0.00021029548045820379	-0.040843465045592664	0.1870393547489918	0	normal_vs_control
chr6:33953026:33953026:INS	chr6	33953026	33953026	INS	0002C_Sniffles2.INS.E4S5	307	0.4737654320987654	22	47	0.46808510638297873	242	448	0.5401785714285714	43	153	0.28104575163398693	0.014422908062851833	0.86343890028748	1.6398210040740567e-08	0.5205237230936332	1.0	1.9324767185883797e-05	-0.07209346504559266	0.1870393547489918	0	normal_vs_control
chr18:5972893:5972933:DEL	chr18	5972893	5972933	DEL	0003C_Sniffles2.DEL.1A6S11	204	0.3148148148148148	13	47	0.2765957446808511	172	448	0.38392857142857145	19	153	0.12418300653594772	0.014447021929692442	0.948222939682624	2.86219463145544e-10	0.5205237230936332	1.0	1.1323659731932422e-06	-0.10733282674772038	0.15241273814490336	0	normal_vs_control
chr8:41063249:41063301:DEL	chr8	41063249	41063301	DEL	0006C_Sniffles2.DEL.40CS7	149	0.22993827160493827	13	47	0.2765957446808511	117	448	0.2611607142857143	19	153	0.12418300653594772	0.014447021929692442	0.46931620504881155	0.00021014154337051124	0.5205237230936332	1.0	0.01755553514963179	0.015435030395136773	0.15241273814490336	0	normal_vs_control
chr1:234326000:234326000:INS	chr1	234326000	234326000	INS	Sniffles2.INS.C665M0	100	0.15432098765432098	9	47	0.19148936170212766	81	448	0.18080357142857142	10	153	0.06535947712418301	0.014573359307280273	0.4933278710055007	0.00021134844782025872	0.5205237230936332	1.0	0.017619519453431955	0.010685790273556234	0.12612988457794466	0	normal_vs_control
chr10:131758415:131758415:INS	chr10	131758415	131758415	INS	0006C_Sniffles2.INS.31FS9	114	0.17592592592592593	9	47	0.19148936170212766	95	448	0.21205357142857142	10	153	0.06535947712418301	0.014573359307280273	0.6894879623280545	8.23493208885382e-06	0.5205237230936332	1.0	0.001572815236335984	-0.020564209726443766	0.12612988457794466	0	normal_vs_control
chr11:114598294:114598294:INS	chr11	114598294	114598294	INS	0003C_Sniffles2.INS.1BBSA	99	0.1527777777777778	9	47	0.19148936170212766	80	448	0.17857142857142858	10	153	0.06535947712418301	0.014573359307280273	0.47814680183539476	0.0002627899373279415	0.5205237230936332	1.0	0.02067529694420458	0.012917933130699083	0.12612988457794466	0	normal_vs_control
chr20:36977670:36977708:DEL	chr20	36977670	36977708	DEL	Sniffles2.DEL.3770M13	105	0.16203703703703703	9	47	0.19148936170212766	86	448	0.19196428571428573	10	153	0.06535947712418301	0.014573359307280273	0.5676207960100262	6.910168056899862e-05	0.5205237230936332	1.0	0.007579017590803358	-0.0004749240121580678	0.12612988457794466	0	normal_vs_control
chr7:17499593:17499593:INS	chr7	17499593	17499593	INS	108_Sniffles2.INS.ADS6	119	0.18364197530864199	9	47	0.19148936170212766	100	448	0.22321428571428573	10	153	0.06535947712418301	0.014573359307280273	0.7480439571721037	2.3775232652183216e-06	0.5205237230936332	1.0	0.0006096586046940389	-0.03172492401215807	0.12612988457794466	0	normal_vs_control
chr10:584713:584713:INS	chr10	584713	584713	INS	Sniffles2.INS.F7M9	278	0.42901234567901236	23	47	0.48936170212765956	209	448	0.46651785714285715	46	153	0.3006535947712418	0.014667119643957801	0.4414506598129122	0.000207617327280391	0.5205237230936332	1.0	0.01746831760724715	0.02284384498480241	0.18870810735641774	0	normal_vs_control
chr12:46937618:46937618:INS	chr12	46937618	46937618	INS	Sniffles2.INS.2F83MB	304	0.4691358024691358	23	47	0.48936170212765956	235	448	0.5245535714285714	46	153	0.3006535947712418	0.014667119643957801	0.7302116596842563	9.972644351630058e-07	0.5205237230936332	1.0	0.00032302036570063485	-0.03519186930091184	0.18870810735641774	0	normal_vs_control
chr6:150810545:150810545:INS	chr6	150810545	150810545	INS	0006C_Sniffles2.INS.2B2S5	283	0.4367283950617284	23	47	0.48936170212765956	214	448	0.47767857142857145	46	153	0.3006535947712418	0.014667119643957801	0.49966201117372183	8.298376768712736e-05	0.5205237230936332	1.0	0.00879710473363421	0.011683130699088107	0.18870810735641774	0	normal_vs_control
chr12:127765000:127765000:INS	chr12	127765000	127765000	INS	Sniffles2.INS.676FMB	176	0.2716049382716049	15	47	0.3191489361702128	137	448	0.30580357142857145	24	153	0.1568627450980392	0.014678218728920354	0.4840599459225736	0.00015484260964943237	0.5205237230936332	1.0	0.013927600108766027	0.01334536474164133	0.16228619107217357	0	normal_vs_control
chr13:23638185:23638185:INS	chr13	23638185	23638185	INS	Sniffles2.INS.3FCCMC	187	0.28858024691358025	15	47	0.3191489361702128	148	448	0.33035714285714285	24	153	0.1568627450980392	0.014678218728920354	0.6196106658219194	1.6684178142499295e-05	0.5205237230936332	1.0	0.0026554691349331924	-0.011208206686930067	0.16228619107217357	0	normal_vs_control
chr4:93741160:93741194:DEL	chr4	93741160	93741194	DEL	0022C_Sniffles2.DEL.535S3	173	0.26697530864197533	15	47	0.3191489361702128	134	448	0.29910714285714285	24	153	0.1568627450980392	0.014678218728920354	0.44609409869411587	0.0002732953345539985	0.5205237230936332	1.0	0.021320115479263196	0.020041793313069933	0.16228619107217357	0	normal_vs_control
chr5:144466535:144466590:DEL	chr5	144466535	144466590	DEL	Sniffles2.DEL.7656M4	183	0.2824074074074074	15	47	0.3191489361702128	144	448	0.32142857142857145	24	153	0.1568627450980392	0.014678218728920354	0.5715157323676602	3.850194232805886e-05	0.5205237230936332	1.0	0.004881205220920861	-0.00227963525835867	0.16228619107217357	0	normal_vs_control
chr14:26957244:26957284:DEL	chr14	26957244	26957284	DEL	0006C_Sniffles2.DEL.3F5SD	82	0.12654320987654322	8	47	0.1702127659574468	66	448	0.14732142857142858	8	153	0.05228758169934641	0.014792091069353986	0.4040938597694295	0.000835698553921078	0.5205237230936332	1.0	0.04811608264509425	0.02289133738601823	0.11792518425810039	0	normal_vs_control
chr16:82165725:82165725:INS	chr16	82165725	82165725	INS	Sniffles2.INS.6F4DMF	214	0.33024691358024694	18	47	0.3829787234042553	164	448	0.36607142857142855	32	153	0.20915032679738563	0.015183905037198233	0.4677153469489151	0.00018546174654516606	0.53261946307811	1.0	0.01595129565339448	0.01690729483282677	0.1738283966068697	0	normal_vs_control
chr2:91660068:91660068:INS	chr2	91660068	91660068	INS	Sniffles2.INS.4E43M1	246	0.37962962962962965	18	47	0.3829787234042553	196	448	0.4375	32	153	0.20915032679738563	0.015183905037198233	0.8080705936850934	1.955507072448235e-07	0.53261946307811	1.0	9.757804119708363e-05	-0.05452127659574468	0.1738283966068697	0	normal_vs_control
chr3:126033329:126033329:INS	chr3	126033329	126033329	INS	Sniffles2.INS.741DM2	243	0.375	18	47	0.3829787234042553	193	448	0.43080357142857145	32	153	0.20915032679738563	0.015183905037198233	0.7831439235390723	4.041711701282506e-07	0.53261946307811	1.0	0.00016460465272840843	-0.047824848024316136	0.1738283966068697	0	normal_vs_control
chr11:1765061:1765107:DEL	chr11	1765061	1765107	DEL	Sniffles2.DEL.4C9MA	236	0.36419753086419754	19	47	0.40425531914893614	182	448	0.40625	35	153	0.22875816993464052	0.016186265467080962	0.5692925340838931	4.135898372803231e-05	0.5651589703936799	1.0	0.005136303566655277	-0.001994680851063857	0.17549714921429563	0	normal_vs_control
chr14:76119710:76119710:INS	chr14	76119710	76119710	INS	0006C_Sniffles2.INS.1B1SD	258	0.39814814814814814	19	47	0.40425531914893614	204	448	0.45535714285714285	35	153	0.22875816993464052	0.016186265467080962	0.7945093292308805	3.3614346999541356e-07	0.5651589703936799	1.0	0.00014545558215707787	-0.051101823708206706	0.17549714921429563	0	normal_vs_control
chr20:22561934:22561934:INS	chr20	22561934	22561934	INS	Sniffles2.INS.113FM13	256	0.3950617283950617	19	47	0.40425531914893614	202	448	0.45089285714285715	35	153	0.22875816993464052	0.016186265467080962	0.777474018775235	5.414530072741016e-07	0.5651589703936799	1.0	0.0002054109531979311	-0.04663753799392101	0.17549714921429563	0	normal_vs_control
chr3:14773503:14773536:DEL	chr3	14773503	14773536	DEL	Sniffles2.DEL.AC6M2	138	0.21296296296296297	12	47	0.2553191489361702	109	448	0.24330357142857142	17	153	0.1111111111111111	0.016315613375812346	0.4884660108361182	0.00022654773921400596	0.5651589703936799	1.0	0.0185074132442262	0.012015577507598768	0.1442080378250591	0	normal_vs_control
chr1:247840308:247840308:INS	chr1	247840308	247840308	INS	0002C_Sniffles2.INS.461S0	183	0.2824074074074074	16	47	0.3404255319148936	140	448	0.3125	27	153	0.17647058823529413	0.016477947454330257	0.40422037703336233	0.000626812194694357	0.568294242590563	1.0	0.039362668752529535	0.02792553191489361	0.16395494367959948	0	normal_vs_control
chr2:179301512:179301512:INS	chr2	179301512	179301512	INS	Sniffles2.INS.9975M1	198	0.3055555555555556	16	47	0.3404255319148936	155	448	0.34598214285714285	27	153	0.17647058823529413	0.016477947454330257	0.5886924646592538	3.691947399781606e-05	0.568294242590563	1.0	0.004733555152294065	-0.0055566109422492405	0.16395494367959948	0	normal_vs_control
chr13:24406415:24406415:INS	chr13	24406415	24406415	INS	Sniffles2.INS.4079MC	285	0.4398148148148148	20	47	0.425531914893617	227	448	0.5066964285714286	38	153	0.24836601307189543	0.016983680554249318	0.8874096226518743	1.2336323034964902e-08	0.5805413706247795	1.0	1.5638951708502382e-05	-0.08116451367781158	0.1771659018217216	0	normal_vs_control
chr10:1653540:1653583:DEL	chr10	1653540	1653583	DEL	Sniffles2.DEL.2FFM9	203	0.3132716049382716	14	47	0.2978723404255319	167	448	0.37276785714285715	22	153	0.1437908496732026	0.017000760149371567	0.8807579825515868	3.060663407866016e-08	0.5805413706247795	1.0	2.831617388590677e-05	-0.07489551671732525	0.1540814907523293	0	normal_vs_control
chr16:34159990:34159990:INS	chr16	34159990	34159990	INS	0010C_Sniffles2.INS.C8SF	164	0.25308641975308643	14	47	0.2978723404255319	128	448	0.2857142857142857	22	153	0.1437908496732026	0.017000760149371567	0.48980363279493866	0.00021591685720266274	0.5805413706247795	1.0	0.017849556547374752	0.012158054711246202	0.1540814907523293	0	normal_vs_control
chr4:54560552:54560552:INS	chr4	54560552	54560552	INS	Sniffles2.INS.46D9M3	186	0.28703703703703703	14	47	0.2978723404255319	150	448	0.33482142857142855	22	153	0.1437908496732026	0.017000760149371567	0.7472931794906978	2.0415619243821233e-06	0.5805413706247795	1.0	0.0005333869427720615	-0.03694908814589665	0.1540814907523293	0	normal_vs_control
chr1:143703522:143703522:INS	chr1	143703522	143703522	INS	0002C_Sniffles2.INS.2DES0	282	0.4351851851851852	21	47	0.44680851063829785	220	448	0.49107142857142855	41	153	0.2679738562091503	0.017579151128893782	0.767273866313495	8.187855454202791e-07	0.597712721133928	1.0	0.00027897025503969723	-0.0442629179331307	0.17883465442914753	0	normal_vs_control
chr5:1807176:1807176:INS	chr5	1807176	1807176	INS	Sniffles2.INS.491M4	261	0.4027777777777778	21	47	0.44680851063829785	199	448	0.44419642857142855	41	153	0.2679738562091503	0.017579151128893782	0.5458583827601964	6.993450198437411e-05	0.597712721133928	1.0	0.007640102950513833	0.0026120820668693034	0.17883465442914753	0	normal_vs_control
chr6:150414487:150414487:INS	chr6	150414487	150414487	INS	0002C_Sniffles2.INS.260S5	256	0.3950617283950617	21	47	0.44680851063829785	194	448	0.4330357142857143	41	153	0.2679738562091503	0.017579151128893782	0.48721433905303757	0.00017689971120953747	0.597712721133928	1.0	0.015350132323993168	0.01377279635258355	0.17883465442914753	0	normal_vs_control
chr1:183426897:183426944:DEL	chr1	183426897	183426944	DEL	Sniffles2.INS.A463M0	279	0.4305555555555556	22	47	0.46808510638297873	213	448	0.47544642857142855	44	153	0.2875816993464052	0.017978365356616868	0.5976722582663825	2.9638179110475935e-05	0.6086910222323366	1.0	0.004096345388628386	-0.007361322188449815	0.18050340703657353	0	normal_vs_control
chr1:230419277:230419277:INS	chr1	230419277	230419277	INS	Sniffles2.DEL.C3AFM0	211	0.3256172839506173	17	47	0.3617021276595745	164	448	0.36607142857142855	30	153	0.19607843137254902	0.01803990380782238	0.5819428118341502	5.0107119255235786e-05	0.6086910222323366	1.0	0.006034312403160854	-0.004369300911854057	0.16562369628702547	0	normal_vs_control
chr6:3914863:3914863:INS	chr6	3914863	3914863	INS	0006C_Sniffles2.INS.35S5	202	0.3117283950617284	17	47	0.3617021276595745	155	448	0.34598214285714285	30	153	0.19607843137254902	0.01803990380782238	0.47305485257727514	0.00027550913177717707	0.6086910222323366	1.0	0.021331952042535844	0.01571998480243164	0.16562369628702547	0	normal_vs_control
chr8:143273852:143273888:DEL	chr8	143273852	143273888	DEL	0008C_Sniffles2.DEL.512S7	241	0.37191358024691357	17	47	0.3617021276595745	194	448	0.4330357142857143	30	153	0.19607843137254902	0.01803990380782238	0.8637595890849054	5.643274371993831e-08	0.6086910222323366	1.0	4.2817764509040316e-05	-0.07133358662613981	0.16562369628702547	0	normal_vs_control
chr15:57433967:57433967:INS	chr15	57433967	57433967	INS	Sniffles2.INS.5072ME	303	0.4675925925925926	23	47	0.48936170212765956	233	448	0.5200892857142857	47	153	0.30718954248366015	0.01818883051183105	0.7105119838510903	3.1925739276738055e-06	0.6086910222323366	1.0	0.0007461193447510411	-0.03072758358662614	0.1821721596439994	0	normal_vs_control
chr4:49153567:49153615:DEL	chr4	49153567	49153615	DEL	Sniffles2.DEL.13B0MD	380	0.5864197530864198	30	47	0.6382978723404256	281	448	0.6272321428571429	69	153	0.45098039215686275	0.01848002165276291	0.5081326966101765	0.00010592961431949864	0.6091473313510154	1.0	0.01057158464491602	0.01106572948328266	0.1873174801835628	0	normal_vs_control
chr10:98276119:98276119:INS	chr10	98276119	98276119	INS	Sniffles2.INS.609AM9	53	0.08179012345679013	5	47	0.10638297872340426	45	448	0.10044642857142858	3	153	0.0196078431372549	0.018740287654765115	0.527743322536217	0.00042322387301675174	0.6091473313510154	1.0	0.029555642230443362	0.005936550151975681	0.08677513558614935	0	normal_vs_control
chr4:168759193:168759229:DEL	chr4	168759193	168759229	DEL	108_Sniffles2.DEL.619S3	53	0.08179012345679013	5	47	0.10638297872340426	45	448	0.10044642857142858	3	153	0.0196078431372549	0.018740287654765115	0.527743322536217	0.00042322387301675174	0.6091473313510154	1.0	0.029555642230443362	0.005936550151975681	0.08677513558614935	0	normal_vs_control
chr22:16231456:16231456:INS	chr22	16231456	16231456	INS	Sniffles2.INS.518CM15	174	0.26851851851851855	15	47	0.3191489361702128	134	448	0.29910714285714285	25	153	0.16339869281045752	0.01928969240271388	0.44609409869411587	0.0005237171651675281	0.6211476865867545	1.0	0.034698141560166325	0.020041793313069933	0.15575024335975526	0	normal_vs_control
chr3:186718096:186718136:DEL	chr3	186718096	186718136	DEL	Sniffles2.DEL.9C81M2	178	0.27469135802469136	15	47	0.3191489361702128	138	448	0.3080357142857143	25	153	0.16339869281045752	0.01928969240271388	0.4966984832548285	0.00025250807519431516	0.6211476865867545	1.0	0.02012362196958666	0.011113221884498481	0.15575024335975526	0	normal_vs_control
chr5:10143143:10143179:DEL	chr5	10143143	10143179	DEL	0003C_Sniffles2.DEL.3BCS4	192	0.2962962962962963	15	47	0.3191489361702128	152	448	0.3392857142857143	25	153	0.16339869281045752	0.01928969240271388	0.665538027175666	1.5483016911675633e-05	0.6211476865867545	1.0	0.002514877831976217	-0.02013677811550152	0.15575024335975526	0	normal_vs_control
chr7:235116:235116:INS	chr7	235116	235116	INS	0002C_Sniffles2.INS.18S6	182	0.2808641975308642	15	47	0.3191489361702128	142	448	0.3169642857142857	25	153	0.16339869281045752	0.01928969240271388	0.5468469115060025	0.00011808367269331907	0.6211476865867545	1.0	0.011494584293739115	0.002184650455927084	0.15575024335975526	0	normal_vs_control
chr8:61760337:61760337:INS	chr8	61760337	61760337	INS	0006C_Sniffles2.INS.149S7	185	0.2854938271604938	15	47	0.3191489361702128	145	448	0.3236607142857143	25	153	0.16339869281045752	0.01928969240271388	0.5837101605006045	6.546514520504039e-05	0.6211476865867545	1.0	0.007281091290395135	-0.004511778115501519	0.15575024335975526	0	normal_vs_control
chr16:88077084:88077123:DEL	chr16	88077084	88077123	DEL	Sniffles2.DEL.74FCMF	217	0.33487654320987653	18	47	0.3829787234042553	166	448	0.3705357142857143	33	153	0.21568627450980393	0.019356194609820507	0.4918673033898234	0.00023850882152211624	0.6211476865867545	1.0	0.019229296370403166	0.012443009118541015	0.16729244889445138	0	normal_vs_control
chr17:67674523:67674571:DEL	chr17	67674523	67674571	DEL	0002C_Sniffles2.DEL.3A0S10	234	0.3611111111111111	18	47	0.3829787234042553	183	448	0.40848214285714285	33	153	0.21568627450980393	0.019356194609820507	0.687274950426913	8.419249314037631e-06	0.6211476865867545	1.0	0.0016024927182333893	-0.025503419452887532	0.16729244889445138	0	normal_vs_control
chr9:41888522:41888522:INS	chr9	41888522	41888522	INS	Sniffles2.INS.1F21M8	239	0.36882716049382713	18	47	0.3829787234042553	188	448	0.41964285714285715	33	153	0.21568627450980393	0.019356194609820507	0.7375540102748369	2.83337393323119e-06	0.6211476865867545	1.0	0.0006853053074838829	-0.036664133738601834	0.16729244889445138	0	normal_vs_control
chr19:30148115:30148163:DEL	chr19	30148115	30148163	DEL	Sniffles2.DEL.31B0M12	180	0.2777777777777778	13	47	0.2765957446808511	147	448	0.328125	20	153	0.13071895424836602	0.019534199684829105	0.81021341813061	6.734964187127098e-07	0.6225317906463259	1.0	0.00024226751756226296	-0.051529255319148926	0.14587679043248505	0	normal_vs_control
chr12:132717330:132717373:DEL	chr12	132717330	132717373	DEL	Sniffles2.DEL.6E9EMB	114	0.17592592592592593	10	47	0.2127659574468085	91	448	0.203125	13	153	0.08496732026143791	0.02003903717934312	0.5012969722547121	0.00035613789538869214	0.6313550576163008	1.0	0.025904274465573796	0.009640957446808512	0.1277986371853706	0	normal_vs_control
chr21:45440497:45440577:DEL	chr21	45440497	45440577	DEL	Sniffles2.DEL.474BM14	110	0.1697530864197531	10	47	0.2127659574468085	87	448	0.19419642857142858	13	153	0.08496732026143791	0.02003903717934312	0.44295671787507573	0.0007933473400731182	0.6313550576163008	1.0	0.04606071537942335	0.018569528875379937	0.1277986371853706	0	normal_vs_control
chr3:10807907:10807907:INS	chr3	10807907	10807907	INS	0002C_Sniffles2.INS.2DS2	119	0.18364197530864199	10	47	0.2127659574468085	96	448	0.21428571428571427	13	153	0.08496732026143791	0.02003903717934312	0.5723919673515317	0.0001251861940721958	0.6313550576163008	1.0	0.01203786964803955	-0.0015197568389057614	0.1277986371853706	0	normal_vs_control
chr4:32071441:32071486:DEL	chr4	32071441	32071486	DEL	Sniffles2.DEL.1B19M3	111	0.1712962962962963	10	47	0.2127659574468085	88	448	0.19642857142857142	13	153	0.08496732026143791	0.02003903717934312	0.45759324336843604	0.0006513534516174556	0.6313550576163008	1.0	0.04039996078184505	0.016337386018237088	0.1277986371853706	0	normal_vs_control
chr1:22659298:22659298:INS	chr1	22659298	22659298	INS	0004c_Sniffles2.INS.1B1S0	257	0.3966049382716049	19	47	0.40425531914893614	202	448	0.45089285714285715	36	153	0.23529411764705882	0.02042645883747771	0.777474018775235	1.1834125629479023e-06	0.6402833628127987	1.0	0.00036014755514592533	-0.04663753799392101	0.16896120150187732	0	normal_vs_control
chr14:23232785:23232785:INS	chr14	23232785	23232785	INS	Sniffles2.INS.3123MD	225	0.3472222222222222	19	47	0.40425531914893614	170	448	0.3794642857142857	36	153	0.23529411764705882	0.02042645883747771	0.4267700640684703	0.0006756184214095292	0.6402833628127987	1.0	0.041395080890521026	0.024791033434650445	0.16896120150187732	0	normal_vs_control
chr11:133627757:133627803:DEL	chr11	133627757	133627803	DEL	Sniffles2.DEL.6CEBMA	293	0.4521604938271605	20	47	0.425531914893617	234	448	0.5223214285714286	39	153	0.2549019607843137	0.021255181887328164	0.9217993211274726	4.463071644319879e-09	0.6434116828785127	1.0	7.1062899606579295e-06	-0.09678951367781158	0.17062995410930332	0	normal_vs_control
chr7:30393064:30393111:DEL	chr7	30393064	30393111	DEL	Sniffles2.DEL.196BM6	197	0.30401234567901236	16	47	0.3404255319148936	153	448	0.34151785714285715	28	153	0.1830065359477124	0.02128938987467834	0.5646685851780897	0.00010991124027936941	0.6434116828785127	1.0	0.010871006743917343	-0.001092325227963542	0.1574189959671812	0	normal_vs_control
chr1:114242652:114242652:INS	chr1	114242652	114242652	INS	Sniffles2.INS.5721M0	128	0.19753086419753085	9	47	0.19148936170212766	108	448	0.24107142857142858	11	153	0.0718954248366013	0.021659930862314516	0.8261089836080739	9.85577478078912e-07	0.6434116828785127	1.0	0.0003211127373872634	-0.04958206686930092	0.11959393686552636	0	normal_vs_control
chr17:21031715:21031715:INS	chr17	21031715	21031715	INS	Sniffles2.INS.155FM10	104	0.16049382716049382	9	47	0.19148936170212766	84	448	0.1875	11	153	0.0718954248366013	0.021659930862314516	0.5383002046076664	0.00027621793839276376	0.6434116828785127	1.0	0.021331952042535844	0.003989361702127658	0.11959393686552636	0	normal_vs_control
chr22:49656698:49656741:DEL	chr22	49656698	49656741	DEL	Sniffles2.DEL.7274M15	99	0.1527777777777778	9	47	0.19148936170212766	79	448	0.17633928571428573	11	153	0.0718954248366013	0.021659930862314516	0.462903621549363	0.0007808801297581135	0.6434116828785127	1.0	0.0459144252941002	0.015150075987841932	0.11959393686552636	0	normal_vs_control
chr4:820082:820082:INS	chr4	820082	820082	INS	0017C_Sniffles2.INS.CS3	100	0.15432098765432098	9	47	0.19148936170212766	80	448	0.17857142857142858	11	153	0.0718954248366013	0.021659930862314516	0.47814680183539476	0.0006369098610201793	0.6434116828785127	1.0	0.03977132286604926	0.012917933130699083	0.11959393686552636	0	normal_vs_control
chr4:105511608:105511644:DEL	chr4	105511608	105511644	DEL	0006C_Sniffles2.DEL.71FS3	105	0.16203703703703703	9	47	0.19148936170212766	85	448	0.18973214285714285	11	153	0.0718954248366013	0.021659930862314516	0.5530382805623915	0.000223044559570863	0.6434116828785127	1.0	0.018302210467423644	0.0017572188449848092	0.11959393686552636	0	normal_vs_control
chr18:13636522:13636560:DEL	chr18	13636522	13636560	DEL	Sniffles2.DEL.A27M11	66	0.10185185185185185	6	47	0.1276595744680851	55	448	0.12276785714285714	5	153	0.032679738562091505	0.022186999211326077	0.5349657273214513	0.0004472154235749554	0.6434116828785127	1.0	0.030694383991288265	0.0048917173252279594	0.0949798359059936	0	normal_vs_control
chr3:36112263:36112263:INS	chr3	36112263	36112263	INS	Sniffles2.INS.1860M2	67	0.10339506172839506	6	47	0.1276595744680851	56	448	0.125	5	153	0.032679738562091505	0.022186999211326077	0.5524438231473062	0.0003520061022385643	0.6434116828785127	1.0	0.025755500648335008	0.0026595744680850963	0.0949798359059936	0	normal_vs_control
chr2:89120585:89120585:INS	chr2	89120585	89120585	INS	0006C_Sniffles2.INS.1F0S1	270	0.4166666666666667	22	47	0.46808510638297873	203	448	0.453125	45	153	0.29411764705882354	0.02222014972997436	0.4817597385793053	0.00034258181955626476	0.6434116828785127	1.0	0.025367542542222447	0.014960106382978733	0.1739674593241552	0	normal_vs_control
chr2:119148741:119148741:INS	chr2	119148741	119148741	INS	Sniffles2.INS.724EM1	179	0.2762345679012346	12	47	0.2553191489361702	149	448	0.3325892857142857	18	153	0.11764705882352941	0.022257811463217158	0.894279445212656	5.497026809720914e-08	0.6434116828785127	1.0	4.2817764509040316e-05	-0.0772701367781155	0.13767209011264078	0	normal_vs_control
chr6:124716832:124716832:INS	chr6	124716832	124716832	INS	0006C_Sniffles2.INS.25DS5	159	0.24537037037037038	12	47	0.2553191489361702	129	448	0.28794642857142855	18	153	0.11764705882352941	0.022257811463217158	0.7352514478742367	7.313241356210507e-06	0.6434116828785127	1.0	0.0014212835517115354	-0.032627279635258355	0.13767209011264078	0	normal_vs_control
chr6:168825765:168825765:INS	chr6	168825765	168825765	INS	0002C_Sniffles2.INS.2EFS5	295	0.45524691358024694	23	47	0.48936170212765956	224	448	0.5	48	153	0.3137254901960784	0.022376505934846965	0.6147086994830363	4.024579351719981e-05	0.6434116828785127	1.0	0.005040399119646881	-0.010638297872340441	0.17563621193158113	0	normal_vs_control
chr1:152155984:152155984:INS	chr1	152155984	152155984	INS	Sniffles2.INS.9027M0	192	0.2962962962962963	14	47	0.2978723404255319	155	448	0.34598214285714285	23	153	0.1503267973856209	0.022427644722926236	0.7934423148162272	1.5321567679239547e-06	0.6434116828785127	1.0	0.0004264477339787538	-0.04810980243161095	0.147545543039911	0	normal_vs_control
chr10:109831604:109831604:INS	chr10	109831604	109831604	INS	0006C_Sniffles2.INS.290S9	175	0.2700617283950617	14	47	0.2978723404255319	138	448	0.3080357142857143	23	153	0.1503267973856209	0.022427644722926236	0.6154241369820709	6.206671611376621e-05	0.6434116828785127	1.0	0.007063090155225567	-0.0101633738601824	0.147545543039911	0	normal_vs_control
chr17:15563647:15563691:DEL	chr17	15563647	15563691	DEL	Sniffles2.DEL.107EM10	207	0.3194444444444444	14	47	0.2978723404255319	170	448	0.3794642857142857	23	153	0.1503267973856209	0.022427644722926236	0.8975718284200316	3.788699219311101e-08	0.6434116828785127	1.0	3.3359003088925434e-05	-0.0815919452887538	0.147545543039911	0	normal_vs_control
chr20:62832771:62832771:INS	chr20	62832771	62832771	INS	Sniffles2.INS.4C3BM13	161	0.24845679012345678	14	47	0.2978723404255319	124	448	0.2767857142857143	23	153	0.1503267973856209	0.022427644722926236	0.4381089751605302	0.0008729533292607836	0.6434116828785127	1.0	0.0499495237614631	0.0210866261398176	0.147545543039911	0	normal_vs_control
chr8:117777184:117777184:INS	chr8	117777184	117777184	INS	Sniffles2.INS.6085M7	171	0.2638888888888889	14	47	0.2978723404255319	134	448	0.29910714285714285	23	153	0.1503267973856209	0.022427644722926236	0.5662778012352239	0.0001372232231790183	0.6434116828785127	1.0	0.012817065574096908	-0.0012348024316109485	0.147545543039911	0	normal_vs_control
chr1:99823641:99823681:DEL	chr1	99823641	99823681	DEL	Sniffles2.DEL.4D51M0	106	0.16358024691358025	8	47	0.1702127659574468	89	448	0.19866071428571427	9	153	0.058823529411764705	0.02284368265603293	0.739351186246123	1.1748564058212481e-05	0.6434116828785127	1.0	0.002033529581425853	-0.02844794832826747	0.1113892365456821	0	normal_vs_control
chr10:52779378:52779378:INS	chr10	52779378	52779378	INS	Sniffles2.INS.4297M9	102	0.1574074074074074	8	47	0.1702127659574468	85	448	0.18973214285714285	9	153	0.058823529411764705	0.02284368265603293	0.6902157567563711	3.089512511496811e-05	0.6434116828785127	1.0	0.0042044697539750705	-0.019519376899696045	0.1113892365456821	0	normal_vs_control
chr10:65051663:65051709:DEL	chr10	65051663	65051709	DEL	Sniffles2.DEL.4A97M9	92	0.1419753086419753	8	47	0.1702127659574468	75	448	0.16741071428571427	9	153	0.058823529411764705	0.02284368265603293	0.5474095350335889	0.000305159385430062	0.6434116828785127	1.0	0.023090393497541356	0.0028020516717325306	0.1113892365456821	0	normal_vs_control
chr17:11452700:11452700:INS	chr17	11452700	11452700	INS	Sniffles2.INS.D9AM10	91	0.1404320987654321	8	47	0.1702127659574468	74	448	0.16517857142857142	9	153	0.058823529411764705	0.02284368265603293	0.5319004103355945	0.0003796869794314405	0.6434116828785127	1.0	0.027065768876124358	0.00503419452887538	0.1113892365456821	0	normal_vs_control
chr19:30598929:30598969:DEL	chr19	30598929	30598969	DEL	Sniffles2.DEL.3219M12	88	0.13580246913580246	8	47	0.1702127659574468	71	448	0.15848214285714285	9	153	0.058823529411764705	0.02284368265603293	0.4845251569285863	0.0007225406107675525	0.6434116828785127	1.0	0.04373779163846251	0.011730623100303955	0.1113892365456821	0	normal_vs_control
chr6:44042412:44042412:INS	chr6	44042412	44042412	INS	Sniffles2.INS.2225M5	92	0.1419753086419753	8	47	0.1702127659574468	75	448	0.16741071428571427	9	153	0.058823529411764705	0.02284368265603293	0.5474095350335889	0.000305159385430062	0.6434116828785127	1.0	0.023090393497541356	0.0028020516717325306	0.1113892365456821	0	normal_vs_control
chr6:89280218:89280248:DEL	chr6	89280218	89280248	DEL	0027C_Sniffles2.DEL.4CCS5	93	0.14351851851851852	8	47	0.1702127659574468	76	448	0.16964285714285715	9	153	0.058823529411764705	0.02284368265603293	0.562743815549851	0.00024477617735405136	0.6434116828785127	1.0	0.019591998426714156	0.0005699088145896536	0.1113892365456821	0	normal_vs_control
chr15:72425263:72425307:DEL	chr15	72425263	72425307	DEL	Sniffles2.DEL.5A92ME	203	0.3132716049382716	17	47	0.3617021276595745	155	448	0.34598214285714285	31	153	0.20261437908496732	0.022991272871978982	0.47305485257727514	0.0005044512318977163	0.6434116828785127	1.0	0.033830463387402886	0.01571998480243164	0.15908774857460717	0	normal_vs_control
chr3:8823731:8823731:INS	chr3	8823731	8823731	INS	Sniffles2.INS.6B9M2	206	0.31790123456790126	17	47	0.3617021276595745	158	448	0.35267857142857145	31	153	0.20261437908496732	0.022991272871978982	0.5097261213307007	0.00029716054875364054	0.6434116828785127	1.0	0.022577679663054382	0.009023556231003038	0.15908774857460717	0	normal_vs_control
chr6:148443457:148443457:INS	chr6	148443457	148443457	INS	Sniffles2.INS.6907M5	79	0.12191358024691358	7	47	0.14893617021276595	65	448	0.14508928571428573	7	153	0.0457516339869281	0.02322127453733926	0.5414366266488904	0.00038956498984067694	0.6434116828785127	1.0	0.027698620869442123	0.003846884498480224	0.10318453622583784	0	normal_vs_control
chr5:159466905:159466905:INS	chr5	159466905	159466905	INS	Sniffles2.INS.8016M4	222	0.3425925925925926	18	47	0.3829787234042553	170	448	0.3794642857142857	34	153	0.2222222222222222	0.02439654442909574	0.5399503050923781	0.00021245065521993458	0.674625962475664	1.0	0.01765964834412338	0.0035144376899696184	0.1607565011820331	0	normal_vs_control
chr1:151780306:151780306:INS	chr1	151780306	151780306	INS	0002C_Sniffles2.INS.2F9S0	192	0.2962962962962963	15	47	0.3191489361702128	151	448	0.33705357142857145	26	153	0.16993464052287582	0.024965352308921294	0.6542897598637288	4.0313728786083055e-05	0.6866920804603089	1.0	0.005040399119646881	-0.01790463525835867	0.14921429564733696	0	normal_vs_control
chr14:79020162:79020232:DEL	chr14	79020162	79020232	DEL	0003C_Sniffles2.DEL.476SD	190	0.2932098765432099	15	47	0.3191489361702128	149	448	0.3325892857142857	26	153	0.16993464052287582	0.024965352308921294	0.6313179314585746	6.027795188164798e-05	0.6866920804603089	1.0	0.0069123710120511765	-0.013440349544072916	0.14921429564733696	0	normal_vs_control
chr1:30519696:30519696:INS	chr1	30519696	30519696	INS	Sniffles2.INS.20CBM0	155	0.23919753086419754	11	47	0.23404255319148937	128	448	0.2857142857142857	16	153	0.10457516339869281	0.025130440656695428	0.8205155698956149	1.4028944881761327e-06	0.6866920804603089	1.0	0.000404025534876642	-0.05167173252279633	0.12946738979279654	0	normal_vs_control
chr1:248829751:248829793:DEL	chr1	248829751	248829793	DEL	Sniffles2.DEL.D383M0	130	0.2006172839506173	11	47	0.23404255319148937	103	448	0.22991071428571427	16	153	0.10457516339869281	0.025130440656695428	0.5363489801860984	0.0003459146037102094	0.6866920804603089	1.0	0.02547808254029399	0.004131838905775093	0.12946738979279654	0	normal_vs_control
chr10:3412536:3412536:INS	chr10	3412536	3412536	INS	Sniffles2.INS.4F8M9	140	0.21604938271604937	11	47	0.23404255319148937	113	448	0.25223214285714285	16	153	0.10457516339869281	0.025130440656695428	0.666609517107495	4.381621310152536e-05	0.6866920804603089	1.0	0.0053692309983789524	-0.018189589665653483	0.12946738979279654	0	normal_vs_control
chr19:51495280:51495280:INS	chr19	51495280	51495280	INS	0046c_Sniffles2.INS.130S12	137	0.21141975308641975	11	47	0.23404255319148937	110	448	0.24553571428571427	16	153	0.10457516339869281	0.025130440656695428	0.6293624792532454	8.306647244332152e-05	0.6866920804603089	1.0	0.00879710473363421	-0.011493161094224907	0.12946738979279654	0	normal_vs_control
chr2:33767521:33767521:INS	chr2	33767521	33767521	INS	Sniffles2.INS.1B39M1	130	0.2006172839506173	11	47	0.23404255319148937	103	448	0.22991071428571427	16	153	0.10457516339869281	0.025130440656695428	0.5363489801860984	0.0003459146037102094	0.6866920804603089	1.0	0.02547808254029399	0.004131838905775093	0.12946738979279654	0	normal_vs_control
chr5:174804414:174804414:INS	chr5	174804414	174804414	INS	Sniffles2.INS.89FFM4	165	0.25462962962962965	13	47	0.2765957446808511	131	448	0.2924107142857143	21	153	0.13725490196078433	0.02590078741431152	0.647621611081781	5.7136287666046084e-05	0.7008269727913466	1.0	0.006662452002625181	-0.015814969604863227	0.13934084272006675	0	normal_vs_control
chr9:87213344:87213344:INS	chr9	87213344	87213344	INS	Sniffles2.INS.DE5FM8	167	0.25771604938271603	13	47	0.2765957446808511	133	448	0.296875	21	153	0.13725490196078433	0.02590078741431152	0.6709336760804961	3.7750215560977206e-05	0.7008269727913466	1.0	0.004806687217221621	-0.020279255319148926	0.13934084272006675	0	normal_vs_control
chr2:220255664:220255664:INS	chr2	220255664	220255664	INS	0002C_Sniffles2.INS.35BS1	249	0.38425925925925924	20	47	0.425531914893617	189	448	0.421875	40	153	0.26143790849673204	0.026349174434542398	0.5399257263926271	0.00024291957923922743	0.7112222580801337	1.0	0.01955643845189292	0.003656914893617025	0.16409400639688498	0	normal_vs_control
chr8:142887414:142887451:DEL	chr8	142887414	142887451	DEL	Sniffles2.DEL.7388M7	285	0.4398148148148148	20	47	0.425531914893617	225	448	0.5022321428571429	40	153	0.26143790849673204	0.026349174434542398	0.8758561223335164	1.1190593787501691e-07	0.7112222580801337	1.0	6.753811587537519e-05	-0.07670022796352588	0.16409400639688498	0	normal_vs_control
chr21:44697068:44697068:INS	chr21	44697068	44697068	INS	Sniffles2.INS.45EDM14	199	0.30709876543209874	16	47	0.3404255319148936	154	448	0.34375	29	153	0.1895424836601307	0.027138844629743426	0.5767278042390599	0.00017576534716484793	0.7160958860056229	1.0	0.015307061397431758	-0.0033244680851063912	0.1508830482547629	0	normal_vs_control
chr5:177696030:177696030:INS	chr5	177696030	177696030	INS	Sniffles2.INS.8C33M4	208	0.32098765432098764	16	47	0.3404255319148936	163	448	0.3638392857142857	29	153	0.1895424836601307	0.027138844629743426	0.6798986814255028	3.045319182162444e-05	0.7160958860056229	1.0	0.00417510244706964	-0.02341375379939209	0.1508830482547629	0	normal_vs_control
chr4:188216679:188216679:INS	chr4	188216679	188216679	INS	0002C_Sniffles2.INS.307S3	282	0.4351851851851852	22	47	0.46808510638297873	214	448	0.47767857142857145	46	153	0.3006535947712418	0.02723707547786824	0.6089484038855313	8.298376768712736e-05	0.7160958860056229	1.0	0.00879710473363421	-0.00959346504559272	0.16743151161173692	0	normal_vs_control
chr1:46360249:46360262:DEL	chr1	46360249	46360262	DEL	0010C_Sniffles2.DEL.55DS0	118	0.18209876543209877	10	47	0.2127659574468085	94	448	0.20982142857142858	14	153	0.0915032679738562	0.028078760904268637	0.5443156443953985	0.0004356626161569146	0.7160958860056229	1.0	0.03006392330425515	0.002944528875379937	0.12126268947295231	0	normal_vs_control
chr10:1514574:1515009:DEL	chr10	1514574	1515009	DEL	0002C_Sniffles2.DEL.343S9	124	0.19135802469135801	10	47	0.2127659574468085	100	448	0.22321428571428573	14	153	0.0915032679738562	0.028078760904268637	0.626569488380022	0.00012703514353602124	0.7160958860056229	1.0	0.012110537917681831	-0.010448328267477214	0.12126268947295231	0	normal_vs_control
chr14:76518521:76518521:INS	chr14	76518521	76518521	INS	0006C_Sniffles2.INS.1B5SD	130	0.2006172839506173	10	47	0.2127659574468085	106	448	0.23660714285714285	14	153	0.0915032679738562	0.028078760904268637	0.7014777127436023	3.459874542381865e-05	0.7160958860056229	1.0	0.0045197059234303475	-0.023841185410334337	0.12126268947295231	0	normal_vs_control
chr4:153058242:153058250:DEL	chr4	153058242	153058250	DEL	Sniffles2.DEL.8851M3	115	0.17746913580246915	10	47	0.2127659574468085	91	448	0.203125	14	153	0.0915032679738562	0.028078760904268637	0.5012969722547121	0.0007856243134922196	0.7160958860056229	1.0	0.045949482022921914	0.009640957446808512	0.12126268947295231	0	normal_vs_control
chr21:45902289:45902289:INS	chr21	45902289	45902289	INS	Sniffles2.INS.47EBM14	46	0.07098765432098765	4	47	0.0851063829787234	40	448	0.08928571428571429	2	153	0.013071895424836602	0.028145821185712447	0.6213576281238651	0.00035822796204631997	0.7160958860056229	1.0	0.025904274465573796	-0.0041793313069908855	0.0720344875538868	0	normal_vs_control
chr22:21682595:21682595:INS	chr22	21682595	21682595	INS	Sniffles2.INS.5872M15	44	0.06790123456790123	4	47	0.0851063829787234	38	448	0.08482142857142858	2	153	0.013071895424836602	0.028145821185712447	0.5820507607575343	0.0006124388351617096	0.7160958860056229	1.0	0.038723472833261156	0.0002849544072948268	0.0720344875538868	0	normal_vs_control
chr1:184327921:184327921:INS	chr1	184327921	184327921	INS	0002C_Sniffles2.INS.357S0	228	0.35185185185185186	17	47	0.3617021276595745	179	448	0.39955357142857145	32	153	0.20915032679738563	0.028952460626851723	0.7440564054912839	9.52043482179708e-06	0.7333056512810018	1.0	0.0017345981707555813	-0.03785144376899696	0.15255180086218886	0	normal_vs_control
chr14:23629192:23629192:INS	chr14	23629192	23629192	INS	0002C_Sniffles2.INS.D1SD	251	0.3873456790123457	17	47	0.3617021276595745	202	448	0.45089285714285715	32	153	0.20915032679738563	0.028952460626851723	0.9083683786631552	4.343997384639055e-08	0.7333056512810018	1.0	3.645535259702848e-05	-0.08919072948328266	0.15255180086218886	0	normal_vs_control
chr14:77852665:77852677:DEL	chr14	77852665	77852677	DEL	0006C_Sniffles2.DEL.4B9SD	236	0.36419753086419754	17	47	0.3617021276595745	187	448	0.4174107142857143	32	153	0.20915032679738563	0.028952460626851723	0.8138284114107591	1.6390029049798397e-06	0.7333056512810018	1.0	0.00044941135099516515	-0.05570858662613981	0.15255180086218886	0	normal_vs_control
chr15:43005380:43005380:INS	chr15	43005380	43005380	INS	0002C_Sniffles2.INS.B5SE	225	0.3472222222222222	17	47	0.3617021276595745	176	448	0.39285714285714285	32	153	0.20915032679738563	0.028952460626851723	0.7145760187621921	1.7844307811849364e-05	0.7333056512810018	1.0	0.0028130203290626624	-0.03115501519756836	0.15255180086218886	0	normal_vs_control
chr11:1059873:1059920:DEL	chr11	1059873	1059920	DEL	0003C_Sniffles2.DEL.242SA	166	0.25617283950617287	14	47	0.2978723404255319	128	448	0.2857142857142857	24	153	0.1568627450980392	0.029100271205236547	0.48980363279493866	0.0008083836667802969	0.7333056512810018	1.0	0.04673773959877566	0.012158054711246202	0.1410095953274927	0	normal_vs_control
chr18:73423560:73423576:DEL	chr18	73423560	73423576	DEL	Sniffles2.DEL.49EBM11	174	0.26851851851851855	14	47	0.2978723404255319	136	448	0.30357142857142855	24	153	0.1568627450980392	0.029100271205236547	0.5910938128888842	0.00018748372221623891	0.7333056512810018	1.0	0.016026383269127472	-0.005699088145896647	0.1410095953274927	0	normal_vs_control
chr9:117160384:117160384:INS	chr9	117160384	117160384	INS	Sniffles2.INS.F3DCM8	196	0.30246913580246915	14	47	0.2978723404255319	158	448	0.35267857142857145	24	153	0.1568627450980392	0.029100271205236547	0.8183765240853427	1.8136032509555322e-06	0.7333056512810018	1.0	0.00048063089408576567	-0.05480623100303955	0.1410095953274927	0	normal_vs_control
chr2:95297212:95297212:INS	chr2	95297212	95297212	INS	Sniffles2.INS.62A3M1	151	0.2330246913580247	12	47	0.2553191489361702	120	448	0.26785714285714285	19	153	0.12418300653594772	0.02970855519510244	0.632415342916439	0.0001156580700549603	0.7415491010123181	1.0	0.01131814343498965	-0.012537993920972657	0.13113614240022248	0	normal_vs_control
chr9:118103647:118103647:INS	chr9	118103647	118103647	INS	Sniffles2.INS.F476M8	141	0.2175925925925926	12	47	0.2553191489361702	110	448	0.24553571428571427	19	153	0.12418300653594772	0.02970855519510244	0.5020282377425797	0.0007913498410567043	0.7415491010123181	1.0	0.04606071537942335	0.009783434650455919	0.13113614240022248	0	normal_vs_control
chr15:60947081:60947081:INS	chr15	60947081	60947081	INS	Sniffles2.INS.52ADME	240	0.37037037037037035	18	47	0.3829787234042553	187	448	0.4174107142857143	35	153	0.22875816993464052	0.030417719078067756	0.7278561072980764	1.5049900927902467e-05	0.757202977211693	1.0	0.002480904501769827	-0.034431990881458985	0.1542205534696148	0	normal_vs_control
chr2:197045490:197045490:INS	chr2	197045490	197045490	INS	0006C_Sniffles2.INS.3B5S1	233	0.3595679012345679	18	47	0.3829787234042553	180	448	0.4017857142857143	35	153	0.22875816993464052	0.030417719078067756	0.6551172580069056	6.113615507199338e-05	0.757202977211693	1.0	0.0069963003246437385	-0.018806990881458985	0.1542205534696148	0	normal_vs_control
chr6:1260896:1260939:DEL	chr6	1260896	1260939	DEL	Sniffles2.DEL.17FM5	275	0.4243827160493827	18	47	0.3829787234042553	222	448	0.4955357142857143	35	153	0.22875816993464052	0.030417719078067756	0.9482641262851135	3.207012913457761e-09	0.757202977211693	1.0	5.730001008083821e-06	-0.11255699088145898	0.1542205534696148	0	normal_vs_control
chr20:5727018:5727018:INS	chr20	5727018	5727018	INS	Sniffles2.INS.556M13	106	0.16358024691358025	9	47	0.19148936170212766	85	448	0.18973214285714285	12	153	0.0784313725490196	0.030977460129118794	0.5530382805623915	0.0005296601618072495	0.7578531632648551	1.0	0.03500813489520278	0.0017572188449848092	0.11305798915310805	0	normal_vs_control
chr3:42110098:42110134:DEL	chr3	42110098	42110134	DEL	Sniffles2.DEL.1C41M2	119	0.18364197530864199	9	47	0.19148936170212766	98	448	0.21875	12	153	0.0784313725490196	0.030977460129118794	0.7254959700203454	3.1974068299242675e-05	0.7578531632648551	1.0	0.004278580720500275	-0.02726063829787234	0.11305798915310805	0	normal_vs_control
chr3:113173256:113173256:INS	chr3	113173256	113173256	INS	0022C_Sniffles2.INS.161S2	114	0.17592592592592593	9	47	0.19148936170212766	93	448	0.20758928571428573	12	153	0.0784313725490196	0.030977460129118794	0.664093924175992	9.776375004965561e-05	0.7578531632648551	1.0	0.010083684520950325	-0.016099924012158068	0.11305798915310805	0	normal_vs_control
chr4:88136946:88136989:DEL	chr4	88136946	88136989	DEL	Sniffles2.DEL.5DACM3	104	0.16049382716049382	9	47	0.19148936170212766	83	448	0.18526785714285715	12	153	0.0784313725490196	0.030977460129118794	0.5234236816437956	0.0007922182337000863	0.7578531632648551	1.0	0.04606071537942335	0.006221504559270508	0.11305798915310805	0	normal_vs_control
chr6:85165103:85165103:INS	chr6	85165103	85165103	INS	Sniffles2.INS.40BBM5	122	0.1882716049382716	9	47	0.19148936170212766	101	448	0.22544642857142858	12	153	0.0784313725490196	0.030977460129118794	0.7588684147872397	1.5999730446854092e-05	0.7578531632648551	1.0	0.0025836532652780014	-0.03395706686930092	0.11305798915310805	0	normal_vs_control
chr8:9657322:9657625:DEL	chr8	9657322	9657625	DEL	0017C_Sniffles2.DEL.2FES7	107	0.16512345679012347	9	47	0.19148936170212766	86	448	0.19196428571428573	12	153	0.0784313725490196	0.030977460129118794	0.5676207960100262	0.000431770768908392	0.7578531632648551	1.0	0.029968570611902272	-0.0004749240121580678	0.11305798915310805	0	normal_vs_control
chr8:76371746:76371746:INS	chr8	76371746	76371746	INS	0006C_Sniffles2.INS.16FS7	110	0.1697530864197531	9	47	0.19148936170212766	89	448	0.19866071428571427	12	153	0.0784313725490196	0.030977460129118794	0.6102770456764635	0.00023112299975204054	0.7578531632648551	1.0	0.018742958580184512	-0.007171352583586615	0.11305798915310805	0	normal_vs_control
chr9:111610676:111610719:DEL	chr9	111610676	111610719	DEL	Sniffles2.INS.EFBAM8	106	0.16358024691358025	9	47	0.19148936170212766	85	448	0.18973214285714285	12	153	0.0784313725490196	0.030977460129118794	0.5530382805623915	0.0005296601618072495	0.7578531632648551	1.0	0.03500813489520278	0.0017572188449848092	0.11305798915310805	0	normal_vs_control
chr1:78675536:78675536:INS	chr1	78675536	78675536	INS	0002C_Sniffles2.INS.174S0	273	0.4212962962962963	19	47	0.40425531914893614	216	448	0.48214285714285715	38	153	0.24836601307189543	0.03154992093761794	0.8794350683304011	2.0634329094896548e-07	0.7684639493811708	1.0	0.0001020441267775116	-0.07788753799392101	0.1558893060770407	0	normal_vs_control
chr18:15074396:15074438:DEL	chr18	15074396	15074438	DEL	Sniffles2.DEL.B73M11	261	0.4027777777777778	19	47	0.40425531914893614	204	448	0.45535714285714285	38	153	0.24836601307189543	0.03154992093761794	0.7945093292308805	3.3578943485349474e-06	0.7684639493811708	1.0	0.000774946050736057	-0.051101823708206706	0.1558893060770407	0	normal_vs_control
chr2:235266466:235266466:INS	chr2	235266466	235266466	INS	Sniffles2.INS.BE9AM1	245	0.37808641975308643	19	47	0.40425531914893614	188	448	0.41964285714285715	38	153	0.24836601307189543	0.03154992093761794	0.6377040134591293	8.851222389963017e-05	0.7684639493811708	1.0	0.009320370831469041	-0.015387537993921008	0.1558893060770407	0	normal_vs_control
chr10:5648412:5648412:INS	chr10	5648412	5648412	INS	Sniffles2.INS.6FEM9	246	0.37962962962962965	20	47	0.425531914893617	185	448	0.41294642857142855	41	153	0.2679738562091503	0.03236612033525889	0.4927083323237145	0.0008299398341880385	0.7845490910850412	1.0	0.04788407035000738	0.012585486322188477	0.1575580586844667	0	normal_vs_control
chr8:49536638:49536682:DEL	chr8	49536638	49536682	DEL	Sniffles2.DEL.3268M7	258	0.39814814814814814	20	47	0.425531914893617	197	448	0.43973214285714285	41	153	0.2679738562091503	0.03236612033525889	0.6315985600638436	0.00010197552869215899	0.7845490910850412	1.0	0.010382758425002395	-0.014200227963525824	0.1575580586844667	0	normal_vs_control
chr22:32049157:32049200:DEL	chr22	32049157	32049200	DEL	Sniffles2.DEL.6197M15	307	0.4737654320987654	23	47	0.48936170212765956	234	448	0.5223214285714286	50	153	0.32679738562091504	0.03309403338375168	0.720444578591363	1.8640414361317584e-05	0.7862850075112925	1.0	0.0028920315704332165	-0.032959726443769044	0.16256431650674452	0	normal_vs_control
chr5:168483870:168483870:INS	chr5	168483870	168483870	INS	0002C_Sniffles2.INS.28FS4	331	0.5108024691358025	23	47	0.48936170212765956	258	448	0.5758928571428571	50	153	0.32679738562091504	0.03309403338375168	0.9017281608550024	7.084600914403573e-08	0.7862850075112925	1.0	4.853885767675668e-05	-0.08653115501519754	0.16256431650674452	0	normal_vs_control
chr12:9771210:9771210:INS	chr12	9771210	9771210	INS	Sniffles2.INS.8A7MB	102	0.1574074074074074	8	47	0.1702127659574468	84	448	0.1875	10	153	0.06535947712418301	0.03361433631952476	0.6771477522704611	0.00010868040737378135	0.7862850075112925	1.0	0.010768498038674421	-0.017287234042553196	0.1048532888332638	0	normal_vs_control
chr12:124468655:124468691:DEL	chr12	124468655	124468691	DEL	Sniffles2.INS.64B4MB	105	0.16203703703703703	8	47	0.1702127659574468	87	448	0.19419642857142858	10	153	0.06535947712418301	0.03361433631952476	0.71542294933869	5.494800992993705e-05	0.7862850075112925	1.0	0.006461699307854253	-0.02398366261398177	0.1048532888332638	0	normal_vs_control
chr17:80581534:80581534:INS	chr17	80581534	80581534	INS	0006C_Sniffles2.INS.1EDS10	97	0.14969135802469136	8	47	0.1702127659574468	79	448	0.17633928571428573	10	153	0.06535947712418301	0.03361433631952476	0.6075184088783812	0.0003261120719582958	0.7862850075112925	1.0	0.02451876683732495	-0.006126519756838922	0.1048532888332638	0	normal_vs_control
chr4:39161026:39161026:INS	chr4	39161026	39161026	INS	Sniffles2.INS.1FA5M3	93	0.14351851851851852	8	47	0.1702127659574468	75	448	0.16741071428571427	10	153	0.06535947712418301	0.03361433631952476	0.5474095350335889	0.0007580334460001408	0.7862850075112925	1.0	0.04509769764452824	0.0028020516717325306	0.1048532888332638	0	normal_vs_control
chr15:77552294:77552294:INS	chr15	77552294	77552294	INS	Sniffles2.INS.5E0EME	159	0.24537037037037038	13	47	0.2765957446808511	124	448	0.2767857142857143	22	153	0.1437908496732026	0.033724786792711604	0.5609814507781107	0.00045723821882526395	0.7862850075112925	1.0	0.031189052295928228	-0.00018996960486322712	0.13280489500764847	0	normal_vs_control
chr15:99750654:99750700:DEL	chr15	99750654	99750700	DEL	Sniffles2.DEL.6D73ME	176	0.2716049382716049	13	47	0.2765957446808511	141	448	0.31473214285714285	22	153	0.1437908496732026	0.033724786792711604	0.756012127920081	1.5301930586908216e-05	0.7862850075112925	1.0	0.0025001278210845792	-0.038136398176291775	0.13280489500764847	0	normal_vs_control
chr5:55899166:55899208:DEL	chr5	55899166	55899208	DEL	Sniffles2.DEL.3D85M4	184	0.2839506172839506	13	47	0.2765957446808511	149	448	0.3325892857142857	22	153	0.1437908496732026	0.033724786792711604	0.826356447334128	2.5721518635774474e-06	0.7862850075112925	1.0	0.0006360104795528021	-0.055993541033434624	0.13280489500764847	0	normal_vs_control
chr1:240545475:240545511:DEL	chr1	240545475	240545511	DEL	Sniffles2.DEL.CB5DM0	137	0.21141975308641975	11	47	0.23404255319148937	109	448	0.24330357142857142	17	153	0.1111111111111111	0.033834852564540316	0.6165537093971433	0.00022654773921400596	0.7862850075112925	1.0	0.0185074132442262	-0.009261018237082058	0.12293144208037826	0	normal_vs_control
chr11:33555145:33555145:INS	chr11	33555145	33555145	INS	Sniffles2.INS.1BF1MA	160	0.24691358024691357	11	47	0.23404255319148937	132	448	0.29464285714285715	17	153	0.1111111111111111	0.033834852564540316	0.8516198462116826	1.4259234512400038e-06	0.7862850075112925	1.0	0.000404025534876642	-0.060600303951367784	0.12293144208037826	0	normal_vs_control
chr7:42329946:42329946:INS	chr7	42329946	42329946	INS	Sniffles2.INS.2137M6	143	0.22067901234567902	11	47	0.23404255319148937	115	448	0.25669642857142855	17	153	0.1111111111111111	0.033834852564540316	0.69036788133772	6.62900722149164e-05	0.7862850075112925	1.0	0.007343349039679579	-0.02265387537993918	0.12293144208037826	0	normal_vs_control
chr1:37427499:37427526:DEL	chr1	37427499	37427526	DEL	Sniffles2.INS.25C9M0	63	0.09722222222222222	5	47	0.10638297872340426	54	448	0.12053571428571429	4	153	0.026143790849673203	0.03465230200287183	0.6854753193719089	0.0001653809719328946	0.7862850075112925	1.0	0.014601389684694285	-0.014152735562310031	0.08023918787373105	0	normal_vs_control
chr17:80876948:80876948:INS	chr17	80876948	80876948	INS	0094c_Sniffles2.INS.1AFS10	62	0.09567901234567901	5	47	0.10638297872340426	53	448	0.11830357142857142	4	153	0.026143790849673203	0.03465230200287183	0.6696988741799415	0.0002129819652970755	0.7862850075112925	1.0	0.01765964834412338	-0.011920592705167168	0.08023918787373105	0	normal_vs_control
chr7:346581:346662:DEL	chr7	346581	346662	DEL	Sniffles2.DEL.113M6	59	0.09104938271604938	5	47	0.10638297872340426	50	448	0.11160714285714286	4	153	0.026143790849673203	0.03465230200287183	0.6195757947152581	0.0004498875281100456	0.7862850075112925	1.0	0.03080144673295328	-0.005224164133738607	0.08023918787373105	0	normal_vs_control
chr1:247522012:247522058:DEL	chr1	247522012	247522058	DEL	Sniffles2.DEL.D1C7M0	100	0.15432098765432098	7	47	0.14893617021276595	85	448	0.18973214285714285	8	153	0.05228758169934641	0.035625584299885764	0.8088078974660052	9.977688100925527e-06	0.7868633470647305	1.0	0.0018119481591280756	-0.0407959726443769	0.09664858851341954	0	normal_vs_control
chr11:116347275:116347275:INS	chr11	116347275	116347275	INS	0013C_Sniffles2.INS.1B4SA	88	0.13580246913580246	7	47	0.14893617021276595	73	448	0.16294642857142858	8	153	0.05228758169934641	0.035625584299885764	0.6643514268323414	0.0001769729482070591	0.7868633470647305	1.0	0.015350132323993168	-0.014010258358662625	0.09664858851341954	0	normal_vs_control
chr1:162760105:162760153:DEL	chr1	162760105	162760153	DEL	Sniffles2.DEL.97C9M0	212	0.3271604938271605	17	47	0.3617021276595745	162	448	0.36160714285714285	33	153	0.21568627450980393	0.03604535290030958	0.5581358836598923	0.000483249234764746	0.7868633470647305	1.0	0.032681573400671245	9.498480243164131e-05	0.14601585314977056	0	normal_vs_control
chr8:139313551:139313594:DEL	chr8	139313551	139313594	DEL	Sniffles2.DEL.6F61M7	213	0.3287037037037037	17	47	0.3617021276595745	163	448	0.3638392857142857	33	153	0.21568627450980393	0.03604535290030958	0.5700809682508223	0.0004062189333791267	0.7868633470647305	1.0	0.028480575040510218	-0.002137158054711208	0.14601585314977056	0	normal_vs_control
chr17:51831670:51831704:DEL	chr17	51831670	51831704	DEL	Sniffles2.DEL.3A22M10	89	0.13734567901234568	6	47	0.1276595744680851	77	448	0.171875	6	153	0.0392156862745098	0.03636834997627122	0.8356294075575414	6.300226432007759e-06	0.7868633470647305	1.0	0.0012689343331492575	-0.044215425531914904	0.08844388819357529	0	normal_vs_control
chr3:75712445:75712485:DEL	chr3	75712445	75712485	DEL	105_Sniffles2.DEL.313S2	87	0.13425925925925927	6	47	0.1276595744680851	75	448	0.16741071428571427	6	153	0.0392156862745098	0.03636834997627122	0.8163937829718391	1.0609290736821074e-05	0.7868633470647305	1.0	0.0018805507586213243	-0.03975113981762918	0.08844388819357529	0	normal_vs_control
chr5:32003182:32003182:INS	chr5	32003182	32003182	INS	Sniffles2.INS.1BFDM4	71	0.1095679012345679	6	47	0.1276595744680851	59	448	0.13169642857142858	6	153	0.0392156862745098	0.03636834997627122	0.6031839846721719	0.0005348259082672902	0.7868633470647305	1.0	0.035139902025039936	-0.004036854103343479	0.08844388819357529	0	normal_vs_control
chr7:150506334:150506334:INS	chr7	150506334	150506334	INS	0006C_Sniffles2.INS.34BS6	78	0.12037037037037036	6	47	0.1276595744680851	66	448	0.14732142857142858	6	153	0.0392156862745098	0.03636834997627122	0.7093230881775121	0.0001018898137659824	0.7868633470647305	1.0	0.010382758425002395	-0.01966185410334348	0.08844388819357529	0	normal_vs_control
chr11:104291655:104291655:INS	chr11	104291655	104291655	INS	Sniffles2.INS.5914MA	190	0.2932098765432099	14	47	0.2978723404255319	151	448	0.33705357142857145	25	153	0.16339869281045752	0.03717662059197361	0.7569738328347687	1.913046611356599e-05	0.7996654995527123	1.0	0.002943328491939425	-0.03918123100303955	0.13447364761507438	0	normal_vs_control
chr22:22652600:22652600:INS	chr22	22652600	22652600	INS	0008C_Sniffles2.INS.1D9S15	171	0.2638888888888889	14	47	0.2978723404255319	132	448	0.29464285714285715	25	153	0.16339869281045752	0.03717662059197361	0.5410620165646647	0.0007455592285063065	0.7996654995527123	1.0	0.044652363096550046	0.00322948328267475	0.13447364761507438	0	normal_vs_control
chr4:55909186:55909186:INS	chr4	55909186	55909186	INS	Sniffles2.INS.47B4M3	178	0.27469135802469136	14	47	0.2978723404255319	139	448	0.31026785714285715	25	153	0.16339869281045752	0.03717662059197361	0.6273821164941679	0.00020940706676696386	0.7996654995527123	1.0	0.01752060213608549	-0.01239551671732525	0.13447364761507438	0	normal_vs_control
chr14:83999172:83999172:INS	chr14	83999172	83999172	INS	Sniffles2.INS.5974MD	126	0.19444444444444445	10	47	0.2127659574468085	101	448	0.22544642857142858	15	153	0.09803921568627451	0.03823804815667453	0.6396275642332018	0.00023604549723764748	0.802061823450621	1.0	0.01905843731924026	-0.012680471124620063	0.114726741760534	0	normal_vs_control
chr17:18951418:18951418:INS	chr17	18951418	18951418	INS	0002C_Sniffles2.INS.BCS10	138	0.21296296296296297	10	47	0.2127659574468085	113	448	0.25223214285714285	15	153	0.09803921568627451	0.03823804815667453	0.7771557321675822	1.803187155984602e-05	0.802061823450621	1.0	0.00282931813585482	-0.03946618541033434	0.114726741760534	0	normal_vs_control
chr22:17307503:17307511:DEL	chr22	17307503	17307511	DEL	0006C_Sniffles2.DEL.61CS15	120	0.18518518518518517	10	47	0.2127659574468085	95	448	0.21205357142857142	15	153	0.09803921568627451	0.03823804815667453	0.5584244630180095	0.0007703924918474507	0.802061823450621	1.0	0.04553948702075411	0.0007123860182370878	0.114726741760534	0	normal_vs_control
chr3:98202611:98202611:INS	chr3	98202611	98202611	INS	Sniffles2.INS.62ACM2	136	0.20987654320987653	10	47	0.2127659574468085	111	448	0.24776785714285715	15	153	0.09803921568627451	0.03823804815667453	0.7569137501504647	2.8197027161340466e-05	0.802061823450621	1.0	0.003963900863990674	-0.03500189969604864	0.114726741760534	0	normal_vs_control
chr3:75753224:75753224:INS	chr3	75753224	75753224	INS	Sniffles2.INS.31ABM2	294	0.4537037037037037	19	47	0.40425531914893614	236	448	0.5267857142857143	39	153	0.2549019607843137	0.038646294457720616	0.9603776775525238	2.557721115393557e-09	0.802061823450621	1.0	5.0543174242925225e-06	-0.12253039513677816	0.14935335836462243	0	normal_vs_control
chr8:143264658:143264658:INS	chr8	143264658	143264658	INS	0008C_Sniffles2.INS.24BS7	263	0.4058641975308642	19	47	0.40425531914893614	205	448	0.4575892857142857	39	153	0.2549019607843137	0.038646294457720616	0.8027227623375544	5.522729852883407e-06	0.802061823450621	1.0	0.0011586854586799475	-0.053333966565349555	0.14935335836462243	0	normal_vs_control
chr18:66339767:66339767:INS	chr18	66339767	66339767	INS	0006C_Sniffles2.INS.132S11	167	0.25771604938271603	12	47	0.2553191489361702	135	448	0.3013392857142857	20	153	0.13071895424836602	0.03886547515434844	0.7933978244858512	1.0862408791795006e-05	0.802061823450621	1.0	0.001909990787809339	-0.046020136778115506	0.12460019468780417	0	normal_vs_control
chr10:128976525:128976566:DEL	chr10	128976525	128976566	DEL	Sniffles2.DEL.7686M9	250	0.38580246913580246	20	47	0.425531914893617	188	448	0.41964285714285715	42	153	0.27450980392156865	0.03940753424305178	0.5281646255050557	0.0008573462119506811	0.802061823450621	1.0	0.04920900724095785	0.005889057750759874	0.15102211097204837	0	normal_vs_control
chr9:128872859:128872859:INS	chr9	128872859	128872859	INS	0002C_Sniffles2.INS.438S8	268	0.41358024691358025	20	47	0.425531914893617	206	448	0.45982142857142855	42	153	0.27450980392156865	0.03940753424305178	0.7257303002348674	3.3529053047719934e-05	0.802061823450621	1.0	0.004437266185167506	-0.03428951367781152	0.15102211097204837	0	normal_vs_control
chr15:19898977:19898977:INS	chr15	19898977	19898977	INS	0002C_Sniffles2.INS.53SE	313	0.48302469135802467	22	47	0.46808510638297873	243	448	0.5424107142857143	48	153	0.3137254901960784	0.039964742711513845	0.8697662388563973	6.514042315304657e-07	0.802061823450621	1.0	0.0002389402488477446	-0.07432560790273557	0.1543596161869003	0	normal_vs_control
chr2:609069:609069:INS	chr2	609069	609069	INS	Sniffles2.INS.10AM1	320	0.49382716049382713	22	47	0.46808510638297873	250	448	0.5580357142857143	48	153	0.3137254901960784	0.039964742711513845	0.9084880859143066	1.1645574975711219e-07	0.802061823450621	1.0	6.753811587537519e-05	-0.08995060790273557	0.1543596161869003	0	normal_vs_control
chr2:49694993:49694993:INS	chr2	49694993	49694993	INS	Sniffles2.INS.261BM1	280	0.43209876543209874	22	47	0.46808510638297873	210	448	0.46875	48	153	0.3137254901960784	0.039964742711513845	0.5633708900057497	0.0005143219816058221	0.802061823450621	1.0	0.034322007129136474	-0.0006648936170212671	0.1543596161869003	0	normal_vs_control
chr13:28816232:28816232:INS	chr13	28816232	28816232	INS	0006C_Sniffles2.INS.D5SC	186	0.28703703703703703	15	47	0.3191489361702128	143	448	0.31919642857142855	28	153	0.1830065359477124	0.04008408682916302	0.5592244269506406	0.0006798164119281136	0.802061823450621	1.0	0.04152270690858572	-4.7492401215765145e-05	0.13614240022250038	0	normal_vs_control
chr14:61328405:61328405:INS	chr14	61328405	61328405	INS	Sniffles2.INS.4A88MD	203	0.3132716049382716	15	47	0.3191489361702128	160	448	0.35714285714285715	28	153	0.1830065359477124	0.04008408682916302	0.7489255985158815	2.7417850632916842e-05	0.802061823450621	1.0	0.003913968842412366	-0.03799392097264437	0.13614240022250038	0	normal_vs_control
chr2:7335137:7335137:INS	chr2	7335137	7335137	INS	Sniffles2.INS.8F4M1	200	0.30864197530864196	15	47	0.3191489361702128	157	448	0.35044642857142855	28	153	0.1830065359477124	0.04008408682916302	0.719117640069697	5.0277658928458204e-05	0.802061823450621	1.0	0.006034312403160854	-0.031297492401215765	0.13614240022250038	0	normal_vs_control
chr3:63896291:63896291:INS	chr3	63896291	63896291	INS	0006C_Sniffles2.INS.DES2	197	0.30401234567901236	15	47	0.3191489361702128	154	448	0.34375	28	153	0.1830065359477124	0.04008408682916302	0.6875218793617194	9.064757835285584e-05	0.802061823450621	1.0	0.009455344764233483	-0.024601063829787218	0.13614240022250038	0	normal_vs_control
chr7:31599660:31599660:INS	chr7	31599660	31599660	INS	Sniffles2.INS.1A17M6	35	0.05401234567901234	3	47	0.06382978723404255	31	448	0.06919642857142858	1	153	0.006535947712418301	0.041110953939053826	0.6473681761706306	0.0007842577297971023	0.802061823450621	1.0	0.045949482022921914	-0.005366641337386027	0.05729383952162425	0	normal_vs_control
chr10:345881:345881:INS	chr10	345881	345881	INS	Sniffles2.INS.5EM9	111	0.1712962962962963	9	47	0.19148936170212766	89	448	0.19866071428571427	13	153	0.08496732026143791	0.042833585680905395	0.6102770456764635	0.0005336889250951395	0.8149737299966479	1.0	0.03510684344794488	-0.007171352583586615	0.10652204144068975	0	normal_vs_control
chr10:19467312:19467312:INS	chr10	19467312	19467312	INS	123_Sniffles2.INS.C7S9	111	0.1712962962962963	9	47	0.19148936170212766	89	448	0.19866071428571427	13	153	0.08496732026143791	0.042833585680905395	0.6102770456764635	0.0005336889250951395	0.8149737299966479	1.0	0.03510684344794488	-0.007171352583586615	0.10652204144068975	0	normal_vs_control
chr10:132148458:132148507:DEL	chr10	132148458	132148507	DEL	Sniffles2.DEL.7A06M9	126	0.19444444444444445	9	47	0.19148936170212766	104	448	0.23214285714285715	13	153	0.08496732026143791	0.042833585680905395	0.7895167401364916	2.1309253920106023e-05	0.8149737299966479	1.0	0.0031899377192617095	-0.04065349544072949	0.10652204144068975	0	normal_vs_control
chr2:180537321:180537321:INS	chr2	180537321	180537321	INS	0061C_Sniffles2.INS.822S1	115	0.17746913580246915	9	47	0.19148936170212766	93	448	0.20758928571428573	13	153	0.08496732026143791	0.042833585680905395	0.664093924175992	0.00023578503028218515	0.8149737299966479	1.0	0.01905843731924026	-0.016099924012158068	0.10652204144068975	0	normal_vs_control
chr1:3443212:3443292:DEL	chr1	3443212	3443292	DEL	Sniffles2.DEL.926M0	185	0.2854938271604938	13	47	0.2765957446808511	149	448	0.3325892857142857	23	153	0.1503267973856209	0.04317749750416465	0.826356447334128	6.009451904451509e-06	0.8149737299966479	1.0	0.0012323635817414573	-0.055993541033434624	0.12626894729523017	0	normal_vs_control
chr12:125053540:125053540:INS	chr12	125053540	125053540	INS	0011C_Sniffles2.INS.1F7SB	168	0.25925925925925924	13	47	0.2765957446808511	132	448	0.29464285714285715	23	153	0.1503267973856209	0.04317749750416465	0.6593697611921003	0.0002017433374985848	0.8149737299966479	1.0	0.017007853846836552	-0.018047112462006076	0.12626894729523017	0	normal_vs_control
chr13:30712493:30712493:INS	chr13	30712493	30712493	INS	0003C_Sniffles2.INS.8ESC	160	0.24691358024691357	13	47	0.2765957446808511	124	448	0.2767857142857143	23	153	0.1503267973856209	0.04317749750416465	0.5609814507781107	0.0008729533292607836	0.8149737299966479	1.0	0.0499495237614631	-0.00018996960486322712	0.12626894729523017	0	normal_vs_control
chr16:58359819:58359819:INS	chr16	58359819	58359819	INS	0003C_Sniffles2.INS.105SF	170	0.2623456790123457	13	47	0.2765957446808511	134	448	0.29910714285714285	23	153	0.1503267973856209	0.04317749750416465	0.6823057080207373	0.0001372232231790183	0.8149737299966479	1.0	0.012817065574096908	-0.022511398176291775	0.12626894729523017	0	normal_vs_control
chr17:15175176:15175176:INS	chr17	15175176	15175176	INS	Sniffles2.INS.103CM10	236	0.36419753086419754	17	47	0.3617021276595745	185	448	0.41294642857142855	34	153	0.2222222222222222	0.044389932045554116	0.7976397498227469	1.131101009308484e-05	0.8149737299966479	1.0	0.0019763224827627226	-0.05124430091185406	0.13947990543735228	0	normal_vs_control
chr4:150121223:150121223:INS	chr4	150121223	150121223	INS	Sniffles2.INS.8639M3	237	0.36574074074074076	17	47	0.3617021276595745	186	448	0.41517857142857145	34	153	0.2222222222222222	0.044389932045554116	0.8058405632317069	9.159825689074455e-06	0.8149737299966479	1.0	0.0017056683070071983	-0.05347644376899696	0.13947990543735228	0	normal_vs_control
chr5:141904914:141904914:INS	chr5	141904914	141904914	INS	Sniffles2.INS.748FM4	220	0.3395061728395062	17	47	0.3617021276595745	169	448	0.37723214285714285	34	153	0.2222222222222222	0.044389932045554116	0.6396738260465901	0.0002543791269480412	0.8149737299966479	1.0	0.020208592469200756	-0.015530015197568359	0.13947990543735228	0	normal_vs_control
chr10:68182465:68182465:INS	chr10	68182465	68182465	INS	Sniffles2.INS.4D01M9	137	0.21141975308641975	11	47	0.23404255319148937	108	448	0.24107142857142858	18	153	0.11764705882352941	0.044541054290985184	0.6035654656271274	0.000574091252058553	0.8149737299966479	1.0	0.03694951371686179	-0.007028875379939209	0.11639549436795996	0	normal_vs_control
chr16:84125114:84125114:INS	chr16	84125114	84125114	INS	Sniffles2.INS.70BAMF	140	0.21604938271604937	11	47	0.23404255319148937	111	448	0.24776785714285715	18	153	0.11764705882352941	0.044541054290985184	0.6419811878714198	0.00032391713657057674	0.8149737299966479	1.0	0.02440969028621919	-0.013725303951367784	0.11639549436795996	0	normal_vs_control
chr17:46355098:46355098:INS	chr17	46355098	46355098	INS	0002C_Sniffles2.INS.13BS10	139	0.21450617283950618	11	47	0.23404255319148937	110	448	0.24553571428571427	18	153	0.11764705882352941	0.044541054290985184	0.6293624792532454	0.0003927638139755103	0.8149737299966479	1.0	0.02785454817986628	-0.011493161094224907	0.11639549436795996	0	normal_vs_control
chr7:50587000:50587040:DEL	chr7	50587000	50587040	DEL	Sniffles2.DEL.267AM6	137	0.21141975308641975	11	47	0.23404255319148937	108	448	0.24107142857142858	18	153	0.11764705882352941	0.044541054290985184	0.6035654656271274	0.000574091252058553	0.8149737299966479	1.0	0.03694951371686179	-0.007028875379939209	0.11639549436795996	0	normal_vs_control
chr7:131529916:131529953:DEL	chr7	131529916	131529953	DEL	0006C_Sniffles2.DEL.77BS6	147	0.22685185185185186	11	47	0.23404255319148937	118	448	0.26339285714285715	18	153	0.11764705882352941	0.044541054290985184	0.7242470097000167	7.966032127963184e-05	0.8149737299966479	1.0	0.008550825339217536	-0.029350303951367784	0.11639549436795996	0	normal_vs_control
chr12:108655335:108655380:DEL	chr12	108655335	108655380	DEL	Sniffles2.DEL.58CCMB	187	0.28858024691358025	14	47	0.2978723404255319	147	448	0.328125	26	153	0.16993464052287582	0.046808043463113486	0.7169486382738267	8.945508218066916e-05	0.8149737299966479	1.0	0.009401780060385017	-0.0302526595744681	0.12793769990265608	0	normal_vs_control
chr6:23797331:23797331:INS	chr6	23797331	23797331	INS	Sniffles2.INS.1184M5	193	0.2978395061728395	14	47	0.2978723404255319	153	448	0.34151785714285715	26	153	0.16993464052287582	0.046808043463113486	0.7756636658692054	2.676090298425188e-05	0.8149737299966479	1.0	0.0038599814960722477	-0.04364551671732525	0.12793769990265608	0	normal_vs_control
chr6:68009573:68009615:DEL	chr6	68009573	68009615	DEL	0002C_Sniffles2.DEL.47DS5	252	0.3888888888888889	19	47	0.40425531914893614	193	448	0.43080357142857145	40	153	0.26143790849673204	0.04690707292865703	0.691363177553793	0.00011762421534260875	0.8149737299966479	1.0	0.011470017674993685	-0.02654825227963531	0.1428174106522041	0	normal_vs_control
chr8:141631586:141631586:INS	chr8	141631586	141631586	INS	Sniffles2.INS.7191M7	268	0.41358024691358025	19	47	0.40425531914893614	209	448	0.46651785714285715	40	153	0.26143790849673204	0.04690707292865703	0.8335149741120523	4.704838611390241e-06	0.8149737299966479	1.0	0.000994624431327033	-0.06226253799392101	0.1428174106522041	0	normal_vs_control
chr13:55131660:55131660:INS	chr13	55131660	55131660	INS	0006C_Sniffles2.INS.133SC	98	0.15123456790123457	8	47	0.1702127659574468	79	448	0.17633928571428573	11	153	0.0718954248366013	0.04746231960115713	0.6075184088783812	0.0007808801297581135	0.8149737299966479	1.0	0.0459144252941002	-0.006126519756838922	0.0983173411208455	0	normal_vs_control
chr5:73247502:73247510:DEL	chr5	73247502	73247510	DEL	Sniffles2.DEL.4834M4	278	0.42901234567901236	20	47	0.425531914893617	215	448	0.4799107142857143	43	153	0.28104575163398693	0.04757386564066397	0.8058875983036942	1.0268007713633501e-05	0.8149737299966479	1.0	0.0018525225121913105	-0.05437879939209728	0.1444861632596301	0	normal_vs_control
chr3:151106275:151106317:DEL	chr3	151106275	151106317	DEL	Sniffles2.DEL.84B1M2	192	0.2962962962962963	15	47	0.3191489361702128	148	448	0.33035714285714285	29	153	0.1895424836601307	0.0498054818056206	0.6196106658219194	0.0005191226450285258	0.8149737299966479	1.0	0.03451760511745497	-0.011208206686930067	0.12960645251008207	0	normal_vs_control
chr7:159291182:159291182:INS	chr7	159291182	159291182	INS	Sniffles2.INS.8C68M6	223	0.3441358024691358	15	47	0.3191489361702128	179	448	0.39955357142857145	29	153	0.1895424836601307	0.0498054818056206	0.891993513763322	9.261390874707399e-07	0.8149737299966479	1.0	0.0003084623656176682	-0.08040463525835867	0.12960645251008207	0	normal_vs_control
chr8:290971:290971:INS	chr8	290971	290971	INS	0011C_Sniffles2.INS.3S7	197	0.30401234567901236	15	47	0.3191489361702128	153	448	0.34151785714285715	29	153	0.1895424836601307	0.0498054818056206	0.6766177408247112	0.00021154366354683775	0.8149737299966479	1.0	0.017619519453431955	-0.02236892097264437	0.12960645251008207	0	normal_vs_control
chr12:131540141:131540180:DEL	chr12	131540141	131540180	DEL	0002C_Sniffles2.DEL.486SB	158	0.24382716049382716	12	47	0.2553191489361702	125	448	0.27901785714285715	21	153	0.13725490196078433	0.04991191827978807	0.6916896796979318	0.00018941880053495894	0.8149737299966479	1.0	0.0161534394633059	-0.023698708206686958	0.11806424697538587	0	normal_vs_control
chr4:114226364:114226364:INS	chr4	114226364	114226364	INS	0006C_Sniffles2.INS.27BS3	155	0.23919753086419754	12	47	0.2553191489361702	122	448	0.27232142857142855	21	153	0.13725490196078433	0.04991191827978807	0.6567182610413113	0.0003361789769849593	0.8149737299966479	1.0	0.024966283550334735	-0.017002279635258355	0.11806424697538587	0	normal_vs_control
chr9:115821:115867:DEL	chr9	115821	115867	DEL	Sniffles2.DEL.3EM8	151	0.2330246913580247	12	47	0.2553191489361702	118	448	0.26339285714285715	21	153	0.13725490196078433	0.04991191827978807	0.6074037242348812	0.0007031204867764423	0.8149737299966479	1.0	0.04283272516903557	-0.008073708206686958	0.11806424697538587	0	normal_vs_control
chr1:30301395:30301395:INS	chr1	30301395	30301395	INS	0004c_Sniffles2.INS.1F1S0	125	0.19290123456790123	10	47	0.2127659574468085	99	448	0.22098214285714285	16	153	0.10457516339869281	0.05075574137838892	0.6133050348912316	0.0007489356054866576	0.8149737299966479	1.0	0.044652363096550046	-0.008216185410334337	0.1081907940481157	0	normal_vs_control
chr11:69568645:69568645:INS	chr11	69568645	69568645	INS	0022C_Sniffles2.INS.126SA	125	0.19290123456790123	10	47	0.2127659574468085	99	448	0.22098214285714285	16	153	0.10457516339869281	0.05075574137838892	0.6133050348912316	0.0007489356054866576	0.8149737299966479	1.0	0.044652363096550046	-0.008216185410334337	0.1081907940481157	0	normal_vs_control
chr14:53658128:53658128:INS	chr14	53658128	53658128	INS	Sniffles2.INS.4598MD	133	0.2052469135802469	10	47	0.2127659574468085	107	448	0.23883928571428573	16	153	0.10457516339869281	0.05075574137838892	0.7131021470889078	0.00015485083276339505	0.8149737299966479	1.0	0.013927600108766027	-0.026073328267477214	0.1081907940481157	0	normal_vs_control
chr2:197807410:197807410:INS	chr2	197807410	197807410	INS	0006C_Sniffles2.INS.3B8S1	133	0.2052469135802469	10	47	0.2127659574468085	107	448	0.23883928571428573	16	153	0.10457516339869281	0.05075574137838892	0.7131021470889078	0.00015485083276339505	0.8149737299966479	1.0	0.013927600108766027	-0.026073328267477214	0.1081907940481157	0	normal_vs_control
chr20:31062724:31062724:INS	chr20	31062724	31062724	INS	Sniffles2.INS.3102M13	136	0.20987654320987653	10	47	0.2127659574468085	110	448	0.24553571428571427	16	153	0.10457516339869281	0.05075574137838892	0.7463723228035872	8.306647244332152e-05	0.8149737299966479	1.0	0.00879710473363421	-0.03276975683890576	0.1081907940481157	0	normal_vs_control
chr22:49163982:49164026:DEL	chr22	49163982	49164026	DEL	Sniffles2.DEL.71A8M15	125	0.19290123456790123	10	47	0.2127659574468085	99	448	0.22098214285714285	16	153	0.10457516339869281	0.05075574137838892	0.6133050348912316	0.0007489356054866576	0.8149737299966479	1.0	0.044652363096550046	-0.008216185410334337	0.1081907940481157	0	normal_vs_control
chr8:81639623:81639672:DEL	chr8	81639623	81639672	DEL	Sniffles2.DEL.46DDM7	132	0.2037037037037037	10	47	0.2127659574468085	106	448	0.23660714285714285	16	153	0.10457516339869281	0.05075574137838892	0.7014777127436023	0.00018985861722055575	0.8149737299966479	1.0	0.0161534394633059	-0.023841185410334337	0.1081907940481157	0	normal_vs_control
chr18:79728700:79728700:INS	chr18	79728700	79728700	INS	0006C_Sniffles2.INS.1CBS11	94	0.14506172839506173	7	47	0.14893617021276595	78	448	0.17410714285714285	9	153	0.058823529411764705	0.05182941236807713	0.7309199600041719	0.00015657371642372554	0.8149737299966479	1.0	0.013972077270817342	-0.0251709726443769	0.09011264080100125	0	normal_vs_control
chr1:13037961:13037961:INS	chr1	13037961	13037961	INS	Sniffles2.INS.123DM0	236	0.36419753086419754	16	47	0.3404255319148936	188	448	0.41964285714285715	32	153	0.20915032679738563	0.05222032250877436	0.8868045590506772	1.3041571641676524e-06	0.8149737299966479	1.0	0.000384226898983606	-0.07921732522796354	0.13127520511750798	0	normal_vs_control
chr1:230291877:230291877:INS	chr1	230291877	230291877	INS	0003C_Sniffles2.INS.3BFS0	217	0.33487654320987653	16	47	0.3404255319148936	169	448	0.37723214285714285	32	153	0.20915032679738563	0.05222032250877436	0.741427099414813	7.229842257957174e-05	0.8149737299966479	1.0	0.00786731832973933	-0.03680661094224924	0.13127520511750798	0	normal_vs_control
chr3:149457776:149457776:INS	chr3	149457776	149457776	INS	0002C_Sniffles2.INS.1C8S2	236	0.36419753086419754	16	47	0.3404255319148936	188	448	0.41964285714285715	32	153	0.20915032679738563	0.05222032250877436	0.8868045590506772	1.3041571641676524e-06	0.8149737299966479	1.0	0.000384226898983606	-0.07921732522796354	0.13127520511750798	0	normal_vs_control
chr5:111519875:111519875:INS	chr5	111519875	111519875	INS	0002C_Sniffles2.INS.201S4	229	0.3533950617283951	16	47	0.3404255319148936	181	448	0.40401785714285715	32	153	0.20915032679738563	0.05222032250877436	0.8423197053596669	6.203222659949989e-06	0.8149737299966479	1.0	0.0012631768260636398	-0.06359232522796354	0.13127520511750798	0	normal_vs_control
chr17:61044466:61044466:INS	chr17	61044466	61044466	INS	Sniffles2.INS.4005M10	249	0.38425925925925924	17	47	0.3617021276595745	197	448	0.43973214285714285	35	153	0.22875816993464052	0.05410100603069105	0.8819958207745454	1.722440749619578e-06	0.8149737299966479	1.0	0.00046537828409721555	-0.07803001519756836	0.13294395772493398	0	normal_vs_control
chr18:29642261:29642261:INS	chr18	29642261	29642261	INS	Sniffles2.INS.2B91M11	229	0.3533950617283951	17	47	0.3617021276595745	177	448	0.3950892857142857	35	153	0.22875816993464052	0.05410100603069105	0.72459199862437	0.00010829071567743093	0.8149737299966479	1.0	0.010768413213539578	-0.03338715805471121	0.13294395772493398	0	normal_vs_control
chr12:109427902:109427902:INS	chr12	109427902	109427902	INS	Sniffles2.INS.595CMB	69	0.10648148148148148	4	47	0.0851063829787234	62	448	0.13839285714285715	3	153	0.0196078431372549	0.054264784804026626	0.9002381576186189	4.251361444389254e-06	0.8149737299966479	1.0	0.0009142073654408109	-0.05328647416413375	0.0654985398414685	0	normal_vs_control
chr15:31753707:31753707:INS	chr15	31753707	31753707	INS	Sniffles2.INS.3F70ME	59	0.09104938271604938	4	47	0.0851063829787234	52	448	0.11607142857142858	3	153	0.0196078431372549	0.054264784804026626	0.8073583315608157	6.727189212715722e-05	0.8149737299966479	1.0	0.007407665131489034	-0.030965045592705173	0.0654985398414685	0	normal_vs_control
chr9:111887366:111887414:DEL	chr9	111887366	111887414	DEL	Sniffles2.DEL.F000M8	51	0.0787037037037037	4	47	0.0851063829787234	44	448	0.09821428571428571	3	153	0.0196078431372549	0.054264784804026626	0.6930799290789151	0.0005465306348369573	0.8149737299966479	1.0	0.035609397897527	-0.01310790273556231	0.0654985398414685	0	normal_vs_control
chr9:115242524:115242544:DEL	chr9	115242524	115242544	DEL	0026C_Sniffles2.DEL.5D5S8	53	0.08179012345679013	4	47	0.0851063829787234	46	448	0.10267857142857142	3	153	0.0196078431372549	0.054264784804026626	0.7253053382616973	0.0003271352764639116	0.8149737299966479	1.0	0.02451876683732495	-0.017572188449848022	0.0654985398414685	0	normal_vs_control
chrX:9271006:9271006:INS	chrX	9271006	9271006	INS	Sniffles2.INS.1288M16	53	0.08179012345679013	4	47	0.0851063829787234	46	448	0.10267857142857142	3	153	0.0196078431372549	0.054264784804026626	0.7253053382616973	0.0003271352764639116	0.8149737299966479	1.0	0.02451876683732495	-0.017572188449848022	0.0654985398414685	0	normal_vs_control
chr2:112356102:112356102:INS	chr2	112356102	112356102	INS	Sniffles2.INS.6DB3M1	26	0.040123456790123455	2	47	0.0425531914893617	24	448	0.05357142857142857	0	153	0.0	0.054321608040201	0.7294316825787763	0.000736916489257523	0.8149737299966479	1.0	0.044365576638038785	-0.011018237082066867	0.0425531914893617	0	normal_vs_control
chr8:135924185:135924193:DEL	chr8	135924185	135924193	DEL	222_Sniffles2.DEL.497S7	27	0.041666666666666664	2	47	0.0425531914893617	25	448	0.05580357142857143	0	153	0.0	0.054321608040201	0.7491453412833624	0.0005415122901996357	0.8149737299966479	1.0	0.0354705178762775	-0.01325037993920973	0.0425531914893617	0	normal_vs_control
chr19:23964355:23964401:DEL	chr19	23964355	23964401	DEL	Sniffles2.DEL.1B24M12	165	0.25462962962962965	13	47	0.2765957446808511	128	448	0.2857142857142857	24	153	0.1568627450980392	0.054417001094002125	0.6113564336157165	0.0008083836667802969	0.8149737299966479	1.0	0.04673773959877566	-0.009118541033434624	0.11973299958281186	0	normal_vs_control
chr6:98666888:98666929:DEL	chr6	98666888	98666929	DEL	Sniffles2.DEL.497CM5	176	0.2716049382716049	13	47	0.2765957446808511	139	448	0.31026785714285715	24	153	0.1568627450980392	0.054417001094002125	0.7360590479423373	0.00010502181198197247	0.8149737299966479	1.0	0.010537949496480962	-0.033672112462006076	0.11973299958281186	0	normal_vs_control
chr1:244435565:244435565:INS	chr1	244435565	244435565	INS	Sniffles2.INS.CE33M0	85	0.13117283950617284	6	47	0.1276595744680851	72	448	0.16071428571428573	7	153	0.0457516339869281	0.05537739461864448	0.7844804425050454	7.588508212373812e-05	0.8149737299966479	1.0	0.008210477283060921	-0.03305471124620063	0.08190794048115699	0	normal_vs_control
chr10:111953224:111953271:DEL	chr10	111953224	111953271	DEL	Sniffles2.DEL.698FM9	92	0.1419753086419753	6	47	0.1276595744680851	79	448	0.17633928571428573	7	153	0.0457516339869281	0.05537739461864448	0.8532914195563658	1.3520568352613746e-05	0.8149737299966479	1.0	0.002290144464570551	-0.04867971124620063	0.08190794048115699	0	normal_vs_control
chr2:40891897:40891897:INS	chr2	40891897	40891897	INS	Sniffles2.INS.200DM1	89	0.13734567901234568	6	47	0.1276595744680851	76	448	0.16964285714285715	7	153	0.0457516339869281	0.05537739461864448	0.8262118087715328	2.8615467631988708e-05	0.8149737299966479	1.0	0.004002407881819673	-0.041983282674772054	0.08190794048115699	0	normal_vs_control
chr2:192729435:192729435:INS	chr2	192729435	192729435	INS	Sniffles2.INS.A1FDM1	87	0.13425925925925927	6	47	0.1276595744680851	74	448	0.16517857142857142	7	153	0.0457516339869281	0.05537739461864448	0.8061692318262539	4.6764823365820926e-05	0.8149737299966479	1.0	0.005692769311178219	-0.03751899696048633	0.08190794048115699	0	normal_vs_control
chr22:16386941:16387001:DEL	chr22	16386941	16387001	DEL	Sniffles2.DEL.5272M15	79	0.12191358024691358	6	47	0.1276595744680851	66	448	0.14732142857142858	7	153	0.0457516339869281	0.05537739461864448	0.7093230881775121	0.00031016881648168753	0.8149737299966479	1.0	0.023437422110897287	-0.01966185410334348	0.08190794048115699	0	normal_vs_control
chr8:58898348:58898348:INS	chr8	58898348	58898348	INS	Sniffles2.INS.3884M7	91	0.1404320987654321	6	47	0.1276595744680851	78	448	0.17410714285714285	7	153	0.0457516339869281	0.05537739461864448	0.844653434176211	1.7388815109617715e-05	0.8149737299966479	1.0	0.0027518048322614456	-0.04644756838905775	0.08190794048115699	0	normal_vs_control
chr10:726611:726611:INS	chr10	726611	726611	INS	Sniffles2.INS.160M9	277	0.42746913580246915	18	47	0.3829787234042553	221	448	0.49330357142857145	38	153	0.24836601307189543	0.05549213214246525	0.9451101322873243	5.9168481687877675e-08	0.8149737299966479	1.0	4.369631818304225e-05	-0.11032484802431614	0.1346127103323599	0	normal_vs_control
chr18:6729545:6729575:DEL	chr18	6729545	6729575	DEL	0003C_Sniffles2.DEL.1AAS11	281	0.43364197530864196	18	47	0.3829787234042553	225	448	0.5022321428571429	38	153	0.24836601307189543	0.05549213214246525	0.9568700157056318	2.098033938676644e-08	0.8149737299966479	1.0	2.151961181396703e-05	-0.11925341945288759	0.1346127103323599	0	normal_vs_control
chr3:63632231:63632231:INS	chr3	63632231	63632231	INS	Sniffles2.INS.29DBM2	241	0.37191358024691357	18	47	0.3829787234042553	185	448	0.41294642857142855	38	153	0.24836601307189543	0.05549213214246525	0.7079132031129478	0.0001545485566345828	0.8149737299966479	1.0	0.013927600108766027	-0.02996770516717323	0.1346127103323599	0	normal_vs_control
chr9:28769499:28769533:DEL	chr9	28769499	28769533	DEL	0003C_Sniffles2.DEL.5A0S8	262	0.404320987654321	18	47	0.3829787234042553	206	448	0.45982142857142855	38	153	0.24836601307189543	0.05549213214246525	0.8775593192278264	2.152408994935001e-06	0.8149737299966479	1.0	0.0005597071803354922	-0.07684270516717323	0.1346127103323599	0	normal_vs_control
chr9:107076377:107076377:INS	chr9	107076377	107076377	INS	Sniffles2.INS.EC71M8	278	0.42901234567901236	19	47	0.40425531914893614	218	448	0.48660714285714285	41	153	0.2679738562091503	0.0564339039381248	0.8907293048455052	1.3002041517558981e-06	0.8149737299966479	1.0	0.000384226898983606	-0.0823518237082067	0.13628146293978582	0	normal_vs_control
chr1:79722830:79722830:INS	chr1	79722830	79722830	INS	Sniffles2.INS.414BM0	64	0.09876543209876543	5	47	0.10638297872340426	54	448	0.12053571428571429	5	153	0.032679738562091505	0.056995769270736865	0.6854753193719089	0.0005670527059930734	0.8149737299966479	1.0	0.036734403835724384	-0.014152735562310031	0.07370324016131274	0	normal_vs_control
chr12:62945767:62945767:INS	chr12	62945767	62945767	INS	Sniffles2.INS.3A94MB	64	0.09876543209876543	5	47	0.10638297872340426	54	448	0.12053571428571429	5	153	0.032679738562091505	0.056995769270736865	0.6854753193719089	0.0005670527059930734	0.8149737299966479	1.0	0.036734403835724384	-0.014152735562310031	0.07370324016131274	0	normal_vs_control
chr18:73325626:73325668:DEL	chr18	73325626	73325668	DEL	Sniffles2.DEL.49DBM11	63	0.09722222222222222	5	47	0.10638297872340426	53	448	0.11830357142857142	5	153	0.032679738562091505	0.056995769270736865	0.6696988741799415	0.0007175524949573937	0.8149737299966479	1.0	0.04357872542839926	-0.011920592705167168	0.07370324016131274	0	normal_vs_control
chr5:64796826:64796826:INS	chr5	64796826	64796826	INS	Sniffles2.INS.4320M4	82	0.12654320987654322	5	47	0.10638297872340426	72	448	0.16071428571428573	5	153	0.032679738562091505	0.056995769270736865	0.8871812210735508	5.983062122617342e-06	0.8149737299966479	1.0	0.001231932508726875	-0.05433130699088147	0.07370324016131274	0	normal_vs_control
chr16:83658090:83658090:INS	chr16	83658090	83658090	INS	Sniffles2.INS.704CMF	142	0.2191358024691358	11	47	0.23404255319148937	112	448	0.25	19	153	0.12418300653594772	0.05744187908600877	0.6543999351456349	0.0005471148553981996	0.8149737299966479	1.0	0.035609397897527	-0.015957446808510634	0.10985954665554165	0	normal_vs_control
chr5:27351449:27351449:INS	chr5	27351449	27351449	INS	Sniffles2.INS.18F4M4	151	0.2330246913580247	11	47	0.23404255319148937	121	448	0.2700892857142857	19	153	0.12418300653594772	0.05744187908600877	0.7558832979713797	9.442557729434073e-05	0.8149737299966479	1.0	0.009775782944259707	-0.03604673252279633	0.10985954665554165	0	normal_vs_control
chr10:116599757:116599757:INS	chr10	116599757	116599757	INS	Sniffles2.INS.6C6FM9	127	0.19598765432098766	9	47	0.19148936170212766	104	448	0.23214285714285715	14	153	0.0915032679738562	0.057487224003338326	0.7895167401364916	5.377294789211156e-05	0.8149737299966479	1.0	0.006350481957032569	-0.04065349544072949	0.09998609372827146	0	normal_vs_control
chr13:30205964:30205964:INS	chr13	30205964	30205964	INS	Sniffles2.INS.44C9MC	123	0.18981481481481483	9	47	0.19148936170212766	100	448	0.22321428571428573	14	153	0.0915032679738562	0.057487224003338326	0.7480439571721037	0.00012703514353602124	0.8149737299966479	1.0	0.012110537917681831	-0.03172492401215807	0.09998609372827146	0	normal_vs_control
chr18:43104527:43104527:INS	chr18	43104527	43104527	INS	Sniffles2.INS.3437M11	115	0.17746913580246915	9	47	0.19148936170212766	92	448	0.20535714285714285	14	153	0.0915032679738562	0.057487224003338326	0.6510034901561206	0.0006467472691767955	0.8149737299966479	1.0	0.04029475561885753	-0.01386778115501519	0.09998609372827146	0	normal_vs_control
chr18:59255839:59255839:INS	chr18	59255839	59255839	INS	0006C_Sniffles2.INS.115S11	114	0.17592592592592593	9	47	0.19148936170212766	91	448	0.203125	14	153	0.0915032679738562	0.057487224003338326	0.6376633053926287	0.0007856243134922196	0.8149737299966479	1.0	0.045949482022921914	-0.011635638297872342	0.09998609372827146	0	normal_vs_control
chr2:114477779:114477779:INS	chr2	114477779	114477779	INS	Sniffles2.INS.6F36M1	115	0.17746913580246915	9	47	0.19148936170212766	92	448	0.20535714285714285	14	153	0.0915032679738562	0.057487224003338326	0.6510034901561206	0.0006467472691767955	0.8149737299966479	1.0	0.04029475561885753	-0.01386778115501519	0.09998609372827146	0	normal_vs_control
chr1:3895586:3895586:INS	chr1	3895586	3895586	INS	0006C_Sniffles2.INS.84S0	201	0.3101851851851852	14	47	0.2978723404255319	160	448	0.35714285714285715	27	153	0.17647058823529413	0.05813388332084275	0.8338382758241234	1.307270196914852e-05	0.821198553780882	1.0	0.002227910205129841	-0.05927051671732525	0.12140175219023777	0	normal_vs_control
chr4:81851625:81851625:INS	chr4	81851625	81851625	INS	0002C_Sniffles2.INS.1AES3	191	0.29475308641975306	14	47	0.2978723404255319	150	448	0.33482142857142855	27	153	0.17647058823529413	0.05813388332084275	0.7472931794906978	9.949575235251496e-05	0.821198553780882	1.0	0.010224249965308161	-0.03694908814589665	0.12140175219023777	0	normal_vs_control
chr18:47396417:47396417:INS	chr18	47396417	47396417	INS	Sniffles2.INS.3786M11	163	0.2515432098765432	12	47	0.2553191489361702	129	448	0.28794642857142855	22	153	0.1437908496732026	0.06300889875186615	0.7352514478742367	0.0001781332258409606	0.882634517973789	1.0	0.015416317363873633	-0.032627279635258355	0.11152829926296759	0	normal_vs_control
chr21:41931941:41931941:INS	chr21	41931941	41931941	INS	Sniffles2.INS.421CM14	157	0.24228395061728394	12	47	0.2553191489361702	123	448	0.27455357142857145	22	153	0.1437908496732026	0.06300889875186615	0.668581170299724	0.000548923332222687	0.882634517973789	1.0	0.03568517080416688	-0.01923442249240126	0.11152829926296759	0	normal_vs_control
chr5:19867682:19867682:INS	chr5	19867682	19867682	INS	Sniffles2.INS.1385M4	197	0.30401234567901236	12	47	0.2553191489361702	163	448	0.3638392857142857	22	153	0.1437908496732026	0.06300889875186615	0.9524295310921452	8.611424955820784e-08	0.882634517973789	1.0	5.482409258080479e-05	-0.1085201367781155	0.11152829926296759	0	normal_vs_control
chr9:74207667:74207709:DEL	chr9	74207667	74207709	DEL	Sniffles2.DEL.CDE8M8	212	0.3271604938271605	16	47	0.3404255319148936	163	448	0.3638392857142857	33	153	0.21568627450980393	0.06350171008788841	0.6798986814255028	0.0004062189333791267	0.8884144274685434	1.0	0.028480575040510218	-0.02341375379939209	0.12473925740508968	0	normal_vs_control
chr4:49197117:49197117:INS	chr4	49197117	49197117	INS	Sniffles2.INS.273FM3	115	0.17746913580246915	8	47	0.1702127659574468	95	448	0.21205357142857142	12	153	0.0784313725490196	0.06466391209371886	0.8031991196436482	6.286747032798087e-05	0.8949537139047726	1.0	0.007063090155225567	-0.04184080547112462	0.0917813934084272	0	normal_vs_control
chr8:58376236:58376236:INS	chr8	58376236	58376236	INS	0002C_Sniffles2.INS.10DS7	116	0.17901234567901234	8	47	0.1702127659574468	96	448	0.21428571428571427	12	153	0.0784313725490196	0.06466391209371886	0.812675049419948	5.027403818304399e-05	0.8949537139047726	1.0	0.006034312403160854	-0.04407294832826747	0.0917813934084272	0	normal_vs_control
chr2:1934308:1934308:INS	chr2	1934308	1934308	INS	Sniffles2.INS.3B8M1	231	0.35648148148148145	17	47	0.3617021276595745	178	448	0.39732142857142855	36	153	0.23529411764705882	0.0652847804249854	0.7344202886925717	0.00016660789847488242	0.9012474656465276	1.0	0.014601389684694285	-0.03561930091185406	0.12640801001251567	0	normal_vs_control
chr4:186160258:186160318:DEL	chr4	186160258	186160318	DEL	Sniffles2.DEL.A040M3	239	0.36882716049382713	17	47	0.3617021276595745	186	448	0.41517857142857145	36	153	0.23529411764705882	0.0652847804249854	0.8058405632317069	3.628680785618597e-05	0.9012474656465276	1.0	0.0046632336741030825	-0.05347644376899696	0.12640801001251567	0	normal_vs_control
chr12:132347723:132347723:INS	chr12	132347723	132347723	INS	Sniffles2.INS.6DA6MB	168	0.25925925925925924	10	47	0.2127659574468085	141	448	0.31473214285714285	17	153	0.1111111111111111	0.06582944768526745	0.9502033636752515	1.521863502870354e-07	0.9018455227285663	1.0	8.02790244733173e-05	-0.10196618541033434	0.10165484633569741	0	normal_vs_control
chr14:40088934:40088934:INS	chr14	40088934	40088934	INS	0008C_Sniffles2.INS.CCSD	132	0.2037037037037037	10	47	0.2127659574468085	105	448	0.234375	17	153	0.1111111111111111	0.06582944768526745	0.6895951334432091	0.0004946923075014474	0.9018455227285663	1.0	0.033292852403268736	-0.021609042553191488	0.10165484633569741	0	normal_vs_control
chr14:70477828:70477874:DEL	chr14	70477828	70477874	DEL	Sniffles2.DEL.504DMD	141	0.2175925925925926	10	47	0.2127659574468085	114	448	0.2544642857142857	17	153	0.1111111111111111	0.06582944768526745	0.7868527685763615	8.17416099261796e-05	0.9018455227285663	1.0	0.00875726168392889	-0.041698328267477186	0.10165484633569741	0	normal_vs_control
chr16:85451760:85451760:INS	chr16	85451760	85451760	INS	Sniffles2.INS.7211MF	145	0.22376543209876543	10	47	0.2127659574468085	118	448	0.26339285714285715	17	153	0.1111111111111111	0.06582944768526745	0.8228036967485471	3.4965527939242956e-05	0.9018455227285663	1.0	0.004546175261734246	-0.05062689969604864	0.10165484633569741	0	normal_vs_control
chr17:52259602:52259602:INS	chr17	52259602	52259602	INS	Sniffles2.INS.3A4FM10	130	0.2006172839506173	10	47	0.2127659574468085	103	448	0.22991071428571427	17	153	0.1111111111111111	0.06582944768526745	0.6650827665118776	0.000722449434169567	0.9018455227285663	1.0	0.04373779163846251	-0.01714475683890576	0.10165484633569741	0	normal_vs_control
chr2:187190079:187190116:DEL	chr2	187190079	187190116	DEL	0026C_Sniffles2.DEL.6B9S1	140	0.21604938271604937	10	47	0.2127659574468085	113	448	0.25223214285714285	17	153	0.1111111111111111	0.06582944768526745	0.7771557321675822	0.00010060667522342202	0.9018455227285663	1.0	0.010300189514371347	-0.03946618541033434	0.10165484633569741	0	normal_vs_control
chr5:73149124:73149124:INS	chr5	73149124	73149124	INS	0008C_Sniffles2.INS.1BFS4	136	0.20987654320987653	10	47	0.2127659574468085	109	448	0.24330357142857142	17	153	0.1111111111111111	0.06582944768526745	0.7355541050197167	0.00022654773921400596	0.9018455227285663	1.0	0.0185074132442262	-0.030537613981762912	0.10165484633569741	0	normal_vs_control
chr6:121699779:121699824:DEL	chr6	121699779	121699824	DEL	Sniffles2.DEL.586CM5	240	0.37037037037037035	18	47	0.3829787234042553	183	448	0.40848214285714285	39	153	0.2549019607843137	0.06654238346777938	0.687274950426913	0.0003933836789677725	0.9095877432165262	1.0	0.02786283275021353	-0.025503419452887532	0.1280767626199416	0	normal_vs_control
chr11:102917078:102917124:DEL	chr11	102917078	102917124	DEL	Sniffles2.DEL.5832MA	285	0.4398148148148148	19	47	0.40425531914893614	224	448	0.5	42	153	0.27450980392156865	0.06732171080608794	0.9200106854976624	6.806770439839842e-07	0.9182011618142327	1.0	0.0002432344523366769	-0.09574468085106386	0.1297455152273675	0	normal_vs_control
chr3:44821428:44821428:INS	chr3	44821428	44821428	INS	0006C_Sniffles2.INS.A5S2	295	0.45524691358024694	19	47	0.40425531914893614	234	448	0.5223214285714286	42	153	0.27450980392156865	0.06732171080608794	0.9551209046138005	5.8229170671971036e-08	0.9182011618142327	1.0	4.3583747367285564e-05	-0.11806610942249246	0.1297455152273675	0	normal_vs_control
chr8:128492015:128492015:INS	chr8	128492015	128492015	INS	Sniffles2.INS.67FAM7	264	0.4074074074074074	19	47	0.40425531914893614	203	448	0.453125	42	153	0.27450980392156865	0.06732171080608794	0.7860924169683616	6.019523420356377e-05	0.9182011618142327	1.0	0.0069123710120511765	-0.04886968085106386	0.1297455152273675	0	normal_vs_control
chr1:214436800:214436843:DEL	chr1	214436800	214436843	DEL	Sniffles2.DEL.B88BM0	179	0.2762345679012346	13	47	0.2765957446808511	141	448	0.31473214285714285	25	153	0.16339869281045752	0.0675817006361602	0.756012127920081	0.00014320109512176645	0.9185804257265378	1.0	0.013219370427674	-0.038136398176291775	0.11319705187039356	0	normal_vs_control
chr18:32131073:32131119:DEL	chr18	32131073	32131119	DEL	Sniffles2.DEL.2D4BM11	179	0.2762345679012346	13	47	0.2765957446808511	141	448	0.31473214285714285	25	153	0.16339869281045752	0.0675817006361602	0.756012127920081	0.00014320109512176645	0.9185804257265378	1.0	0.013219370427674	-0.038136398176291775	0.11319705187039356	0	normal_vs_control
chr16:5709831:5709861:DEL	chr16	5709831	5709861	DEL	Sniffles2.DEL.7A5MF	119	0.18364197530864199	7	47	0.14893617021276595	102	448	0.22767857142857142	10	153	0.06535947712418301	0.07211942316650806	0.9280717212747792	1.429714104784824e-06	0.9641686242690196	1.0	0.000404025534876642	-0.07874240121580547	0.08357669308858294	0	normal_vs_control
chr4:80327703:80327703:INS	chr4	80327703	80327703	INS	0003C_Sniffles2.INS.19FS3	150	0.23148148148148148	11	47	0.23404255319148937	119	448	0.265625	20	153	0.13071895424836602	0.07269520722600727	0.7350476495329284	0.00029455311544230786	0.9678947446716564	1.0	0.02244113886948906	-0.031582446808510634	0.10332359894312335	0	normal_vs_control
chr6:46678056:46678056:INS	chr6	46678056	46678056	INS	0022C_Sniffles2.INS.118S5	147	0.22685185185185186	11	47	0.23404255319148937	116	448	0.25892857142857145	20	153	0.13071895424836602	0.07269520722600727	0.7019017729125868	0.0005182265734820784	0.9678947446716564	1.0	0.034512330213522	-0.024886018237082086	0.10332359894312335	0	normal_vs_control
chr9:3414811:3414811:INS	chr9	3414811	3414811	INS	Sniffles2.INS.2AEM8	202	0.3117283950617284	15	47	0.3191489361702128	156	448	0.3482142857142857	31	153	0.20261437908496732	0.07419393429246454	0.7087776772059239	0.0004236870789877235	0.9854804874319006	1.0	0.029555642230443362	-0.029065349544072916	0.11653455708524546	0	normal_vs_control
chr11:116240301:116240301:INS	chr11	116240301	116240301	INS	Sniffles2.INS.60A1MA	123	0.18981481481481483	9	47	0.19148936170212766	99	448	0.22098214285714285	15	153	0.09803921568627451	0.07513230186278014	0.7369187250571692	0.00035290670126508604	0.9903445824787401	1.0	0.025787330302995494	-0.02949278115501519	0.09345014601585315	0	normal_vs_control
chr15:100554591:100554591:INS	chr15	100554591	100554591	INS	0008C_Sniffles2.INS.1B6SE	120	0.18518518518518517	9	47	0.19148936170212766	96	448	0.21428571428571427	15	153	0.09803921568627451	0.07513230186278014	0.7017751653883715	0.0006356970788653898	0.9903445824787401	1.0	0.03977132286604926	-0.022796352583586615	0.09345014601585315	0	normal_vs_control
chr5:35196086:35196086:INS	chr5	35196086	35196086	INS	Sniffles2.INS.1E45M4	119	0.18364197530864199	9	47	0.19148936170212766	95	448	0.21205357142857142	15	153	0.09803921568627451	0.07513230186278014	0.6894879623280545	0.0007703924918474507	0.9903445824787401	1.0	0.04553948702075411	-0.020564209726443766	0.09345014601585315	0	normal_vs_control
chr6:155828876:155828888:DEL	chr6	155828876	155828888	DEL	0002C_Sniffles2.DEL.599S5	122	0.1882716049382716	9	47	0.19148936170212766	98	448	0.21875	15	153	0.09803921568627451	0.07513230186278014	0.7254959700203454	0.00043024648125742905	0.9903445824787401	1.0	0.029968570611902272	-0.02726063829787234	0.09345014601585315	0	normal_vs_control
chr8:106285866:106285866:INS	chr8	106285866	106285866	INS	0002C_Sniffles2.INS.18CS7	134	0.20679012345679013	9	47	0.19148936170212766	110	448	0.24553571428571427	15	153	0.09803921568627451	0.07513230186278014	0.842597523091697	3.5164575768576165e-05	0.9903445824787401	1.0	0.004561347828266737	-0.054046352583586615	0.09345014601585315	0	normal_vs_control
chr11:47402261:47402261:INS	chr11	47402261	47402261	INS	0002C_Sniffles2.INS.E6SA	165	0.25462962962962965	12	47	0.2553191489361702	130	448	0.29017857142857145	23	153	0.1503267973856209	0.0782875658609903	0.7455571870003042	0.0002943513781801479	1.0	1.0	0.02244113886948906	-0.03485942249240126	0.10499235155054928	0	normal_vs_control
chr1:87581931:87581931:INS	chr1	87581931	87581931	INS	0006C_Sniffles2.INS.1E8S0	263	0.4058641975308642	18	47	0.3829787234042553	205	448	0.4575892857142857	40	153	0.26143790849673204	0.07909562352230583	0.8715456673348585	1.1038444030072083e-05	1.0	1.0	0.00193480170233428	-0.07461056231003038	0.12154081490752328	0	normal_vs_control
chr1:195101487:195101487:INS	chr1	195101487	195101487	INS	Sniffles2.INS.ABD9M0	97	0.14969135802469136	6	47	0.1276595744680851	83	448	0.18526785714285715	8	153	0.05228758169934641	0.07949448467962339	0.8841529694908699	1.6399817721338227e-05	1.0	1.0	0.002617732288038852	-0.057608282674772054	0.07537199276873868	0	normal_vs_control
chr18:6540275:6540275:INS	chr18	6540275	6540275	INS	Sniffles2.INS.4DBM11	81	0.125	6	47	0.1276595744680851	67	448	0.14955357142857142	8	153	0.05228758169934641	0.07949448467962339	0.7229004414756881	0.0006735763619043837	1.0	1.0	0.041315667257098565	-0.021893996960486328	0.07537199276873868	0	normal_vs_control
chr3:86080119:86080119:INS	chr3	86080119	86080119	INS	Sniffles2.INS.38A8M2	86	0.13271604938271606	6	47	0.1276595744680851	72	448	0.16071428571428573	8	153	0.05228758169934641	0.07949448467962339	0.7844804425050454	0.00022222685553055876	1.0	1.0	0.018289303230500133	-0.03305471124620063	0.07537199276873868	0	normal_vs_control
chr4:149421024:149421024:INS	chr4	149421024	149421024	INS	0026C_Sniffles2.INS.22AS3	81	0.125	6	47	0.1276595744680851	67	448	0.14955357142857142	8	153	0.05228758169934641	0.07949448467962339	0.7229004414756881	0.0006735763619043837	1.0	1.0	0.041315667257098565	-0.021893996960486328	0.07537199276873868	0	normal_vs_control
chr5:22654136:22654136:INS	chr5	22654136	22654136	INS	Sniffles2.INS.1598M4	92	0.1419753086419753	6	47	0.1276595744680851	78	448	0.17410714285714285	8	153	0.05228758169934641	0.07949448467962339	0.844653434176211	5.510422099040636e-05	1.0	1.0	0.006463672248596022	-0.04644756838905775	0.07537199276873868	0	normal_vs_control
chr2:233724127:233724127:INS	chr2	233724127	233724127	INS	Sniffles2.INS.BD67M1	177	0.27314814814814814	13	47	0.2765957446808511	138	448	0.3080357142857143	26	153	0.16993464052287582	0.08278424065825354	0.7257415884523145	0.000481274966077949	1.0	1.0	0.03265501376629407	-0.03143996960486323	0.10666110415797525	0	normal_vs_control
chr2:238269455:238269455:INS	chr2	238269455	238269455	INS	Sniffles2.INS.C101M1	183	0.2824074074074074	13	47	0.2765957446808511	144	448	0.32142857142857145	26	153	0.16993464052287582	0.08278424065825354	0.7841889570791184	0.00015945359687401388	1.0	1.0	0.01415355099945173	-0.04483282674772038	0.10666110415797525	0	normal_vs_control
chr20:33620977:33621020:DEL	chr20	33620977	33621020	DEL	Sniffles2.DEL.34C8M13	150	0.23148148148148148	10	47	0.2127659574468085	122	448	0.27232142857142855	18	153	0.11764705882352941	0.0836042227523381	0.854269260384455	3.429260162099368e-05	1.0	1.0	0.004490304062845386	-0.059555471124620035	0.0951188986232791	0	normal_vs_control
chr3:119279912:119279912:INS	chr3	119279912	119279912	INS	Sniffles2.INS.7020M2	43	0.06635802469135803	3	47	0.06382978723404255	38	448	0.08482142857142858	2	153	0.013071895424836602	0.08572626370790506	0.7725359088171759	0.0006124388351617096	1.0	1.0	0.038723472833261156	-0.020991641337386027	0.050757891809205945	0	normal_vs_control
chr8:63501116:63501116:INS	chr8	63501116	63501116	INS	0017C_Sniffles2.INS.10CS7	43	0.06635802469135803	3	47	0.06382978723404255	38	448	0.08482142857142858	2	153	0.013071895424836602	0.08572626370790506	0.7725359088171759	0.0006124388351617096	1.0	1.0	0.038723472833261156	-0.020991641337386027	0.050757891809205945	0	normal_vs_control
chr15:101426804:101426804:INS	chr15	101426804	101426804	INS	Sniffles2.INS.6F19ME	220	0.3395061728395062	14	47	0.2978723404255319	177	448	0.3950892857142857	29	153	0.1895424836601307	0.0863343598989764	0.9297962774680792	1.4713035275704549e-06	1.0	1.0	0.00041157858477309275	-0.0972169452887538	0.10832985676540119	0	normal_vs_control
chr18:10880892:10880892:INS	chr18	10880892	10880892	INS	0002C_Sniffles2.INS.3ES11	227	0.35030864197530864	14	47	0.2978723404255319	184	448	0.4107142857142857	29	153	0.1895424836601307	0.0863343598989764	0.9534330019962924	2.817336589938174e-07	1.0	1.0	0.00013003886586957964	-0.1128419452887538	0.10832985676540119	0	normal_vs_control
chr2:13167522:13167522:INS	chr2	13167522	13167522	INS	Sniffles2.INS.DA4M1	193	0.2978395061728395	14	47	0.2978723404255319	150	448	0.33482142857142855	29	153	0.1895424836601307	0.0863343598989764	0.7472931794906978	0.00036460349030948726	1.0	1.0	0.026226828728911532	-0.03694908814589665	0.10832985676540119	0	normal_vs_control
chr5:109469809:109469852:DEL	chr5	109469809	109469852	DEL	Sniffles2.DEL.5FABM4	192	0.2962962962962963	14	47	0.2978723404255319	149	448	0.3325892857142857	29	153	0.1895424836601307	0.0863343598989764	0.7373928534391747	0.00043547470456388416	1.0	1.0	0.03006392330425515	-0.0347169452887538	0.10832985676540119	0	normal_vs_control
chr1:19398260:19398260:INS	chr1	19398260	19398260	INS	0006C_Sniffles2.INS.EBS0	211	0.3256172839506173	15	47	0.3191489361702128	164	448	0.36607142857142855	32	153	0.20915032679738563	0.08906110382181857	0.7856986733864755	0.00018546174654516606	1.0	1.0	0.01595129565339448	-0.046922492401215765	0.10999860937282716	0	normal_vs_control
chr11:55403414:55403427:DEL	chr11	55403414	55403427	DEL	Sniffles2.DEL.3624MA	217	0.33487654320987653	15	47	0.3191489361702128	170	448	0.3794642857142857	32	153	0.20915032679738563	0.08906110382181857	0.8342021427799574	5.9540433009920775e-05	1.0	1.0	0.0068802148640207126	-0.060315349544072916	0.10999860937282716	0	normal_vs_control
chr2:86913938:86914832:DEL	chr2	86913938	86914832	DEL	121_Sniffles2.DEL.5A2S1	61	0.0941358024691358	4	47	0.0851063829787234	53	448	0.11830357142857142	4	153	0.026143790849673203	0.08978928195328811	0.8189741563130811	0.0002129819652970755	1.0	1.0	0.01765964834412338	-0.03319718844984802	0.058962592129050195	0	normal_vs_control
chr4:85894964:85895004:DEL	chr4	85894964	85895004	DEL	0006C_Sniffles2.DEL.6DFS3	57	0.08796296296296297	4	47	0.0851063829787234	49	448	0.109375	4	153	0.026143790849673203	0.08978928195328811	0.7690363061808205	0.000575042984471995	1.0	1.0	0.03694951371686179	-0.024268617021276598	0.058962592129050195	0	normal_vs_control
chr1:201779161:201779208:DEL	chr1	201779161	201779208	DEL	Sniffles2.DEL.B02EM0	322	0.49691358024691357	23	47	0.48936170212765956	243	448	0.5424107142857143	56	153	0.3660130718954248	0.09034059126339145	0.8018348815922842	0.00011219626079147564	1.0	1.0	0.011057520449676606	-0.05304901215805474	0.12334863023223475	0	normal_vs_control
chr1:186063092:186063092:INS	chr1	186063092	186063092	INS	0006C_Sniffles2.INS.3D4S0	162	0.25	11	47	0.23404255319148937	130	448	0.29017857142857145	21	153	0.13725490196078433	0.09041554307306665	0.8365912159472317	7.00969475169504e-05	1.0	1.0	0.007642775057222143	-0.056136018237082086	0.09678765123070504	0	normal_vs_control
chr17:3372001:3372041:DEL	chr17	3372001	3372041	DEL	0003C_Sniffles2.DEL.26DS10	154	0.23765432098765432	11	47	0.23404255319148937	122	448	0.27232142857142855	21	153	0.13725490196078433	0.09041554307306665	0.7659116192090762	0.0003361789769849593	1.0	1.0	0.024966283550334735	-0.03827887537993918	0.09678765123070504	0	normal_vs_control
chr2:50610666:50610666:INS	chr2	50610666	50610666	INS	0006C_Sniffles2.INS.14ES1	152	0.2345679012345679	11	47	0.23404255319148937	120	448	0.26785714285714285	21	153	0.13725490196078433	0.09041554307306665	0.7455943017168013	0.00048807875652430856	1.0	1.0	0.032943221467846465	-0.03381458966565348	0.09678765123070504	0	normal_vs_control
chr20:984962:984962:INS	chr20	984962	984962	INS	0006C_Sniffles2.INS.9S13	170	0.2623456790123457	11	47	0.23404255319148937	138	448	0.3080357142857143	21	153	0.13725490196078433	0.09041554307306665	0.890654871818264	1.2970440281111477e-05	1.0	1.0	0.002217304772500625	-0.07399316109422494	0.09678765123070504	0	normal_vs_control
chr20:11706000:11706000:INS	chr20	11706000	11706000	INS	Sniffles2.INS.96BM13	151	0.2330246913580247	11	47	0.23404255319148937	119	448	0.265625	21	153	0.13725490196078433	0.09041554307306665	0.7350476495329284	0.0005863869521095468	1.0	1.0	0.03754774624675558	-0.031582446808510634	0.09678765123070504	0	normal_vs_control
chr3:128801452:128801452:INS	chr3	128801452	128801452	INS	0002C_Sniffles2.INS.194S2	151	0.2330246913580247	11	47	0.23404255319148937	119	448	0.265625	21	153	0.13725490196078433	0.09041554307306665	0.7350476495329284	0.0005863869521095468	1.0	1.0	0.03754774624675558	-0.031582446808510634	0.09678765123070504	0	normal_vs_control
chr4:178496735:178496735:INS	chr4	178496735	178496735	INS	0022C_Sniffles2.INS.29FS3	154	0.23765432098765432	11	47	0.23404255319148937	122	448	0.27232142857142855	21	153	0.13725490196078433	0.09041554307306665	0.7659116192090762	0.0003361789769849593	1.0	1.0	0.024966283550334735	-0.03827887537993918	0.09678765123070504	0	normal_vs_control
chr1:61886821:61886821:INS	chr1	61886821	61886821	INS	Sniffles2.INS.359EM0	297	0.4583333333333333	17	47	0.3617021276595745	242	448	0.5401785714285714	38	153	0.24836601307189543	0.0924315437156582	0.9936669221905016	1.745522909136993e-10	1.0	1.0	7.437001760867674e-07	-0.1784764437689969	0.11333611458767906	0	normal_vs_control
chr4:83182516:83182516:INS	chr4	83182516	83182516	INS	0017C_Sniffles2.INS.1B7S3	302	0.4660493827160494	19	47	0.40425531914893614	239	448	0.5334821428571429	44	153	0.2875816993464052	0.09350947975223255	0.9673207351505284	8.17200318835857e-08	1.0	1.0	5.3818042331312174e-05	-0.12922682370820676	0.11667361980253094	0	normal_vs_control
chr18:31978546:31978590:DEL	chr18	31978546	31978590	DEL	Sniffles2.DEL.2D1BM11	175	0.2700617283950617	12	47	0.2553191489361702	139	448	0.31026785714285715	24	153	0.1568627450980392	0.09584260003940312	0.8271474760113956	0.00010502181198197247	1.0	1.0	0.010537949496480962	-0.05494870820668696	0.09845640383813098	0	normal_vs_control
chr2:76514927:76514927:INS	chr2	76514927	76514927	INS	0002C_Sniffles2.INS.189S1	195	0.30092592592592593	12	47	0.2553191489361702	159	448	0.3549107142857143	24	153	0.1568627450980392	0.09584260003940312	0.9394442832573566	1.438184321655598e-06	1.0	1.0	0.00040435610765411303	-0.09959156534954411	0.09845640383813098	0	normal_vs_control
chr8:39696285:39696321:DEL	chr8	39696285	39696321	DEL	Sniffles2.DEL.210EM7	170	0.2623456790123457	12	47	0.2553191489361702	134	448	0.29910714285714285	24	153	0.1568627450980392	0.09584260003940312	0.7843290802846177	0.0002732953345539985	1.0	1.0	0.021320115479263196	-0.043787993920972657	0.09845640383813098	0	normal_vs_control
chr11:126140435:126140435:INS	chr11	126140435	126140435	INS	0008C_Sniffles2.INS.223SA	124	0.19135802469135801	9	47	0.19148936170212766	99	448	0.22098214285714285	16	153	0.10457516339869281	0.09588531957246449	0.7369187250571692	0.0007489356054866576	1.0	1.0	0.044652363096550046	-0.02949278115501519	0.08691419830343484	0	normal_vs_control
chr2:3486735:3486772:DEL	chr2	3486735	3486772	DEL	Sniffles2.DEL.5F8M1	139	0.21450617283950618	9	47	0.19148936170212766	114	448	0.2544642857142857	16	153	0.10457516339869281	0.09588531957246449	0.872084614906161	3.527251526017808e-05	1.0	1.0	0.004564659054277438	-0.06297492401215804	0.08691419830343484	0	normal_vs_control
chr2:157224999:157224999:INS	chr2	157224999	157224999	INS	Sniffles2.INS.8C0CM1	126	0.19444444444444445	9	47	0.19148936170212766	101	448	0.22544642857142858	16	153	0.10457516339869281	0.09588531957246449	0.7588684147872397	0.0005110084494972568	1.0	1.0	0.03418325603955804	-0.03395706686930092	0.08691419830343484	0	normal_vs_control
chr16:49686772:49686772:INS	chr16	49686772	49686772	INS	Sniffles2.INS.585BMF	105	0.16203703703703703	7	47	0.14893617021276595	87	448	0.19419642857142858	11	153	0.0718954248366013	0.096622660250952	0.8277525858684744	0.00014459302991911603	1.0	1.0	0.013325655143361063	-0.045260258358662625	0.07704074537616465	0	normal_vs_control
chr2:33878815:33878832:DEL	chr2	33878815	33878832	DEL	Sniffles2.DEL.1B59M1	102	0.1574074074074074	7	47	0.14893617021276595	84	448	0.1875	11	153	0.0718954248366013	0.096622660250952	0.7987902777228659	0.00027621793839276376	1.0	1.0	0.021331952042535844	-0.03856382978723405	0.07704074537616465	0	normal_vs_control
chr3:35676450:35676450:INS	chr3	35676450	35676450	INS	Sniffles2.INS.1816M2	97	0.14969135802469136	7	47	0.14893617021276595	79	448	0.17633928571428573	11	153	0.0718954248366013	0.096622660250952	0.7431571059593912	0.0007808801297581135	1.0	1.0	0.0459144252941002	-0.027403115501519776	0.07704074537616465	0	normal_vs_control
chr6:27484672:27485171:DEL	chr6	27484672	27485171	DEL	Sniffles2.DEL.147BM5	113	0.1743827160493827	7	47	0.14893617021276595	95	448	0.21205357142857142	11	153	0.0718954248366013	0.096622660250952	0.8897520782217317	2.369402494043607e-05	1.0	1.0	0.003471864162436172	-0.06311740121580547	0.07704074537616465	0	normal_vs_control
chr11:40218643:40218643:INS	chr11	40218643	40218643	INS	0008C_Sniffles2.INS.CFSA	185	0.2854938271604938	13	47	0.2765957446808511	145	448	0.3236607142857143	27	153	0.17647058823529413	0.10010611338183947	0.7931046466074682	0.0002557634021974025	1.0	1.0	0.020208592469200756	-0.04706496960486323	0.10012515644555695	0	normal_vs_control
chr7:422745:422785:DEL	chr7	422745	422785	DEL	0006C_Sniffles2.DEL.43FS6	179	0.2762345679012346	13	47	0.2765957446808511	139	448	0.31026785714285715	27	153	0.17647058823529413	0.10010611338183947	0.7360590479423373	0.00074556672219428	1.0	1.0	0.044652363096550046	-0.033672112462006076	0.10012515644555695	0	normal_vs_control
chr8:100892400:100892400:INS	chr8	100892400	100892400	INS	0002C_Sniffles2.INS.182S7	207	0.3194444444444444	15	47	0.3191489361702128	159	448	0.3549107142857143	33	153	0.21568627450980393	0.10580691350956593	0.7391960209076452	0.0008042121171536456	1.0	1.0	0.04659382923107335	-0.03576177811550152	0.10346266166040885	0	normal_vs_control
chr2:157226576:157226576:INS	chr2	157226576	157226576	INS	Sniffles2.INS.8C0BM1	279	0.4305555555555556	16	47	0.3404255319148936	227	448	0.5066964285714286	36	153	0.23529411764705882	0.10749450959054793	0.9903953741371865	2.0190651887935997e-09	1.0	1.0	4.301230102957688e-06	-0.166270896656535	0.10513141426783479	0	normal_vs_control
chr2:225597514:225597514:INS	chr2	225597514	225597514	INS	0002C_Sniffles2.INS.36AS1	224	0.345679012345679	16	47	0.3404255319148936	172	448	0.38392857142857145	36	153	0.23529411764705882	0.10749450959054793	0.7695392415614718	0.00048167737139926086	1.0	1.0	0.03265501376629407	-0.043503039513677844	0.10513141426783479	0	normal_vs_control
chr6:132750498:132750498:INS	chr6	132750498	132750498	INS	Sniffles2.INS.5F4AM5	223	0.3441358024691358	16	47	0.3404255319148936	171	448	0.38169642857142855	36	153	0.23529411764705882	0.10749450959054793	0.760375669213774	0.0005710188032267576	1.0	1.0	0.036948118543368755	-0.04127089665653494	0.10513141426783479	0	normal_vs_control
chr2:134885089:134885136:DEL	chr2	134885089	134885136	DEL	Sniffles2.DEL.7E8CM1	97	0.14969135802469136	6	47	0.1276595744680851	82	448	0.18303571428571427	9	153	0.058823529411764705	0.10874041826611516	0.8769729700040938	6.262423124136913e-05	1.0	1.0	0.007063090155225567	-0.05537613981762918	0.06883604505632039	0	normal_vs_control
chr1:198517027:198517027:INS	chr1	198517027	198517027	INS	0026C_Sniffles2.INS.2E1S0	125	0.19290123456790123	8	47	0.1702127659574468	103	448	0.22991071428571427	14	153	0.0915032679738562	0.10971429392175301	0.8699819455840136	6.685252314460076e-05	1.0	1.0	0.007376150501858858	-0.05969794832826747	0.0787094979835906	0	normal_vs_control
chr1:213118022:213118022:INS	chr1	213118022	213118022	INS	Sniffles2.INS.B7B3M0	182	0.2808641975308642	11	47	0.23404255319148937	149	448	0.3325892857142857	22	153	0.1437908496732026	0.11066735546970595	0.9412489716959445	2.5721518635774474e-06	1.0	1.0	0.0006360104795528021	-0.09854673252279633	0.09025170351828676	0	normal_vs_control
chr10:3115337:3115337:INS	chr10	3115337	3115337	INS	Sniffles2.INS.499M9	136	0.20987654320987653	9	47	0.19148936170212766	110	448	0.24553571428571427	17	153	0.1111111111111111	0.11977744920462216	0.842597523091697	0.00018546678704387315	1.0	1.0	0.01595129565339448	-0.054046352583586615	0.08037825059101655	0	normal_vs_control
chr2:237332064:237332064:INS	chr2	237332064	237332064	INS	Sniffles2.INS.C027M1	141	0.2175925925925926	9	47	0.19148936170212766	115	448	0.25669642857142855	17	153	0.1111111111111111	0.11977744920462216	0.8787549333145798	6.62900722149164e-05	1.0	1.0	0.007343349039679579	-0.06520706686930089	0.08037825059101655	0	normal_vs_control
chr3:137368515:137368515:INS	chr3	137368515	137368515	INS	0006C_Sniffles2.INS.1E1S2	162	0.25	9	47	0.19148936170212766	136	448	0.30357142857142855	17	153	0.1111111111111111	0.11977744920462216	0.9662284337899231	5.366160349102614e-07	1.0	1.0	0.0002054109531979311	-0.11208206686930089	0.08037825059101655	0	normal_vs_control
chr5:63192167:63192206:DEL	chr5	63192167	63192206	DEL	Sniffles2.DEL.420CM4	138	0.21296296296296297	9	47	0.19148936170212766	112	448	0.25	17	153	0.1111111111111111	0.11977744920462216	0.85791181944643	0.00012359329084418968	1.0	1.0	0.011905365553526918	-0.05851063829787234	0.08037825059101655	0	normal_vs_control
chr8:93038598:93038598:INS	chr8	93038598	93038598	INS	0002C_Sniffles2.INS.16BS7	338	0.5216049382716049	23	47	0.48936170212765956	257	448	0.5736607142857143	58	153	0.3790849673202614	0.1198908440884025	0.8964788116436792	2.2951550920984404e-05	1.0	1.0	0.0033809587830092662	-0.08429901215805474	0.11027673480739814	0	normal_vs_control
chr12:130657703:130657740:DEL	chr12	130657703	130657740	DEL	Sniffles2.DEL.6A83MB	217	0.33487654320987653	14	47	0.2978723404255319	172	448	0.38392857142857145	31	153	0.20261437908496732	0.12245836870659943	0.9077462488349338	2.0028370999019417e-05	1.0	1.0	0.0030392641449142124	-0.08605623100303955	0.09525796134056458	0	normal_vs_control
chr10:62929022:62929022:INS	chr10	62929022	62929022	INS	Sniffles2.INS.4935M9	253	0.3904320987654321	15	47	0.3191489361702128	204	448	0.45535714285714285	34	153	0.2222222222222222	0.12447097384265901	0.975310186720521	1.4740854304125374e-07	1.0	1.0	7.85063882881631e-05	-0.13620820668693007	0.09692671394799057	0	normal_vs_control
chr22:32758687:32758687:INS	chr22	32758687	32758687	INS	0003C_Sniffles2.INS.16FS15	281	0.43364197530864196	20	47	0.425531914893617	212	448	0.4732142857142857	49	153	0.3202614379084967	0.12507426035642807	0.780913506422566	0.000617741823950832	1.0	1.0	0.038925465466426265	-0.047682370820668674	0.10527047698512032	0	normal_vs_control
chr12:9607087:9607128:DEL	chr12	9607087	9607128	DEL	Sniffles2.DEL.88BMB	102	0.1574074074074074	7	47	0.14893617021276595	83	448	0.18526785714285715	12	153	0.0784313725490196	0.12529952562999902	0.7884049057273522	0.0007922182337000863	1.0	1.0	0.04606071537942335	-0.0363316869300912	0.07050479766374634	0	normal_vs_control
chr10:113179829:113179829:INS	chr10	113179829	113179829	INS	0003C_Sniffles2.INS.244S9	243	0.375	16	47	0.3404255319148936	190	448	0.42410714285714285	37	153	0.24183006535947713	0.12574736544592632	0.8976432058324181	3.1685565323431147e-05	1.0	1.0	0.004278580720500275	-0.08368161094224924	0.09859546655541648	0	normal_vs_control
chr19:22321898:22321898:INS	chr19	22321898	22321898	INS	0002C_Sniffles2.INS.EDS12	259	0.39969135802469136	16	47	0.3404255319148936	206	448	0.45982142857142855	37	153	0.24183006535947713	0.12574736544592632	0.9585171255694067	1.014114954636461e-06	1.0	1.0	0.0003246809196959786	-0.11939589665653494	0.09859546655541648	0	normal_vs_control
chr3:122201680:122201680:INS	chr3	122201680	122201680	INS	0002C_Sniffles2.INS.176S2	287	0.44290123456790126	19	47	0.40425531914893614	222	448	0.4955357142857143	46	153	0.3006535947712418	0.12598974914156355	0.9109933998275803	1.7186505833296525e-05	1.0	1.0	0.0027275821922482174	-0.09128039513677816	0.10360172437769433	0	normal_vs_control
chr2:154835422:154835468:DEL	chr2	154835422	154835468	DEL	0006C_Sniffles2.DEL.84FS1	149	0.22993827160493827	10	47	0.2127659574468085	119	448	0.265625	20	153	0.13071895424836602	0.12752473810762346	0.8310857712904406	0.00029455311544230786	1.0	1.0	0.02244113886948906	-0.05285904255319149	0.08204700319844249	0	normal_vs_control
chr6:6574806:6574806:INS	chr6	6574806	6574806	INS	0006C_Sniffles2.INS.3ES5	153	0.2361111111111111	10	47	0.2127659574468085	123	448	0.27455357142857145	20	153	0.13071895424836602	0.12752473810762346	0.8614528084474942	0.0001350012864753912	1.0	1.0	0.01267364619542198	-0.06178761398176294	0.08204700319844249	0	normal_vs_control
chr1:234236923:234236923:INS	chr1	234236923	234236923	INS	Sniffles2.INS.C656M0	66	0.10185185185185185	4	47	0.0851063829787234	57	448	0.12723214285714285	5	153	0.032679738562091505	0.13389886591362113	0.8599993600323499	0.00027652815711960596	1.0	1.0	0.021331952042535844	-0.04212575987841945	0.0524266444166319	0	normal_vs_control
chr22:22779874:22779874:INS	chr22	22779874	22779874	INS	0008C_Sniffles2.INS.1DAS15	118	0.18209876543209877	8	47	0.1702127659574468	95	448	0.21205357142857142	15	153	0.09803921568627451	0.13756873121157417	0.8031991196436482	0.0007703924918474507	1.0	1.0	0.04553948702075411	-0.04184080547112462	0.0721735502711723	0	normal_vs_control
chr4:186905432:186905432:INS	chr4	186905432	186905432	INS	Sniffles2.INS.A15BM3	132	0.2037037037037037	8	47	0.1702127659574468	109	448	0.24330357142857142	15	153	0.09803921568627451	0.13756873121157417	0.9074547657178478	4.377391724526904e-05	1.0	1.0	0.0053692309983789524	-0.07309080547112462	0.0721735502711723	0	normal_vs_control
chr7:81372220:81372220:INS	chr7	81372220	81372220	INS	Sniffles2.INS.5082M6	118	0.18209876543209877	8	47	0.1702127659574468	95	448	0.21205357142857142	15	153	0.09803921568627451	0.13756873121157417	0.8031991196436482	0.0007703924918474507	1.0	1.0	0.04553948702075411	-0.04184080547112462	0.0721735502711723	0	normal_vs_control
chr4:144331922:144331922:INS	chr4	144331922	144331922	INS	Sniffles2.INS.82A7M3	173	0.26697530864197533	12	47	0.2553191489361702	135	448	0.3013392857142857	26	153	0.16993464052287582	0.137947743024135	0.7933978244858512	0.0008147090521301113	1.0	1.0	0.04705433261666591	-0.046020136778115506	0.08538450841329437	0	normal_vs_control
chr12:41056992:41057063:DEL	chr12	41056992	41057063	DEL	Sniffles2.DEL.2BC3MB	36	0.05555555555555555	2	47	0.0425531914893617	33	448	0.07366071428571429	1	153	0.006535947712418301	0.13827318410232983	0.8673818215613806	0.00044503298303904577	1.0	1.0	0.03058248990641026	-0.031107522796352587	0.0360172437769434	0	normal_vs_control
chr3:181544739:181544739:INS	chr3	181544739	181544739	INS	Sniffles2.INS.98D7M2	38	0.05864197530864197	2	47	0.0425531914893617	35	448	0.078125	1	153	0.006535947712418301	0.13827318410232983	0.8878066805204627	0.0002511491914331147	1.0	1.0	0.02007309006507555	-0.0355718085106383	0.0360172437769434	0	normal_vs_control
chr4:150239932:150239978:DEL	chr4	150239932	150239978	DEL	Sniffles2.DEL.866EM3	34	0.05246913580246913	2	47	0.0425531914893617	31	448	0.06919642857142858	1	153	0.006535947712418301	0.13827318410232983	0.8437023150714121	0.0007842577297971023	1.0	1.0	0.045949482022921914	-0.026643237082066874	0.0360172437769434	0	normal_vs_control
chr6:170394142:170394187:DEL	chr6	170394142	170394187	DEL	Sniffles2.DEL.7DA7M5	41	0.06327160493827161	2	47	0.0425531914893617	38	448	0.08482142857142858	1	153	0.006535947712418301	0.13827318410232983	0.9131542132384398	0.00010544021507512223	1.0	1.0	0.010541737603936589	-0.042268237082066874	0.0360172437769434	0	normal_vs_control
chr9:87164772:87164772:INS	chr9	87164772	87164772	INS	123_Sniffles2.INS.2C3S8	40	0.06172839506172839	2	47	0.0425531914893617	37	448	0.08258928571428571	1	153	0.006535947712418301	0.13827318410232983	0.905351612200431	0.000140992429747112	1.0	1.0	0.013080885592685157	-0.04003609422492401	0.0360172437769434	0	normal_vs_control
chr16:26504154:26504154:INS	chr16	26504154	26504154	INS	Sniffles2.INS.174BMF	100	0.15432098765432098	6	47	0.1276595744680851	84	448	0.1875	10	153	0.06535947712418301	0.14288702180493795	0.89099211690255	0.00010868040737378135	1.0	1.0	0.010768498038674421	-0.059840425531914904	0.062300097343902086	0	normal_vs_control
chr2:5667788:5667788:INS	chr2	5667788	5667788	INS	Sniffles2.INS.7D0M1	106	0.16358024691358025	6	47	0.1276595744680851	90	448	0.20089285714285715	10	153	0.06535947712418301	0.14288702180493795	0.9254442692615804	2.7328071382518565e-05	1.0	1.0	0.003913968842412366	-0.07323328267477205	0.062300097343902086	0	normal_vs_control
chr2:147232924:147232960:DEL	chr2	147232924	147232960	DEL	Sniffles2.DEL.8636M1	96	0.14814814814814814	6	47	0.1276595744680851	80	448	0.17857142857142858	10	153	0.06535947712418301	0.14288702180493795	0.8615514930761388	0.0002627899373279415	1.0	1.0	0.02067529694420458	-0.05091185410334348	0.062300097343902086	0	normal_vs_control
chr6:168197505:168197544:DEL	chr6	168197505	168197544	DEL	Sniffles2.DEL.799CM5	96	0.14814814814814814	6	47	0.1276595744680851	80	448	0.17857142857142858	10	153	0.06535947712418301	0.14288702180493795	0.8615514930761388	0.0002627899373279415	1.0	1.0	0.02067529694420458	-0.05091185410334348	0.062300097343902086	0	normal_vs_control
chr7:87468942:87468942:INS	chr7	87468942	87468942	INS	Sniffles2.INS.549CM6	217	0.33487654320987653	14	47	0.2978723404255319	171	448	0.38169642857142855	32	153	0.20915032679738563	0.14357405876278345	0.9027599898174645	4.8940185683274944e-05	1.0	1.0	0.0059315076687641854	-0.08382408814589665	0.08872201362814627	0	normal_vs_control
chr3:119196020:119196020:INS	chr3	119196020	119196020	INS	0002C_Sniffles2.INS.16ES2	232	0.35802469135802467	15	47	0.3191489361702128	182	448	0.40625	35	153	0.22875816993464052	0.14506324173334315	0.9074731441325418	4.135898372803231e-05	1.0	1.0	0.005136303566655277	-0.08710106382978722	0.09039076623557227	0	normal_vs_control
chr6:131965078:131965078:INS	chr6	131965078	131965078	INS	Sniffles2.INS.5EB2M5	146	0.22530864197530864	9	47	0.19148936170212766	119	448	0.265625	18	153	0.11764705882352941	0.14675144996429954	0.9027911008768327	6.470503777809112e-05	1.0	1.0	0.0072110314536275874	-0.07413563829787234	0.07384230287859825	0	normal_vs_control
chr13:37473186:37473186:INS	chr13	37473186	37473186	INS	Sniffles2.INS.497BMC	110	0.1697530864197531	7	47	0.14893617021276595	90	448	0.20089285714285715	13	153	0.08496732026143791	0.15794947138030369	0.8535100927943992	0.00043640128433272804	1.0	1.0	0.03006392330425515	-0.0519566869300912	0.06396884995132804	0	normal_vs_control
chr14:93894097:93894134:DEL	chr14	93894097	93894134	DEL	0002C_Sniffles2.DEL.452SD	122	0.1882716049382716	7	47	0.14893617021276595	102	448	0.22767857142857142	13	153	0.08496732026143791	0.15794947138030369	0.9280717212747792	3.354171086305031e-05	1.0	1.0	0.004437266185167506	-0.07874240121580547	0.06396884995132804	0	normal_vs_control
chr13:113600651:113600741:DEL	chr13	113600651	113600741	DEL	0002C_Sniffles2.DEL.4A3SC	167	0.25771604938271603	11	47	0.23404255319148937	132	448	0.29464285714285715	24	153	0.1568627450980392	0.15874813917871566	0.8516198462116826	0.0003953479900462153	1.0	1.0	0.027930528664132363	-0.060600303951367784	0.07717980809345015	0	normal_vs_control
chr9:27351337:27351337:INS	chr9	27351337	27351337	INS	Sniffles2.INS.1322M8	205	0.31635802469135804	12	47	0.2553191489361702	166	448	0.3705357142857143	27	153	0.17647058823529413	0.16246485518674889	0.960581189151109	3.536921966989618e-06	1.0	1.0	0.0007963537963724429	-0.11521656534954411	0.07884856070087606	0	normal_vs_control
chr12:3720438:3720438:INS	chr12	3720438	3720438	INS	0006C_Sniffles2.INS.2FSB	81	0.125	5	47	0.10638297872340426	68	448	0.15178571428571427	8	153	0.05228758169934641	0.162755867033003	0.8551227549498353	0.0005417790518403041	1.0	1.0	0.0354705178762775	-0.04540273556231002	0.05409539702405785	0	normal_vs_control
chr14:39311365:39311365:INS	chr14	39311365	39311365	INS	Sniffles2.INS.3C1AMD	97	0.14969135802469136	5	47	0.10638297872340426	84	448	0.1875	8	153	0.05228758169934641	0.162755867033003	0.9502647278037751	1.2802765556561905e-05	1.0	1.0	0.002195416652157433	-0.08111702127659574	0.05409539702405785	0	normal_vs_control
chr14:48289728:48289728:INS	chr14	48289728	48289728	INS	Sniffles2.INS.41F3MD	196	0.30246913580246915	13	47	0.2765957446808511	153	448	0.34151785714285715	30	153	0.19607843137254902	0.16505051092759998	0.8557656186350243	0.0003940130770949863	1.0	1.0	0.02787177051613934	-0.06492211246200608	0.08051731330830206	0	normal_vs_control
chr9:31012714:31012750:DEL	chr9	31012714	31012750	DEL	Sniffles2.DEL.15DAM8	199	0.30709876543209874	13	47	0.2765957446808511	156	448	0.3482142857142857	30	153	0.19607843137254902	0.16505051092759998	0.8753589110142648	0.00022972071175306934	1.0	1.0	0.01871142762143971	-0.07161854103343462	0.08051731330830206	0	normal_vs_control
chr12:112572425:112572460:DEL	chr12	112572425	112572460	DEL	Sniffles2.DEL.5B92MB	252	0.3888888888888889	14	47	0.2978723404255319	205	448	0.4575892857142857	33	153	0.21568627450980393	0.16670076691955638	0.9888984397626609	4.863291085503684e-08	1.0	1.0	3.903883574548957e-05	-0.1597169452887538	0.08218606591572797	0	normal_vs_control
chr2:191742382:191742382:INS	chr2	191742382	191742382	INS	0003C_Sniffles2.INS.2EBS1	215	0.3317901234567901	14	47	0.2978723404255319	168	448	0.375	33	153	0.21568627450980393	0.16670076691955638	0.8865744218989048	0.00016563609518870624	1.0	1.0	0.014601389684694285	-0.0771276595744681	0.08218606591572797	0	normal_vs_control
chr1:30524589:30524589:INS	chr1	30524589	30524589	INS	0094c_Sniffles2.INS.CDS0	137	0.21141975308641975	8	47	0.1702127659574468	113	448	0.25223214285714285	16	153	0.10457516339869281	0.16878694588597123	0.9272147832655813	4.381621310152536e-05	1.0	1.0	0.0053692309983789524	-0.08201937689969604	0.06563760255875399	0	normal_vs_control
chr2:119083143:119083143:INS	chr2	119083143	119083143	INS	0002C_Sniffles2.INS.24BS1	142	0.2191358024691358	8	47	0.1702127659574468	118	448	0.26339285714285715	16	153	0.10457516339869281	0.16878694588597123	0.9468926509166545	1.4546141962163327e-05	1.0	1.0	0.0024194645975985055	-0.09318009118541035	0.06563760255875399	0	normal_vs_control
chr7:132900231:132900231:INS	chr7	132900231	132900231	INS	Sniffles2.INS.737BM6	158	0.24382716049382716	8	47	0.1702127659574468	134	448	0.29910714285714285	16	153	0.10457516339869281	0.16878694588597123	0.9826346227696691	3.1733192957104913e-07	1.0	1.0	0.00013974874152910814	-0.12889437689969604	0.06563760255875399	0	normal_vs_control
chr5:8917604:8917646:DEL	chr5	8917604	8917646	DEL	Sniffles2.DEL.A99M4	149	0.22993827160493827	9	47	0.19148936170212766	121	448	0.2700892857142857	19	153	0.12418300653594772	0.17666329443312329	0.913307186318376	9.442557729434073e-05	1.0	1.0	0.009775782944259707	-0.07859992401215804	0.06730635516617994	0	normal_vs_control
chr6:169194842:169194842:INS	chr6	169194842	169194842	INS	0011C_Sniffles2.INS.315S5	292	0.4506172839506173	19	47	0.40425531914893614	224	448	0.5	49	153	0.3202614379084967	0.1869476498462101	0.9200106854976624	7.32376090109621e-05	1.0	1.0	0.007953891544900329	-0.09574468085106386	0.08399388124043944	0	normal_vs_control
chr20:21438414:21438414:INS	chr20	21438414	21438414	INS	Sniffles2.INS.107AM13	203	0.3132716049382716	12	47	0.2553191489361702	163	448	0.3638392857142857	28	153	0.1830065359477124	0.1891900302459958	0.9524295310921452	1.4701388221528237e-05	1.0	1.0	0.0024379655413592992	-0.1085201367781155	0.07231261298845779	0	normal_vs_control
chr8:26590533:26590533:INS	chr8	26590533	26590533	INS	Sniffles2.INS.1832M7	198	0.3055555555555556	13	47	0.2765957446808511	154	448	0.34375	31	153	0.20261437908496732	0.19091184758154886	0.8625274717905802	0.0005994544163014769	1.0	1.0	0.03812007027566728	-0.06715425531914893	0.07398136559588375	0	normal_vs_control
chr18:63591638:63591638:INS	chr18	63591638	63591638	INS	Sniffles2.INS.42E9M11	246	0.37962962962962965	15	47	0.3191489361702128	194	448	0.4330357142857143	37	153	0.24183006535947713	0.19191396792167295	0.9530896765544095	1.405192852179492e-05	1.0	1.0	0.002351384341284523	-0.11388677811550152	0.07731887081073566	0	normal_vs_control
chr19:30952293:30952293:INS	chr19	30952293	30952293	INS	0006C_Sniffles2.INS.12FS12	122	0.1882716049382716	7	47	0.14893617021276595	101	448	0.22544642857142858	14	153	0.0915032679738562	0.19422718888064225	0.9233904944754536	0.00010275511058506322	1.0	1.0	0.01038576654212679	-0.07651025835866263	0.05743290223890975	0	normal_vs_control
chr8:54750631:54750631:INS	chr8	54750631	54750631	INS	0011C_Sniffles2.INS.FAS7	128	0.19753086419753085	7	47	0.14893617021276595	107	448	0.23883928571428573	14	153	0.0915032679738562	0.19422718888064225	0.9480444459392482	2.767712523774611e-05	1.0	1.0	0.003920666528563379	-0.08990311550151978	0.05743290223890975	0	normal_vs_control
chr1:103993369:144643033:DEL	chr1	103993369	144643033	DEL	0013C_Sniffles2.DEL.783S0	132	0.2037037037037037	8	47	0.1702127659574468	107	448	0.23883928571428573	17	153	0.1111111111111111	0.2030935935629156	0.8960666946872717	0.0003360762156054974	1.0	1.0	0.024966283550334735	-0.06862651975683892	0.0591016548463357	0	normal_vs_control
chr16:76460773:76460776:DEL	chr16	76460773	76460776	DEL	0006C_Sniffles2.DEL.472SF	141	0.2175925925925926	8	47	0.1702127659574468	116	448	0.25892857142857145	17	153	0.1111111111111111	0.2030935935629156	0.9396370702996462	5.365954668206809e-05	1.0	1.0	0.006350481957032569	-0.08871580547112465	0.0591016548463357	0	normal_vs_control
chr16:87996852:87996898:DEL	chr16	87996852	87996898	DEL	Sniffles2.DEL.74D7MF	130	0.2006172839506173	8	47	0.1702127659574468	105	448	0.234375	17	153	0.1111111111111111	0.2030935935629156	0.8835942938219142	0.0004946923075014474	1.0	1.0	0.033292852403268736	-0.0641622340425532	0.0591016548463357	0	normal_vs_control
chr12:5330455:5330455:INS	chr12	5330455	5330455	INS	0002C_Sniffles2.INS.30SB	159	0.24537037037037038	9	47	0.19148936170212766	130	448	0.29017857142857145	20	153	0.13071895424836602	0.20928807363284058	0.9498810294812291	3.205768395695122e-05	1.0	1.0	0.004278580720500275	-0.0986892097264438	0.06077040745376164	0	normal_vs_control
chr3:75555443:75555487:DEL	chr3	75555443	75555487	DEL	0002C_Sniffles2.DEL.39CS2	143	0.22067901234567902	9	47	0.19148936170212766	114	448	0.2544642857142857	20	153	0.13071895424836602	0.20928807363284058	0.872084614906161	0.0007479186374401425	1.0	1.0	0.044652363096550046	-0.06297492401215804	0.06077040745376164	0	normal_vs_control
chr3:79502730:79502730:INS	chr3	79502730	79502730	INS	0006C_Sniffles2.INS.110S2	172	0.2654320987654321	9	47	0.19148936170212766	143	448	0.31919642857142855	20	153	0.13071895424836602	0.20928807363284058	0.9793118076379285	1.7506891573194993e-06	1.0	1.0	0.0004707144225515166	-0.1277070668693009	0.06077040745376164	0	normal_vs_control
chr3:108631044:108631060:DEL	chr3	108631044	108631060	DEL	Sniffles2.DEL.6999M2	159	0.24537037037037038	9	47	0.19148936170212766	130	448	0.29017857142857145	20	153	0.13071895424836602	0.20928807363284058	0.9498810294812291	3.205768395695122e-05	1.0	1.0	0.004278580720500275	-0.0986892097264438	0.06077040745376164	0	normal_vs_control
chr5:19593738:19593738:INS	chr5	19593738	19593738	INS	Sniffles2.INS.1358M4	168	0.25925925925925924	9	47	0.19148936170212766	139	448	0.31026785714285715	20	153	0.13071895424836602	0.20928807363284058	0.972519691285405	4.423618897453658e-06	1.0	1.0	0.0009460054188886609	-0.11877849544072949	0.06077040745376164	0	normal_vs_control
chr19:39449077:39449077:INS	chr19	39449077	39449077	INS	Sniffles2.INS.39EFM12	58	0.08950617283950617	3	47	0.06382978723404255	51	448	0.11383928571428571	4	153	0.026143790849673203	0.21008814729965092	0.9103963484567216	0.00035129156969050033	1.0	1.0	0.025737218865102423	-0.050009498480243164	0.03768599638436934	0	normal_vs_control
chr4:7661542:7661583:DEL	chr4	7661542	7661583	DEL	Sniffles2.DEL.907M3	62	0.09567901234567901	3	47	0.06382978723404255	55	448	0.12276785714285714	4	153	0.026143790849673203	0.21008814729965092	0.9344466059631795	0.0001281891447051002	1.0	1.0	0.012157774566654265	-0.05893806990881459	0.03768599638436934	0	normal_vs_control
chr5:17726266:17726266:INS	chr5	17726266	17726266	INS	0026C_Sniffles2.INS.93S4	64	0.09876543209876543	3	47	0.06382978723404255	57	448	0.12723214285714285	4	153	0.026143790849673203	0.21008814729965092	0.9441585511226114	7.661359977750007e-05	1.0	1.0	0.008271879267984745	-0.0634023556231003	0.03768599638436934	0	normal_vs_control
chr15:88554489:88554537:DEL	chr15	88554489	88554537	DEL	0006C_Sniffles2.DEL.4EFSE	168	0.25925925925925924	10	47	0.2127659574468085	135	448	0.3013392857142857	23	153	0.1503267973856209	0.21354465863148234	0.9282796326443895	0.00011285209875364877	1.0	1.0	0.011082716393204075	-0.08857332826747719	0.062439160061187604	0	normal_vs_control
chr18:70467067:70467106:DEL	chr18	70467067	70467106	DEL	Sniffles2.DEL.47ABM11	170	0.2623456790123457	10	47	0.2127659574468085	137	448	0.30580357142857145	23	153	0.1503267973856209	0.21354465863148234	0.9363251082096243	7.589666297622575e-05	1.0	1.0	0.008210477283060921	-0.09303761398176294	0.062439160061187604	0	normal_vs_control
chr4:5807604:5807648:DEL	chr4	5807604	5807648	DEL	Sniffles2.DEL.708M3	186	0.28703703703703703	11	47	0.23404255319148937	149	448	0.3325892857142857	26	153	0.16993464052287582	0.2163379832282822	0.9412489716959445	6.027795188164798e-05	1.0	1.0	0.0069123710120511765	-0.09854673252279633	0.06410791266861354	0	normal_vs_control
chr15:82445066:82445111:DEL	chr15	82445066	82445111	DEL	Sniffles2.DEL.6174ME	197	0.30401234567901236	12	47	0.2553191489361702	156	448	0.3482142857142857	29	153	0.1895424836601307	0.21798871026673597	0.9279295617611373	0.00012064748356556061	1.0	1.0	0.011682557377149076	-0.0928951367781155	0.06577666527603948	0	normal_vs_control
chr5:135500337:135500337:INS	chr5	135500337	135500337	INS	Sniffles2.INS.7077M4	201	0.3101851851851852	12	47	0.2553191489361702	160	448	0.35714285714285715	29	153	0.1895424836601307	0.21798871026673597	0.9429334791089159	5.556438094923608e-05	1.0	1.0	0.006492826860793857	-0.10182370820668696	0.06577666527603948	0	normal_vs_control
chr18:80032973:80033025:DEL	chr18	80032973	80033025	DEL	Sniffles2.DEL.526EM11	109	0.16820987654320987	6	47	0.1276595744680851	91	448	0.203125	12	153	0.0784313725490196	0.22391996510428266	0.9301871819956804	0.00015089294366037203	1.0	1.0	0.01372357695149538	-0.0754654255319149	0.04922820191906549	0	normal_vs_control
chr5:87632923:87632963:DEL	chr5	87632923	87632963	DEL	0002C_Sniffles2.DEL.4F9S4	102	0.1574074074074074	6	47	0.1276595744680851	84	448	0.1875	12	153	0.0784313725490196	0.22391996510428266	0.89099211690255	0.0006484315901460697	1.0	1.0	0.0403543021516972	-0.059840425531914904	0.04922820191906549	0	normal_vs_control
chr10:67927435:67927435:INS	chr10	67927435	67927435	INS	0008C_Sniffles2.INS.1A6S9	127	0.19598765432098766	7	47	0.14893617021276595	105	448	0.234375	15	153	0.09803921568627451	0.2336665398614573	0.9407068618114718	0.000103190723423254	1.0	1.0	0.010410797429812737	-0.08543882978723405	0.05089695452649144	0	normal_vs_control
chr11:32117812:32117852:DEL	chr11	32117812	32117852	DEL	0026C_Sniffles2.DEL.28BSA	119	0.18364197530864199	7	47	0.14893617021276595	97	448	0.21651785714285715	15	153	0.09803921568627451	0.2336665398614573	0.902080935309322	0.0005234995795695539	1.0	1.0	0.034698141560166325	-0.0675816869300912	0.05089695452649144	0	normal_vs_control
chr2:229163686:229163686:INS	chr2	229163686	229163686	INS	0006C_Sniffles2.INS.416S1	147	0.22685185185185186	7	47	0.14893617021276595	125	448	0.27901785714285715	15	153	0.09803921568627451	0.2336665398614573	0.9859124131867811	1.0632904544063869e-06	1.0	1.0	0.00033273181745006186	-0.1300816869300912	0.05089695452649144	0	normal_vs_control
chr5:71750654:71750713:DEL	chr5	71750654	71750713	DEL	133_Sniffles2.DEL.4A9S4	27	0.041666666666666664	1	47	0.02127659574468085	26	448	0.05803571428571429	0	153	0.0	0.235	0.9373975955183791	0.00039767308811535743	1.0	1.0	0.02798769632088109	-0.036759118541033434	0.02127659574468085	0	normal_vs_control
chr13:31999462:31999510:DEL	chr13	31999462	31999510	DEL	Sniffles2.INS.45F1MC	53	0.08179012345679013	2	47	0.0425531914893617	49	448	0.109375	2	153	0.013071895424836602	0.23543541426560582	0.9676172486799556	2.966709611040157e-05	1.0	1.0	0.004096345388628386	-0.06682180851063829	0.029481296064525098	0	normal_vs_control
chr3:26636911:26636955:DEL	chr3	26636911	26636955	DEL	Sniffles2.DEL.1213M2	46	0.07098765432098765	2	47	0.0425531914893617	42	448	0.09375	2	153	0.013071895424836602	0.23543541426560582	0.9388316021840517	0.00020815139778983024	1.0	1.0	0.01746831760724715	-0.0511968085106383	0.029481296064525098	0	normal_vs_control
chr7:19233096:19233096:INS	chr7	19233096	19233096	INS	0003C_Sniffles2.INS.B6S6	134	0.20679012345679013	8	47	0.1702127659574468	108	448	0.24107142857142858	18	153	0.11764705882352941	0.24012299105549043	0.9018926609582054	0.000574091252058553	1.0	1.0	0.03694951371686179	-0.07085866261398177	0.052565707133917394	0	normal_vs_control
chr11:69917905:69917905:INS	chr11	69917905	69917905	INS	Sniffles2.INS.4174MA	74	0.11419753086419752	4	47	0.0851063829787234	63	448	0.140625	7	153	0.0457516339869281	0.2418330366404763	0.906984060005063	0.0006108374401732252	1.0	1.0	0.038723472833261156	-0.0555186170212766	0.0393547489917953	0	normal_vs_control
chr2:7454969:7454969:INS	chr2	7454969	7454969	INS	Sniffles2.INS.90BM1	110	0.1697530864197531	5	47	0.10638297872340426	95	448	0.21205357142857142	10	153	0.06535947712418301	0.2591480767109299	0.9784179288167534	8.23493208885382e-06	1.0	1.0	0.001572815236335984	-0.10567059270516717	0.041023501599221246	0	normal_vs_control
chr5:13427582:13427636:DEL	chr5	13427582	13427636	DEL	Sniffles2.DEL.D9DM4	113	0.1743827160493827	5	47	0.10638297872340426	98	448	0.21875	10	153	0.06535947712418301	0.2591480767109299	0.9830368746664687	3.927597105052435e-06	1.0	1.0	0.0008736616403800974	-0.11236702127659574	0.041023501599221246	0	normal_vs_control
chr1:191089427:191089463:DEL	chr1	191089427	191089463	DEL	Sniffles2.DEL.A95EM0	164	0.25308641975308643	8	47	0.1702127659574468	137	448	0.30580357142857145	19	153	0.12418300653594772	0.2794373241465182	0.9861723292824661	2.8657082603172852e-06	1.0	1.0	0.0006877585857714292	-0.13559080547112465	0.04602975942149909	0	normal_vs_control
chr19:35141309:35141309:INS	chr19	35141309	35141309	INS	Sniffles2.INS.3571M12	141	0.2175925925925926	8	47	0.1702127659574468	114	448	0.2544642857142857	19	153	0.12418300653594772	0.2794373241465182	0.9315710067160771	0.0003752988626339105	1.0	1.0	0.026856658144143456	-0.0842515197568389	0.04602975942149909	0	normal_vs_control
chr2:114532279:114532301:DEL	chr2	114532279	114532301	DEL	Sniffles2.DEL.6F3EM1	157	0.24228395061728394	8	47	0.1702127659574468	130	448	0.29017857142857145	19	153	0.12418300653594772	0.2794373241465182	0.9766794189981832	1.3999044098467424e-05	1.0	1.0	0.002351384341284523	-0.11996580547112465	0.04602975942149909	0	normal_vs_control
chr6:131963199:131963199:INS	chr6	131963199	131963199	INS	0011C_Sniffles2.INS.21FS5	138	0.21296296296296297	8	47	0.1702127659574468	111	448	0.24776785714285715	19	153	0.12418300653594772	0.2794373241465182	0.9178172222774129	0.000658646488511914	1.0	1.0	0.04071552645725211	-0.07755509118541035	0.04602975942149909	0	normal_vs_control
chr16:76916267:76916267:INS	chr16	76916267	76916267	INS	0003C_Sniffles2.INS.13ESF	157	0.24228395061728394	9	47	0.19148936170212766	126	448	0.28125	22	153	0.1437908496732026	0.2814321932139146	0.9356376382543568	0.00031541574172822104	1.0	1.0	0.02380142657063039	-0.08976063829787234	0.047698512028925055	0	normal_vs_control
chr18:8126024:8126024:INS	chr18	8126024	8126024	INS	0002C_Sniffles2.INS.36S11	182	0.2808641975308642	11	47	0.23404255319148937	143	448	0.31919642857142855	28	153	0.1830065359477124	0.2819857769794921	0.916736732916633	0.0006798164119281136	1.0	1.0	0.04152270690858572	-0.08515387537993918	0.05103601724377696	0	normal_vs_control
chr17:68646958:68646958:INS	chr17	68646958	68646958	INS	0002C_Sniffles2.INS.173S10	167	0.25771604938271603	10	47	0.2127659574468085	132	448	0.29464285714285715	25	153	0.16339869281045752	0.2821790078682858	0.9146879076533352	0.0007455592285063065	1.0	1.0	0.044652363096550046	-0.08187689969604864	0.049367264636350994	0	normal_vs_control
chr4:161410988:161410988:INS	chr4	161410988	161410988	INS	Sniffles2.INS.8E03M3	181	0.279320987654321	10	47	0.2127659574468085	146	448	0.32589285714285715	25	153	0.16339869281045752	0.2821790078682858	0.9639134508478677	5.3578038684653694e-05	1.0	1.0	0.006350481957032569	-0.11312689969604864	0.049367264636350994	0	normal_vs_control
chr3:195647193:195647193:INS	chr3	195647193	195647193	INS	0008C_Sniffles2.INS.288S2	79	0.12191358024691358	4	47	0.0851063829787234	67	448	0.14955357142857142	8	153	0.05228758169934641	0.3020213276777435	0.9302059896639695	0.0006735763619043837	1.0	1.0	0.041315667257098565	-0.06444718844984802	0.032818801279376995	0	normal_vs_control
chr9:128780368:128780368:INS	chr9	128780368	128780368	INS	Sniffles2.INS.FBADM8	246	0.37962962962962965	15	47	0.3191489361702128	190	448	0.42410714285714285	41	153	0.2679738562091503	0.30566947438199665	0.9405268046950462	0.0003586398328906205	1.0	1.0	0.025904274465573796	-0.10495820668693007	0.051175079961062464	0	normal_vs_control
chr6:7438633:7438633:INS	chr6	7438633	7438633	INS	Sniffles2.INS.628M5	95	0.14660493827160495	5	47	0.10638297872340426	79	448	0.17633928571428573	11	153	0.0718954248366013	0.3119940107591081	0.9291822911105835	0.0007808801297581135	1.0	1.0	0.0459144252941002	-0.06995630699088147	0.034487553886802955	0	normal_vs_control
chr3:159200105:159200105:INS	chr3	159200105	159200105	INS	Sniffles2.INS.89E0M2	217	0.33487654320987653	13	47	0.2765957446808511	169	448	0.37723214285714285	35	153	0.22875816993464052	0.31212961682812174	0.9381591328524944	0.00045683374757804235	1.0	1.0	0.031189052295928228	-0.10063639817629177	0.04783757474621056	0	normal_vs_control
chr1:212806849:212806849:INS	chr1	212806849	212806849	INS	Sniffles2.INS.B786M0	116	0.17901234567901234	6	47	0.1276595744680851	96	448	0.21428571428571427	14	153	0.0915032679738562	0.3172174994305705	0.9502467908864439	0.00029115011667214607	1.0	1.0	0.0223045956600786	-0.08662613981762918	0.03615630649422889	0	normal_vs_control
chr10:131479183:131479183:INS	chr10	131479183	131479183	INS	0002C_Sniffles2.INS.2A6S9	132	0.2037037037037037	7	47	0.14893617021276595	108	448	0.24107142857142858	17	153	0.1111111111111111	0.31973619566452627	0.9514133742611353	0.0002761968124775126	1.0	1.0	0.021331952042535844	-0.09213525835866263	0.037825059101654845	0	normal_vs_control
chr4:48591324:48591367:DEL	chr4	48591324	48591367	DEL	Sniffles2.INS.261AM3	128	0.19753086419753085	7	47	0.14893617021276595	104	448	0.23214285714285715	17	153	0.1111111111111111	0.31973619566452627	0.9367210539506841	0.0005984147888494064	1.0	1.0	0.03812007027566728	-0.0832066869300912	0.037825059101654845	0	normal_vs_control
chr16:59405608:59405608:INS	chr16	59405608	59405608	INS	Sniffles2.INS.5F3EMF	163	0.2515432098765432	9	47	0.19148936170212766	131	448	0.2924107142857143	23	153	0.1503267973856209	0.3201957703621914	0.9529960922990397	0.0002439198756255785	1.0	1.0	0.019591998426714156	-0.10092135258358664	0.04116256431650675	0	normal_vs_control
chr12:95597395:95597395:INS	chr12	95597395	95597395	INS	0006C_Sniffles2.INS.19BSB	172	0.2654320987654321	8	47	0.1702127659574468	144	448	0.32142857142857145	20	153	0.13071895424836602	0.32054693603187606	0.9920511539279356	1.3824206381228871e-06	1.0	1.0	0.0004029974437071077	-0.15121580547112465	0.039493811709080784	0	normal_vs_control
chr15:24423357:24423357:INS	chr15	24423357	24423357	INS	0011C_Sniffles2.INS.B9SE	142	0.2191358024691358	8	47	0.1702127659574468	114	448	0.2544642857142857	20	153	0.13071895424836602	0.32054693603187606	0.9315710067160771	0.0007479186374401425	1.0	1.0	0.044652363096550046	-0.0842515197568389	0.039493811709080784	0	normal_vs_control
chr10:113257530:113257576:DEL	chr10	113257530	113257576	DEL	Sniffles2.DEL.6A68M9	48	0.07407407407407407	2	47	0.0425531914893617	43	448	0.09598214285714286	3	153	0.0196078431372549	0.33524151463740637	0.9440487700784065	0.0007044358424087635	1.0	1.0	0.04283272516903557	-0.05342895136778116	0.0229453483521068	0	normal_vs_control
chr2:117836417:117836464:DEL	chr2	117836417	117836464	DEL	Sniffles2.DEL.7177M1	51	0.0787037037037037	2	47	0.0425531914893617	46	448	0.10267857142857142	3	153	0.0196078431372549	0.33524151463740637	0.9573274476243703	0.0003271352764639116	1.0	1.0	0.02451876683732495	-0.060125379939209724	0.0229453483521068	0	normal_vs_control
chr15:33933523:33933547:DEL	chr15	33933523	33933547	DEL	Sniffles2.DEL.40FEME	247	0.38117283950617287	15	47	0.3191489361702128	190	448	0.42410714285714285	42	153	0.27450980392156865	0.337402214202818	0.9405268046950462	0.0006173623441314191	1.0	1.0	0.038925465466426265	-0.10495820668693007	0.04463913224864413	0	normal_vs_control
chr2:195961424:195961424:INS	chr2	195961424	195961424	INS	Sniffles2.INS.A46AM1	191	0.29475308641975306	11	47	0.23404255319148937	150	448	0.33482142857142855	30	153	0.19607843137254902	0.3535558299199241	0.9446934036380522	0.0006642163069058206	1.0	1.0	0.04101406110022251	-0.10077887537993918	0.03796412181894035	0	normal_vs_control
chr9:71501430:71501430:INS	chr9	71501430	71501430	INS	0026C_Sniffles2.INS.1DES8	77	0.11882716049382716	3	47	0.06382978723404255	68	448	0.15178571428571427	6	153	0.0392156862745098	0.3564517668043924	0.9779000704169741	6.23864765057415e-05	1.0	1.0	0.007063090155225567	-0.08795592705167173	0.024614100959532745	0	normal_vs_control
chr2:15681102:15681102:INS	chr2	15681102	15681102	INS	0006C_Sniffles2.INS.D2S1	164	0.25308641975308643	9	47	0.19148936170212766	131	448	0.2924107142857143	24	153	0.1568627450980392	0.3601899372612073	0.9529960922990397	0.0004741334795687526	1.0	1.0	0.03222246032681481	-0.10092135258358664	0.034626616604088445	0	normal_vs_control
chr11:107460487:107460526:DEL	chr11	107460487	107460526	DEL	0006C_Sniffles2.DEL.510SA	165	0.25462962962962965	8	47	0.1702127659574468	136	448	0.30357142857142855	21	153	0.13725490196078433	0.3629312645648419	0.985071976427705	1.9995173048821157e-05	1.0	1.0	0.0030392641449142124	-0.13335866261398174	0.03295786399666248	0	normal_vs_control
chr6:151319383:151319383:INS	chr6	151319383	151319383	INS	Sniffles2.INS.6B46M5	106	0.16358024691358025	5	47	0.10638297872340426	89	448	0.19866071428571427	12	153	0.0784313725490196	0.36637171101158117	0.9656435183662324	0.00023112299975204054	1.0	1.0	0.018742958580184512	-0.09227773556231002	0.02795160617438465	0	normal_vs_control
chr7:528777:528777:INS	chr7	528777	528777	INS	Sniffles2.INS.17DM6	117	0.18055555555555555	6	47	0.1276595744680851	96	448	0.21428571428571427	15	153	0.09803921568627451	0.3664136236505418	0.9502467908864439	0.0006356970788653898	1.0	1.0	0.03977132286604926	-0.08662613981762918	0.029620358781810588	0	normal_vs_control
chr5:2946047:2946047:INS	chr5	2946047	2946047	INS	Sniffles2.INS.5D3M4	167	0.25771604938271603	9	47	0.19148936170212766	133	448	0.296875	25	153	0.16339869281045752	0.40096961833644357	0.9587382157041925	0.0006254758772898516	1.0	1.0	0.03932333472341691	-0.10538563829787234	0.02809066889167014	0	normal_vs_control
chr5:20673961:20674006:DEL	chr5	20673961	20674006	DEL	Sniffles2.DEL.140CM4	185	0.2854938271604938	9	47	0.19148936170212766	151	448	0.33705357142857145	25	153	0.16339869281045752	0.40096961833644357	0.9886313670115932	1.913046611356599e-05	1.0	1.0	0.002943328491939425	-0.1455642097264438	0.02809066889167014	0	normal_vs_control
chr10:119945493:119945493:INS	chr10	119945493	119945493	INS	Sniffles2.INS.6EDEM9	241	0.37191358024691357	14	47	0.2978723404255319	186	448	0.41517857142857145	41	153	0.2679738562091503	0.40952207743195784	0.9588380218028921	0.000704495786614274	1.0	1.0	0.04283272516903557	-0.11730623100303955	0.029898484216381582	0	normal_vs_control
chr5:72766357:72766357:INS	chr5	72766357	72766357	INS	Sniffles2.INS.47EEM4	251	0.3873456790123457	14	47	0.2978723404255319	196	448	0.4375	41	153	0.2679738562091503	0.40952207743195784	0.9786856602331271	0.00012277274431962156	1.0	1.0	0.011846928157448082	-0.1396276595744681	0.029898484216381582	0	normal_vs_control
chr14:77236308:77236383:DEL	chr14	77236308	77236383	DEL	0003C_Sniffles2.DEL.46ESD	142	0.2191358024691358	7	47	0.14893617021276595	116	448	0.25892857142857145	19	153	0.12418300653594772	0.41114034000146105	0.972238472685198	0.0002554481654457416	1.0	1.0	0.020208592469200756	-0.1099924012158055	0.024753163676818235	0	normal_vs_control
chr4:46297499:46297499:INS	chr4	46297499	46297499	INS	Sniffles2.INS.249BM3	33	0.05092592592592592	1	47	0.02127659574468085	31	448	0.06919642857142858	1	153	0.006535947712418301	0.41567839195979894	0.9632100517936267	0.0007842577297971023	1.0	1.0	0.045949482022921914	-0.04791983282674772	0.014740648032262549	0	normal_vs_control
chr6:102293688:102293816:DEL	chr6	102293688	102293816	DEL	0010C_Sniffles2.DEL.4D6S5	34	0.05246913580246913	1	47	0.02127659574468085	32	448	0.07142857142857142	1	153	0.006535947712418301	0.41567839195979894	0.9669446685661961	0.0005911979872704269	1.0	1.0	0.03776848225943991	-0.05015197568389057	0.014740648032262549	0	normal_vs_control
chr6:125260909:125260974:DEL	chr6	125260909	125260974	DEL	Sniffles2.DEL.5AC0M5	34	0.05246913580246913	1	47	0.02127659574468085	32	448	0.07142857142857142	1	153	0.006535947712418301	0.41567839195979894	0.9669446685661961	0.0005911979872704269	1.0	1.0	0.03776848225943991	-0.05015197568389057	0.014740648032262549	0	normal_vs_control
chr4:133216578:133216578:INS	chr4	133216578	133216578	INS	Sniffles2.INS.7B62M3	236	0.36419753086419754	13	47	0.2765957446808511	185	448	0.41294642857142855	38	153	0.24836601307189543	0.4157199330062619	0.9776379137060116	0.0001545485566345828	1.0	1.0	0.013927600108766027	-0.13635068389057747	0.028229731608955644	0	normal_vs_control
chr1:37753713:37753713:INS	chr1	37753713	37753713	INS	0003C_Sniffles2.INS.FFS0	107	0.16512345679012347	5	47	0.10638297872340426	89	448	0.19866071428571427	13	153	0.08496732026143791	0.42116084405285	0.9656435183662324	0.0005336889250951395	1.0	1.0	0.03510684344794488	-0.09227773556231002	0.021415658461966344	0	normal_vs_control
chr10:2657848:2657884:DEL	chr10	2657848	2657884	DEL	0006C_Sniffles2.DEL.3D4S9	108	0.16666666666666666	5	47	0.10638297872340426	90	448	0.20089285714285715	13	153	0.08496732026143791	0.42116084405285	0.9681551865389694	0.00043640128433272804	1.0	1.0	0.03006392330425515	-0.0945098784194529	0.021415658461966344	0	normal_vs_control
chr3:54404974:54404974:INS	chr3	54404974	54404974	INS	0002C_Sniffles2.INS.A8S2	240	0.37037037037037035	12	47	0.2553191489361702	193	448	0.43080357142857145	35	153	0.22875816993464052	0.4220251122762692	0.9944716736091043	4.196287261376287e-06	1.0	1.0	0.0009079060891918351	-0.17548442249240126	0.026560979001529678	0	normal_vs_control
chr2:219846137:219846137:INS	chr2	219846137	219846137	INS	Sniffles2.INS.B300M1	97	0.14969135802469136	4	47	0.0851063829787234	83	448	0.18526785714285715	10	153	0.06535947712418301	0.4258790469249494	0.9801074407605412	0.00013591319112466637	1.0	1.0	0.012737664686993267	-0.10016147416413375	0.019746905854540392	0	normal_vs_control
chr11:4734820:4734863:DEL	chr11	4734820	4734863	DEL	Sniffles2.DEL.87FMA	206	0.31790123456790126	11	47	0.23404255319148937	163	448	0.3638392857142857	32	153	0.20915032679738563	0.4284820907841636	0.9762494347843774	0.00022263004841006762	1.0	1.0	0.018295301366968584	-0.12979673252279633	0.02489222639410374	0	normal_vs_control
chr11:29002901:29002943:DEL	chr11	29002901	29002943	DEL	Sniffles2.DEL.18F6MA	75	0.11574074074074074	3	47	0.06382978723404255	65	448	0.14508928571428573	7	153	0.0457516339869281	0.4298592681453273	0.9713363913763006	0.00038956498984067694	1.0	1.0	0.027698620869442123	-0.08125949848024318	0.018078153247114447	0	normal_vs_control
chr15:24121742:24121742:INS	chr15	24121742	24121742	INS	0094c_Sniffles2.INS.B5SE	74	0.11419753086419752	3	47	0.06382978723404255	64	448	0.14285714285714285	7	153	0.0457516339869281	0.4298592681453273	0.9687775799121398	0.0004883076627627274	1.0	1.0	0.032943221467846465	-0.0790273556231003	0.018078153247114447	0	normal_vs_control
chr5:155060122:155060122:INS	chr5	155060122	155060122	INS	121_Sniffles2.INS.267S4	56	0.08641975308641975	2	47	0.0425531914893617	50	448	0.11160714285714286	4	153	0.026143790849673203	0.4312089188410607	0.9704944803243422	0.0004498875281100456	1.0	1.0	0.03080144673295328	-0.06905395136778117	0.016409400639688498	0	normal_vs_control
chr16:9193295:9193330:DEL	chr16	9193295	9193330	DEL	Sniffles2.DEL.A7EMF	185	0.2854938271604938	10	47	0.2127659574468085	146	448	0.32589285714285715	29	153	0.1895424836601307	0.4351463244771825	0.9639134508478677	0.0007334525194608582	1.0	1.0	0.044260041434622505	-0.11312689969604864	0.0232234737866778	0	normal_vs_control
chr9:3270102:3270102:INS	chr9	3270102	3270102	INS	Sniffles2.INS.28AM8	279	0.4305555555555556	16	47	0.3404255319148936	213	448	0.47544642857142855	50	153	0.32679738562091504	0.49710756011822876	0.9735914130850856	0.0008684118548525993	1.0	1.0	0.04979254225318403	-0.13502089665653494	0.013628146293978571	0	normal_vs_control
chr1:107386073:107386109:DEL	chr1	107386073	107386109	DEL	0006C_Sniffles2.DEL.745S0	215	0.3317901234567901	10	47	0.2127659574468085	174	448	0.38839285714285715	31	153	0.20261437908496732	0.513470662431488	0.9956045578713616	1.3215740027584311e-05	1.0	1.0	0.002245378554134478	-0.17562689969604864	0.01015157836184119	0	normal_vs_control
chr10:1505661:1505709:DEL	chr10	1505661	1505709	DEL	Sniffles2.DEL.2CCM9	40	0.06172839506172839	1	47	0.02127659574468085	37	448	0.08258928571428571	2	153	0.013071895424836602	0.5543809958885336	0.9807158657046797	0.0007987084011789231	1.0	1.0	0.04632341458062638	-0.06131268996960486	0.008204700319844249	0	normal_vs_control
chr10:38946509:38946509:INS	chr10	38946509	38946509	INS	Sniffles2.INS.2065M9	43	0.06635802469135803	1	47	0.02127659574468085	40	448	0.08928571428571429	2	153	0.013071895424836602	0.5543809958885336	0.9860852619278296	0.00035822796204631997	1.0	1.0	0.025904274465573796	-0.06800911854103343	0.008204700319844249	0	normal_vs_control
chr19:34123703:34123746:DEL	chr19	34123703	34123746	DEL	0030C_Sniffles2.DEL.345S12	88	0.13580246913580246	3	47	0.06382978723404255	76	448	0.16964285714285715	9	153	0.058823529411764705	0.5664850307202809	0.9892254177636617	0.00024477617735405136	1.0	1.0	0.019591998426714156	-0.1058130699088146	0.005006257822277843	0	normal_vs_control
chr12:102428238:102428238:INS	chr12	102428238	102428238	INS	105_Sniffles2.INS.13BSB	70	0.10802469135802469	2	47	0.0425531914893617	62	448	0.13839285714285715	6	153	0.0392156862745098	0.5987871477743432	0.9907099075786352	0.0002658410800498571	1.0	1.0	0.020856098784421368	-0.09583966565349544	0.0033375052148518977	0	normal_vs_control
chr8:34585543:34585543:INS	chr8	34585543	34585543	INS	Sniffles2.INS.1D81M7	65	0.10030864197530864	2	47	0.0425531914893617	57	448	0.12723214285714285	6	153	0.0392156862745098	0.5987871477743432	0.9848354934829037	0.0008437563507408688	1.0	1.0	0.04847922899879174	-0.08467895136778114	0.0033375052148518977	0	normal_vs_control
chr7:121047716:121047716:INS	chr7	121047716	121047716	INS	Sniffles2.INS.6BBEM6	227	0.35030864197530864	11	47	0.23404255319148937	179	448	0.39955357142857145	37	153	0.24183006535947713	0.6131046674248499	0.9928039785747922	0.00025230262215166757	1.0	1.0	0.02012362196958666	-0.16551101823708209	-0.007787512167987759	0	normal_vs_control
chr9:125623968:125624018:DEL	chr9	125623968	125624018	DEL	Sniffles2.DEL.F975M8	101	0.1558641975308642	3	47	0.06382978723404255	88	448	0.19642857142857142	10	153	0.06535947712418301	0.6272554135470768	0.9965595672875822	4.361358211521327e-05	1.0	1.0	0.0053692309983789524	-0.13259878419452886	-0.001529689890140462	0	normal_vs_control
chr10:97342248:97342248:INS	chr10	97342248	97342248	INS	0006C_Sniffles2.INS.261S9	79	0.12191358024691358	2	47	0.0425531914893617	70	448	0.15625	7	153	0.0457516339869281	0.6680258280514719	0.9958581522230598	0.00012224674776933946	1.0	1.0	0.011816758927483724	-0.11369680851063829	-0.0031984424975664005	0	normal_vs_control
chr5:75474211:75474211:INS	chr5	75474211	75474211	INS	Sniffles2.INS.4974M4	100	0.15432098765432098	2	47	0.0425531914893617	91	448	0.203125	7	153	0.0457516339869281	0.6680258280514719	0.9995642359310183	5.816098418013242e-07	1.0	1.0	0.00021620272427981036	-0.1605718085106383	-0.0031984424975664005	0	normal_vs_control
chr5:102712946:102712946:INS	chr5	102712946	102712946	INS	Sniffles2.INS.5B17M4	82	0.12654320987654322	2	47	0.0425531914893617	71	448	0.15848214285714285	9	153	0.058823529411764705	0.778055993154311	0.9962634167755497	0.0007225406107675525	1.0	1.0	0.04373779163846251	-0.11592895136778114	-0.016270337922403004	0	normal_vs_control
chr2:145354166:145354166:INS	chr2	145354166	145354166	INS	Sniffles2.INS.852DM1	111	0.1712962962962963	2	47	0.0425531914893617	95	448	0.21205357142857142	14	153	0.0915032679738562	0.9270660237628511	0.9997220998667006	0.0003565013496505967	1.0	1.0	0.025904274465573796	-0.16950037993920972	-0.0489500764844945	0	normal_vs_control
chr12:113879447:113879447:INS	chr12	113879447	113879447	INS	Sniffles2.INS.5C7AMB	39	0.06018518518518518	0	47	0.0	38	448	0.08482142857142858	1	153	0.006535947712418301	1.0	0.9999999999999998	0.00010544021507512223	1.0	1.0	0.010541737603936589	-0.08482142857142858	-0.006535947712418301	0	normal_vs_control
