coord_key	chrom	start	end	svtype	sv_id	gene	acmg_class	acmg_label	ranking_score	mode	max_pop_af	pop_rare	cohort_carrier	cohort_rate	cohort_rare	strict_rare	case_carrier	case_total	control_carrier	control_total	case_rate	control_rate	p_value	fdr	label
1:103993369:144643561:DEL	1	103993369	144643561	DEL	0013C_Sniffles2.DEL.783S0	THAP3P1;LOC105378879;LOC105378880;LOC105378881;LINC01676;LOC105378882;LOC105378883;LINC01677;LOC124904595;LOC107985116;LOC105378886;LOC105378885;LOC124904596;LOC105378887;LOC124904232;LOC124904233;LINC01661;LOC105378888;PRMT6;NTNG1;VAV3;MIR7852;VAV3-AS1;LINC02785;SLC25A24;NBPF4;NBPF6;EEIG2;HENMT1;LOC105378890;PRPF38B;FNDC7;STXBP3;LOC105378891;AKNAD1;SPATA42;GPSM2;CLCC1;WDR47;TAF13;TMEM167B-DT;TMEM167B;SCARNA2;CFAP276;ELAPOR1;SARS1;CELSR2;PSRC1;MYBPHL;SORT1;PSMA5;SYPL2;ATXN7L2;CYB561D1;AMIGO1;LOC105378893;GPR61;GNAI3;MIR197;GNAT2;AMPD2;GSTM4;GSTM2;GSTM1;GSTM5;GSTM3;EPS8L3;LOC124904258;LINC01768;CSF1;AHCYL1;STRIP1;LOC105378895;ALX3;LINC01397;UBL4B;SLC6A17;SLC6A17-AS1;KCNC4-DT;KCNC4;RBM15-AS1;LOC124904276;RBM15;SLC16A4;LAMTOR5;LAMTOR5-AS1;PROK1;LOC105378899;LOC105378898;CYMP;CYMP-AS1;KCNA10;LOC124904292;KCNA2;KCNA3;LOC107985174;LOC124904296;LOC105378901;CD53;LRIF1;DRAM2;CEPT1;DENND2D;CHI3L2;CHIAP2;CHIA;LOC105378903;CIMAP3;LOC105378904;PGBP;OVGP1;LOC124904309;WDR77;ATP5PB;C1orf162;TMIGD3;ADORA3;RAP1A;LINC01160;LOC107985184;INKA2;INKA2-AS1;LOC101928718;DDX20;KCND3;LOC124904312;KCND3-IT1;KCND3-AS1;LINC01750;LOC105378906;LOC124904319;LINC02884;LOC124904812;CTTNBP2NL;MIR4256;WNT2B;ST7L;CAPZA1;LOC124904810;MOV10;RHOC;PPM1J;PPM1J-DT;TAFA3;NUTF2P4;LINC01356;LINC01357;LOC105378911;MIR11399;LOC124904342;SLC16A1;AKR7A2P1;SLC16A1-AS1;LOC107985189;LRIG2-DT;LRIG2;LOC643441;MAGI3;PHTF1;RSBN1;AP4B1-AS1;PTPN22;BCL2L15;AP4B1;DCLRE1B;HIPK1-AS1;HIPK1;OLFML3;SYT6;LOC107985443;TRIM33;LOC124904348;BCAS2;LOC105378914;DENND2C;LOC124904354;AMPD1;NRAS;CSDE1;SIKE1;SYCP1;LOC105378915;TSHB;TSPAN2;LOC124904359;LINC01765;NGF-AS1;NGF;LOC112268234;LOC124904375;LOC124900438;VANGL1;CASQ2;NHLH2;LINC01649;LOC101928977;SLC22A15;MAB21L3;LOC105378918;LOC124904384;LOC105378919;LOC105378920;LOC124904669;ATP1A1;ATP1A1-AS1;LINC01762;LOC112268235;CD58;LOC105378925;MIR548AC;LOC124904385;IGSF3;LOC105378924;MIR320B1;LINC02868;LOC105378926;CD2;LOC105378927;PTGFRN;CD101;LOC124904386;CD101-AS1;TTF2;MIR942;TRIM45;LOC124904387;VTCN1;LINC01525;MAN1A2;TENT5C-DT;TENT5C;LOC124900444;LOC105378929;GDAP2;WDR3;SPAG17;LOC105378930;LOC107985447;TBX15;LOC105378933;WARS2;WARS2-IT1;WARS2-AS1;LOC107985192;LOC124904832;LINC01780;HAO2;HAO2-IT1;HSD3B2;LOC124904388;LOC105378935;HSD3B1;HSD3BP4;LINC00622;ZNF697;LOC124904389;LOC124904390;LOC105378937;PHGDH;HMGCS2;REG4;NBPF7P;ADAM30;NOTCH2;LOC101929178;SEC22B;LOC124904391;LOC124904631;LOC101929788;NBPF8;PFN1P2;PDE4DIPP2;LOC107985524;LOC124904392;LOC105378944;NOTCH2NLR;NBPF26;RNVU1-19;LOC124904393;PPIAL4A;LINC00623;LOC100996720;RNVU1-4;LOC105369199;PDE4DIPP4;LOC124904394;H3P4;FCGR1BP;LOC100996318;H2BP1;FAM72B;SRGAP2C;LOC107985193;SRGAP2-AS1;LINC02798;EMBP1;LOC101929814;LOC105371172;LOC105371175;LOC107985200;LOC107985201;LOC101927452;LINC02799;LOC112268273;LOC124904406;RNVU1-17;RNVU1-18;LOC105369140;LINC02591;PDE4DIPP3;H2BP2;FCGR1CP;H3-7;LOC105371209;FAM72C;SRGAP2D;LOC105371207;LOC105371206;LINC02802;LOC101060524;CH17-125A10.2;PPIAL4E;RNVU1-15;NBPF15;LOC105371211;RNVU1-26;RNVU1-2A;LOC105379574;RNVU1-28;PPIAL4F;LINC01632	5	5	1.9	full	0.4698	0	132	0.2037037037037037	0	0	115	495	17	153	0.23232323232323232	0.1111111111111111	5.1679118750891e-4	0.03373891606602463	1:103993369:144643561:DEL (THAP3P1;LOC105378879;LOC105378880;LOC105378881;LINC01676;LOC105378882;LOC105378883;LINC01677;LOC124904595;LOC107985116;LOC105378886;LOC105378885;LOC124904596;LOC105378887;LOC124904232;LOC124904233;LINC01661;LOC105378888;PRMT6;NTNG1;VAV3;MIR7852;VAV3-AS1;LINC02785;SLC25A24;NBPF4;NBPF6;EEIG2;HENMT1;LOC105378890;PRPF38B;FNDC7;STXBP3;LOC105378891;AKNAD1;SPATA42;GPSM2;CLCC1;WDR47;TAF13;TMEM167B-DT;TMEM167B;SCARNA2;CFAP276;ELAPOR1;SARS1;CELSR2;PSRC1;MYBPHL;SORT1;PSMA5;SYPL2;ATXN7L2;CYB561D1;AMIGO1;LOC105378893;GPR61;GNAI3;MIR197;GNAT2;AMPD2;GSTM4;GSTM2;GSTM1;GSTM5;GSTM3;EPS8L3;LOC124904258;LINC01768;CSF1;AHCYL1;STRIP1;LOC105378895;ALX3;LINC01397;UBL4B;SLC6A17;SLC6A17-AS1;KCNC4-DT;KCNC4;RBM15-AS1;LOC124904276;RBM15;SLC16A4;LAMTOR5;LAMTOR5-AS1;PROK1;LOC105378899;LOC105378898;CYMP;CYMP-AS1;KCNA10;LOC124904292;KCNA2;KCNA3;LOC107985174;LOC124904296;LOC105378901;CD53;LRIF1;DRAM2;CEPT1;DENND2D;CHI3L2;CHIAP2;CHIA;LOC105378903;CIMAP3;LOC105378904;PGBP;OVGP1;LOC124904309;WDR77;ATP5PB;C1orf162;TMIGD3;ADORA3;RAP1A;LINC01160;LOC107985184;INKA2;INKA2-AS1;LOC101928718;DDX20;KCND3;LOC124904312;KCND3-IT1;KCND3-AS1;LINC01750;LOC105378906;LOC124904319;LINC02884;LOC124904812;CTTNBP2NL;MIR4256;WNT2B;ST7L;CAPZA1;LOC124904810;MOV10;RHOC;PPM1J;PPM1J-DT;TAFA3;NUTF2P4;LINC01356;LINC01357;LOC105378911;MIR11399;LOC124904342;SLC16A1;AKR7A2P1;SLC16A1-AS1;LOC107985189;LRIG2-DT;LRIG2;LOC643441;MAGI3;PHTF1;RSBN1;AP4B1-AS1;PTPN22;BCL2L15;AP4B1;DCLRE1B;HIPK1-AS1;HIPK1;OLFML3;SYT6;LOC107985443;TRIM33;LOC124904348;BCAS2;LOC105378914;DENND2C;LOC124904354;AMPD1;NRAS;CSDE1;SIKE1;SYCP1;LOC105378915;TSHB;TSPAN2;LOC124904359;LINC01765;NGF-AS1;NGF;LOC112268234;LOC124904375;LOC124900438;VANGL1;CASQ2;NHLH2;LINC01649;LOC101928977;SLC22A15;MAB21L3;LOC105378918;LOC124904384;LOC105378919;LOC105378920;LOC124904669;ATP1A1;ATP1A1-AS1;LINC01762;LOC112268235;CD58;LOC105378925;MIR548AC;LOC124904385;IGSF3;LOC105378924;MIR320B1;LINC02868;LOC105378926;CD2;LOC105378927;PTGFRN;CD101;LOC124904386;CD101-AS1;TTF2;MIR942;TRIM45;LOC124904387;VTCN1;LINC01525;MAN1A2;TENT5C-DT;TENT5C;LOC124900444;LOC105378929;GDAP2;WDR3;SPAG17;LOC105378930;LOC107985447;TBX15;LOC105378933;WARS2;WARS2-IT1;WARS2-AS1;LOC107985192;LOC124904832;LINC01780;HAO2;HAO2-IT1;HSD3B2;LOC124904388;LOC105378935;HSD3B1;HSD3BP4;LINC00622;ZNF697;LOC124904389;LOC124904390;LOC105378937;PHGDH;HMGCS2;REG4;NBPF7P;ADAM30;NOTCH2;LOC101929178;SEC22B;LOC124904391;LOC124904631;LOC101929788;NBPF8;PFN1P2;PDE4DIPP2;LOC107985524;LOC124904392;LOC105378944;NOTCH2NLR;NBPF26;RNVU1-19;LOC124904393;PPIAL4A;LINC00623;LOC100996720;RNVU1-4;LOC105369199;PDE4DIPP4;LOC124904394;H3P4;FCGR1BP;LOC100996318;H2BP1;FAM72B;SRGAP2C;LOC107985193;SRGAP2-AS1;LINC02798;EMBP1;LOC101929814;LOC105371172;LOC105371175;LOC107985200;LOC107985201;LOC101927452;LINC02799;LOC112268273;LOC124904406;RNVU1-17;RNVU1-18;LOC105369140;LINC02591;PDE4DIPP3;H2BP2;FCGR1CP;H3-7;LOC105371209;FAM72C;SRGAP2D;LOC105371207;LOC105371206;LINC02802;LOC101060524;CH17-125A10.2;PPIAL4E;RNVU1-15;NBPF15;LOC105371211;RNVU1-26;RNVU1-2A;LOC105379574;RNVU1-28;PPIAL4F;LINC01632)
14:77236249:77236982:DEL	14	77236249	77236982	DEL	0003C_Sniffles2.DEL.46ESD	TMEM63C	4	4	0.9	full	0.4022	0	142	0.2191358024691358	0	0	123	495	19	153	0.24848484848484848	0.12418300653594772	5.4417606558104e-4	0.03373891606602463	14:77236249:77236982:DEL (TMEM63C)
1:152351502:152352324:DEL	1	152351502	152352324	DEL	Sniffles2.DEL.90B9M0	CCDST;FLG2	4	4	0.9	full	0.4698	0	623	0.9614197530864198	0	0	481	495	142	153	0.9717171717171718	0.9281045751633988	0.01769690940020684	0.6854688523918321	1:152351502:152352324:DEL (CCDST;FLG2)
4:49306211:140903640:DEL	4	49306211	140903640	DEL	Sniffles2.DEL.27ECM3	DCUN1D4;LRRC66;SGCB;LINC02480;SPATA18;LOC107986279;LOC124900897;USP46;USP46-DT;DANCR;MIR4449;SNORA26;ERVMER34-1;LOC124900185;LOC107986281;LINC01618;LOC124900700;RASL11B;SCFD2;LOC101928658;LOC124900701;LOC105377654;FIP1L1;LNX1;LNX1-AS1;LNX1-AS2;LOC100506444;LOC124900702;RPL21P44;CHIC2;GSX2;LOC124900899;PDGFRA;LINC02283;LINC02260;KIT;LOC105377657;LINC02358;LOC124900703;KDR;SRD5A3;SRD5A3-AS1;LINC02928;TMEM165;CLOCK;LOC124900704;PDCL2;NMU;LOC105377660;EXOC1L;LOC105377661;EXOC1;LOC105377663;CEP135;LOC124900705;CRACD;LOC101928760;LOC124900707;AASDH;PPAT;PAICS;LOC124900706;SRP72;ARL9;LOC105377665;SPMAP2L;HOPX;LOC124900708;LOC105377666;CHAER1;LOC105377668;SPINK2;REST;NOA1;POLR2B;IGFBP7;LOC124900898;IGFBP7-AS1;LOC107986283;LINC02380;LOC124900904;LOC105377670;LINC02494;LOC124900833;LOC107986228;LOC105377672;LOC105377246;LINC02429;LINC02619;LINC02496;MIR548AG1;LINC02271;LOC124900173;ADGRL3;ADGRL3-AS1;LOC101927145;LOC124900709;LOC105377253;LOC105377254;LOC124900851;TECRL;LOC107986284;LOC105377255;LINC02232;LINC02835;LOC124900852;EPHA5;EPHA5-AS1;LOC105377258;LOC105377259;LOC105377260;LOC105377261;MIR1269A;LOC105377262;LOC101927237;CENPC;STAP1;UBA6;UBA6-DT;GNRHR;LOC124900175;LOC102724780;TMPRSS11D;TMPRSS11A;TMPRSS11GP;TMPRSS11F;LOC550113;SYT14P1;FTLP10;TMPRSS11BNL;TMPRSS11B;YTHDC1;TMPRSS11E;UGT2B17;UGT2B15;UGT2B10;LOC124900853;UGT2A3;LOC105377265;UGT2B7;LOC105377267;UGT2B11;UGT2B28;UGT2B4;UGT2A2;UGT2A1;SULT1B1;SULT1E1;CSN1S1;CSN2;LOC105377269;STATH;HTN3;HTN1;CSN1S2AP;CSN1S2BP;PRR27;LOC105377270;ODAM;FDCSP;CSN3;CABS1;SMR3A;SMR3B;OPRPN;MUC7;AMTN;AMBN;ENAM;JCHAIN;LOC101927297;UTP3;RUFY3;LOC124900900;GRSF1;LOC124900710;LOC124900887;LOC124900711;MOB1B;DCK;SLC4A4;LOC124900712;LOC124900836;LOC107986285;LOC105377271;GC;NPFFR2;ADAMTS3;LOC105377273;LOC107986286;COX18;LOC112268467;ANKRD17;LOC124900713;ANKRD17-DT;LOC124900180;ALB;AFP;AFM;LINC02499;LOC107986287;RASSF6;INKILN;UMLILO;CXCL8;CXCL6;PF4V1;CXCL1;PF4;PPBP;CXCL5;LOC124900715;CXCL3;LOC105377275;PPBPP2;CXCL2;MTHFD2L;LOC105377277;LOC105377276;EPGN;EREG;AREG;LOC107986229;LOC124900716;BTC;LOC105377278;LOC105377282;LOC105377280;PARM1;PARM1-AS1;LOC107986289;LINC02562;LOC100506253;LINC02483;LOC107986230;RCHY1;THAP6;LOC124900717;ODAPH;CDKL2;G3BP2;USO1;LOC105377284;PPEF2;LOC105377285;NAAA;SDAD1;SDAD1-AS1;CXCL9;ART3;CXCL10;CXCL11;NUP54;LOC124900718;SCARB2;FAM47E;LOC105377286;FAM47E-STBD1;STBD1;CCDC158;LOC124900891;SHROOM3;MIR4450;MIR548AH;LOC105377290;SHROOM3-AS1;LOC124900719;LOC124900866;SOWAHB;LOC105377294;SEPTIN11;LOC105377291;CCNI;LOC101928864;CCNG2;LOC107986292;LOC105377295;CXCL13;LOC105377296;LOC105377297;CNOT6L;MRPL1;LOC102724916;FRAS1;LOC107986293;SNORD161;ANXA3;LOC124900721;LOC124900901;LINC01094;LOC101928893;BMP2K-DT;BMP2K;LOC124900722;LOC105377299;PAQR3;LINC01088;LOC124900723;NAA11;LOC105377300;GK2;LINC00989;LOC107986294;LINC02469;LOC105377302;PCAT4;LOC124900174;ANTXR2;LOC124900724;PRDM8-AS1;PRDM8;LOC124900725;FGF5;CFAP299;LOC105377305;BMP3;PRKG2;PRKG2-AS1;LOC124900726;RASGEF1B;LOC105377306;LOC105377308;VAMP9P;HNRNPD;HNRNPD-DT;LOC124900890;HNRNPDL;ENOPH1;LOC105377310;TMEM150C;LINC00575;SCD5;LOC124900727;MIR575;SEC31A;THAP9-AS1;SNORD143;SNORD144;THAP9;LIN54;COPS4;PLAC8;LOC124900167;COQ2;HPSE;LOC105377313;HELQ;MRPS18C;ABRAXAS1;GPAT3;LOC105377315;LINC02994;NKX6-1;LOC102723338;CDS1;LOC124900854;WDFY3;WDFY3-AS1;WDFY3-AS2;ARHGAP24;LOC105377319;LOC124900728;MIR4451;MAPK10;MAPK10-AS1;MIR4452;PTPN13;SLC10A6;C4orf36;AFF1-AS1;AFF1;LOC105377320;KLHL8;MIR5705;HSD17B13;HSD17B11;NUDT9;SCPPPQ1;SPARCL1;LOC124900729;DSPP;DMP1;LOC105377323;LOC105377324;IBSP;MEPE;LOC124900730;SPP1;PKD2;ABCG2;LOC124900867;PPM1K;PPM1K-DT;LOC124900731;LOC105377326;HERC6;LOC102723458;HERC5;PIGY;PYURF;PIGY-DT;HERC3;NAP1L5;FAM13A-AS1;FAM13A;LOC124900732;LOC105377327;TIGD2;LOC124900834;GPRIN3;LOC105377328;LOC124900855;LOC105377329;LOC124900602;SNCA;LOC124900856;SNCA-AS1;MMRN1;LOC105377331;CCSER1;LOC124900733;LOC112268468;LNCPRESS2;GRID2;ATOH1;SMARCAD1-DT;LOC124900734;SMARCAD1;HPGDS;PDLIM5;BMPR1B-DT;BMPR1B;LOC124900735;UNC5C;LOC124900736;UNC5C-AS1;PDHA2;LINC02267;LOC124900737;STPG2-AS1;STPG2;LOC105377340;RAP1GDS1;TSPAN5;LOC112267901;TSPAN5-DT;LOC105377343;EIF4E;METAP1;MIR3684;LOC124900738;ADH5;LOC100507053;LOC124900739;ADH4;PCNAP1;ADH6;ADH1A;ADH1B;ADH1C;LOC102723576;ADH7;C4orf17;TRMT10A;MTTP;C4orf54;DAPP1;LAMTOR3;DNAJB14;H2AZ1;H2AZ1-DT;LOC107986232;DDIT4L;DDIT4L-AS1;SNORA101A;EMCN;LOC124900740;LOC105377345;LINC01216;LINC01217;LINC01218;PPP3CA;MIR8066;MIR1255A;FLJ20021;LOC124900741;LOC107986297;BANK1;SLC39A8;LOC105377621;NFKB1;LOC124900742;LOC105377347;MANBA;LOC102723704;LOC124900743;UBE2D3;UBE2D3-AS1;LOC124900903;CISD2;SLC9B1;SLC9B2;BDH2;CENPE;LINC02428;TACR3-AS1;TACR3;LINC02503;LOC105377350;LOC124900744;CXXC4;CXXC4-AS1;LOC124900745;LOC124900746;LOC105377351;LOC124900868;TET2;TET2-AS1;PPA2;LOC105377352;ARHGEF38;ARHGEF38-IT1;INTS12;LOC124900748;LOC124900747;GSTCD;LOC107986190;GSTCD-AS1;LOC124900749;NPNT;LOC101929577;TBCK;LOC124900750;AIMP1;GIMD1;LINC02173;LOC105377356;DKK2;LOC102725220;LOC105377358;PAPSS1;SGMS2;CYP2U1-AS1;LOC107986298;LOC124900751;CYP2U1;LOC107986299;HADH;LEF1;LEF1-AS1;LOC124900752;LOC124900753;RPL34-DT;LOC101929621;RPL34;OSTC;ETNPPL;COL25A1;LOC124900756;LOC124900754;COL25A1-DT;SEC24B-AS1;SEC24B;MIR576;MCUB;LOC124900755;CASP6;PLA2G12A;CFI;LOC124900757;GAR1-DT;GAR1;RRH;LRIT3;EGF;ELOVL6;LOC124900759;LOC105377362;LOC124900892;ENPEP;PANCR;LOC105377363;PITX2;LOC124900857;MIR297;LOC105377364;LOC105377366;LOC105377367;LINC02945;LOC105377369;LOC105377370;FAM241A;AP1AR-DT;AP1AR;TIFA;ALPK1;NEUROG2;NEUROG2-AS1;LOC124900760;ZGRF1;H3P14;LARP7;MIR302CHG;MIR367;MIR302D;MIR302A;MIR302C;MIR302B;ANK2;LOC102723896;LOC124900761;ANK2-AS1;MIR1243;MIR8082;LOC105377374;CAMK2D;LOC105377375;ARSJ;LOC107986305;LOC124900762;LOC105377376;LOC107986235;LOC105377378;LOC105377379;LOC105377380;UGT8;MIR577;LOC124900763;LOC105377382;NDST4;LOC124900764;LOC124900835;LOC105377383;MIR1973;LOC105377384;LOC105377385;LOC107986306;LOC105377387;LOC105377388;TRAM1L1;LINC02262;LINC02263;LINC01378;LOC102723914;LINC02264;NDST3;LOC107986307;LOC105377392;LOC124900765;SNHG8;SNORA24;PRSS12;LOC124900766;LOC105379403;LOC124900767;CEP170P1;LOC729218;LOC124900768;METTL14-DT;METTL14;SEC24D;SYNPO2;LOC105377393;LOC105377394;LOC102723967;LOC105377395;MYOZ2;LOC105379404;LOC101929762;USP53;C4orf3;FABP2;LOC107986193;LINC01061;GTF2IP12;SEPTIN7P14;PDE5A;LOC124900187;LOC107986192;LOC105377397;LINC01365;LINC02502;LOC124900769;LOC124900770;MAD2L1;MAD2L1-DT;LOC124900771;PRDM5;LOC105377399;NDNF;NDNF-AS1;TNIP3;QRFPR;LOC107986309;LOC107986310;LOC105377401;LOC105377402;ANXA5;SMIM43;PP12613;EXOSC9;CCNA2;BBS7;BBS7-DT;TRPC3;LOC102724158;LOC112268469;BLTP1;ADAD1;IL2;IL21;IL21-AS1;BBS12;CETN4P;FGF2;LOC124900773;NUDT6;AFG2A;LOC105377404;LOC124900772;LOC124900774;SPRY1;LINC02435;LOC105377405;LINC01091;LOC124900775;LOC124900776;LOC105377407;LOC105377406;LOC105377408;LINC02516;ANKRD50;FAT4;MIR2054;LINC02379;LOC105377409;LOC105377410;LOC124900777;LOC105377411;LOC102724210;LOC107986312;LOC105377412;INTU;SLC25A31;LOC105377414;HSPA4L;LOC112268470;PLK4;MFSD8;ABHD18;LARP1B;PGRMC2;LINC02615;LOC101927259;LOC124900778;LOC124900905;JADE1;SCLT1;C4orf33;LOC105377416;LOC105377417;LOC124900779;LINC02466;LINC02465;LOC105377418;LINC02479;LOC105377422;LOC105377423;LINC02377;LOC124900860;LOC124900859;SNHG27;LOC105377425;LOC105377428;LINC01256;LOC124900861;LOC124900862;LOC105377431;PCDH10-DT;PCDH10;LOC124900863;PABPC4L;LINC02462;LOC105377436;LOC105377438;LOC105377437;LINC02485;LOC124900883;LINC00613;LOC124900864;LINC02511;LINC02510;LOC105377442;PCDH18;LINC02172;LOC101927414;LOC107986314;LOC105377444;LOC105377445;LOC107986315;LOC105377447;LINC00616;SLC7A11-AS1;SLC7A11;LINC00499;LOC105377448;NOCT;LOC124900780;ELF2;LOC105379412;MGARP;NDUFC1;NAA15;LOC124900188;RAB33B;RAB33B-AS1;SETD7;LOC105377451;LOC105377622;QKILA;MGST2;MAML3;LOC124900781;LOC124900782;LOC105377452;LOC124900783;LOC101927516;LOC124900784;SCOC;SCOC-AS1;LOC124900785;CLGN;MGAT4D;ELMOD2;UCP1;TBC1D9;TNRC18P1;LOC124900787;LOC124900786;RNF150	5	5	1.9	full	NA	1	28	0.04320987654320987	1	1	26	495	2	153	0.052525252525252517	0.0130718954248366	0.02211189846425264	0.6854688523918321	4:49306211:140903640:DEL (DCUN1D4;LRRC66;SGCB;LINC02480;SPATA18;LOC107986279;LOC124900897;USP46;USP46-DT;DANCR;MIR4449;SNORA26;ERVMER34-1;LOC124900185;LOC107986281;LINC01618;LOC124900700;RASL11B;SCFD2;LOC101928658;LOC124900701;LOC105377654;FIP1L1;LNX1;LNX1-AS1;LNX1-AS2;LOC100506444;LOC124900702;RPL21P44;CHIC2;GSX2;LOC124900899;PDGFRA;LINC02283;LINC02260;KIT;LOC105377657;LINC02358;LOC124900703;KDR;SRD5A3;SRD5A3-AS1;LINC02928;TMEM165;CLOCK;LOC124900704;PDCL2;NMU;LOC105377660;EXOC1L;LOC105377661;EXOC1;LOC105377663;CEP135;LOC124900705;CRACD;LOC101928760;LOC124900707;AASDH;PPAT;PAICS;LOC124900706;SRP72;ARL9;LOC105377665;SPMAP2L;HOPX;LOC124900708;LOC105377666;CHAER1;LOC105377668;SPINK2;REST;NOA1;POLR2B;IGFBP7;LOC124900898;IGFBP7-AS1;LOC107986283;LINC02380;LOC124900904;LOC105377670;LINC02494;LOC124900833;LOC107986228;LOC105377672;LOC105377246;LINC02429;LINC02619;LINC02496;MIR548AG1;LINC02271;LOC124900173;ADGRL3;ADGRL3-AS1;LOC101927145;LOC124900709;LOC105377253;LOC105377254;LOC124900851;TECRL;LOC107986284;LOC105377255;LINC02232;LINC02835;LOC124900852;EPHA5;EPHA5-AS1;LOC105377258;LOC105377259;LOC105377260;LOC105377261;MIR1269A;LOC105377262;LOC101927237;CENPC;STAP1;UBA6;UBA6-DT;GNRHR;LOC124900175;LOC102724780;TMPRSS11D;TMPRSS11A;TMPRSS11GP;TMPRSS11F;LOC550113;SYT14P1;FTLP10;TMPRSS11BNL;TMPRSS11B;YTHDC1;TMPRSS11E;UGT2B17;UGT2B15;UGT2B10;LOC124900853;UGT2A3;LOC105377265;UGT2B7;LOC105377267;UGT2B11;UGT2B28;UGT2B4;UGT2A2;UGT2A1;SULT1B1;SULT1E1;CSN1S1;CSN2;LOC105377269;STATH;HTN3;HTN1;CSN1S2AP;CSN1S2BP;PRR27;LOC105377270;ODAM;FDCSP;CSN3;CABS1;SMR3A;SMR3B;OPRPN;MUC7;AMTN;AMBN;ENAM;JCHAIN;LOC101927297;UTP3;RUFY3;LOC124900900;GRSF1;LOC124900710;LOC124900887;LOC124900711;MOB1B;DCK;SLC4A4;LOC124900712;LOC124900836;LOC107986285;LOC105377271;GC;NPFFR2;ADAMTS3;LOC105377273;LOC107986286;COX18;LOC112268467;ANKRD17;LOC124900713;ANKRD17-DT;LOC124900180;ALB;AFP;AFM;LINC02499;LOC107986287;RASSF6;INKILN;UMLILO;CXCL8;CXCL6;PF4V1;CXCL1;PF4;PPBP;CXCL5;LOC124900715;CXCL3;LOC105377275;PPBPP2;CXCL2;MTHFD2L;LOC105377277;LOC105377276;EPGN;EREG;AREG;LOC107986229;LOC124900716;BTC;LOC105377278;LOC105377282;LOC105377280;PARM1;PARM1-AS1;LOC107986289;LINC02562;LOC100506253;LINC02483;LOC107986230;RCHY1;THAP6;LOC124900717;ODAPH;CDKL2;G3BP2;USO1;LOC105377284;PPEF2;LOC105377285;NAAA;SDAD1;SDAD1-AS1;CXCL9;ART3;CXCL10;CXCL11;NUP54;LOC124900718;SCARB2;FAM47E;LOC105377286;FAM47E-STBD1;STBD1;CCDC158;LOC124900891;SHROOM3;MIR4450;MIR548AH;LOC105377290;SHROOM3-AS1;LOC124900719;LOC124900866;SOWAHB;LOC105377294;SEPTIN11;LOC105377291;CCNI;LOC101928864;CCNG2;LOC107986292;LOC105377295;CXCL13;LOC105377296;LOC105377297;CNOT6L;MRPL1;LOC102724916;FRAS1;LOC107986293;SNORD161;ANXA3;LOC124900721;LOC124900901;LINC01094;LOC101928893;BMP2K-DT;BMP2K;LOC124900722;LOC105377299;PAQR3;LINC01088;LOC124900723;NAA11;LOC105377300;GK2;LINC00989;LOC107986294;LINC02469;LOC105377302;PCAT4;LOC124900174;ANTXR2;LOC124900724;PRDM8-AS1;PRDM8;LOC124900725;FGF5;CFAP299;LOC105377305;BMP3;PRKG2;PRKG2-AS1;LOC124900726;RASGEF1B;LOC105377306;LOC105377308;VAMP9P;HNRNPD;HNRNPD-DT;LOC124900890;HNRNPDL;ENOPH1;LOC105377310;TMEM150C;LINC00575;SCD5;LOC124900727;MIR575;SEC31A;THAP9-AS1;SNORD143;SNORD144;THAP9;LIN54;COPS4;PLAC8;LOC124900167;COQ2;HPSE;LOC105377313;HELQ;MRPS18C;ABRAXAS1;GPAT3;LOC105377315;LINC02994;NKX6-1;LOC102723338;CDS1;LOC124900854;WDFY3;WDFY3-AS1;WDFY3-AS2;ARHGAP24;LOC105377319;LOC124900728;MIR4451;MAPK10;MAPK10-AS1;MIR4452;PTPN13;SLC10A6;C4orf36;AFF1-AS1;AFF1;LOC105377320;KLHL8;MIR5705;HSD17B13;HSD17B11;NUDT9;SCPPPQ1;SPARCL1;LOC124900729;DSPP;DMP1;LOC105377323;LOC105377324;IBSP;MEPE;LOC124900730;SPP1;PKD2;ABCG2;LOC124900867;PPM1K;PPM1K-DT;LOC124900731;LOC105377326;HERC6;LOC102723458;HERC5;PIGY;PYURF;PIGY-DT;HERC3;NAP1L5;FAM13A-AS1;FAM13A;LOC124900732;LOC105377327;TIGD2;LOC124900834;GPRIN3;LOC105377328;LOC124900855;LOC105377329;LOC124900602;SNCA;LOC124900856;SNCA-AS1;MMRN1;LOC105377331;CCSER1;LOC124900733;LOC112268468;LNCPRESS2;GRID2;ATOH1;SMARCAD1-DT;LOC124900734;SMARCAD1;HPGDS;PDLIM5;BMPR1B-DT;BMPR1B;LOC124900735;UNC5C;LOC124900736;UNC5C-AS1;PDHA2;LINC02267;LOC124900737;STPG2-AS1;STPG2;LOC105377340;RAP1GDS1;TSPAN5;LOC112267901;TSPAN5-DT;LOC105377343;EIF4E;METAP1;MIR3684;LOC124900738;ADH5;LOC100507053;LOC124900739;ADH4;PCNAP1;ADH6;ADH1A;ADH1B;ADH1C;LOC102723576;ADH7;C4orf17;TRMT10A;MTTP;C4orf54;DAPP1;LAMTOR3;DNAJB14;H2AZ1;H2AZ1-DT;LOC107986232;DDIT4L;DDIT4L-AS1;SNORA101A;EMCN;LOC124900740;LOC105377345;LINC01216;LINC01217;LINC01218;PPP3CA;MIR8066;MIR1255A;FLJ20021;LOC124900741;LOC107986297;BANK1;SLC39A8;LOC105377621;NFKB1;LOC124900742;LOC105377347;MANBA;LOC102723704;LOC124900743;UBE2D3;UBE2D3-AS1;LOC124900903;CISD2;SLC9B1;SLC9B2;BDH2;CENPE;LINC02428;TACR3-AS1;TACR3;LINC02503;LOC105377350;LOC124900744;CXXC4;CXXC4-AS1;LOC124900745;LOC124900746;LOC105377351;LOC124900868;TET2;TET2-AS1;PPA2;LOC105377352;ARHGEF38;ARHGEF38-IT1;INTS12;LOC124900748;LOC124900747;GSTCD;LOC107986190;GSTCD-AS1;LOC124900749;NPNT;LOC101929577;TBCK;LOC124900750;AIMP1;GIMD1;LINC02173;LOC105377356;DKK2;LOC102725220;LOC105377358;PAPSS1;SGMS2;CYP2U1-AS1;LOC107986298;LOC124900751;CYP2U1;LOC107986299;HADH;LEF1;LEF1-AS1;LOC124900752;LOC124900753;RPL34-DT;LOC101929621;RPL34;OSTC;ETNPPL;COL25A1;LOC124900756;LOC124900754;COL25A1-DT;SEC24B-AS1;SEC24B;MIR576;MCUB;LOC124900755;CASP6;PLA2G12A;CFI;LOC124900757;GAR1-DT;GAR1;RRH;LRIT3;EGF;ELOVL6;LOC124900759;LOC105377362;LOC124900892;ENPEP;PANCR;LOC105377363;PITX2;LOC124900857;MIR297;LOC105377364;LOC105377366;LOC105377367;LINC02945;LOC105377369;LOC105377370;FAM241A;AP1AR-DT;AP1AR;TIFA;ALPK1;NEUROG2;NEUROG2-AS1;LOC124900760;ZGRF1;H3P14;LARP7;MIR302CHG;MIR367;MIR302D;MIR302A;MIR302C;MIR302B;ANK2;LOC102723896;LOC124900761;ANK2-AS1;MIR1243;MIR8082;LOC105377374;CAMK2D;LOC105377375;ARSJ;LOC107986305;LOC124900762;LOC105377376;LOC107986235;LOC105377378;LOC105377379;LOC105377380;UGT8;MIR577;LOC124900763;LOC105377382;NDST4;LOC124900764;LOC124900835;LOC105377383;MIR1973;LOC105377384;LOC105377385;LOC107986306;LOC105377387;LOC105377388;TRAM1L1;LINC02262;LINC02263;LINC01378;LOC102723914;LINC02264;NDST3;LOC107986307;LOC105377392;LOC124900765;SNHG8;SNORA24;PRSS12;LOC124900766;LOC105379403;LOC124900767;CEP170P1;LOC729218;LOC124900768;METTL14-DT;METTL14;SEC24D;SYNPO2;LOC105377393;LOC105377394;LOC102723967;LOC105377395;MYOZ2;LOC105379404;LOC101929762;USP53;C4orf3;FABP2;LOC107986193;LINC01061;GTF2IP12;SEPTIN7P14;PDE5A;LOC124900187;LOC107986192;LOC105377397;LINC01365;LINC02502;LOC124900769;LOC124900770;MAD2L1;MAD2L1-DT;LOC124900771;PRDM5;LOC105377399;NDNF;NDNF-AS1;TNIP3;QRFPR;LOC107986309;LOC107986310;LOC105377401;LOC105377402;ANXA5;SMIM43;PP12613;EXOSC9;CCNA2;BBS7;BBS7-DT;TRPC3;LOC102724158;LOC112268469;BLTP1;ADAD1;IL2;IL21;IL21-AS1;BBS12;CETN4P;FGF2;LOC124900773;NUDT6;AFG2A;LOC105377404;LOC124900772;LOC124900774;SPRY1;LINC02435;LOC105377405;LINC01091;LOC124900775;LOC124900776;LOC105377407;LOC105377406;LOC105377408;LINC02516;ANKRD50;FAT4;MIR2054;LINC02379;LOC105377409;LOC105377410;LOC124900777;LOC105377411;LOC102724210;LOC107986312;LOC105377412;INTU;SLC25A31;LOC105377414;HSPA4L;LOC112268470;PLK4;MFSD8;ABHD18;LARP1B;PGRMC2;LINC02615;LOC101927259;LOC124900778;LOC124900905;JADE1;SCLT1;C4orf33;LOC105377416;LOC105377417;LOC124900779;LINC02466;LINC02465;LOC105377418;LINC02479;LOC105377422;LOC105377423;LINC02377;LOC124900860;LOC124900859;SNHG27;LOC105377425;LOC105377428;LINC01256;LOC124900861;LOC124900862;LOC105377431;PCDH10-DT;PCDH10;LOC124900863;PABPC4L;LINC02462;LOC105377436;LOC105377438;LOC105377437;LINC02485;LOC124900883;LINC00613;LOC124900864;LINC02511;LINC02510;LOC105377442;PCDH18;LINC02172;LOC101927414;LOC107986314;LOC105377444;LOC105377445;LOC107986315;LOC105377447;LINC00616;SLC7A11-AS1;SLC7A11;LINC00499;LOC105377448;NOCT;LOC124900780;ELF2;LOC105379412;MGARP;NDUFC1;NAA15;LOC124900188;RAB33B;RAB33B-AS1;SETD7;LOC105377451;LOC105377622;QKILA;MGST2;MAML3;LOC124900781;LOC124900782;LOC105377452;LOC124900783;LOC101927516;LOC124900784;SCOC;SCOC-AS1;LOC124900785;CLGN;MGAT4D;ELMOD2;UCP1;TBC1D9;TNRC18P1;LOC124900787;LOC124900786;RNF150)
1:152305542:152306991:DEL	1	152305542	152306991	DEL	Sniffles2.DEL.90B2M0	CCDST;FLG	4	4	0.9	full	0.4698	0	30	0.04629629629629629	1	0	26	495	4	153	0.052525252525252517	0.0261437908496732	0.12475876339592182	1	1:152305542:152306991:DEL (CCDST;FLG)
1:105417121:143223844:DUP	1	105417121	143223844	DUP	154_Sniffles2.DUP.B39S0	LOC105378881;LINC01676;LOC105378882;LOC105378883;LINC01677;LOC124904595;LOC107985116;LOC105378886;LOC105378885;LOC124904596;LOC105378887;LOC124904232;LOC124904233;LINC01661;LOC105378888;PRMT6;NTNG1;VAV3;MIR7852;VAV3-AS1;LINC02785;SLC25A24;NBPF4;NBPF6;EEIG2;HENMT1;LOC105378890;PRPF38B;FNDC7;STXBP3;LOC105378891;AKNAD1;SPATA42;GPSM2;CLCC1;WDR47;TAF13;TMEM167B-DT;TMEM167B;SCARNA2;CFAP276;ELAPOR1;SARS1;CELSR2;PSRC1;MYBPHL;SORT1;PSMA5;SYPL2;ATXN7L2;CYB561D1;AMIGO1;LOC105378893;GPR61;GNAI3;MIR197;GNAT2;AMPD2;GSTM4;GSTM2;GSTM1;GSTM5;GSTM3;EPS8L3;LOC124904258;LINC01768;CSF1;AHCYL1;STRIP1;LOC105378895;ALX3;LINC01397;UBL4B;SLC6A17;SLC6A17-AS1;KCNC4-DT;KCNC4;RBM15-AS1;LOC124904276;RBM15;SLC16A4;LAMTOR5;LAMTOR5-AS1;PROK1;LOC105378899;LOC105378898;CYMP;CYMP-AS1;KCNA10;LOC124904292;KCNA2;KCNA3;LOC107985174;LOC124904296;LOC105378901;CD53;LRIF1;DRAM2;CEPT1;DENND2D;CHI3L2;CHIAP2;CHIA;LOC105378903;CIMAP3;LOC105378904;PGBP;OVGP1;LOC124904309;WDR77;ATP5PB;C1orf162;TMIGD3;ADORA3;RAP1A;LINC01160;LOC107985184;INKA2;INKA2-AS1;LOC101928718;DDX20;KCND3;LOC124904312;KCND3-IT1;KCND3-AS1;LINC01750;LOC105378906;LOC124904319;LINC02884;LOC124904812;CTTNBP2NL;MIR4256;WNT2B;ST7L;CAPZA1;LOC124904810;MOV10;RHOC;PPM1J;PPM1J-DT;TAFA3;NUTF2P4;LINC01356;LINC01357;LOC105378911;MIR11399;LOC124904342;SLC16A1;AKR7A2P1;SLC16A1-AS1;LOC107985189;LRIG2-DT;LRIG2;LOC643441;MAGI3;PHTF1;RSBN1;AP4B1-AS1;PTPN22;BCL2L15;AP4B1;DCLRE1B;HIPK1-AS1;HIPK1;OLFML3;SYT6;LOC107985443;TRIM33;LOC124904348;BCAS2;LOC105378914;DENND2C;LOC124904354;AMPD1;NRAS;CSDE1;SIKE1;SYCP1;LOC105378915;TSHB;TSPAN2;LOC124904359;LINC01765;NGF-AS1;NGF;LOC112268234;LOC124904375;LOC124900438;VANGL1;CASQ2;NHLH2;LINC01649;LOC101928977;SLC22A15;MAB21L3;LOC105378918;LOC124904384;LOC105378919;LOC105378920;LOC124904669;ATP1A1;ATP1A1-AS1;LINC01762;LOC112268235;CD58;LOC105378925;MIR548AC;LOC124904385;IGSF3;LOC105378924;MIR320B1;LINC02868;LOC105378926;CD2;LOC105378927;PTGFRN;CD101;LOC124904386;CD101-AS1;TTF2;MIR942;TRIM45;LOC124904387;VTCN1;LINC01525;MAN1A2;TENT5C-DT;TENT5C;LOC124900444;LOC105378929;GDAP2;WDR3;SPAG17;LOC105378930;LOC107985447;TBX15;LOC105378933;WARS2;WARS2-IT1;WARS2-AS1;LOC107985192;LOC124904832;LINC01780;HAO2;HAO2-IT1;HSD3B2;LOC124904388;LOC105378935;HSD3B1;HSD3BP4;LINC00622;ZNF697;LOC124904389;LOC124904390;LOC105378937;PHGDH;HMGCS2;REG4;NBPF7P;ADAM30;NOTCH2;LOC101929178;SEC22B;LOC124904391;LOC124904631;LOC101929788;NBPF8;PFN1P2;PDE4DIPP2;LOC107985524;LOC124904392;LOC105378944;NOTCH2NLR;NBPF26;RNVU1-19;LOC124904393;PPIAL4A;LINC00623;LOC100996720;RNVU1-4;LOC105369199;PDE4DIPP4;LOC124904394;H3P4;FCGR1BP;LOC100996318;H2BP1;FAM72B;SRGAP2C;LOC107985193;SRGAP2-AS1;LINC02798;EMBP1	5	5	1.9	full	0.4698	0	23	0.03549382716049382	1	0	20	495	3	153	0.04040404040404041	0.0196078431372549	0.1677644728652869	1	1:105417121:143223844:DUP (LOC105378881;LINC01676;LOC105378882;LOC105378883;LINC01677;LOC124904595;LOC107985116;LOC105378886;LOC105378885;LOC124904596;LOC105378887;LOC124904232;LOC124904233;LINC01661;LOC105378888;PRMT6;NTNG1;VAV3;MIR7852;VAV3-AS1;LINC02785;SLC25A24;NBPF4;NBPF6;EEIG2;HENMT1;LOC105378890;PRPF38B;FNDC7;STXBP3;LOC105378891;AKNAD1;SPATA42;GPSM2;CLCC1;WDR47;TAF13;TMEM167B-DT;TMEM167B;SCARNA2;CFAP276;ELAPOR1;SARS1;CELSR2;PSRC1;MYBPHL;SORT1;PSMA5;SYPL2;ATXN7L2;CYB561D1;AMIGO1;LOC105378893;GPR61;GNAI3;MIR197;GNAT2;AMPD2;GSTM4;GSTM2;GSTM1;GSTM5;GSTM3;EPS8L3;LOC124904258;LINC01768;CSF1;AHCYL1;STRIP1;LOC105378895;ALX3;LINC01397;UBL4B;SLC6A17;SLC6A17-AS1;KCNC4-DT;KCNC4;RBM15-AS1;LOC124904276;RBM15;SLC16A4;LAMTOR5;LAMTOR5-AS1;PROK1;LOC105378899;LOC105378898;CYMP;CYMP-AS1;KCNA10;LOC124904292;KCNA2;KCNA3;LOC107985174;LOC124904296;LOC105378901;CD53;LRIF1;DRAM2;CEPT1;DENND2D;CHI3L2;CHIAP2;CHIA;LOC105378903;CIMAP3;LOC105378904;PGBP;OVGP1;LOC124904309;WDR77;ATP5PB;C1orf162;TMIGD3;ADORA3;RAP1A;LINC01160;LOC107985184;INKA2;INKA2-AS1;LOC101928718;DDX20;KCND3;LOC124904312;KCND3-IT1;KCND3-AS1;LINC01750;LOC105378906;LOC124904319;LINC02884;LOC124904812;CTTNBP2NL;MIR4256;WNT2B;ST7L;CAPZA1;LOC124904810;MOV10;RHOC;PPM1J;PPM1J-DT;TAFA3;NUTF2P4;LINC01356;LINC01357;LOC105378911;MIR11399;LOC124904342;SLC16A1;AKR7A2P1;SLC16A1-AS1;LOC107985189;LRIG2-DT;LRIG2;LOC643441;MAGI3;PHTF1;RSBN1;AP4B1-AS1;PTPN22;BCL2L15;AP4B1;DCLRE1B;HIPK1-AS1;HIPK1;OLFML3;SYT6;LOC107985443;TRIM33;LOC124904348;BCAS2;LOC105378914;DENND2C;LOC124904354;AMPD1;NRAS;CSDE1;SIKE1;SYCP1;LOC105378915;TSHB;TSPAN2;LOC124904359;LINC01765;NGF-AS1;NGF;LOC112268234;LOC124904375;LOC124900438;VANGL1;CASQ2;NHLH2;LINC01649;LOC101928977;SLC22A15;MAB21L3;LOC105378918;LOC124904384;LOC105378919;LOC105378920;LOC124904669;ATP1A1;ATP1A1-AS1;LINC01762;LOC112268235;CD58;LOC105378925;MIR548AC;LOC124904385;IGSF3;LOC105378924;MIR320B1;LINC02868;LOC105378926;CD2;LOC105378927;PTGFRN;CD101;LOC124904386;CD101-AS1;TTF2;MIR942;TRIM45;LOC124904387;VTCN1;LINC01525;MAN1A2;TENT5C-DT;TENT5C;LOC124900444;LOC105378929;GDAP2;WDR3;SPAG17;LOC105378930;LOC107985447;TBX15;LOC105378933;WARS2;WARS2-IT1;WARS2-AS1;LOC107985192;LOC124904832;LINC01780;HAO2;HAO2-IT1;HSD3B2;LOC124904388;LOC105378935;HSD3B1;HSD3BP4;LINC00622;ZNF697;LOC124904389;LOC124904390;LOC105378937;PHGDH;HMGCS2;REG4;NBPF7P;ADAM30;NOTCH2;LOC101929178;SEC22B;LOC124904391;LOC124904631;LOC101929788;NBPF8;PFN1P2;PDE4DIPP2;LOC107985524;LOC124904392;LOC105378944;NOTCH2NLR;NBPF26;RNVU1-19;LOC124904393;PPIAL4A;LINC00623;LOC100996720;RNVU1-4;LOC105369199;PDE4DIPP4;LOC124904394;H3P4;FCGR1BP;LOC100996318;H2BP1;FAM72B;SRGAP2C;LOC107985193;SRGAP2-AS1;LINC02798;EMBP1)
12:96489606:96492317:DEL	12	96489606	96492317	DEL	N24710M_Sniffles2.DEL.30CSB	CFAP54	4	4	0.9	full	0.1121	0	265	0.4089506172839506	0	0	208	495	57	153	0.4202020202020202	0.37254901960784315	0.17017243226694004	1	12:96489606:96492317:DEL (CFAP54)
10:133288399:133289854:DEL	10	133288399	133289854	DEL	Sniffles2.DEL.7D5CM9	TUBGCP2	4	4	0.9	full	0.01	0	620	0.9567901234567902	0	0	476	495	144	153	0.9616161616161616	0.9411764705882352	0.1922830809151155	1	10:133288399:133289854:DEL (TUBGCP2)
9:12701293:12705766:DEL	9	12701293	12705766	DEL	A1105_Sniffles2.DEL.43ES8	TYRP1;LURAP1L-AS1	5	5	1	full	0.01	0	623	0.9614197530864198	0	0	478	495	145	153	0.9656565656565655	0.9477124183006536	0.21674511116253212	1	9:12701293:12705766:DEL (TYRP1;LURAP1L-AS1)
8:2191469:142652751:DEL	8	2191469	142652751	DEL	A0302_Sniffles2.DEL.2E2S7	LOC105377781;LOC105377782;LOC105377783;LOC105377784;LINC03021;LOC107986865;LOC105377785;LOC124901871;CSMD1;LOC105377791;LOC105377790;LOC105377789;LOC107986907;LOC124900260;LOC105377793;LOC105377794;LOC124902045;LOC107986908;LOC105377795;LOC105377796;LOC105377797;MCPH1-DT;MCPH1;ANGPT2;MCPH1-AS1;MIR8055;AGPAT5;MIR4659A;MIR4659B;LOC124901872;LOC107986909;XKR5;GS1-24F4.2;DEFB1;DEFA6;DEFA4;DEFA8P;DEFA9P;DEFA10P;LOC124901873;DEFA1;DEFT1P;LOC124901874;DEFA1B;DEFT1P2;LOC124901875;DEFA3;DEFA11P;DEFA5;LOC105377799;LOC105377803;LOC101928095;LOC124901876;LOC124901878;FAM90A15;LINC00965;FAM90A3;LOC124901877;FAM90A13;FAM90A5;FAM90A20;FAM66B;DEFB109B;USP17L1;USP17L4;ZNF705G;DEFB4B;DEFB103B;SPAG11B;DEFB104B;DEFB106B;DEFB105B;DEFB107B;LOC105377801;PRR23D1;FAM90A7;LOC105377800;LOC128966594;FAM90A22;FAM90A23;LOC107986910;LOC101929400;FAM90A14;FAM90A18;FAM90A16;FAM90A8;FAM90A17;FAM90A19;FAM90A9;FAM90A10;PRR23D2;DEFB107A;DEFB105A;DEFB106A;DEFB104A;SPAG11A;DEFB103A;DEFB4A;ZNF705B;FAM66E;USP17L8;USP17L3;FAM90A11;FAM90A24;FAM90A12;LOC124900617;MIR548I3;FAM85B;FAM86B3P;PRAG1;LOC124901879;LOC105379222;LINC02949;LINC02950;LOC107986913;LOC105379224;LOC124901881;LOC105379225;CLDN23;MFHAS1;LOC124900259;LOC124901866;LOC105379227;ERI1;MIR4660;SNORD3I;LOC112268402;PPP1R3B;LOC124901882;PPP1R3B-DT;LOC101929128;LOC124901883;LOC157273;LOC105379228;LOC105379231;LOC105379230;LOC124901884;TNKS;MIR597;LOC124902085;LOC124902056;MIR124-1HG;MIR124-1;LOC124902057;LOC124902082;LOC105379235;MSRA-DT;MSRA;LOC124901885;LOC124901886;LINC03022;LOC124901887;PRSS51;PRSS55;LOC105379237;RP1L1;MIR4286;C8orf74;SOX7;LOC102723313;PINX1;MIR1322;PINX1-DT;LOC101929248;LOC112268022;XKR6;MIR598;LOC101929269;LINC00529;MTMR9;LOC101929290;SLC35G5;TDH;TDH-AS1;FAM167A-AS1;FAM167A;BLK;LOC105379241;LINC00208;LOC105379242;GATA4;SNORA99;LINC02905;LOC124901888;NEIL2;LOC105379243;FDFT1;CTSB;LOC105379244;LOC112268017;DEFB136;DEFB135;DEFB134;LOC105379245;LOC105379246;DEFB130B;ZNF705D;FAM66D;LOC392196;USP17L7;USP17L2;FAM90A2P;FAM86B1;FAM85A;DEFB130A;FAM66A;LOC649352;DEFB109A;FAM90A25P;FAM86B2;FAM86B2-DT;LOC729732;MIR5692A2;LONRF1;MIR3926-1;MIR3926-2;LINC03019;LINC00681;LOC105379289;TRMT9B;LOC124901889;DLC1;LOC101930149;LOC124901890;C8orf48;LOC102725080;LOC105379292;SGCZ;LOC124902058;MIR383;LOC124902059;TUSC3;LOC124902060;MSR1;LOC101929028;LOC105379297;FGF20;MICU3;ZDHHC2;LOC107986918;CNOT7;VPS37A;MTMR7;LOC102724838;SLC7A2;PDGFRL;LOC107986919;MTUS1;LOC124901891;MIR548V;MTUS1-DT;LOC124901893;FGL1;LOC124901892;LOC124901867;PCM1;LOC124901894;ASAH1;ASAH1-AS1;NAT1;NAT2;PSD3;LOC124901896;LOC124901897;LOC124901895;LOC107986868;LOC124900256;LOC105379303;LOC124901898;LOC105379301;LOC100128993;LOC105379300;LOC105379306;SH2D4A;CSGALNACT1;LOC124901900;LOC124901899;LOC107986920;INTS10;LOC124901901;LOC105379309;LOC107986921;LPL;LOC105379311;LOC105379312;SLC18A1;ATP6V1B2;LZTS1;LZTS1-AS1;LOC105379314;SNORD3F;LOC105379315;LOC105379316;LINC03023;LINC02153;LOC124901902;LINC03093;LOC107986922;GFRA2;DOK2;XPO7;LOC124901903;NPM2;LOC124902091;FGF17;DMTN;FHIP2B;NUDT18;HR;HRURF;REEP4;LGI3;SFTPC;BMP1;LOC124901904;PHYHIP;MIR320A;POLR3D;PIWIL2-DT;PIWIL2;SLC39A14;PPP3CC;LOC124901905;SORBS3;PDLIM2;C8orf58;LOC107986876;CCAR2;BIN3;BIN3-IT1;LOC107986924;EGR3;LOC105379321;LOC107986926;PEBP4;LOC124901908;LOC107986925;LOC105379325;LOC124901906;LOC101929237;LOC124901907;RHOBTB2;LOC107984124;TNFRSF10B;TNFRSF10B-AS1;LOC254896;TNFRSF10C;TNFRSF10D;TNFRSF10A;TNFRSF10A-DT;CHMP7;R3HCC1;LOXL2;LOXL2-AS1;ENTPD4;ENTPD4-DT;LOC105379327;SLC25A37;LOC107986930;NKX3-1;NKX2-6;LOC101929258;STC1;LOC107986931;LOC105379328;ADAM28;ADAM7-AS1;ADAMDEC1;ADAM7;ADAM7-AS2;LOC107986932;LOC107986882;LOC105379329;NEFM;LOC112268023;NEFL;MIR6841;LOC105379330;LOC124901911;LOC124901912;DOCK5;MIR6876;LOC105379331;GNRH1;KCTD9;LOC124901913;CDCA2;LOC107986933;LOC105379333;LOC105379332;LOC124901915;EBF2;LOC102723395;LOC124901914;LOC105379335;LOC105379336;PPP2R2A;SDAD1P1;BNIP3L;LOC124901868;PNMA2;DPYSL2;LOC124901916;ADRA1A;LOC124901918;LOC124901917;LOC105379339;MIR548H4;LOC105379340;STMN4;TRIM35;PTK2B;MIR6842;CHRNA2;EPHX2;LOC124901919;CLU;MIR6843;SCARA3;LOC124901921;LOC124901920;MIR3622B;MIR3622A;CCDC25;LOC107986934;ESCO2;PBK;SCARA5;MIR4287;LOC105379342;NUGGC;ELP3;LOC105379343;PNOC;ZNF395;FBXO16;FZD3;MIR4288;EXTL3;EXTL3-AS1;INTS9;HMBOX1;LOC105379346;KIF13B;LOC124901922;LOC124901923;DUSP4;LOC124901924;LOC105379349;LOC107986883;LOC107986935;LOC105379350;LINC02948;LOC124901925;LOC105379352;LOC124901926;LINC00589;LINC02099;LOC101929470;LOC107986884;LOC105379354;LINC02209;MIR3148;SARAF;LEPROTL1;MBOAT4;DCTN6-DT;DCTN6;LOC124901927;LOC124901928;RBPMS-AS1;RBPMS;LOC112268025;LOC124901929;GTF2E2;SMIM18;GSR;UBXN8;LOC105379356;LOC105379355;PPP2CB;TEX15;LOC105379357;PURG;WRN;LOC105379358;LOC101929492;LOC105379360;NRG1;NRG1-IT1;LOC105379361;NRG1-IT3;LOC128092250;LOC105379362;FUT10;MAK16;TTI2;SNORD13;RNF122;DUSP26;LOC105379364;LOC105379366;LOC101929881;LINC01288;LOC105379368;LOC105379369;UNC5D;LOC101929550;LOC124902062;LOC105379370;LOC105379371;KCNU1;LOC105379375;LOC105379376;LOC105379377;LOC100507403;LOC124901930;LINC01605;LOC105379379;LOC105379378;LOC105379380;LOC124901931;LOC124901932;LOC124901933;ZNF703;LOC101929622;LOC102723701;ERLIN2;LOC728024;LOC124901934;PLPBP;LOC105379381;ADGRA2;BRF2;RAB11FIP1;GOT1L1;ADRB3;EIF4EBP1;ASH2L;STAR;LOC105379382;LSM1;BAG4;DDHD2;PLPP5;NSD3;LETM2;LOC102723716;FGFR1;LINC03042;LOC124901935;LOC105379384;RNF5P1;LOC124901936;TACC1;LOC124901937;PLEKHA2;HTRA4;TM2D2;ADAM9;SNORD38D;ADAM32;ADAM5;ADAM3A;LOC100130964;ADAM18;ADAM2;IDO1;IDO2;LOC105379385;TCIM;SIRLNT;LOC105379388;ZMAT4;LOC107986938;LOC105379389;LOC105379390;LOC105379771;SFRP1;MIR548AO;SNORD65B;LOC105379391;LOC124901938;GOLGA7;GINS4;GPAT4-AS1;LOC124901939;GPAT4;NKX6-3;ANK1;MIR486-1;MIR486-2;LOC105379392;KAT6A;LOC124900271;KAT6A-AS1;LOC107986939;AP3M2;PLAT;LOC124902095;IKBKB-DT;IKBKB;LOC105379395;POLB;DKK4;VDAC3;SLC20A2;SMIM19;LOC124900250;CHRNB3;LOC105379396;CHRNA6;THAP1;LOC124901940;RNF170;MIR4469;HOOK3;FNTA;POMK;HGSNAT;POTEA;LOC124902100;LOC105379397;ASNSP1;LOC124901941;LOC105375811;LOC124901942;LOC105375812;LINC00293;LOC105375813;LOC105375814;LOC105375815;LOC105375816;LOC105375817;LOC107986885;LOC124900251;LOC100287846;SPIDR;LOC107986940;CEBPD;PRKDC;LOC105375818;MCM4;UBE2V2-AS1;UBE2V2;LOC107986941;LOC105375820;LOC105375821;LINC02947;LOC112268027;LOC101929268;LOC124901943;LINC02847;LINC03054;CLXN;LOC105375825;SNAI2;LOC107986942;PPDPFL;LOC105375826;LOC100507464;SNTG1;LOC124900619;LOC105375829;LOC105375828;LOC105375830;LOC124902078;LOC105375831;PXDNL;LOC105375833;PCMTD1;PCMTD1-DT;LOC124901944;ST18;LOC124901945;LOC101929341;ALKAL1;RB1CC1;LOC105375835;LOC107986943;NPBWR1;LOC105375836;OPRK1;LOC124901946;LOC124901947;LINC02984;ATP6V1H;RGS20;TCEA1;LYPLA1-TCEA1;LOC133039971;LYPLA1;MRPL15;RNU105C;LOC105375840;LOC105375841;SOX17;LOC100129098;RP1;LOC105375842;LOC107986886;LOC107986887;XKR4;LOC105375844;SBF1P1;XKR4-AS1;LOC105375845;LOC105375846;TMEM68;TGS1;LYN;SNORA1B;RPS20;SNORD54;CERNA3;MOS;PLAG1;CHCHD7;SDR16C5;SDR16C6P;LOC105375849;LOC124901948;PENK;PENK-AS1;LOC101929398;LINC00968;LOC105375850;LOC105375851;LOC105375852;BPNT2;LINC01606;LOC286177;LINC00588;LOC101929488;LOC107986888;LOC105375855;LINC03018;LOC105375856;LINC01602;FAM110B;LOC107986945;LOC101929528;UBXN2B;CYP7A1;SDCBP;NSMAF;LOC124902083;LOC105375858;TOX;TOX-DT;LOC124900267;LOC105375860;LOC105375859;LOC105375861;LOC105375863;CA8;LOC105375864;LINC01301;LOC124901949;RAB2A;LOC124901950;CHD7;LOC124901951;LOC105375938;CLVS1;LOC100130298;LOC105375870;ASPH;MIR4470;LINC02842;LOC105375871;LINC02155;LOC124901952;NKAIN3;LOC107986946;GGH;TTPA;YTHDF3-DT;YTHDF3;LOC105375873;LOC105375875;LOC105375874;LOC102724612;LOC124902063;LOC105375876;LINC01289;LINC01414;LOC105375877;MIR124-2HG;MIR124-2;BHLHE22-AS1;LOC124900252;BHLHE22;CYP7B1;LOC105375879;LOC105375878;LOC105375880;LINC00251;LOC105375881;LINC01299;ARMC1;MTFR1;PDE7A;LOC107986949;PDE7A-DT;LOC107986950;LOC105375883;DNAJC5B;TRIM55;CRH;LOC112268029;LOC124901954;LINC00967;LOC102724687;RRS1-DT;RRS1;ADHFE1;VXN;LOC124901955;MYBL1;LOC105375884;VCPIP1;C8orf44;C8orf44-SGK3;SGK3;PTTG3P;MCMDC2;SNHG6;SNORD87;TCF24;PPP1R42;LOC105375885;COPS5;CSPP1;LOC124901956;ARFGEF1;ARFGEF1-DT;CPA6;LOC105375886;PREX2;LOC105375888;LOC124901957;C8orf34-AS1;C8orf34;LOC107986951;LINC01592;LOC124901958;LINC01603;SULF1;SLCO5A1;LOC105375889;SLCO5A1-AS1;PRDM14;NCOA2;LINC03020;LOC105375890;TRAM1;LOC124902090;LACTB2-AS1;LACTB2;XKR9;LOC124901960;LOC124901959;EYA1;LOC105375894;LOC124901961;LOC102724772;LOC105375892;LOC107986890;LOC124900257;MSC;MSC-AS1;TRPA1;LOC124901962;TRPA2P;LOC105375897;KCNB2;LOC101926908;LOC124901963;TERF1;SBSPON;LOC107986891;LOC105375901;C8orf89;RPL7;RDH10;RDH10-AS1;LOC105375899;STAU2-AS1;STAU2;UBE2W;LINC01617;ELOC;TMEM70;LY96;LOC105375903;JPH1;GDAP1;MIR5681A;MIR5681B;MIR2052HG;LINC03071;MIR2052;PI15;CRISPLD1;LOC124901964;LOC105375905;CASC9;HNF4G;LOC124902089;LOC105375906;LOC102724858;LINC01109;LINC01111;LOC107986952;ZFHX4-AS1;ZFHX4;MIR3149;PEX2;LOC105375909;LOC102724874;LOC105375911;PKIA;PKIA-AS1;ZC2HC1A;IL7;C4orf46P3;MITA1;LINC02605;LOC105375912;LOC105375913;LOC107986892;LOC105375915;MIR12123;STMN2;LOC105375916;LOC124901965;LOC107986893;HEY1;LINC01607;LOC101927040;LOC124902076;LOC124901966;MRPS28;TPD52-MRPS28;TPD52;LOC105375919;LOC105375918;LOC105375920;MIR5708;LOC124900264;LOC105375922;LOC105375921;ZBTB10;LINC02986;ZNF704;LOC107986894;PAG1;LOC124901967;LOC105375924;LNMICC;FABP5;LOC105375925;LOC105375926;PMP2;FABP9;LOC101927118;FABP4;FABP12;IMPA1P1;IMPA1;SLC10A5;ZFAND1;CHMP4C;SNX16;LINC02235;LINC02839;LOC105375930;LOC124902064;LOC105375931;LOC107986953;LOC101927141;LINC01419;LOC105375932;LOC124901968;RALYL;LOC105375933;LRRCC1;E2F5-DT;E2F5;RBIS;LOC124901969;LOC105375936;CA13;CA1;LOC124901970;CA3;CA3-AS1;CA2;LOC105375937;LOC101929601;LOC101929627;REXO1L2P;LOC124902048;LINC02849;LOC124901971;LOC107986954;PSKH2;ATP6V0D2;LOC105375623;SLC7A13;WWP1-AS1;WWP1;RMDN1;CPNE3;CNGB3;LOC107986895;CNBD1;LOC105375626;DCAF4L2;LOC124901972;LOC105375628;MMP16;LOC105375630;LOC105375629;LOC124901973;LOC105375631;LOC112268015;PARAIL;RIPK2;LOC124901974;OSGIN2;NBN;DECR1;CALB1;LOC124901976;LINC00534;LOC124901975;LOC107986955;LINC01030;TMEM64;LOC124906712;LOC105375633;NECAB1;LOC105375635;LOC105375634;C8orf88;PIP4P2;OTUD6B-AS1;OTUD6B;LRRC69;MIR4661;SLC26A7;LOC105375637;LOC124902088;RUNX1T1;LOC105375638;LOC124901977;LOC105375639;LOC102724710;LOC101926956;FLJ46284;LOC124901978;TRIQK;MIR8084;LINC02906;LOC105375644;LOC105375643;LOC107986956;LOC105375642;CIBAR1-DT;LOC105375641;CIBAR1;RBM12B;RBM12B-AS1;RBM12B-DT;TMEM67;MIR378D2HG;MIR378D2;PDP1;LOC124901979;CDH17;LOC105375647;LOC105375648;GEM;LOC107986896;RAD54B;FSBP;VIRMA;VIRMA-DT;LINC02894;ESRP1;DPY19L4;INTS8;CCNE2;NDUFAF6;LOC124902084;TP53INP1;LOC124901981;MIR3150BHG;LOC124901980;MIR3150B;MIR3150A;PLEKHF2;LOC124901982;LINC01298;CFAP418;CFAP418-AS1;LOC107986957;SRSF3P2;LOC124901983;GDF6;LOC124901984;UQCRB;UQCRB-AS1;MTERF3;PTDSS1;LOC105375652;LOC102724804;LOC105375653;SDC2;LOC124900253;CPQ;LOC124901985;LOC101927066;LOC105375655;TSPYL5;SNORD3H;LOC105375657;MTDH;LOC124901986;LAPTM4B;MATN2;LOC124901987;RPL30;SNORA72;ERICH5;RIDA;POP1;NIPAL2-AS1;NIPAL2;LOC105375659;STK3;LOC124901988;MIR9903;KCNS2;ATP5PFP3;LOC112268016;OSR2;LOC107986872;VPS13B-DT;VPS13B;MIR599;MIR875;LOC124901989;COX6C;RGS22;SNORD77B;FBXO43;POLR2K;SPAG1;LOC105375669;RNF19A;LOC124901991;MIR4471;LOC124901990;LOC105375670;LOC124901992;ANKRD46;SNX31;LOC105375671;LOC105375672;PABPC1;MIR7705;YWHAZ;LOC401471;SLEAR;LINC03044;LINC03090;LOC105375676;ZNNT1;ZNF706;LOC107984005;LINC02844;LOC124901993;LOC124901994;NACA4P;LINC02845;LOC107986897;GRHL2-DT;GRHL2;NCALD;LOC124902079;LOC124901996;LOC104054148;LOC124901997;MIR5680;RRM2B;UBR5-DT;UBR5;LOC105375683;LINC03047;LOC124901998;LOC105375684;ODF1;KLF10;LOC101927245;LOC105375686;LOC105375685;LOC124901999;GASAL1;AZIN1;MAILR;LOC124902000;ATP6V1C1;LINC01181;BAALC-AS2;BAALC;MIR3151;BAALC-AS1;LOC105369147;FZD6;SNORD173;CTHRC1;SLC25A32;DCAF13;LOC105375690;RIMS2;LOC124902094;LOC105375689;LOC107984007;LOC105375688;LOC124902065;LOC107986899;DCSTAMP;DPYS;LOC105375692;LOC105375691;MIR548A3;LRP12;LOC105375694;LOC105375693;LINC03084;ZFPM2;LOC124902002;LOC124902001;LOC105375696;ZFPM2-AS1;LOC124902003;OXR1;OXR1-AS1;ABRA;LOC124902004;LOC124902066;LOC105375701;ANGPT1;LOC124902067;LOC105375703;RSPO2;EIF3E;LOC105375704;EMC2;TMEM74;LOC102723368;LOC101927413;LOC107984017;TRHR;NUDCD1;ENY2;PKHD1L1;EBAG9;SYBU;SYBU-AS1;KCNV1;LINC01608;LINC01609;LOC107986965;LOC105375705;LOC107986964;LINC02237;LOC105375707;CSMD3;LOC124902087;MIR2053;LOC107986966;LOC105375709;LOC105375710;LOC107986901;TRPS1;TRPS1-AS1;LOC107986968;LOC107986902;LOC107986903;LINC00536;LOC124902005;LOC102723447;LOC105375711;LOC105375712;EIF3H;LOC105375713;LOC124902006;UTP23;LOC112268030;RAD21;RAD21-AS1;MIR3610;AARD;LOC105375715;SLC30A8;LOC105375716;LOC105375719;LOC105375717;MED30;LOC105375721;LOC107986970;EXT1;SNORD168;SAMD12;LOC105375724;SAMD12-AS1;LOC124902007;LOC105375723;LOC124902008;TNFRSF11B;COLEC10;LOC101927513;LOC105375725;MAL2;MAL2-AS1;MIR548AZ;LOC124902009;LOC124900266;CCN3;ENPP2;LOC105375727;TAF2;LOC105375728;DSCC1;DEPTOR;LOC105375730;COL14A1;MRPL13;MTBP;SNTB1;LOC101927543;LOC124902010;LOC105375731;HAS2;HAS2-AS1;LINC02855;LOC105375733;SMILR;LOC107986972;LINC01151;LOC124902081;LOC107986904;LOC124902012;ZHX2;LOC124902011;LOC124902013;DERL1;TBC1D31;FAM83A;LOC124902101;FAM83A-AS2;FAM83A-AS1;MIR4663;C8orf76;ZHX1-C8orf76;ZHX1;LOC124902080;ATAD2;MIR548AA1;MIR548D1;NTAQ1;FBXO32;KLHL38;LOC105375738;ANXA13;LOC105375739;FAM91A1;FER1L6;LOC124902014;FER1L6-AS1;FER1L6-AS2;LOC124902015;LOC101927588;TMEM65;TRMT12;RNF139-DT;RNF139;TATDN1;MIR6844;NDUFB9;MTSS1;LOC105375740;LOC124902016;LOC105375741;MIR4662B;MIR4662A;LOC105375743;LOC105375742;LINC00964;ZNF572;SQLE-DT;SQLE;WASHC5;WASHC5-AS1;NSMCE2;TRIB1;TRIB1AL;LINC02964;LOC105375747;LOC124902017;LINC00861;LOC101927657;LOC105375750;LRATD2;LOC105375751;LOC105375753;PCAT1;PCAT2;PRNCR1;CASC19;CCAT1;CASC21;CASC8;CCAT2;POU5F1B;LOC105375754;CASC11;MYC;PVT1;MIR1204;LINC02912;MIR1205;MIR1206;MIR1207;MIR1208;LOC124902020;LINC00824;LOC124902021;LINC00976;LOC124902023;LINC00977;LOC124902022;LOC124902024;CCDC26;MIR3686;GSDMC;CYRIB;LOC124902025;MIR5194;ASAP1;ASAP1-IT2;LOC124900269;LOC124902027;ASAP1-IT1;LOC124902026;LOC105375758;ADCY8;LOC105375762;LOC105375761;LOC124902068;LOC105375760;LOC105375759;IADEN;LOC105375763;LOC107986976;EFR3A;OC90;HHLA1;KCNQ3;LOC105375765;LOC124902028;HPYR1;DNAAF11;LOC105375767;TMEM71;PHF20L1;TG;LOC105375768;SLA;MIR7848;PTCSC1;LOC105375769;CCN4;LOC102723635;NDRG1;LOC105375771;LOC105375772;ST3GAL1;ST3GAL1-DT;LOC124900268;LINC03024;LOC101927798;LOC101927822;LOC124902070;ZFAT;ZFAT-AS1;LOC124902072;LOC124902071;MIR30B;MIR30D;NCRNA00250;LOC101927845;LINC01591;LOC101927872;KHDRBS3;LOC124902046;LOC107986978;LOC107986979;LOC105375775;LOC124900255;LINC02055;LOC124902073;LOC107986905;LOC101927915;LOC105375776;LOC401478;FAM135B;COL22A1;KCNK9;TRAPPC9;LOC107986981;LOC105375781;C8orf17;PEG13;LOC124902029;LOC105375779;LOC105375782;CHRAC1;AGO2;LOC107986982;ERICD;PTK2;MIR151A;LOC105375783;LOC124902030;LOC105375784;DENND3-AS1;DENND3;LOC105375785;SLC45A4;SLC45A4-AS1;LINC01300;GPR20;LOC101928037;ASTILCS;PTP4A3;MROH5;LOC107983985;LOC105375789;LOC124900270;LOC124902031;LOC105375791;C8orf90;LOC124902074;MIR1302-7;LOC124902047;MIR4472-1;LOC105375792;LINC00051;TSNARE1;ADGRB1;LOC124902075;ARC;LOC101928087;JRK	5	5	1.9	full	NA	1	540	0.8333333333333334	0	0	416	495	124	153	0.8404040404040404	0.8104575163398693	0.22633109593612263	1	8:2191469:142652751:DEL (LOC105377781;LOC105377782;LOC105377783;LOC105377784;LINC03021;LOC107986865;LOC105377785;LOC124901871;CSMD1;LOC105377791;LOC105377790;LOC105377789;LOC107986907;LOC124900260;LOC105377793;LOC105377794;LOC124902045;LOC107986908;LOC105377795;LOC105377796;LOC105377797;MCPH1-DT;MCPH1;ANGPT2;MCPH1-AS1;MIR8055;AGPAT5;MIR4659A;MIR4659B;LOC124901872;LOC107986909;XKR5;GS1-24F4.2;DEFB1;DEFA6;DEFA4;DEFA8P;DEFA9P;DEFA10P;LOC124901873;DEFA1;DEFT1P;LOC124901874;DEFA1B;DEFT1P2;LOC124901875;DEFA3;DEFA11P;DEFA5;LOC105377799;LOC105377803;LOC101928095;LOC124901876;LOC124901878;FAM90A15;LINC00965;FAM90A3;LOC124901877;FAM90A13;FAM90A5;FAM90A20;FAM66B;DEFB109B;USP17L1;USP17L4;ZNF705G;DEFB4B;DEFB103B;SPAG11B;DEFB104B;DEFB106B;DEFB105B;DEFB107B;LOC105377801;PRR23D1;FAM90A7;LOC105377800;LOC128966594;FAM90A22;FAM90A23;LOC107986910;LOC101929400;FAM90A14;FAM90A18;FAM90A16;FAM90A8;FAM90A17;FAM90A19;FAM90A9;FAM90A10;PRR23D2;DEFB107A;DEFB105A;DEFB106A;DEFB104A;SPAG11A;DEFB103A;DEFB4A;ZNF705B;FAM66E;USP17L8;USP17L3;FAM90A11;FAM90A24;FAM90A12;LOC124900617;MIR548I3;FAM85B;FAM86B3P;PRAG1;LOC124901879;LOC105379222;LINC02949;LINC02950;LOC107986913;LOC105379224;LOC124901881;LOC105379225;CLDN23;MFHAS1;LOC124900259;LOC124901866;LOC105379227;ERI1;MIR4660;SNORD3I;LOC112268402;PPP1R3B;LOC124901882;PPP1R3B-DT;LOC101929128;LOC124901883;LOC157273;LOC105379228;LOC105379231;LOC105379230;LOC124901884;TNKS;MIR597;LOC124902085;LOC124902056;MIR124-1HG;MIR124-1;LOC124902057;LOC124902082;LOC105379235;MSRA-DT;MSRA;LOC124901885;LOC124901886;LINC03022;LOC124901887;PRSS51;PRSS55;LOC105379237;RP1L1;MIR4286;C8orf74;SOX7;LOC102723313;PINX1;MIR1322;PINX1-DT;LOC101929248;LOC112268022;XKR6;MIR598;LOC101929269;LINC00529;MTMR9;LOC101929290;SLC35G5;TDH;TDH-AS1;FAM167A-AS1;FAM167A;BLK;LOC105379241;LINC00208;LOC105379242;GATA4;SNORA99;LINC02905;LOC124901888;NEIL2;LOC105379243;FDFT1;CTSB;LOC105379244;LOC112268017;DEFB136;DEFB135;DEFB134;LOC105379245;LOC105379246;DEFB130B;ZNF705D;FAM66D;LOC392196;USP17L7;USP17L2;FAM90A2P;FAM86B1;FAM85A;DEFB130A;FAM66A;LOC649352;DEFB109A;FAM90A25P;FAM86B2;FAM86B2-DT;LOC729732;MIR5692A2;LONRF1;MIR3926-1;MIR3926-2;LINC03019;LINC00681;LOC105379289;TRMT9B;LOC124901889;DLC1;LOC101930149;LOC124901890;C8orf48;LOC102725080;LOC105379292;SGCZ;LOC124902058;MIR383;LOC124902059;TUSC3;LOC124902060;MSR1;LOC101929028;LOC105379297;FGF20;MICU3;ZDHHC2;LOC107986918;CNOT7;VPS37A;MTMR7;LOC102724838;SLC7A2;PDGFRL;LOC107986919;MTUS1;LOC124901891;MIR548V;MTUS1-DT;LOC124901893;FGL1;LOC124901892;LOC124901867;PCM1;LOC124901894;ASAH1;ASAH1-AS1;NAT1;NAT2;PSD3;LOC124901896;LOC124901897;LOC124901895;LOC107986868;LOC124900256;LOC105379303;LOC124901898;LOC105379301;LOC100128993;LOC105379300;LOC105379306;SH2D4A;CSGALNACT1;LOC124901900;LOC124901899;LOC107986920;INTS10;LOC124901901;LOC105379309;LOC107986921;LPL;LOC105379311;LOC105379312;SLC18A1;ATP6V1B2;LZTS1;LZTS1-AS1;LOC105379314;SNORD3F;LOC105379315;LOC105379316;LINC03023;LINC02153;LOC124901902;LINC03093;LOC107986922;GFRA2;DOK2;XPO7;LOC124901903;NPM2;LOC124902091;FGF17;DMTN;FHIP2B;NUDT18;HR;HRURF;REEP4;LGI3;SFTPC;BMP1;LOC124901904;PHYHIP;MIR320A;POLR3D;PIWIL2-DT;PIWIL2;SLC39A14;PPP3CC;LOC124901905;SORBS3;PDLIM2;C8orf58;LOC107986876;CCAR2;BIN3;BIN3-IT1;LOC107986924;EGR3;LOC105379321;LOC107986926;PEBP4;LOC124901908;LOC107986925;LOC105379325;LOC124901906;LOC101929237;LOC124901907;RHOBTB2;LOC107984124;TNFRSF10B;TNFRSF10B-AS1;LOC254896;TNFRSF10C;TNFRSF10D;TNFRSF10A;TNFRSF10A-DT;CHMP7;R3HCC1;LOXL2;LOXL2-AS1;ENTPD4;ENTPD4-DT;LOC105379327;SLC25A37;LOC107986930;NKX3-1;NKX2-6;LOC101929258;STC1;LOC107986931;LOC105379328;ADAM28;ADAM7-AS1;ADAMDEC1;ADAM7;ADAM7-AS2;LOC107986932;LOC107986882;LOC105379329;NEFM;LOC112268023;NEFL;MIR6841;LOC105379330;LOC124901911;LOC124901912;DOCK5;MIR6876;LOC105379331;GNRH1;KCTD9;LOC124901913;CDCA2;LOC107986933;LOC105379333;LOC105379332;LOC124901915;EBF2;LOC102723395;LOC124901914;LOC105379335;LOC105379336;PPP2R2A;SDAD1P1;BNIP3L;LOC124901868;PNMA2;DPYSL2;LOC124901916;ADRA1A;LOC124901918;LOC124901917;LOC105379339;MIR548H4;LOC105379340;STMN4;TRIM35;PTK2B;MIR6842;CHRNA2;EPHX2;LOC124901919;CLU;MIR6843;SCARA3;LOC124901921;LOC124901920;MIR3622B;MIR3622A;CCDC25;LOC107986934;ESCO2;PBK;SCARA5;MIR4287;LOC105379342;NUGGC;ELP3;LOC105379343;PNOC;ZNF395;FBXO16;FZD3;MIR4288;EXTL3;EXTL3-AS1;INTS9;HMBOX1;LOC105379346;KIF13B;LOC124901922;LOC124901923;DUSP4;LOC124901924;LOC105379349;LOC107986883;LOC107986935;LOC105379350;LINC02948;LOC124901925;LOC105379352;LOC124901926;LINC00589;LINC02099;LOC101929470;LOC107986884;LOC105379354;LINC02209;MIR3148;SARAF;LEPROTL1;MBOAT4;DCTN6-DT;DCTN6;LOC124901927;LOC124901928;RBPMS-AS1;RBPMS;LOC112268025;LOC124901929;GTF2E2;SMIM18;GSR;UBXN8;LOC105379356;LOC105379355;PPP2CB;TEX15;LOC105379357;PURG;WRN;LOC105379358;LOC101929492;LOC105379360;NRG1;NRG1-IT1;LOC105379361;NRG1-IT3;LOC128092250;LOC105379362;FUT10;MAK16;TTI2;SNORD13;RNF122;DUSP26;LOC105379364;LOC105379366;LOC101929881;LINC01288;LOC105379368;LOC105379369;UNC5D;LOC101929550;LOC124902062;LOC105379370;LOC105379371;KCNU1;LOC105379375;LOC105379376;LOC105379377;LOC100507403;LOC124901930;LINC01605;LOC105379379;LOC105379378;LOC105379380;LOC124901931;LOC124901932;LOC124901933;ZNF703;LOC101929622;LOC102723701;ERLIN2;LOC728024;LOC124901934;PLPBP;LOC105379381;ADGRA2;BRF2;RAB11FIP1;GOT1L1;ADRB3;EIF4EBP1;ASH2L;STAR;LOC105379382;LSM1;BAG4;DDHD2;PLPP5;NSD3;LETM2;LOC102723716;FGFR1;LINC03042;LOC124901935;LOC105379384;RNF5P1;LOC124901936;TACC1;LOC124901937;PLEKHA2;HTRA4;TM2D2;ADAM9;SNORD38D;ADAM32;ADAM5;ADAM3A;LOC100130964;ADAM18;ADAM2;IDO1;IDO2;LOC105379385;TCIM;SIRLNT;LOC105379388;ZMAT4;LOC107986938;LOC105379389;LOC105379390;LOC105379771;SFRP1;MIR548AO;SNORD65B;LOC105379391;LOC124901938;GOLGA7;GINS4;GPAT4-AS1;LOC124901939;GPAT4;NKX6-3;ANK1;MIR486-1;MIR486-2;LOC105379392;KAT6A;LOC124900271;KAT6A-AS1;LOC107986939;AP3M2;PLAT;LOC124902095;IKBKB-DT;IKBKB;LOC105379395;POLB;DKK4;VDAC3;SLC20A2;SMIM19;LOC124900250;CHRNB3;LOC105379396;CHRNA6;THAP1;LOC124901940;RNF170;MIR4469;HOOK3;FNTA;POMK;HGSNAT;POTEA;LOC124902100;LOC105379397;ASNSP1;LOC124901941;LOC105375811;LOC124901942;LOC105375812;LINC00293;LOC105375813;LOC105375814;LOC105375815;LOC105375816;LOC105375817;LOC107986885;LOC124900251;LOC100287846;SPIDR;LOC107986940;CEBPD;PRKDC;LOC105375818;MCM4;UBE2V2-AS1;UBE2V2;LOC107986941;LOC105375820;LOC105375821;LINC02947;LOC112268027;LOC101929268;LOC124901943;LINC02847;LINC03054;CLXN;LOC105375825;SNAI2;LOC107986942;PPDPFL;LOC105375826;LOC100507464;SNTG1;LOC124900619;LOC105375829;LOC105375828;LOC105375830;LOC124902078;LOC105375831;PXDNL;LOC105375833;PCMTD1;PCMTD1-DT;LOC124901944;ST18;LOC124901945;LOC101929341;ALKAL1;RB1CC1;LOC105375835;LOC107986943;NPBWR1;LOC105375836;OPRK1;LOC124901946;LOC124901947;LINC02984;ATP6V1H;RGS20;TCEA1;LYPLA1-TCEA1;LOC133039971;LYPLA1;MRPL15;RNU105C;LOC105375840;LOC105375841;SOX17;LOC100129098;RP1;LOC105375842;LOC107986886;LOC107986887;XKR4;LOC105375844;SBF1P1;XKR4-AS1;LOC105375845;LOC105375846;TMEM68;TGS1;LYN;SNORA1B;RPS20;SNORD54;CERNA3;MOS;PLAG1;CHCHD7;SDR16C5;SDR16C6P;LOC105375849;LOC124901948;PENK;PENK-AS1;LOC101929398;LINC00968;LOC105375850;LOC105375851;LOC105375852;BPNT2;LINC01606;LOC286177;LINC00588;LOC101929488;LOC107986888;LOC105375855;LINC03018;LOC105375856;LINC01602;FAM110B;LOC107986945;LOC101929528;UBXN2B;CYP7A1;SDCBP;NSMAF;LOC124902083;LOC105375858;TOX;TOX-DT;LOC124900267;LOC105375860;LOC105375859;LOC105375861;LOC105375863;CA8;LOC105375864;LINC01301;LOC124901949;RAB2A;LOC124901950;CHD7;LOC124901951;LOC105375938;CLVS1;LOC100130298;LOC105375870;ASPH;MIR4470;LINC02842;LOC105375871;LINC02155;LOC124901952;NKAIN3;LOC107986946;GGH;TTPA;YTHDF3-DT;YTHDF3;LOC105375873;LOC105375875;LOC105375874;LOC102724612;LOC124902063;LOC105375876;LINC01289;LINC01414;LOC105375877;MIR124-2HG;MIR124-2;BHLHE22-AS1;LOC124900252;BHLHE22;CYP7B1;LOC105375879;LOC105375878;LOC105375880;LINC00251;LOC105375881;LINC01299;ARMC1;MTFR1;PDE7A;LOC107986949;PDE7A-DT;LOC107986950;LOC105375883;DNAJC5B;TRIM55;CRH;LOC112268029;LOC124901954;LINC00967;LOC102724687;RRS1-DT;RRS1;ADHFE1;VXN;LOC124901955;MYBL1;LOC105375884;VCPIP1;C8orf44;C8orf44-SGK3;SGK3;PTTG3P;MCMDC2;SNHG6;SNORD87;TCF24;PPP1R42;LOC105375885;COPS5;CSPP1;LOC124901956;ARFGEF1;ARFGEF1-DT;CPA6;LOC105375886;PREX2;LOC105375888;LOC124901957;C8orf34-AS1;C8orf34;LOC107986951;LINC01592;LOC124901958;LINC01603;SULF1;SLCO5A1;LOC105375889;SLCO5A1-AS1;PRDM14;NCOA2;LINC03020;LOC105375890;TRAM1;LOC124902090;LACTB2-AS1;LACTB2;XKR9;LOC124901960;LOC124901959;EYA1;LOC105375894;LOC124901961;LOC102724772;LOC105375892;LOC107986890;LOC124900257;MSC;MSC-AS1;TRPA1;LOC124901962;TRPA2P;LOC105375897;KCNB2;LOC101926908;LOC124901963;TERF1;SBSPON;LOC107986891;LOC105375901;C8orf89;RPL7;RDH10;RDH10-AS1;LOC105375899;STAU2-AS1;STAU2;UBE2W;LINC01617;ELOC;TMEM70;LY96;LOC105375903;JPH1;GDAP1;MIR5681A;MIR5681B;MIR2052HG;LINC03071;MIR2052;PI15;CRISPLD1;LOC124901964;LOC105375905;CASC9;HNF4G;LOC124902089;LOC105375906;LOC102724858;LINC01109;LINC01111;LOC107986952;ZFHX4-AS1;ZFHX4;MIR3149;PEX2;LOC105375909;LOC102724874;LOC105375911;PKIA;PKIA-AS1;ZC2HC1A;IL7;C4orf46P3;MITA1;LINC02605;LOC105375912;LOC105375913;LOC107986892;LOC105375915;MIR12123;STMN2;LOC105375916;LOC124901965;LOC107986893;HEY1;LINC01607;LOC101927040;LOC124902076;LOC124901966;MRPS28;TPD52-MRPS28;TPD52;LOC105375919;LOC105375918;LOC105375920;MIR5708;LOC124900264;LOC105375922;LOC105375921;ZBTB10;LINC02986;ZNF704;LOC107986894;PAG1;LOC124901967;LOC105375924;LNMICC;FABP5;LOC105375925;LOC105375926;PMP2;FABP9;LOC101927118;FABP4;FABP12;IMPA1P1;IMPA1;SLC10A5;ZFAND1;CHMP4C;SNX16;LINC02235;LINC02839;LOC105375930;LOC124902064;LOC105375931;LOC107986953;LOC101927141;LINC01419;LOC105375932;LOC124901968;RALYL;LOC105375933;LRRCC1;E2F5-DT;E2F5;RBIS;LOC124901969;LOC105375936;CA13;CA1;LOC124901970;CA3;CA3-AS1;CA2;LOC105375937;LOC101929601;LOC101929627;REXO1L2P;LOC124902048;LINC02849;LOC124901971;LOC107986954;PSKH2;ATP6V0D2;LOC105375623;SLC7A13;WWP1-AS1;WWP1;RMDN1;CPNE3;CNGB3;LOC107986895;CNBD1;LOC105375626;DCAF4L2;LOC124901972;LOC105375628;MMP16;LOC105375630;LOC105375629;LOC124901973;LOC105375631;LOC112268015;PARAIL;RIPK2;LOC124901974;OSGIN2;NBN;DECR1;CALB1;LOC124901976;LINC00534;LOC124901975;LOC107986955;LINC01030;TMEM64;LOC124906712;LOC105375633;NECAB1;LOC105375635;LOC105375634;C8orf88;PIP4P2;OTUD6B-AS1;OTUD6B;LRRC69;MIR4661;SLC26A7;LOC105375637;LOC124902088;RUNX1T1;LOC105375638;LOC124901977;LOC105375639;LOC102724710;LOC101926956;FLJ46284;LOC124901978;TRIQK;MIR8084;LINC02906;LOC105375644;LOC105375643;LOC107986956;LOC105375642;CIBAR1-DT;LOC105375641;CIBAR1;RBM12B;RBM12B-AS1;RBM12B-DT;TMEM67;MIR378D2HG;MIR378D2;PDP1;LOC124901979;CDH17;LOC105375647;LOC105375648;GEM;LOC107986896;RAD54B;FSBP;VIRMA;VIRMA-DT;LINC02894;ESRP1;DPY19L4;INTS8;CCNE2;NDUFAF6;LOC124902084;TP53INP1;LOC124901981;MIR3150BHG;LOC124901980;MIR3150B;MIR3150A;PLEKHF2;LOC124901982;LINC01298;CFAP418;CFAP418-AS1;LOC107986957;SRSF3P2;LOC124901983;GDF6;LOC124901984;UQCRB;UQCRB-AS1;MTERF3;PTDSS1;LOC105375652;LOC102724804;LOC105375653;SDC2;LOC124900253;CPQ;LOC124901985;LOC101927066;LOC105375655;TSPYL5;SNORD3H;LOC105375657;MTDH;LOC124901986;LAPTM4B;MATN2;LOC124901987;RPL30;SNORA72;ERICH5;RIDA;POP1;NIPAL2-AS1;NIPAL2;LOC105375659;STK3;LOC124901988;MIR9903;KCNS2;ATP5PFP3;LOC112268016;OSR2;LOC107986872;VPS13B-DT;VPS13B;MIR599;MIR875;LOC124901989;COX6C;RGS22;SNORD77B;FBXO43;POLR2K;SPAG1;LOC105375669;RNF19A;LOC124901991;MIR4471;LOC124901990;LOC105375670;LOC124901992;ANKRD46;SNX31;LOC105375671;LOC105375672;PABPC1;MIR7705;YWHAZ;LOC401471;SLEAR;LINC03044;LINC03090;LOC105375676;ZNNT1;ZNF706;LOC107984005;LINC02844;LOC124901993;LOC124901994;NACA4P;LINC02845;LOC107986897;GRHL2-DT;GRHL2;NCALD;LOC124902079;LOC124901996;LOC104054148;LOC124901997;MIR5680;RRM2B;UBR5-DT;UBR5;LOC105375683;LINC03047;LOC124901998;LOC105375684;ODF1;KLF10;LOC101927245;LOC105375686;LOC105375685;LOC124901999;GASAL1;AZIN1;MAILR;LOC124902000;ATP6V1C1;LINC01181;BAALC-AS2;BAALC;MIR3151;BAALC-AS1;LOC105369147;FZD6;SNORD173;CTHRC1;SLC25A32;DCAF13;LOC105375690;RIMS2;LOC124902094;LOC105375689;LOC107984007;LOC105375688;LOC124902065;LOC107986899;DCSTAMP;DPYS;LOC105375692;LOC105375691;MIR548A3;LRP12;LOC105375694;LOC105375693;LINC03084;ZFPM2;LOC124902002;LOC124902001;LOC105375696;ZFPM2-AS1;LOC124902003;OXR1;OXR1-AS1;ABRA;LOC124902004;LOC124902066;LOC105375701;ANGPT1;LOC124902067;LOC105375703;RSPO2;EIF3E;LOC105375704;EMC2;TMEM74;LOC102723368;LOC101927413;LOC107984017;TRHR;NUDCD1;ENY2;PKHD1L1;EBAG9;SYBU;SYBU-AS1;KCNV1;LINC01608;LINC01609;LOC107986965;LOC105375705;LOC107986964;LINC02237;LOC105375707;CSMD3;LOC124902087;MIR2053;LOC107986966;LOC105375709;LOC105375710;LOC107986901;TRPS1;TRPS1-AS1;LOC107986968;LOC107986902;LOC107986903;LINC00536;LOC124902005;LOC102723447;LOC105375711;LOC105375712;EIF3H;LOC105375713;LOC124902006;UTP23;LOC112268030;RAD21;RAD21-AS1;MIR3610;AARD;LOC105375715;SLC30A8;LOC105375716;LOC105375719;LOC105375717;MED30;LOC105375721;LOC107986970;EXT1;SNORD168;SAMD12;LOC105375724;SAMD12-AS1;LOC124902007;LOC105375723;LOC124902008;TNFRSF11B;COLEC10;LOC101927513;LOC105375725;MAL2;MAL2-AS1;MIR548AZ;LOC124902009;LOC124900266;CCN3;ENPP2;LOC105375727;TAF2;LOC105375728;DSCC1;DEPTOR;LOC105375730;COL14A1;MRPL13;MTBP;SNTB1;LOC101927543;LOC124902010;LOC105375731;HAS2;HAS2-AS1;LINC02855;LOC105375733;SMILR;LOC107986972;LINC01151;LOC124902081;LOC107986904;LOC124902012;ZHX2;LOC124902011;LOC124902013;DERL1;TBC1D31;FAM83A;LOC124902101;FAM83A-AS2;FAM83A-AS1;MIR4663;C8orf76;ZHX1-C8orf76;ZHX1;LOC124902080;ATAD2;MIR548AA1;MIR548D1;NTAQ1;FBXO32;KLHL38;LOC105375738;ANXA13;LOC105375739;FAM91A1;FER1L6;LOC124902014;FER1L6-AS1;FER1L6-AS2;LOC124902015;LOC101927588;TMEM65;TRMT12;RNF139-DT;RNF139;TATDN1;MIR6844;NDUFB9;MTSS1;LOC105375740;LOC124902016;LOC105375741;MIR4662B;MIR4662A;LOC105375743;LOC105375742;LINC00964;ZNF572;SQLE-DT;SQLE;WASHC5;WASHC5-AS1;NSMCE2;TRIB1;TRIB1AL;LINC02964;LOC105375747;LOC124902017;LINC00861;LOC101927657;LOC105375750;LRATD2;LOC105375751;LOC105375753;PCAT1;PCAT2;PRNCR1;CASC19;CCAT1;CASC21;CASC8;CCAT2;POU5F1B;LOC105375754;CASC11;MYC;PVT1;MIR1204;LINC02912;MIR1205;MIR1206;MIR1207;MIR1208;LOC124902020;LINC00824;LOC124902021;LINC00976;LOC124902023;LINC00977;LOC124902022;LOC124902024;CCDC26;MIR3686;GSDMC;CYRIB;LOC124902025;MIR5194;ASAP1;ASAP1-IT2;LOC124900269;LOC124902027;ASAP1-IT1;LOC124902026;LOC105375758;ADCY8;LOC105375762;LOC105375761;LOC124902068;LOC105375760;LOC105375759;IADEN;LOC105375763;LOC107986976;EFR3A;OC90;HHLA1;KCNQ3;LOC105375765;LOC124902028;HPYR1;DNAAF11;LOC105375767;TMEM71;PHF20L1;TG;LOC105375768;SLA;MIR7848;PTCSC1;LOC105375769;CCN4;LOC102723635;NDRG1;LOC105375771;LOC105375772;ST3GAL1;ST3GAL1-DT;LOC124900268;LINC03024;LOC101927798;LOC101927822;LOC124902070;ZFAT;ZFAT-AS1;LOC124902072;LOC124902071;MIR30B;MIR30D;NCRNA00250;LOC101927845;LINC01591;LOC101927872;KHDRBS3;LOC124902046;LOC107986978;LOC107986979;LOC105375775;LOC124900255;LINC02055;LOC124902073;LOC107986905;LOC101927915;LOC105375776;LOC401478;FAM135B;COL22A1;KCNK9;TRAPPC9;LOC107986981;LOC105375781;C8orf17;PEG13;LOC124902029;LOC105375779;LOC105375782;CHRAC1;AGO2;LOC107986982;ERICD;PTK2;MIR151A;LOC105375783;LOC124902030;LOC105375784;DENND3-AS1;DENND3;LOC105375785;SLC45A4;SLC45A4-AS1;LINC01300;GPR20;LOC101928037;ASTILCS;PTP4A3;MROH5;LOC107983985;LOC105375789;LOC124900270;LOC124902031;LOC105375791;C8orf90;LOC124902074;MIR1302-7;LOC124902047;MIR4472-1;LOC105375792;LINC00051;TSNARE1;ADGRB1;LOC124902075;ARC;LOC101928087;JRK)
7:66082502:66088306:DEL	7	66082502	66088306	DEL	N22040_Sniffles2.DEL.55AS6	ASL	5	5	1	full	0.2888	0	615	0.949074074074074	0	0	472	495	143	153	0.9535353535353536	0.934640522875817	0.23127759165378275	1	7:66082502:66088306:DEL (ASL)
2:1834877:1835006:DEL	2	1834877	1835006	DEL	Sniffles2.DEL.3A4M1	MYT1L	4	4	0.9	full	0.01	0	80	0.12345679012345678	0	0	64	495	16	153	0.1292929292929293	0.1045751633986928	0.2543201660328795	1	2:1834877:1835006:DEL (MYT1L)
1:103822070:144813717:DEL	1	103822070	144813717	DEL	Sniffles2.DEL.897DM0	THAP3P1;LOC105378879;LOC105378880;LOC105378881;LINC01676;LOC105378882;LOC105378883;LINC01677;LOC124904595;LOC107985116;LOC105378886;LOC105378885;LOC124904596;LOC105378887;LOC124904232;LOC124904233;LINC01661;LOC105378888;PRMT6;NTNG1;VAV3;MIR7852;VAV3-AS1;LINC02785;SLC25A24;NBPF4;NBPF6;EEIG2;HENMT1;LOC105378890;PRPF38B;FNDC7;STXBP3;LOC105378891;AKNAD1;SPATA42;GPSM2;CLCC1;WDR47;TAF13;TMEM167B-DT;TMEM167B;SCARNA2;CFAP276;ELAPOR1;SARS1;CELSR2;PSRC1;MYBPHL;SORT1;PSMA5;SYPL2;ATXN7L2;CYB561D1;AMIGO1;LOC105378893;GPR61;GNAI3;MIR197;GNAT2;AMPD2;GSTM4;GSTM2;GSTM1;GSTM5;GSTM3;EPS8L3;LOC124904258;LINC01768;CSF1;AHCYL1;STRIP1;LOC105378895;ALX3;LINC01397;UBL4B;SLC6A17;SLC6A17-AS1;KCNC4-DT;KCNC4;RBM15-AS1;LOC124904276;RBM15;SLC16A4;LAMTOR5;LAMTOR5-AS1;PROK1;LOC105378899;LOC105378898;CYMP;CYMP-AS1;KCNA10;LOC124904292;KCNA2;KCNA3;LOC107985174;LOC124904296;LOC105378901;CD53;LRIF1;DRAM2;CEPT1;DENND2D;CHI3L2;CHIAP2;CHIA;LOC105378903;CIMAP3;LOC105378904;PGBP;OVGP1;LOC124904309;WDR77;ATP5PB;C1orf162;TMIGD3;ADORA3;RAP1A;LINC01160;LOC107985184;INKA2;INKA2-AS1;LOC101928718;DDX20;KCND3;LOC124904312;KCND3-IT1;KCND3-AS1;LINC01750;LOC105378906;LOC124904319;LINC02884;LOC124904812;CTTNBP2NL;MIR4256;WNT2B;ST7L;CAPZA1;LOC124904810;MOV10;RHOC;PPM1J;PPM1J-DT;TAFA3;NUTF2P4;LINC01356;LINC01357;LOC105378911;MIR11399;LOC124904342;SLC16A1;AKR7A2P1;SLC16A1-AS1;LOC107985189;LRIG2-DT;LRIG2;LOC643441;MAGI3;PHTF1;RSBN1;AP4B1-AS1;PTPN22;BCL2L15;AP4B1;DCLRE1B;HIPK1-AS1;HIPK1;OLFML3;SYT6;LOC107985443;TRIM33;LOC124904348;BCAS2;LOC105378914;DENND2C;LOC124904354;AMPD1;NRAS;CSDE1;SIKE1;SYCP1;LOC105378915;TSHB;TSPAN2;LOC124904359;LINC01765;NGF-AS1;NGF;LOC112268234;LOC124904375;LOC124900438;VANGL1;CASQ2;NHLH2;LINC01649;LOC101928977;SLC22A15;MAB21L3;LOC105378918;LOC124904384;LOC105378919;LOC105378920;LOC124904669;ATP1A1;ATP1A1-AS1;LINC01762;LOC112268235;CD58;LOC105378925;MIR548AC;LOC124904385;IGSF3;LOC105378924;MIR320B1;LINC02868;LOC105378926;CD2;LOC105378927;PTGFRN;CD101;LOC124904386;CD101-AS1;TTF2;MIR942;TRIM45;LOC124904387;VTCN1;LINC01525;MAN1A2;TENT5C-DT;TENT5C;LOC124900444;LOC105378929;GDAP2;WDR3;SPAG17;LOC105378930;LOC107985447;TBX15;LOC105378933;WARS2;WARS2-IT1;WARS2-AS1;LOC107985192;LOC124904832;LINC01780;HAO2;HAO2-IT1;HSD3B2;LOC124904388;LOC105378935;HSD3B1;HSD3BP4;LINC00622;ZNF697;LOC124904389;LOC124904390;LOC105378937;PHGDH;HMGCS2;REG4;NBPF7P;ADAM30;NOTCH2;LOC101929178;SEC22B;LOC124904391;LOC124904631;LOC101929788;NBPF8;PFN1P2;PDE4DIPP2;LOC107985524;LOC124904392;LOC105378944;NOTCH2NLR;NBPF26;RNVU1-19;LOC124904393;PPIAL4A;LINC00623;LOC100996720;RNVU1-4;LOC105369199;PDE4DIPP4;LOC124904394;H3P4;FCGR1BP;LOC100996318;H2BP1;FAM72B;SRGAP2C;LOC107985193;SRGAP2-AS1;LINC02798;EMBP1;LOC101929814;LOC105371172;LOC105371175;LOC107985200;LOC107985201;LOC101927452;LINC02799;LOC112268273;LOC124904406;RNVU1-17;RNVU1-18;LOC105369140;LINC02591;PDE4DIPP3;H2BP2;FCGR1CP;H3-7;LOC105371209;FAM72C;SRGAP2D;LOC105371207;LOC105371206;LINC02802;LOC101060524;CH17-125A10.2;PPIAL4E;RNVU1-15;NBPF15;LOC105371211;RNVU1-26;RNVU1-2A;LOC105379574;RNVU1-28;PPIAL4F;LINC01632;LOC105371215;KMT2CP1;DRD5P2;LSP1P5;LOC105371216	5	5	1.9	full	0.4698	0	5	0.00771604938271604	1	0	5	495	0	153	0.0101010101010101	0	0.25886198404475186	1	1:103822070:144813717:DEL (THAP3P1;LOC105378879;LOC105378880;LOC105378881;LINC01676;LOC105378882;LOC105378883;LINC01677;LOC124904595;LOC107985116;LOC105378886;LOC105378885;LOC124904596;LOC105378887;LOC124904232;LOC124904233;LINC01661;LOC105378888;PRMT6;NTNG1;VAV3;MIR7852;VAV3-AS1;LINC02785;SLC25A24;NBPF4;NBPF6;EEIG2;HENMT1;LOC105378890;PRPF38B;FNDC7;STXBP3;LOC105378891;AKNAD1;SPATA42;GPSM2;CLCC1;WDR47;TAF13;TMEM167B-DT;TMEM167B;SCARNA2;CFAP276;ELAPOR1;SARS1;CELSR2;PSRC1;MYBPHL;SORT1;PSMA5;SYPL2;ATXN7L2;CYB561D1;AMIGO1;LOC105378893;GPR61;GNAI3;MIR197;GNAT2;AMPD2;GSTM4;GSTM2;GSTM1;GSTM5;GSTM3;EPS8L3;LOC124904258;LINC01768;CSF1;AHCYL1;STRIP1;LOC105378895;ALX3;LINC01397;UBL4B;SLC6A17;SLC6A17-AS1;KCNC4-DT;KCNC4;RBM15-AS1;LOC124904276;RBM15;SLC16A4;LAMTOR5;LAMTOR5-AS1;PROK1;LOC105378899;LOC105378898;CYMP;CYMP-AS1;KCNA10;LOC124904292;KCNA2;KCNA3;LOC107985174;LOC124904296;LOC105378901;CD53;LRIF1;DRAM2;CEPT1;DENND2D;CHI3L2;CHIAP2;CHIA;LOC105378903;CIMAP3;LOC105378904;PGBP;OVGP1;LOC124904309;WDR77;ATP5PB;C1orf162;TMIGD3;ADORA3;RAP1A;LINC01160;LOC107985184;INKA2;INKA2-AS1;LOC101928718;DDX20;KCND3;LOC124904312;KCND3-IT1;KCND3-AS1;LINC01750;LOC105378906;LOC124904319;LINC02884;LOC124904812;CTTNBP2NL;MIR4256;WNT2B;ST7L;CAPZA1;LOC124904810;MOV10;RHOC;PPM1J;PPM1J-DT;TAFA3;NUTF2P4;LINC01356;LINC01357;LOC105378911;MIR11399;LOC124904342;SLC16A1;AKR7A2P1;SLC16A1-AS1;LOC107985189;LRIG2-DT;LRIG2;LOC643441;MAGI3;PHTF1;RSBN1;AP4B1-AS1;PTPN22;BCL2L15;AP4B1;DCLRE1B;HIPK1-AS1;HIPK1;OLFML3;SYT6;LOC107985443;TRIM33;LOC124904348;BCAS2;LOC105378914;DENND2C;LOC124904354;AMPD1;NRAS;CSDE1;SIKE1;SYCP1;LOC105378915;TSHB;TSPAN2;LOC124904359;LINC01765;NGF-AS1;NGF;LOC112268234;LOC124904375;LOC124900438;VANGL1;CASQ2;NHLH2;LINC01649;LOC101928977;SLC22A15;MAB21L3;LOC105378918;LOC124904384;LOC105378919;LOC105378920;LOC124904669;ATP1A1;ATP1A1-AS1;LINC01762;LOC112268235;CD58;LOC105378925;MIR548AC;LOC124904385;IGSF3;LOC105378924;MIR320B1;LINC02868;LOC105378926;CD2;LOC105378927;PTGFRN;CD101;LOC124904386;CD101-AS1;TTF2;MIR942;TRIM45;LOC124904387;VTCN1;LINC01525;MAN1A2;TENT5C-DT;TENT5C;LOC124900444;LOC105378929;GDAP2;WDR3;SPAG17;LOC105378930;LOC107985447;TBX15;LOC105378933;WARS2;WARS2-IT1;WARS2-AS1;LOC107985192;LOC124904832;LINC01780;HAO2;HAO2-IT1;HSD3B2;LOC124904388;LOC105378935;HSD3B1;HSD3BP4;LINC00622;ZNF697;LOC124904389;LOC124904390;LOC105378937;PHGDH;HMGCS2;REG4;NBPF7P;ADAM30;NOTCH2;LOC101929178;SEC22B;LOC124904391;LOC124904631;LOC101929788;NBPF8;PFN1P2;PDE4DIPP2;LOC107985524;LOC124904392;LOC105378944;NOTCH2NLR;NBPF26;RNVU1-19;LOC124904393;PPIAL4A;LINC00623;LOC100996720;RNVU1-4;LOC105369199;PDE4DIPP4;LOC124904394;H3P4;FCGR1BP;LOC100996318;H2BP1;FAM72B;SRGAP2C;LOC107985193;SRGAP2-AS1;LINC02798;EMBP1;LOC101929814;LOC105371172;LOC105371175;LOC107985200;LOC107985201;LOC101927452;LINC02799;LOC112268273;LOC124904406;RNVU1-17;RNVU1-18;LOC105369140;LINC02591;PDE4DIPP3;H2BP2;FCGR1CP;H3-7;LOC105371209;FAM72C;SRGAP2D;LOC105371207;LOC105371206;LINC02802;LOC101060524;CH17-125A10.2;PPIAL4E;RNVU1-15;NBPF15;LOC105371211;RNVU1-26;RNVU1-2A;LOC105379574;RNVU1-28;PPIAL4F;LINC01632;LOC105371215;KMT2CP1;DRD5P2;LSP1P5;LOC105371216)
7:15341546:143846692:DEL	7	15341546	143846692	DEL	Sniffles2.DEL.7B31M6	AGMO;LOC124901591;MEOX2;LOC105375166;LINC02587;LOC101927558;LOC105375167;CRPPA;CRPPA-AS1;LOC105375168;SOSTDC1;LRRC72;ANKMY2;LOC105375169;BZW2;TSPAN13;LOC124901593;AGR2;AGR3;LOC124901594;LOC105375170;LOC124901595;LOC124901596;LOC107986772;LOC101927609;AHR;LOC105375171;LINC02888;LOC105375172;LINC02889;SNX13;PRPS1L1;HDAC9;MIR1302-6;LOC124901598;HDAC9-AS1;LOC124901597;TWIST1;FERD3L;LOC107986773;LOC105375179;LOC105375180;POLR1F;MIR3146;TMEM196;LOC107986774;LOC105379720;LOC101927668;LOC105375181;MACC1;MACC1-AS1;GIRGL;LOC101927769;ITGB8-AS1;ITGB8;LOC124900239;ABCB5;SP8;RPL23P8;LINC01162;SP4;MIR1183;DNAH11;LOC105375183;LOC124901599;LOC107986775;CDCA7L;RAPGEF5;STEAP1B;STEAP1B-AS1;LOC401312;IL6-AS1;IL6;TOMM7;LOC112267993;SNHG26;SNORD93;LOC107986776;LOC124901600;HYCC1;LOC105375185;LOC105375186;KLHL7-DT;KLHL7;NUP42;LOC101927890;GPNMB;MALSU1;IGF2BP3;SNORD65C;RPS2P32;TRA2A;CLK2P1;LOC105375187;CCDC126;FAM221A;STK31;LOC124901835;LOC105375188;LOC107986777;LOC124901831;NPY;LOC124901601;PALS2;GSDME;LOC124901820;OSBPL3;CYCS;SPMIP4;LOC124901603;LOC124901602;LOC105375191;NPVF;LOC124901858;LOC105375193;LOC105375195;LOC105375194;LOC124901604;LOC105375196;LINC03007;LOC100506236;LOC105375199;LOC105375200;MIR148A;LOC105375198;NFE2L3;HNRNPA2B1;CBX3;SNX10;SNX10-AS1;LINC02981;LOC105375202;KIAA0087;LOC124901605;LINC03095;LOC101928077;LINC02860;SKAP2;LOC124901606;HOXA1;HOTAIRM1;HOXA2;HOXA3;HOXA-AS2;HOXA4;HOXA-AS3;HOXA5;HOXA6;HOXA7;HOXA9;HOXA10-HOXA9;HOXA10-AS;MIR196B;HOXA10;HOXA11;HOXA11-AS;HOXA13;HOTTIP;EVX1-AS;EVX1;LOC107986733;LOC105375206;LOC105375207;HIBADH;LOC107986699;TSL;LOC105375211;TAX1BP1-AS1;TAX1BP1;JAZF1;LOC105375208;JAZF1-AS1;CREB5;TRIL;CPVL-AS2;CPVL;CPVL-AS1;LOC128966558;CHN2;CHN2-AS1;PRR15-DT;PRR15;MIR550A3HG;MIR550A3;ZNRF2P2;DPY19L2P3;WIPF3;LOC124901827;SCRN1;FKBP14-AS1;FKBP14;PLEKHA8;LOC105375216;MTURN;LOC105375217;LOC124901607;LOC105375218;ZNRF2;MIR550A1;MIR550B1;DKFZP586I1420;LINC01176;NOD1;GGCT;GARS1-DT;GARS1;LOC124901609;CRHR2;LOC124901608;LOC105375220;LOC105375219;INMT;INMT-MINDY4;MINDY4;AQP1;GHRHR;LOC105375222;LOC105375221;ADCYAP1R1;LOC107986781;LOC107986782;NEUROD6;LOC105375224;ITPRID1;PDE1C;PPP1R17;LOC100130673;LSM5;AVL9;DPY19L1P1;ZNRF2P1;MIR550A2;MIR550B2;LINC00997;DPY19L1P2;KBTBD2;RP9P;FKBP9;NT5C3A;LOC124901610;RP9;BBS9;LOC124901611;FLJ20712;LOC124901612;LOC124901613;BMPER;NPSR1-AS1;NPSR1;DPY19L1;MIR548N;LOC102724723;LOC105375228;DPY19L2P1;TBX20;LOC401324;LOC105375230;LOC124901614;LOC101928421;HERPUD2;HERPUD2-AS1;LINC03013;LOC124901615;SEPTIN7-DT;SEPTIN7;LOC107986734;LOC105375233;LOC124901616;LOC124901617;LOC101928618;EEPD1;MATCAP2;ANLN;AOAH;AOAH-IT1;ELMO1;LOC105375235;MIR1200;ELMO1-AS1;LOC124901833;GPR141;NME8;SFRP4;EPDR1;LOC105375236;STARD3NL;TARP;TRG-AS1;AMPH;CFAP144P1;VPS41;POU6F2;POU6F2-AS2;LOC105375239;SNORA20B;POU6F2-AS1;LOC105375238;LOC105375237;YAE1-DT;YAE1;LOC107986785;RALA;LINC00265;LOC101928688;CDK13-DT;CDK13;MPLKIP;SUGCT;LOC105375245;SUGCT-AS1;LOC105375244;LOC105375243;LOC112267984;LOC105375242;LINC01450;LINC01449;LOC105375241;LOC105375246;LOC107986787;LOC105379725;LOC105375247;LOC107986789;INHBA;INHBA-AS1;LOC124901618;GLI3;LOC105375249;LOC105375250;LOC105375251;LINC01448;LOC107986735;C7orf25;PSMA2;MRPL32;LOC105375253;LOC107986790;HECW1;HECW1-IT1;MIR3943;LOC124901619;LOC102724903;LUARIS;STK17A;COA1;BLVRA;MRPS24;URGCP-MRPS24;LOC124901620;URGCP;UBE2D4;POLR2J4;SPDYE1;RASA4CP;LINC00957;DBNL;MIR6837;PGAM2;POLM;MIR6838;AEBP1;MIR4649;POLD2;MYL7;GCK;LOC105375258;LOC105375257;YKT6;CAMK2B;LOC124901621;NUDCD3;NPC1L1;DDX56;TMED4;OGDH;LOC124901622;ZMIZ2;LOC105375259;PPIA;H2AZ2;H2AZ2-DT;PURB;MIR4657;LOC105375262;MYO1G;SNHG15;SNORA9;LOC102723334;CCM2;NACAD;TBRG4;SNORA5A;SNORA5C;SNORA5B;RAMP3;LOC124901623;LOC107986736;LOC124901624;ADCY1;SEPTIN7P2;GTF2IP13;LOC124901625;LOC730234;LOC112267918;CCDC201;IGFBP1;IGFBP3;LOC102723446;LOC105375264;LOC105375266;LOC730338;LOC124901626;LOC105375267;LOC105375268;LOC124901627;LOC124901628;TNS3;LOC124901629;SNORD151;LINC01447;LINC02902;LINC00525;PKD1L1;PKD1L1-AS1;HUS1;LOC105375270;SUN3;C7orf57;UPP1;LOC105375271;ABCA13;LOC105375272;LINC02838;CDC14C;LOC124901804;VWC2;ZPBP;LOC124901630;SPMIP7;IKZF1;LOC124901631;FIGNL1;DDC;DDC-AS1;GRB10;LOC124901632;LOC124900241;COBL;LOC124901633;LOC107986794;LOC102723533;LOC105375277;LOC105375278;LOC124901634;LOC107986738;LOC124900240;LOC124901810;LOC107986796;LOC101928257;LOC124901805;POM121L12;LOC105375282;GS1-278J22.2;LINC01446;LINC02854;LINC01445;LOC124901829;VSTM2A;VSTM2A-OT1;LOC124901635;SEC61G;SEC61G-DT;LOC124901636;LOC105375284;EGFR;EGFR-AS1;ELDR;LANCL2;VOPP1;VOPP1-DT;FKBP9P1;LOC101060341;LOC102723656;SEPTIN14;ZNF713;MRPS17;NIPSNAP2;PSPH;CCT6A;SNORA22B;SNORA15;SUMF2;PHKG1;CHCHD2;NUPR2;LOC105375288;LOC107986800;LOC105375292;LOC101930109;LOC650226;LOC100240728;LOC124901640;DKFZp434L192;LOC101928401;LOC105375291;LOC102723684;LOC105375289;LOC401357;LOC124901637;LOC124901639;LOC124901638;LOC105375294;LOC105375295;LOC100130849;MIR4283-1;ZNF479;GUSBP10;LOC105375297;LOC105375298;LOC105375299;MIR3147HG;MIR3147;ZNF716;LOC105375300;LOC105375301;LOC105375302;LOC102723842;LOC124901826;ZNF733P;LOC102724738;LOC100287704;LINC03075;LOC101929050;LOC124901641;LOC100287834;MIR4283-2;LOC105375313;LOC105375314;LOC105375315;LOC124901649;LOC124901797;LOC124901645;LOC124901650;LOC124901798;LOC124901644;LOC124901647;LOC124901652;LOC124901648;LOC124901651;LOC124901646;LOC124901643;LOC124901654;LINC02848;LOC124901653;LOC105375318;ZNF722;LINC01005;LOC105375317;ZNF727;LOC124901655;ZNF735;LOC105375319;ZNF679;LOC105375323;LOC105375322;ZNF736;LOC105375321;LOC105375324;YWHAEP1;LOC124901658;ZNF680;LOC124901657;LOC100128885;LOC641746;LOC124901656;LOC105375326;ZNF107;MIR6839;ZNF138;ZNF273;LOC441239;ZNF117;ERV3-1-ZNF117;ERV3-1;LOC105375330;LOC105375329;CCT6P3;LOC124901663;SNORA22C;SNORA15B-1;LOC124901662;INTS4P1;LOC124901661;LOC105375334;ZNF92;LOC124901660;LOC101929322;LINC03006;INTS4P2;CCT6P1;SNORA22;SNORA15B-2;LOC124901659;LINC03129;VKORC1L1;GUSB;LOC105375336;ASL;CRCP;TPST1;LINC00174;LINC03011;RABGEF1P1;KCTD7;LOC100996437;RABGEF1;LOC107986707;GTF2IRD1P1;GTF2IP23;LINC02604;TMEM248;SBDS;TYW1;LOC124901664;MIR4650-1;LOC124901666;LOC124901665;PMS2P4;SPDYE21;STAG3L4;LINC01372;LOC105375337;LOC105375340;LOC107986741;LOC102723427;LOC105375341;LOC105375342;LOC105375343;LOC105375344;LOC105375345;LOC124901667;LOC105375346;CT66;AUTS2;LOC124901669;LOC124901668;LOC107986709;LOC105375347;GALNT17;MIR3914-1;MIR3914-2;CALN1;TYW1B;MIR4650-2;SBDSP1;SPDYE7P;POM121;NSUN5P2;LOC124901671;TRIM74;FKBP6P1;LOC124901672;STAG3L3;PMS2P7;SPDYE8;SPDYE11;SPDYE9;SPDYE10;GTF2IP4;NCF1B;NSUN5;TRIM50;FKBP6;FZD9;BAZ1B;BCL7B;TBL2;MLXIPL;VPS37D;DNAJC30;BUD23;STX1A;LOC105375350;MIR4284;BICDL3P;ABHD11;CLDN3;CLDN4;METTL27;TMEM270;ELN;ELN-AS1;LIMK1;EIF4H;MIR590;LAT2;RFC2;LOC107986742;CLIP2;GTF2IRD1;WBSCR23;MIR10525;GTF2I;GTF2I-AS1;NCF1;GTF2IRD2;LOC124901673;STAG3L2;PMS2P5;SPDYE12;LOC105375352;CASTOR2;RCC1L;GTF2IRD2B;NCF1C;GTF2IP1;LOC107986710;SPDYE14;SPDYE13;SPDYE15;PMS2P2;STAG3L1;LOC124901677;FKBP6P2;TRIM73;LOC124901676;NSUN5P1;POM121C;SPDYE5;PMS2P3;HIP1;CCL26;CCL24;RHBDD2;LOC124901680;POR;MIR4651;SNORA14A;TMEM120A;STYXL1;MDH2;GTF2IP7;LOC124901854;LOC124901674;SRRM3;LOC124901679;HSPB1;FPASL;YWHAG;SSC4D;ZP3;DTX2;FDPSP2;LOC124901675;UPK3B;SPDYE16;LINC03009;POMZP3;LOC105375358;DTX2P1-UPK3BP1-PMS2P11;SPDYE17;PMS2P9;SPDYE18;FAM185BP;CCDC146;LOC124901678;FGL2;LOC105375359;LOC102723791;GSAP;LOC101927243;LOC124901830;LOC124901681;PTPN12;LOC105375363;APTR;RSBN1L;TMEM60;PHTF2;LOC124901682;DDX3ILA1;MAGI2;LOC124901684;RPL13AP17;LOC124901683;MAGI2-AS2;LOC105375366;MAGI2-AS3;LOC105375369;LOC105375370;LOC105375371;LOC105375372;GNAI1;LOC107986743;LOC107986744;LOC105375373;LOC101927269;GNAT3;LOC107986812;LOC124901685;CD36;SEMA3C;LOC124901686;LOC105369146;LOC100128317;HGF;CACNA2D1;CACNA2D1-AS1;LOC124901687;LOC107986813;LOC124901688;LOC105375376;PCLO;LOC105375377;SEMA3E;LOC105375378;LOC107986745;SEMA3A;LINC03017;SEMA3D;LINC00972;GRM3;GRM3-AS1;ELAPOR2;LOC124901689;DMTF1-AS1;DMTF1;TMEM243;LOC105375384;TP53TG1;CROT;ABCB4;ABCB1;LOC124901834;RUNDC3B;SLC25A40;DBF4;LOC124901690;ADAM22;LOC105375386;SRI;LOC124901691;SRI-AS1;STEAP4;LOC124901692;LOC107986815;LOC124900238;LOC107986816;ZNF804B;TEX47;LOC105375387;LOC107986817;STEAP2-AS1;DPY19L2P4;STEAP1;STEAP2;LOC107986819;CFAP69;FAM237B;LOC107986715;LOC101927446;GTPBP10;LOC101409256;CLDN12;PTTG1IP2;LOC124901693;CDK14;LOC124901839;LOC124901694;FZD1;LOC124901695;LINC02932;LOC107986716;LOC101927473;LOC124901697;LOC124901696;MTERF1;LOC112267986;LOC124901698;AKAP9;CYP51A1;CYP51A1-AS1;LRRD1;KRIT1;MIR1285-1;ANKIB1;TMBIM7P;GATAD1;ERVW-1;PEX1;RBM48;FAM133B;LOC105375397;CDK6;LOC112268009;CDK6-AS1;SAMD9;SAMD9L;HEPACAM2;VPS50;CALCR;MIR653;MIR489;LOC105375400;MIR4652;LOC124901811;TFPI2;TFPI2-DT;GNGT1;LOC105375402;GNG11;BET1;BET1-AS1;LOC130890646;LOC124901812;LOC112267858;LOC107986821;COL1A2-AS1;COL1A2;CASD1;LOC105375404;SGCE;PEG10;PPP1R9A;PPP1R9A-AS1;LOC124901848;PON1;PON3;LOC107986822;PON2;ASB4;LOC107986823;LOC124901699;PDK4;PDK4-AS1;LOC107986746;LOC105375409;DYNC1I1;LOC124901700;LOC124901701;SLC25A13;MIR591;LOC105375410;LOC124901702;LOC105375411;SEM1;LOC105375412;LOC107986825;LOC105375414;LOC124901703;DLX6-AS1;DLX6;DLX5;SDHAF3;LOC107984034;LOC124901704;LOC107986826;LOC105375416;TAC1;ASNS;CZ1P-ASNS;MIR5692A1;MIR5692C2;CCZ1P-OR7E38P;OCM2;LMTK2;BHLHA15;TECPR1;LOC124901706;LOC124901705;BRI3;BAIAP2L1;NPTX2;LOC105375419;LOC105375418;TMEM130;TRRAP;MIR3609;SCARNA28;LOC124901832;LOC101927550;SMURF1;KPNA7;MYH16;LOC105375421;ARPC1A;ARPC1B;PDAP1;BUD31;MIR12119;LOC124901707;LOC124901841;PTCD1;ATP5MF-PTCD1;CPSF4;ATP5MF;ZNF789;ZNF394;ZKSCAN5;FAM200A;LOC105375422;ZNF655;TMEM225B;ZSCAN25;CYP3A5;CYP3A7-CYP3A51P;CYP3A7;CYP3A4;CYP3A43;OR2AE1;TRIM4;LOC101927610;GJC3;LOC124900245;AZGP1;AZGP1P1;LOC105375423;ZKSCAN1;ZSCAN21;ZNF3;COPS6;MCM7;MIR25;MIR93;MIR106B;AP4M1;TAF6;CNPY4;MBLAC1;LAMTOR4;TRAPPC14;MIR4658;GAL3ST4;GPC2;STAG3;CASTOR3P;PVRIG;LOC105375426;SPDYE3;PMS2P1;STAG3L5P-PVRIG2P-PILRB;STAG3L5P;PVRIG2P;MIR6840;PILRB;PILRA;ZCWPW1;MEPCE;PPP1R35;PPP1R35-AS1;SPACDR;TSC22D4-C7ORF61;TSC22D4;NYAP1;LOC107986829;AGFG2;LOC124901708;SAP25;LRCH4;FBXO24;PCOLCE-AS1;PCOLCE;MOSPD3;TFR2;LOC124901709;LOC124901710;ACTL6B;LOC105375429;GNB2;GIGYF1;POP7;EPO;ZAN;EPHB4;SLC12A9;SLC12A9-AS1;TRIP6;MIR6875;SRRT;UFSP1;ACHE;LOC105375431;MUC3A;LOC124900622;MUC12;MUC12-AS1;MUC17;TRIM56;SERPINE1;AP1S1;MIR4653;VGF;NAT16;MOGAT3;PLOD3;ZNHIT1;CLDN15;FIS1;LNCPRESS1;EMSLR;IFT22;COL26A1;LINC01007;LOC107986832;MYL10;CUX1;LOC124900244;LOC124901711;SH2B2;MIR4285;LOC107986717;SPDYE6;LOC100630923;LOC100289561;PRKRIP1;MIR548O;LOC105375433;ORAI2;ALKBH4;LRWD1;MIR5090;MIR4467;POLR2J;RASA4B;LOC124901715;UPK3BL2;POLR2J3-UPK3BL2;SPDYE2;POLR2J3;LOC124901712;RASA4;LOC124901714;UPK3BL1;POLR2J2-UPK3BL1;SPDYE2B;POLR2J2;RASA4DP;LOC124901713;FAM185A;FBXL13;LRRC17;NFE4;ARMC10;NAPEPLD;RPL19P12;LOC105375434;DPY19L2P2;PMPCB;DNAJC2;PSMC2;SLC26A5;SLC26A5-AS1;RELN;LOC105375435;ORC5;LHFPL3;LHFPL3-AS1;LHFPL3-AS2;LOC101927902;LINC01004;KMT2E-AS1;KMT2E;SRPK2;LOC124901717;LOC124901718;PUS7;RINT1;EFCAB10;EFCAB10-AS1;ATXN7L1;CDHR3;LOC107986833;SYPL1;LOC124901719;NAMPT;NAMPT-AS1;CTB-30L5.1;LOC105375440;CCDC71L;LINC02577;PIK3CG;PRKAR2B;PRKAR2B-AS1;HBP1;COG5;LOC124901720;LOC124901721;GPR22;DUS4L;DUS4L-BCAP29;BCAP29;SLC26A4-AS1;SLC26A4;CBLL1-AS1;CBLL1;SLC26A3;LOC105375444;LOC105375445;DLD;LAMB1;LAMB4;LOC107986834;LOC107986835;LOC105375446;NRCAM;LOC102724363;PNPLA8;LOC124901722;THAP5;DNAJB9;LOC105375448;LOC107986836;LINC02903;EIF3IP1;LOC105375451;LOC105375450;LOC105375452;LOC124901723;IMMP2L;LOC124901724;LRRN3;LOC124901725;LOC124900232;DOCK4;LOC124901727;LOC124901726;DOCK4-AS1;ZNF277;ZNF277-AS1;LOC105375456;LOC105375457;IFRD1;LOC128031837;LSMEM1;LINC03076;LOC101928012;TMEM168;LOC124901729;SAMTOR;HRAT17;GPR85;LOC107986837;SMIM30;LOC124901813;LOC124901814;PPP1R3A;FOXP2;MIR3666;MDFIC;LINC01393;LINC01392;SNORA25B;LOC100506489;LOC105375461;LOC105375462;LOC102724407;TFEC;TES;LOC124901730;LOC102724434;LOC105375463;LOC124900233;LOC107986838;CAV2;CAV1;COMETT;MET;LOC124901731;CAPZA2;LOC105375465;ST7-AS1;ST7;ST7-OT4;MIR6132;ST7-AS2;LOC124901732;ST7-OT3;LOC105375466;WNT2;LOC124900596;LOC105375467;ASZ1;LOC105375468;CFTR;CFTR-AS1;CTTNBP2;LOC105375469;LOC105375470;LSM8;ANKRD7;LOC102724495;LOC124901815;LOC105375471;LOC105375472;LOC107986747;LOC105375473;LOC124901816;LINC02476;LOC107986840;LOC105375477;KCND2;TSPAN12;LOC124901733;ING3;LOC124901734;CPED1;LOC124901735;WNT16;FAM3C;LOC124901737;LOC124901736;LOC105375478;PTPRZ1;AASS;LOC102724527;FEZF1;FEZF1-AS1;CADPS2;LOC105375481;LOC124901739;RNF133;RNF148;LOC124901738;LOC105375482;TAS2R16;SLC13A1;IQUB;LOC124901740;NDUFA5;ASB15;ASB15-AS1;LMOD2;WASL;WASL-DT;HYAL4;HYAL6P;SPAM1;LOC105375483;TMEM229A;LOC124901741;LOC105375484;LOC107986841;LOC101928211;LOC102724577;SSU72L6;GPR37;LINC03043;POT1;POT1-AS1;LINC02830;LOC101928283;LOC101928254;LOC100506664;LOC105375487;LOC105375488;GRM8;LOC101928357;LOC107986843;MIR592;LOC124901742;GRM8-AS1;ZNF800;LINC03012;LOC105375490;GCC1;ARF5;LOC105375489;FSCN3;PAX4;SND1-DT;SND1;SND1-IT1;LRRC4;LOC124901743;MIR593;LOC105375493;LOC124901744;MIR129-1;LEP;RBM28;PRRT4;LOC107986845;IMPDH1;HILPDA;EFCAB3P1;METTL2B;LINC01000;GARIN1A;GARIN1B;CALU;OPN1SW;CCDC136;FLNC;FLNC-AS1;ATP6V1F;SPMIP1;KCP;LOC105375497;IRF5;TNPO3;TPI1P2;LOC124901836;LOC124901863;LOC407835;TSPAN33;SMO;AHCYL2;LOC124900234;LOC105375500;LOC107986847;STRIP2;SMKR1;NRF1;LOC105375501;MIR182;MIR96;MIR183;UBE2H;UBE2H-DT;ZC3HC1;KLHDC10;LINC03008;TMEM209;LOC124901745;SSMEM1;CPA2;CPA4;LOC105375503;LOC124901842;LOC124901837;CPA5;LOC105375504;CPA1;CEP41;LOC105375505;MESTIT1;MEST;MIR335;COPG2;COPG2IT1;LOC124901746;TSGA13;KLF14;LOC105375508;LOC105375509;MIR29A;MIR29B1;LINC-PINT;LINC00513;MKLN1;MKLN1-AS;LOC124901747;PODXL;LOC107986849;LOC101928782;PLXNA4;LOC101928807;LOC105375511;LOC102724906;FLJ40288;LOC124900236;LOC100506937;CHCHD3;MIR3654;LOC105375512;EXOC4;MIR6133;LOC124901748;LOC124901749;LOC101928861;LOC105375514;LRGUK;SLC35B4;LOC105375518;LOC105375517;LINC03060;AKR1B1;AKR1B10;LOC105375520;AKR1B15;LOC124901750;BPGM;LOC124901751;CALD1;AGBL3;CYREN;TMEM140;WDR91;MIR6509;STRA8;LOC107984123;CNOT4;NUP205;STMP1;SLC13A4;LOC105375521;FAM180A;LOC105375522;MTPN;LOC105375523;LOC105375524;LOC124901850;CHRM2;LOC349160;MIR490;LOC105375525;PTN;LOC124900235;LOC105375527;DGKI;CREB3L2;CREB3L2-AS1;LOC124901752;LOC124901753;AKR1D1;LOC124901828;MIR4468;LOC107986749;LOC124900243;LOC124901754;TRIM24;LOC124901843;LOC124901755;SVOPL;LOC124900246;ATP6V0A4;TMEM213;KIAA1549;ZC3HAV1L;LOC107986852;ZC3HAV1;MIR10399;IFT56;LOC124901756;UBN2;FMC1;LUC7L2;FMC1-LUC7L2;LOC100129148;KLRG2;CLEC2L;HIPK2;LOC105375530;TBXAS1;LOC107986853;LOC105375532;PARP12;LOC124901757;KDM7A;KDM7A-DT;LOC107986854;LOC105375534;LOC124901758;SLC37A3;LOC124901838;LOC124901759;RAB19;MKRN1;DENND2A;LOC105375535;ADCK2;NDUFB2-AS1;NDUFB2;BRAF;LOC105375536;LOC107986720;MRPS33;LOC107986719;LOC105375537;TMEM178B;LOC124901760;AGK-DT;AGK;DENND11;WEE2-AS1;WEE2;SSBP1;TAS2R3;TAS2R4;TAS2R5;PRSS37;OR9A4;CLEC5A;LOC124901761;TAS2R38;MGAM;MGAM2;MOXD2P;PRSS58;PRSS59P;LOC105375539;LOC107986855;MIR11400;PRSS1;LOC124901763;PRSS2;LOC124901762;LOC105375541;EPHB6;TRPV6;TRPV5;LOC105375542;LLCFC1;KEL;OR9A2;LOC105375544;OR6V1;OR6W1P;PIP;TAS2R39;LOC124901764;TAS2R40;LOC105375546;TMEM139-AS1;GSTK1;TMEM139;CASP2;CLCN1;FAM131B;FAM131B-AS1;FAM131B-AS2;ZYX;MIR6892;EPHA1;EPHA1-AS1;TAS2R60;TAS2R41;LOC105375547;OR10AC1;CTAGE15;LOC101928466;TCAF2;CTAGE6;TCAF2P1;LOC154761;LOC112267988	5	5	1.9	full	NA	1	5	0.00771604938271604	1	1	5	495	0	153	0.0101010101010101	0	0.25886198404475186	1	7:15341546:143846692:DEL (AGMO;LOC124901591;MEOX2;LOC105375166;LINC02587;LOC101927558;LOC105375167;CRPPA;CRPPA-AS1;LOC105375168;SOSTDC1;LRRC72;ANKMY2;LOC105375169;BZW2;TSPAN13;LOC124901593;AGR2;AGR3;LOC124901594;LOC105375170;LOC124901595;LOC124901596;LOC107986772;LOC101927609;AHR;LOC105375171;LINC02888;LOC105375172;LINC02889;SNX13;PRPS1L1;HDAC9;MIR1302-6;LOC124901598;HDAC9-AS1;LOC124901597;TWIST1;FERD3L;LOC107986773;LOC105375179;LOC105375180;POLR1F;MIR3146;TMEM196;LOC107986774;LOC105379720;LOC101927668;LOC105375181;MACC1;MACC1-AS1;GIRGL;LOC101927769;ITGB8-AS1;ITGB8;LOC124900239;ABCB5;SP8;RPL23P8;LINC01162;SP4;MIR1183;DNAH11;LOC105375183;LOC124901599;LOC107986775;CDCA7L;RAPGEF5;STEAP1B;STEAP1B-AS1;LOC401312;IL6-AS1;IL6;TOMM7;LOC112267993;SNHG26;SNORD93;LOC107986776;LOC124901600;HYCC1;LOC105375185;LOC105375186;KLHL7-DT;KLHL7;NUP42;LOC101927890;GPNMB;MALSU1;IGF2BP3;SNORD65C;RPS2P32;TRA2A;CLK2P1;LOC105375187;CCDC126;FAM221A;STK31;LOC124901835;LOC105375188;LOC107986777;LOC124901831;NPY;LOC124901601;PALS2;GSDME;LOC124901820;OSBPL3;CYCS;SPMIP4;LOC124901603;LOC124901602;LOC105375191;NPVF;LOC124901858;LOC105375193;LOC105375195;LOC105375194;LOC124901604;LOC105375196;LINC03007;LOC100506236;LOC105375199;LOC105375200;MIR148A;LOC105375198;NFE2L3;HNRNPA2B1;CBX3;SNX10;SNX10-AS1;LINC02981;LOC105375202;KIAA0087;LOC124901605;LINC03095;LOC101928077;LINC02860;SKAP2;LOC124901606;HOXA1;HOTAIRM1;HOXA2;HOXA3;HOXA-AS2;HOXA4;HOXA-AS3;HOXA5;HOXA6;HOXA7;HOXA9;HOXA10-HOXA9;HOXA10-AS;MIR196B;HOXA10;HOXA11;HOXA11-AS;HOXA13;HOTTIP;EVX1-AS;EVX1;LOC107986733;LOC105375206;LOC105375207;HIBADH;LOC107986699;TSL;LOC105375211;TAX1BP1-AS1;TAX1BP1;JAZF1;LOC105375208;JAZF1-AS1;CREB5;TRIL;CPVL-AS2;CPVL;CPVL-AS1;LOC128966558;CHN2;CHN2-AS1;PRR15-DT;PRR15;MIR550A3HG;MIR550A3;ZNRF2P2;DPY19L2P3;WIPF3;LOC124901827;SCRN1;FKBP14-AS1;FKBP14;PLEKHA8;LOC105375216;MTURN;LOC105375217;LOC124901607;LOC105375218;ZNRF2;MIR550A1;MIR550B1;DKFZP586I1420;LINC01176;NOD1;GGCT;GARS1-DT;GARS1;LOC124901609;CRHR2;LOC124901608;LOC105375220;LOC105375219;INMT;INMT-MINDY4;MINDY4;AQP1;GHRHR;LOC105375222;LOC105375221;ADCYAP1R1;LOC107986781;LOC107986782;NEUROD6;LOC105375224;ITPRID1;PDE1C;PPP1R17;LOC100130673;LSM5;AVL9;DPY19L1P1;ZNRF2P1;MIR550A2;MIR550B2;LINC00997;DPY19L1P2;KBTBD2;RP9P;FKBP9;NT5C3A;LOC124901610;RP9;BBS9;LOC124901611;FLJ20712;LOC124901612;LOC124901613;BMPER;NPSR1-AS1;NPSR1;DPY19L1;MIR548N;LOC102724723;LOC105375228;DPY19L2P1;TBX20;LOC401324;LOC105375230;LOC124901614;LOC101928421;HERPUD2;HERPUD2-AS1;LINC03013;LOC124901615;SEPTIN7-DT;SEPTIN7;LOC107986734;LOC105375233;LOC124901616;LOC124901617;LOC101928618;EEPD1;MATCAP2;ANLN;AOAH;AOAH-IT1;ELMO1;LOC105375235;MIR1200;ELMO1-AS1;LOC124901833;GPR141;NME8;SFRP4;EPDR1;LOC105375236;STARD3NL;TARP;TRG-AS1;AMPH;CFAP144P1;VPS41;POU6F2;POU6F2-AS2;LOC105375239;SNORA20B;POU6F2-AS1;LOC105375238;LOC105375237;YAE1-DT;YAE1;LOC107986785;RALA;LINC00265;LOC101928688;CDK13-DT;CDK13;MPLKIP;SUGCT;LOC105375245;SUGCT-AS1;LOC105375244;LOC105375243;LOC112267984;LOC105375242;LINC01450;LINC01449;LOC105375241;LOC105375246;LOC107986787;LOC105379725;LOC105375247;LOC107986789;INHBA;INHBA-AS1;LOC124901618;GLI3;LOC105375249;LOC105375250;LOC105375251;LINC01448;LOC107986735;C7orf25;PSMA2;MRPL32;LOC105375253;LOC107986790;HECW1;HECW1-IT1;MIR3943;LOC124901619;LOC102724903;LUARIS;STK17A;COA1;BLVRA;MRPS24;URGCP-MRPS24;LOC124901620;URGCP;UBE2D4;POLR2J4;SPDYE1;RASA4CP;LINC00957;DBNL;MIR6837;PGAM2;POLM;MIR6838;AEBP1;MIR4649;POLD2;MYL7;GCK;LOC105375258;LOC105375257;YKT6;CAMK2B;LOC124901621;NUDCD3;NPC1L1;DDX56;TMED4;OGDH;LOC124901622;ZMIZ2;LOC105375259;PPIA;H2AZ2;H2AZ2-DT;PURB;MIR4657;LOC105375262;MYO1G;SNHG15;SNORA9;LOC102723334;CCM2;NACAD;TBRG4;SNORA5A;SNORA5C;SNORA5B;RAMP3;LOC124901623;LOC107986736;LOC124901624;ADCY1;SEPTIN7P2;GTF2IP13;LOC124901625;LOC730234;LOC112267918;CCDC201;IGFBP1;IGFBP3;LOC102723446;LOC105375264;LOC105375266;LOC730338;LOC124901626;LOC105375267;LOC105375268;LOC124901627;LOC124901628;TNS3;LOC124901629;SNORD151;LINC01447;LINC02902;LINC00525;PKD1L1;PKD1L1-AS1;HUS1;LOC105375270;SUN3;C7orf57;UPP1;LOC105375271;ABCA13;LOC105375272;LINC02838;CDC14C;LOC124901804;VWC2;ZPBP;LOC124901630;SPMIP7;IKZF1;LOC124901631;FIGNL1;DDC;DDC-AS1;GRB10;LOC124901632;LOC124900241;COBL;LOC124901633;LOC107986794;LOC102723533;LOC105375277;LOC105375278;LOC124901634;LOC107986738;LOC124900240;LOC124901810;LOC107986796;LOC101928257;LOC124901805;POM121L12;LOC105375282;GS1-278J22.2;LINC01446;LINC02854;LINC01445;LOC124901829;VSTM2A;VSTM2A-OT1;LOC124901635;SEC61G;SEC61G-DT;LOC124901636;LOC105375284;EGFR;EGFR-AS1;ELDR;LANCL2;VOPP1;VOPP1-DT;FKBP9P1;LOC101060341;LOC102723656;SEPTIN14;ZNF713;MRPS17;NIPSNAP2;PSPH;CCT6A;SNORA22B;SNORA15;SUMF2;PHKG1;CHCHD2;NUPR2;LOC105375288;LOC107986800;LOC105375292;LOC101930109;LOC650226;LOC100240728;LOC124901640;DKFZp434L192;LOC101928401;LOC105375291;LOC102723684;LOC105375289;LOC401357;LOC124901637;LOC124901639;LOC124901638;LOC105375294;LOC105375295;LOC100130849;MIR4283-1;ZNF479;GUSBP10;LOC105375297;LOC105375298;LOC105375299;MIR3147HG;MIR3147;ZNF716;LOC105375300;LOC105375301;LOC105375302;LOC102723842;LOC124901826;ZNF733P;LOC102724738;LOC100287704;LINC03075;LOC101929050;LOC124901641;LOC100287834;MIR4283-2;LOC105375313;LOC105375314;LOC105375315;LOC124901649;LOC124901797;LOC124901645;LOC124901650;LOC124901798;LOC124901644;LOC124901647;LOC124901652;LOC124901648;LOC124901651;LOC124901646;LOC124901643;LOC124901654;LINC02848;LOC124901653;LOC105375318;ZNF722;LINC01005;LOC105375317;ZNF727;LOC124901655;ZNF735;LOC105375319;ZNF679;LOC105375323;LOC105375322;ZNF736;LOC105375321;LOC105375324;YWHAEP1;LOC124901658;ZNF680;LOC124901657;LOC100128885;LOC641746;LOC124901656;LOC105375326;ZNF107;MIR6839;ZNF138;ZNF273;LOC441239;ZNF117;ERV3-1-ZNF117;ERV3-1;LOC105375330;LOC105375329;CCT6P3;LOC124901663;SNORA22C;SNORA15B-1;LOC124901662;INTS4P1;LOC124901661;LOC105375334;ZNF92;LOC124901660;LOC101929322;LINC03006;INTS4P2;CCT6P1;SNORA22;SNORA15B-2;LOC124901659;LINC03129;VKORC1L1;GUSB;LOC105375336;ASL;CRCP;TPST1;LINC00174;LINC03011;RABGEF1P1;KCTD7;LOC100996437;RABGEF1;LOC107986707;GTF2IRD1P1;GTF2IP23;LINC02604;TMEM248;SBDS;TYW1;LOC124901664;MIR4650-1;LOC124901666;LOC124901665;PMS2P4;SPDYE21;STAG3L4;LINC01372;LOC105375337;LOC105375340;LOC107986741;LOC102723427;LOC105375341;LOC105375342;LOC105375343;LOC105375344;LOC105375345;LOC124901667;LOC105375346;CT66;AUTS2;LOC124901669;LOC124901668;LOC107986709;LOC105375347;GALNT17;MIR3914-1;MIR3914-2;CALN1;TYW1B;MIR4650-2;SBDSP1;SPDYE7P;POM121;NSUN5P2;LOC124901671;TRIM74;FKBP6P1;LOC124901672;STAG3L3;PMS2P7;SPDYE8;SPDYE11;SPDYE9;SPDYE10;GTF2IP4;NCF1B;NSUN5;TRIM50;FKBP6;FZD9;BAZ1B;BCL7B;TBL2;MLXIPL;VPS37D;DNAJC30;BUD23;STX1A;LOC105375350;MIR4284;BICDL3P;ABHD11;CLDN3;CLDN4;METTL27;TMEM270;ELN;ELN-AS1;LIMK1;EIF4H;MIR590;LAT2;RFC2;LOC107986742;CLIP2;GTF2IRD1;WBSCR23;MIR10525;GTF2I;GTF2I-AS1;NCF1;GTF2IRD2;LOC124901673;STAG3L2;PMS2P5;SPDYE12;LOC105375352;CASTOR2;RCC1L;GTF2IRD2B;NCF1C;GTF2IP1;LOC107986710;SPDYE14;SPDYE13;SPDYE15;PMS2P2;STAG3L1;LOC124901677;FKBP6P2;TRIM73;LOC124901676;NSUN5P1;POM121C;SPDYE5;PMS2P3;HIP1;CCL26;CCL24;RHBDD2;LOC124901680;POR;MIR4651;SNORA14A;TMEM120A;STYXL1;MDH2;GTF2IP7;LOC124901854;LOC124901674;SRRM3;LOC124901679;HSPB1;FPASL;YWHAG;SSC4D;ZP3;DTX2;FDPSP2;LOC124901675;UPK3B;SPDYE16;LINC03009;POMZP3;LOC105375358;DTX2P1-UPK3BP1-PMS2P11;SPDYE17;PMS2P9;SPDYE18;FAM185BP;CCDC146;LOC124901678;FGL2;LOC105375359;LOC102723791;GSAP;LOC101927243;LOC124901830;LOC124901681;PTPN12;LOC105375363;APTR;RSBN1L;TMEM60;PHTF2;LOC124901682;DDX3ILA1;MAGI2;LOC124901684;RPL13AP17;LOC124901683;MAGI2-AS2;LOC105375366;MAGI2-AS3;LOC105375369;LOC105375370;LOC105375371;LOC105375372;GNAI1;LOC107986743;LOC107986744;LOC105375373;LOC101927269;GNAT3;LOC107986812;LOC124901685;CD36;SEMA3C;LOC124901686;LOC105369146;LOC100128317;HGF;CACNA2D1;CACNA2D1-AS1;LOC124901687;LOC107986813;LOC124901688;LOC105375376;PCLO;LOC105375377;SEMA3E;LOC105375378;LOC107986745;SEMA3A;LINC03017;SEMA3D;LINC00972;GRM3;GRM3-AS1;ELAPOR2;LOC124901689;DMTF1-AS1;DMTF1;TMEM243;LOC105375384;TP53TG1;CROT;ABCB4;ABCB1;LOC124901834;RUNDC3B;SLC25A40;DBF4;LOC124901690;ADAM22;LOC105375386;SRI;LOC124901691;SRI-AS1;STEAP4;LOC124901692;LOC107986815;LOC124900238;LOC107986816;ZNF804B;TEX47;LOC105375387;LOC107986817;STEAP2-AS1;DPY19L2P4;STEAP1;STEAP2;LOC107986819;CFAP69;FAM237B;LOC107986715;LOC101927446;GTPBP10;LOC101409256;CLDN12;PTTG1IP2;LOC124901693;CDK14;LOC124901839;LOC124901694;FZD1;LOC124901695;LINC02932;LOC107986716;LOC101927473;LOC124901697;LOC124901696;MTERF1;LOC112267986;LOC124901698;AKAP9;CYP51A1;CYP51A1-AS1;LRRD1;KRIT1;MIR1285-1;ANKIB1;TMBIM7P;GATAD1;ERVW-1;PEX1;RBM48;FAM133B;LOC105375397;CDK6;LOC112268009;CDK6-AS1;SAMD9;SAMD9L;HEPACAM2;VPS50;CALCR;MIR653;MIR489;LOC105375400;MIR4652;LOC124901811;TFPI2;TFPI2-DT;GNGT1;LOC105375402;GNG11;BET1;BET1-AS1;LOC130890646;LOC124901812;LOC112267858;LOC107986821;COL1A2-AS1;COL1A2;CASD1;LOC105375404;SGCE;PEG10;PPP1R9A;PPP1R9A-AS1;LOC124901848;PON1;PON3;LOC107986822;PON2;ASB4;LOC107986823;LOC124901699;PDK4;PDK4-AS1;LOC107986746;LOC105375409;DYNC1I1;LOC124901700;LOC124901701;SLC25A13;MIR591;LOC105375410;LOC124901702;LOC105375411;SEM1;LOC105375412;LOC107986825;LOC105375414;LOC124901703;DLX6-AS1;DLX6;DLX5;SDHAF3;LOC107984034;LOC124901704;LOC107986826;LOC105375416;TAC1;ASNS;CZ1P-ASNS;MIR5692A1;MIR5692C2;CCZ1P-OR7E38P;OCM2;LMTK2;BHLHA15;TECPR1;LOC124901706;LOC124901705;BRI3;BAIAP2L1;NPTX2;LOC105375419;LOC105375418;TMEM130;TRRAP;MIR3609;SCARNA28;LOC124901832;LOC101927550;SMURF1;KPNA7;MYH16;LOC105375421;ARPC1A;ARPC1B;PDAP1;BUD31;MIR12119;LOC124901707;LOC124901841;PTCD1;ATP5MF-PTCD1;CPSF4;ATP5MF;ZNF789;ZNF394;ZKSCAN5;FAM200A;LOC105375422;ZNF655;TMEM225B;ZSCAN25;CYP3A5;CYP3A7-CYP3A51P;CYP3A7;CYP3A4;CYP3A43;OR2AE1;TRIM4;LOC101927610;GJC3;LOC124900245;AZGP1;AZGP1P1;LOC105375423;ZKSCAN1;ZSCAN21;ZNF3;COPS6;MCM7;MIR25;MIR93;MIR106B;AP4M1;TAF6;CNPY4;MBLAC1;LAMTOR4;TRAPPC14;MIR4658;GAL3ST4;GPC2;STAG3;CASTOR3P;PVRIG;LOC105375426;SPDYE3;PMS2P1;STAG3L5P-PVRIG2P-PILRB;STAG3L5P;PVRIG2P;MIR6840;PILRB;PILRA;ZCWPW1;MEPCE;PPP1R35;PPP1R35-AS1;SPACDR;TSC22D4-C7ORF61;TSC22D4;NYAP1;LOC107986829;AGFG2;LOC124901708;SAP25;LRCH4;FBXO24;PCOLCE-AS1;PCOLCE;MOSPD3;TFR2;LOC124901709;LOC124901710;ACTL6B;LOC105375429;GNB2;GIGYF1;POP7;EPO;ZAN;EPHB4;SLC12A9;SLC12A9-AS1;TRIP6;MIR6875;SRRT;UFSP1;ACHE;LOC105375431;MUC3A;LOC124900622;MUC12;MUC12-AS1;MUC17;TRIM56;SERPINE1;AP1S1;MIR4653;VGF;NAT16;MOGAT3;PLOD3;ZNHIT1;CLDN15;FIS1;LNCPRESS1;EMSLR;IFT22;COL26A1;LINC01007;LOC107986832;MYL10;CUX1;LOC124900244;LOC124901711;SH2B2;MIR4285;LOC107986717;SPDYE6;LOC100630923;LOC100289561;PRKRIP1;MIR548O;LOC105375433;ORAI2;ALKBH4;LRWD1;MIR5090;MIR4467;POLR2J;RASA4B;LOC124901715;UPK3BL2;POLR2J3-UPK3BL2;SPDYE2;POLR2J3;LOC124901712;RASA4;LOC124901714;UPK3BL1;POLR2J2-UPK3BL1;SPDYE2B;POLR2J2;RASA4DP;LOC124901713;FAM185A;FBXL13;LRRC17;NFE4;ARMC10;NAPEPLD;RPL19P12;LOC105375434;DPY19L2P2;PMPCB;DNAJC2;PSMC2;SLC26A5;SLC26A5-AS1;RELN;LOC105375435;ORC5;LHFPL3;LHFPL3-AS1;LHFPL3-AS2;LOC101927902;LINC01004;KMT2E-AS1;KMT2E;SRPK2;LOC124901717;LOC124901718;PUS7;RINT1;EFCAB10;EFCAB10-AS1;ATXN7L1;CDHR3;LOC107986833;SYPL1;LOC124901719;NAMPT;NAMPT-AS1;CTB-30L5.1;LOC105375440;CCDC71L;LINC02577;PIK3CG;PRKAR2B;PRKAR2B-AS1;HBP1;COG5;LOC124901720;LOC124901721;GPR22;DUS4L;DUS4L-BCAP29;BCAP29;SLC26A4-AS1;SLC26A4;CBLL1-AS1;CBLL1;SLC26A3;LOC105375444;LOC105375445;DLD;LAMB1;LAMB4;LOC107986834;LOC107986835;LOC105375446;NRCAM;LOC102724363;PNPLA8;LOC124901722;THAP5;DNAJB9;LOC105375448;LOC107986836;LINC02903;EIF3IP1;LOC105375451;LOC105375450;LOC105375452;LOC124901723;IMMP2L;LOC124901724;LRRN3;LOC124901725;LOC124900232;DOCK4;LOC124901727;LOC124901726;DOCK4-AS1;ZNF277;ZNF277-AS1;LOC105375456;LOC105375457;IFRD1;LOC128031837;LSMEM1;LINC03076;LOC101928012;TMEM168;LOC124901729;SAMTOR;HRAT17;GPR85;LOC107986837;SMIM30;LOC124901813;LOC124901814;PPP1R3A;FOXP2;MIR3666;MDFIC;LINC01393;LINC01392;SNORA25B;LOC100506489;LOC105375461;LOC105375462;LOC102724407;TFEC;TES;LOC124901730;LOC102724434;LOC105375463;LOC124900233;LOC107986838;CAV2;CAV1;COMETT;MET;LOC124901731;CAPZA2;LOC105375465;ST7-AS1;ST7;ST7-OT4;MIR6132;ST7-AS2;LOC124901732;ST7-OT3;LOC105375466;WNT2;LOC124900596;LOC105375467;ASZ1;LOC105375468;CFTR;CFTR-AS1;CTTNBP2;LOC105375469;LOC105375470;LSM8;ANKRD7;LOC102724495;LOC124901815;LOC105375471;LOC105375472;LOC107986747;LOC105375473;LOC124901816;LINC02476;LOC107986840;LOC105375477;KCND2;TSPAN12;LOC124901733;ING3;LOC124901734;CPED1;LOC124901735;WNT16;FAM3C;LOC124901737;LOC124901736;LOC105375478;PTPRZ1;AASS;LOC102724527;FEZF1;FEZF1-AS1;CADPS2;LOC105375481;LOC124901739;RNF133;RNF148;LOC124901738;LOC105375482;TAS2R16;SLC13A1;IQUB;LOC124901740;NDUFA5;ASB15;ASB15-AS1;LMOD2;WASL;WASL-DT;HYAL4;HYAL6P;SPAM1;LOC105375483;TMEM229A;LOC124901741;LOC105375484;LOC107986841;LOC101928211;LOC102724577;SSU72L6;GPR37;LINC03043;POT1;POT1-AS1;LINC02830;LOC101928283;LOC101928254;LOC100506664;LOC105375487;LOC105375488;GRM8;LOC101928357;LOC107986843;MIR592;LOC124901742;GRM8-AS1;ZNF800;LINC03012;LOC105375490;GCC1;ARF5;LOC105375489;FSCN3;PAX4;SND1-DT;SND1;SND1-IT1;LRRC4;LOC124901743;MIR593;LOC105375493;LOC124901744;MIR129-1;LEP;RBM28;PRRT4;LOC107986845;IMPDH1;HILPDA;EFCAB3P1;METTL2B;LINC01000;GARIN1A;GARIN1B;CALU;OPN1SW;CCDC136;FLNC;FLNC-AS1;ATP6V1F;SPMIP1;KCP;LOC105375497;IRF5;TNPO3;TPI1P2;LOC124901836;LOC124901863;LOC407835;TSPAN33;SMO;AHCYL2;LOC124900234;LOC105375500;LOC107986847;STRIP2;SMKR1;NRF1;LOC105375501;MIR182;MIR96;MIR183;UBE2H;UBE2H-DT;ZC3HC1;KLHDC10;LINC03008;TMEM209;LOC124901745;SSMEM1;CPA2;CPA4;LOC105375503;LOC124901842;LOC124901837;CPA5;LOC105375504;CPA1;CEP41;LOC105375505;MESTIT1;MEST;MIR335;COPG2;COPG2IT1;LOC124901746;TSGA13;KLF14;LOC105375508;LOC105375509;MIR29A;MIR29B1;LINC-PINT;LINC00513;MKLN1;MKLN1-AS;LOC124901747;PODXL;LOC107986849;LOC101928782;PLXNA4;LOC101928807;LOC105375511;LOC102724906;FLJ40288;LOC124900236;LOC100506937;CHCHD3;MIR3654;LOC105375512;EXOC4;MIR6133;LOC124901748;LOC124901749;LOC101928861;LOC105375514;LRGUK;SLC35B4;LOC105375518;LOC105375517;LINC03060;AKR1B1;AKR1B10;LOC105375520;AKR1B15;LOC124901750;BPGM;LOC124901751;CALD1;AGBL3;CYREN;TMEM140;WDR91;MIR6509;STRA8;LOC107984123;CNOT4;NUP205;STMP1;SLC13A4;LOC105375521;FAM180A;LOC105375522;MTPN;LOC105375523;LOC105375524;LOC124901850;CHRM2;LOC349160;MIR490;LOC105375525;PTN;LOC124900235;LOC105375527;DGKI;CREB3L2;CREB3L2-AS1;LOC124901752;LOC124901753;AKR1D1;LOC124901828;MIR4468;LOC107986749;LOC124900243;LOC124901754;TRIM24;LOC124901843;LOC124901755;SVOPL;LOC124900246;ATP6V0A4;TMEM213;KIAA1549;ZC3HAV1L;LOC107986852;ZC3HAV1;MIR10399;IFT56;LOC124901756;UBN2;FMC1;LUC7L2;FMC1-LUC7L2;LOC100129148;KLRG2;CLEC2L;HIPK2;LOC105375530;TBXAS1;LOC107986853;LOC105375532;PARP12;LOC124901757;KDM7A;KDM7A-DT;LOC107986854;LOC105375534;LOC124901758;SLC37A3;LOC124901838;LOC124901759;RAB19;MKRN1;DENND2A;LOC105375535;ADCK2;NDUFB2-AS1;NDUFB2;BRAF;LOC105375536;LOC107986720;MRPS33;LOC107986719;LOC105375537;TMEM178B;LOC124901760;AGK-DT;AGK;DENND11;WEE2-AS1;WEE2;SSBP1;TAS2R3;TAS2R4;TAS2R5;PRSS37;OR9A4;CLEC5A;LOC124901761;TAS2R38;MGAM;MGAM2;MOXD2P;PRSS58;PRSS59P;LOC105375539;LOC107986855;MIR11400;PRSS1;LOC124901763;PRSS2;LOC124901762;LOC105375541;EPHB6;TRPV6;TRPV5;LOC105375542;LLCFC1;KEL;OR9A2;LOC105375544;OR6V1;OR6W1P;PIP;TAS2R39;LOC124901764;TAS2R40;LOC105375546;TMEM139-AS1;GSTK1;TMEM139;CASP2;CLCN1;FAM131B;FAM131B-AS1;FAM131B-AS2;ZYX;MIR6892;EPHA1;EPHA1-AS1;TAS2R60;TAS2R41;LOC105375547;OR10AC1;CTAGE15;LOC101928466;TCAF2;CTAGE6;TCAF2P1;LOC154761;LOC112267988)
6:51870617:51872007:DEL	6	51870617	51872007	DEL	Sniffles2.DEL.273EM5	PKHD1	4	4	0.9	full	0.2088	0	10	0.01543209876543209	1	0	9	495	1	153	0.01818181818181818	0.0065359477124183	0.27461715461260416	1	6:51870617:51872007:DEL (PKHD1)
21:41473857:44165619:DEL	21	41473857	44165619	DEL	Sniffles2.DEL.451DM14	TMPRSS2;LOC124905021;LOC124900472;LOC105372809;PCSEAT;LOC105372812;LOC107985478;LOC105372813;LINC00111;LINC00479;LINC00112;RIPK4;MIR6814;LOC102724800;PRDM15;C2CD2;SNORA91;ZBTB21;ZNF295-AS1;LOC107985502;UMODL1;UMODL1-AS1;ABCG1;LOC105372814;TFF3;TFF2;LOC105372815;TFF1;TMPRSS3;UBASH3A;RSPH1;RSPH1-DT;SLC37A1;LOC107987299;LOC101928212;LINC01671;LOC101928255;PDE9A;PDE9A-AS1;LOC107985504;LINC01668;WDR4;LOC105372817;NDUFV3;ERVH48-1;LOC124905022;LOC124905023;MIR5692B;LOC124905024;PKNOX1;CBS;U2AF1;LOC101928369;FRGCA;LOC107987300;CRYAA;LOC105372821;LOC124905025;LOC124905026;LINC00322;LOC124905027;LINC01679;LINC03039;LOC124905028;SIK1;LOC124905029;HSF2BP;LINC00319;LOC124900467;LINC00313;LOC102723380;H2BC12L;MIR6070;RRP1B;LOC124905030;LOC124905031;LOC124905032;PDXK;LOC105372824;CSTB;LOC105372825;RRP1;AATBC;LOC124905033;AGPAT3;LOC124905034;LOC105372826;LOC105372829;TRAPPC10;PWP2;GATD3;LINC01678;LOC124905035	5	5	1.9	full	NA	1	24	0.03703703703703703	1	1	20	495	4	153	0.04040404040404041	0.0261437908496732	0.29406885900237334	1	21:41473857:44165619:DEL (TMPRSS2;LOC124905021;LOC124900472;LOC105372809;PCSEAT;LOC105372812;LOC107985478;LOC105372813;LINC00111;LINC00479;LINC00112;RIPK4;MIR6814;LOC102724800;PRDM15;C2CD2;SNORA91;ZBTB21;ZNF295-AS1;LOC107985502;UMODL1;UMODL1-AS1;ABCG1;LOC105372814;TFF3;TFF2;LOC105372815;TFF1;TMPRSS3;UBASH3A;RSPH1;RSPH1-DT;SLC37A1;LOC107987299;LOC101928212;LINC01671;LOC101928255;PDE9A;PDE9A-AS1;LOC107985504;LINC01668;WDR4;LOC105372817;NDUFV3;ERVH48-1;LOC124905022;LOC124905023;MIR5692B;LOC124905024;PKNOX1;CBS;U2AF1;LOC101928369;FRGCA;LOC107987300;CRYAA;LOC105372821;LOC124905025;LOC124905026;LINC00322;LOC124905027;LINC01679;LINC03039;LOC124905028;SIK1;LOC124905029;HSF2BP;LINC00319;LOC124900467;LINC00313;LOC102723380;H2BC12L;MIR6070;RRP1B;LOC124905030;LOC124905031;LOC124905032;PDXK;LOC105372824;CSTB;LOC105372825;RRP1;AATBC;LOC124905033;AGPAT3;LOC124905034;LOC105372826;LOC105372829;TRAPPC10;PWP2;GATD3;LINC01678;LOC124905035)
11:640039:640135:DEL	11	640039	640135	DEL	0014c_Sniffles2.DEL.5B1SA	DRD4	4	4	0.9	full	0.01	0	24	0.03703703703703703	1	0	20	495	4	153	0.04040404040404041	0.0261437908496732	0.29406885900237334	1	11:640039:640135:DEL (DRD4)
10:18641598:18643963:DEL	10	18641598	18643963	DEL	N24814F_Sniffles2.DEL.3F4S9	NSUN6	4	4	0.9	full	0.01	0	613	0.9459876543209876	0	0	470	495	143	153	0.9494949494949496	0.934640522875817	0.2983474283263491	1	10:18641598:18643963:DEL (NSUN6)
21:41491847:44147687:DEL	21	41491847	44147687	DEL	Sniffles2.DEL.4517M14	TMPRSS2;LOC124905021;LOC124900472;LOC105372809;PCSEAT;LOC105372812;LOC107985478;LOC105372813;LINC00111;LINC00479;LINC00112;RIPK4;MIR6814;LOC102724800;PRDM15;C2CD2;SNORA91;ZBTB21;ZNF295-AS1;LOC107985502;UMODL1;UMODL1-AS1;ABCG1;LOC105372814;TFF3;TFF2;LOC105372815;TFF1;TMPRSS3;UBASH3A;RSPH1;RSPH1-DT;SLC37A1;LOC107987299;LOC101928212;LINC01671;LOC101928255;PDE9A;PDE9A-AS1;LOC107985504;LINC01668;WDR4;LOC105372817;NDUFV3;ERVH48-1;LOC124905022;LOC124905023;MIR5692B;LOC124905024;PKNOX1;CBS;U2AF1;LOC101928369;FRGCA;LOC107987300;CRYAA;LOC105372821;LOC124905025;LOC124905026;LINC00322;LOC124905027;LINC01679;LINC03039;LOC124905028;SIK1;LOC124905029;HSF2BP;LINC00319;LOC124900467;LINC00313;LOC102723380;H2BC12L;MIR6070;RRP1B;LOC124905030;LOC124905031;LOC124905032;PDXK;LOC105372824;CSTB;LOC105372825;RRP1;AATBC;LOC124905033;AGPAT3;LOC124905034;LOC105372826;LOC105372829;TRAPPC10;PWP2;GATD3	5	5	1.9	full	NA	1	28	0.04320987654320987	1	1	23	495	5	153	0.04646464646464646	0.0326797385620915	0.31712664404432717	1	21:41491847:44147687:DEL (TMPRSS2;LOC124905021;LOC124900472;LOC105372809;PCSEAT;LOC105372812;LOC107985478;LOC105372813;LINC00111;LINC00479;LINC00112;RIPK4;MIR6814;LOC102724800;PRDM15;C2CD2;SNORA91;ZBTB21;ZNF295-AS1;LOC107985502;UMODL1;UMODL1-AS1;ABCG1;LOC105372814;TFF3;TFF2;LOC105372815;TFF1;TMPRSS3;UBASH3A;RSPH1;RSPH1-DT;SLC37A1;LOC107987299;LOC101928212;LINC01671;LOC101928255;PDE9A;PDE9A-AS1;LOC107985504;LINC01668;WDR4;LOC105372817;NDUFV3;ERVH48-1;LOC124905022;LOC124905023;MIR5692B;LOC124905024;PKNOX1;CBS;U2AF1;LOC101928369;FRGCA;LOC107987300;CRYAA;LOC105372821;LOC124905025;LOC124905026;LINC00322;LOC124905027;LINC01679;LINC03039;LOC124905028;SIK1;LOC124905029;HSF2BP;LINC00319;LOC124900467;LINC00313;LOC102723380;H2BC12L;MIR6070;RRP1B;LOC124905030;LOC124905031;LOC124905032;PDXK;LOC105372824;CSTB;LOC105372825;RRP1;AATBC;LOC124905033;AGPAT3;LOC124905034;LOC105372826;LOC105372829;TRAPPC10;PWP2;GATD3)
22:29178921:32132680:DEL	22	29178921	32132680	DEL	Sniffles2.DEL.583CM15	LOC101929638;EMID1;LOC124905099;LOC105372985;RHBDD3;EWSR1;GAS2L1;RASL10A;AP1B1;SNORD125;RFPL1;LOC102723305;RFPL1S;LOC107985541;NEFH;THOC5;NIPSNAP1;NF2;CABP7-DT;CABP7;ZMAT5;UQCR10;ASCC2;MTMR3;MIR6818;HORMAD2-AS1;HORMAD2;LOC105372988;LIF-AS1;LIF;LIF-AS2;OSM;CASTOR1;TBC1D10A;SF3A1;CCDC157;KIAA1656;RNF215;SEC14L2;MTFP1;LOC105372990;SEC14L3;LOC105372991;SDC4P;LOC107985579;SEC14L4;SEC14L6;GAL3ST1;PES1;TCN2;SLC35E4;DUSP18;OSBP2;MIR3200;LOC105372994;LOC107985544;MORC2-AS1;MORC2;TUG1;SMTN;SELENOM;LOC105372995;LOC124905100;INPP5J;PLA2G3;MIR3928;RNF185;LIMK2;PIK3IP1;LOC105372997;PATZ1;PIK3IP1-DT;LINC01521;DRG1;EIF4ENIF1;SFI1;PISD;MIR7109;PRR14L;DEPDC5;LOC105372998;LOC124905102;YWHAH-AS1;YWHAH;LOC124900477;LOC124905158;LINC02558;SLC5A1;LOC105373000;AP1B1P1	5	5	1.9	full	NA	1	46	0.07098765432098765	0	0	37	495	9	153	0.07474747474747474	0.0588235294117647	0.31978394744599037	1	22:29178921:32132680:DEL (LOC101929638;EMID1;LOC124905099;LOC105372985;RHBDD3;EWSR1;GAS2L1;RASL10A;AP1B1;SNORD125;RFPL1;LOC102723305;RFPL1S;LOC107985541;NEFH;THOC5;NIPSNAP1;NF2;CABP7-DT;CABP7;ZMAT5;UQCR10;ASCC2;MTMR3;MIR6818;HORMAD2-AS1;HORMAD2;LOC105372988;LIF-AS1;LIF;LIF-AS2;OSM;CASTOR1;TBC1D10A;SF3A1;CCDC157;KIAA1656;RNF215;SEC14L2;MTFP1;LOC105372990;SEC14L3;LOC105372991;SDC4P;LOC107985579;SEC14L4;SEC14L6;GAL3ST1;PES1;TCN2;SLC35E4;DUSP18;OSBP2;MIR3200;LOC105372994;LOC107985544;MORC2-AS1;MORC2;TUG1;SMTN;SELENOM;LOC105372995;LOC124905100;INPP5J;PLA2G3;MIR3928;RNF185;LIMK2;PIK3IP1;LOC105372997;PATZ1;PIK3IP1-DT;LINC01521;DRG1;EIF4ENIF1;SFI1;PISD;MIR7109;PRR14L;DEPDC5;LOC105372998;LOC124905102;YWHAH-AS1;YWHAH;LOC124900477;LOC124905158;LINC02558;SLC5A1;LOC105373000;AP1B1P1)
